date,year,month,season,pm2.5,pm10,no2,so2,co,o3,temperature_celsius,humidity,wind_kph,fire_count_all_india,pm25_7day_avg,pm25_7day_std,pm25_deviation,aqi,aqi_bucket,lstm_score,lstm_label
2015-01-07,2015,1,winter,282.3,420.9,134.7,15.7,1.15,85.2,25.19476184523065,79.58532316539568,9.585448181022628,0.0,284.2285714285714,148.4856638903311,-1.928571428571388,370.3,Moderate,,
2015-01-08,2015,1,winter,315.2,354.9,45.6,84.6,6.81,28.8,25.19476184523065,79.58532316539568,9.585448181022628,0.0,307.35714285714283,136.8456412305833,7.842857142857156,230.7,Severe,,
2015-01-09,2015,1,winter,226.8,103.0,100.6,56.6,9.29,118.8,25.19476184523065,79.58532316539568,9.585448181022628,0.0,290.5857142857143,138.75846434928368,-63.78571428571428,53.6,Very Poor,,
2015-01-10,2015,1,winter,316.8,209.1,100.0,11.2,3.37,4.4,25.19476184523065,79.58532316539568,9.585448181022628,0.0,268.1428571428572,114.80473069728524,48.65714285714285,29.9,Very Poor,,
2015-01-11,2015,1,winter,439.9,495.3,93.8,79.3,9.87,119.7,25.19476184523065,79.58532316539568,9.585448181022628,0.0,326.35714285714283,69.86207500360636,113.54285714285714,450.2,Poor,,
2015-01-12,2015,1,winter,59.0,239.1,118.4,90.7,0.1,191.8,25.19476184523065,79.58532316539568,9.585448181022628,0.0,290.1,123.40869769455742,-231.1,467.8,Severe,,
2015-01-13,2015,1,winter,15.9,408.7,33.6,12.3,9.49,25.7,25.19476184523065,79.58532316539568,9.585448181022628,0.0,236.55714285714288,150.7623168781781,-220.65714285714287,265.3,Moderate,,
2015-01-14,2015,1,winter,33.1,568.6,145.7,13.5,2.65,89.5,25.19476184523065,79.58532316539568,9.585448181022628,0.0,200.95714285714288,166.73658723810294,-167.85714285714286,361.0,Moderate,,
2015-01-15,2015,1,winter,67.7,597.1,34.8,13.3,5.05,48.5,25.19476184523065,79.58532316539568,9.585448181022628,0.0,165.6,164.7026006675871,-97.9,481.7,Good,,
2015-01-16,2015,1,winter,283.3,260.2,12.5,91.3,1.88,167.1,25.19476184523065,79.58532316539568,9.585448181022628,0.0,173.67142857142858,169.51572900752416,109.62857142857143,240.1,Poor,,
2015-01-17,2015,1,winter,378.5,185.2,129.2,98.7,6.57,81.2,25.19476184523065,79.58532316539568,9.585448181022628,0.0,182.4857142857143,179.50794252225003,196.0142857142857,257.4,Good,,
2015-01-18,2015,1,winter,486.5,401.3,1.0,63.0,2.88,171.9,25.19476184523065,79.58532316539568,9.585448181022628,0.0,189.1428571428572,191.13300654381013,297.3571428571429,439.8,Good,,
2015-01-19,2015,1,winter,176.7,498.0,98.2,95.7,7.15,100.2,25.19476184523065,79.58532316539568,9.585448181022628,0.0,205.95714285714288,182.7701549044852,-29.257142857142867,102.0,Satisfactory,,
2015-01-20,2015,1,winter,187.7,42.5,4.3,60.7,1.87,172.3,25.19476184523065,79.58532316539568,9.585448181022628,0.0,230.5,163.51591156010883,-42.80000000000001,374.5,Very Poor,,
2015-01-21,2015,1,winter,3.5,506.4,146.1,81.4,3.92,53.8,25.19476184523065,79.58532316539568,9.585448181022628,0.0,226.27142857142857,169.73596863251774,-222.77142857142857,192.3,Good,,
2015-01-22,2015,1,winter,403.8,423.9,41.3,68.2,8.67,135.0,25.19476184523065,79.58532316539568,9.585448181022628,0.0,274.2857142857143,164.87150985511343,129.51428571428573,126.7,Severe,,
2015-01-23,2015,1,winter,157.5,365.1,57.5,37.0,4.1,139.6,25.19476184523065,79.58532316539568,9.585448181022628,0.0,256.31428571428575,170.48583937844057,-98.81428571428576,362.2,Good,,
2015-01-24,2015,1,winter,188.3,442.6,82.8,3.6,0.53,37.1,25.19476184523065,79.58532316539568,9.585448181022628,0.0,229.1428571428572,162.7478198230098,-40.84285714285713,288.8,Good,,
2015-01-25,2015,1,winter,397.3,457.0,100.4,76.0,7.67,2.7,25.19476184523065,79.58532316539568,9.585448181022628,0.0,216.4,141.32030993455965,180.9,148.4,Severe,,
2015-01-26,2015,1,winter,336.2,576.0,6.6,96.1,4.15,165.4,25.19476184523065,79.58532316539568,9.585448181022628,0.0,239.18571428571428,146.61185068712814,97.0142857142857,260.0,Satisfactory,,
2015-01-27,2015,1,winter,125.9,443.0,120.4,30.5,4.44,91.4,25.19476184523065,79.58532316539568,9.585448181022628,0.0,230.3571428571429,151.99094114609656,-104.45714285714286,225.8,Moderate,,
2015-01-28,2015,1,winter,67.1,557.4,141.9,58.0,5.7,4.3,25.19476184523065,79.58532316539568,9.585448181022628,0.0,239.44285714285712,137.36712194144633,-172.34285714285713,260.7,Very Poor,,
2015-01-29,2015,1,winter,122.3,457.2,46.7,95.0,0.77,127.3,25.19476184523065,79.58532316539568,9.585448181022628,0.0,199.22857142857143,121.52312145274678,-76.92857142857143,44.1,Severe,,
2015-01-30,2015,1,winter,485.5,128.0,103.7,6.5,1.14,133.6,25.19476184523065,79.58532316539568,9.585448181022628,0.0,246.08571428571423,159.92088073556278,239.4142857142857,337.9,Moderate,,
2015-01-31,2015,1,winter,405.9,355.9,88.1,87.6,6.87,109.2,25.19476184523065,79.58532316539568,9.585448181022628,0.0,277.1714285714286,167.77231311399103,128.7285714285714,489.9,Good,,
2015-02-01,2015,2,winter,4.2,172.2,0.9,91.0,2.99,36.4,25.19476184523065,79.58532316539568,9.585448181022628,0.0,221.01428571428573,185.69349682179168,-216.8142857142857,447.5,Moderate,,
2015-02-02,2015,2,winter,334.2,286.2,139.7,14.9,2.99,76.3,25.19476184523065,79.58532316539568,9.585448181022628,0.0,220.72857142857143,185.4881551859464,113.47142857142856,266.8,Poor,,
2015-02-03,2015,2,winter,292.7,5.6,110.9,49.8,4.79,55.2,25.19476184523065,79.58532316539568,9.585448181022628,0.0,244.55714285714285,181.95601901872567,48.14285714285714,40.7,Good,,
2015-02-04,2015,2,winter,413.1,254.3,44.4,39.5,5.08,28.9,25.19476184523065,79.58532316539568,9.585448181022628,0.0,293.9857142857143,172.46319828271993,119.1142857142857,365.4,Severe,,
2015-02-05,2015,2,winter,172.9,328.3,28.6,85.2,8.51,189.5,25.19476184523065,79.58532316539568,9.585448181022628,0.0,301.2142857142857,164.96531381446454,-128.31428571428572,37.6,Satisfactory,0.052529432,False
2015-02-06,2015,2,winter,23.8,436.9,88.6,71.2,0.46,144.9,25.19476184523065,79.58532316539568,9.585448181022628,0.0,235.25714285714284,171.18526861408426,-211.45714285714283,52.3,Moderate,0.05279731,False
2015-02-07,2015,2,winter,207.1,288.6,66.6,71.2,0.73,51.0,25.19476184523065,79.58532316539568,9.585448181022628,0.0,206.8571428571429,153.76079753026403,0.2428571428571331,261.6,Satisfactory,0.0523513,False
2015-02-08,2015,2,winter,21.0,132.5,105.3,26.8,1.86,18.6,25.19476184523065,79.58532316539568,9.585448181022628,0.0,209.25714285714284,150.15932490905402,-188.25714285714284,311.0,Moderate,0.05322972,False
2015-02-09,2015,2,winter,476.6,581.6,73.0,29.9,6.1,106.4,25.19476184523065,79.58532316539568,9.585448181022628,0.0,229.6,177.1306485808333,247.00000000000003,326.7,Moderate,0.05387503,False
2015-02-10,2015,2,winter,262.9,178.7,34.7,2.5,1.08,142.6,25.19476184523065,79.58532316539568,9.585448181022628,0.0,225.3428571428572,175.71379055292212,37.55714285714282,437.3,Very Poor,0.05388246,False
2015-02-11,2015,2,winter,87.9,210.8,149.5,34.9,6.64,72.4,25.19476184523065,79.58532316539568,9.585448181022628,0.0,178.8857142857143,160.09473683386582,-90.9857142857143,26.7,Severe,0.05262794,False
2015-02-12,2015,2,winter,416.1,398.4,127.7,8.0,3.24,27.4,25.19476184523065,79.58532316539568,9.585448181022628,0.0,213.62857142857143,183.2881494103908,202.4714285714286,413.9,Satisfactory,0.051941704,False
2015-02-13,2015,2,winter,64.2,531.8,50.7,7.3,1.17,122.4,25.19476184523065,79.58532316539568,9.585448181022628,0.0,219.40000000000003,176.83708133005737,-155.20000000000005,205.5,Poor,0.051430427,False
2015-02-14,2015,2,winter,381.0,226.1,137.1,88.5,8.28,134.2,25.19476184523065,79.58532316539568,9.585448181022628,0.0,244.2428571428572,186.7579615183144,136.75714285714284,493.5,Poor,0.051440038,False
2015-02-15,2015,2,winter,389.3,412.5,85.3,60.6,9.15,41.6,25.19476184523065,79.58532316539568,9.585448181022628,0.0,296.85714285714283,163.85846389636453,92.44285714285718,9.8,Severe,0.05092822,False
2015-02-16,2015,2,winter,65.4,70.3,43.2,30.2,4.59,31.9,25.19476184523065,79.58532316539568,9.585448181022628,0.0,238.11428571428573,162.3819717884493,-172.71428571428572,118.1,Poor,0.05095873,False
2015-02-17,2015,2,winter,355.9,417.6,5.5,22.2,0.31,140.9,25.19476184523065,79.58532316539568,9.585448181022628,0.0,251.4,168.43940552416268,104.49999999999996,464.4,Severe,0.05011895,False
2015-02-18,2015,2,winter,252.3,553.2,11.2,82.4,0.78,7.8,25.19476184523065,79.58532316539568,9.585448181022628,0.0,274.8857142857143,152.55518595545928,-22.58571428571429,208.6,Very Poor,0.05081689,False
2015-02-19,2015,2,winter,450.2,576.9,74.7,81.9,7.77,163.1,25.19476184523065,79.58532316539568,9.585448181022628,0.0,279.75714285714287,158.2540242473353,170.44285714285712,456.4,Good,0.051088512,False
2015-02-20,2015,2,winter,318.0,329.0,64.2,5.8,1.94,60.0,25.19476184523065,79.58532316539568,9.585448181022628,0.0,316.0142857142857,126.5316749351907,1.985714285714323,16.1,Severe,0.049439117,False
2015-02-21,2015,2,winter,121.9,212.9,49.6,9.6,0.08,178.5,25.19476184523065,79.58532316539568,9.585448181022628,0.0,279.0,141.37915923737367,-157.1,412.8,Moderate,0.05020283,False
2015-02-22,2015,2,winter,190.3,388.7,75.4,28.6,1.79,34.3,25.19476184523065,79.58532316539568,9.585448181022628,0.0,250.57142857142856,135.3838458394712,-60.27142857142857,136.1,Very Poor,0.050409105,False
2015-02-23,2015,2,winter,318.1,553.9,62.7,62.8,7.9,166.5,25.19476184523065,79.58532316539568,9.585448181022628,0.0,286.6714285714285,108.87446462609608,31.4285714285715,305.5,Good,0.050449636,False
2015-02-24,2015,2,winter,199.8,131.5,148.8,40.6,1.49,77.0,25.19476184523065,79.58532316539568,9.585448181022628,0.0,264.37142857142857,108.31659944018604,-64.57142857142856,286.3,Severe,0.04995649,False
2015-02-25,2015,2,winter,169.2,458.8,47.3,5.3,5.76,39.1,25.19476184523065,79.58532316539568,9.585448181022628,0.0,252.5,114.25138948826834,-83.30000000000001,110.8,Poor,0.048626006,False
2015-02-26,2015,2,winter,92.3,572.9,87.6,84.7,5.96,113.8,25.19476184523065,79.58532316539568,9.585448181022628,0.0,201.3714285714286,88.12880184301669,-109.0714285714286,465.8,Severe,0.04944292,False
2015-02-27,2015,2,winter,60.5,74.8,55.4,79.0,1.28,168.7,25.19476184523065,79.58532316539568,9.585448181022628,0.0,164.58571428571432,85.01992763604352,-104.08571428571432,335.7,Severe,0.049107973,False
2015-02-28,2015,2,winter,109.0,169.7,88.7,54.7,4.54,147.9,25.19476184523065,79.58532316539568,9.585448181022628,0.0,162.74285714285716,86.23056026612319,-53.74285714285716,295.8,Severe,0.048131894,False
2015-03-01,2015,3,summer,382.8,305.1,149.4,89.7,5.45,145.9,25.19476184523065,79.58532316539568,9.585448181022628,0.0,190.2428571428572,120.4064347275905,192.55714285714285,353.7,Very Poor,0.047787614,False
2015-03-02,2015,3,summer,343.1,439.0,141.3,55.8,9.66,18.8,25.19476184523065,79.58532316539568,9.585448181022628,0.0,193.8142857142857,125.10983745721764,149.2857142857143,108.5,Very Poor,0.048980333,False
2015-03-03,2015,3,summer,154.6,531.1,53.0,76.5,2.57,62.9,25.19476184523065,79.58532316539568,9.585448181022628,0.0,187.3571428571429,125.91326190600222,-32.75714285714287,142.4,Satisfactory,0.04699111,False
2015-03-04,2015,3,summer,104.3,431.4,105.2,84.6,2.37,12.1,25.19476184523065,79.58532316539568,9.585448181022628,0.0,178.08571428571432,129.80240661060466,-73.78571428571432,19.2,Very Poor,0.047082763,False
2015-03-05,2015,3,summer,267.4,418.6,134.9,29.5,5.79,167.7,25.19476184523065,79.58532316539568,9.585448181022628,0.0,203.1,127.36420219198166,64.29999999999998,103.7,Good,0.047030274,False
2015-03-06,2015,3,summer,217.0,150.5,94.6,49.2,3.37,112.6,25.19476184523065,79.58532316539568,9.585448181022628,0.0,225.45714285714288,110.82222787183166,-8.457142857142856,497.7,Poor,0.04636012,False
2015-03-07,2015,3,summer,341.0,103.3,134.5,72.7,8.73,50.8,25.19476184523065,79.58532316539568,9.585448181022628,0.0,258.6,104.71241569174116,82.39999999999998,172.7,Good,0.04638718,False
2015-03-08,2015,3,summer,186.3,353.5,35.7,43.2,4.94,172.5,25.19476184523065,79.58532316539568,9.585448181022628,0.0,230.52857142857144,91.35439625045808,-44.22857142857143,68.1,Good,0.04540522,False
2015-03-09,2015,3,summer,454.9,369.8,142.0,36.1,2.34,4.7,25.19476184523065,79.58532316539568,9.585448181022628,0.0,246.5,119.69291262782993,208.4,368.9,Moderate,0.046614513,False
2015-03-10,2015,3,summer,59.5,293.3,145.1,27.4,5.14,62.6,25.19476184523065,79.58532316539568,9.585448181022628,0.0,232.9142857142857,136.13091038373597,-173.41428571428574,20.8,Very Poor,0.045907747,False
2015-03-11,2015,3,summer,392.8,507.7,132.2,5.9,2.96,43.5,25.19476184523065,79.58532316539568,9.585448181022628,0.0,274.12857142857143,134.3634587513251,118.67142857142858,246.4,Poor,0.04566183,False
2015-03-12,2015,3,summer,351.1,45.8,147.7,82.6,8.38,107.6,25.19476184523065,79.58532316539568,9.585448181022628,0.0,286.0857142857143,137.35583264610483,65.01428571428573,376.3,Moderate,0.046305213,False
2015-03-13,2015,3,summer,134.0,114.7,96.8,92.0,2.91,174.9,25.19476184523065,79.58532316539568,9.585448181022628,0.0,274.2285714285714,147.51996152256496,-140.2285714285714,176.3,Poor,0.046926994,False
2015-03-14,2015,3,summer,130.0,235.0,4.6,60.5,3.19,189.6,25.19476184523065,79.58532316539568,9.585448181022628,0.0,244.08571428571423,153.05562636474605,-114.08571428571426,74.1,Moderate,0.04705384,False
2015-03-15,2015,3,summer,429.2,20.0,45.4,93.0,7.73,67.2,25.19476184523065,79.58532316539568,9.585448181022628,0.0,278.7857142857143,164.8512605206223,150.4142857142857,467.3,Satisfactory,0.047494534,False
2015-03-16,2015,3,summer,155.4,358.4,62.8,9.7,0.82,89.1,25.19476184523065,79.58532316539568,9.585448181022628,0.0,236.0,149.69363157239962,-80.6,436.1,Poor,0.046820953,False
2015-03-17,2015,3,summer,348.1,361.7,139.4,60.5,1.82,67.7,25.19476184523065,79.58532316539568,9.585448181022628,0.0,277.2285714285714,131.63376864474796,70.87142857142862,42.4,Severe,0.04620255,False
2015-03-18,2015,3,summer,441.6,289.1,131.6,54.3,3.31,185.5,25.19476184523065,79.58532316539568,9.585448181022628,0.0,284.2,139.8127914987275,157.40000000000003,403.6,Poor,0.045901448,False
2015-03-19,2015,3,summer,134.6,542.3,94.3,36.9,4.72,102.4,25.19476184523065,79.58532316539568,9.585448181022628,0.0,253.27142857142857,146.34104817498186,-118.67142857142858,280.8,Very Poor,0.04459899,False
2015-03-20,2015,3,summer,102.7,348.6,130.1,91.3,4.24,151.7,25.19476184523065,79.58532316539568,9.585448181022628,0.0,248.8,150.99687634738228,-146.10000000000002,295.2,Satisfactory,0.04296083,False
2015-03-21,2015,3,summer,117.6,424.2,83.7,70.2,8.62,18.7,25.19476184523065,79.58532316539568,9.585448181022628,0.0,247.02857142857144,152.68615648103912,-129.42857142857144,104.5,Very Poor,0.04208219,False
2015-03-22,2015,3,summer,301.5,144.0,55.6,60.7,3.54,61.7,25.19476184523065,79.58532316539568,9.585448181022628,0.0,228.78571428571428,133.74694300022244,72.71428571428572,216.1,Satisfactory,0.041630946,False
2015-03-23,2015,3,summer,439.1,540.0,68.6,93.0,6.0,134.5,25.19476184523065,79.58532316539568,9.585448181022628,0.0,269.31428571428575,149.82108695119683,169.78571428571428,271.9,Severe,0.041177172,False
2015-03-24,2015,3,summer,437.8,293.9,47.2,41.0,2.92,19.5,25.19476184523065,79.58532316539568,9.585448181022628,0.0,282.12857142857143,161.0946690022745,155.67142857142858,34.5,Satisfactory,0.04186106,False
2015-03-25,2015,3,summer,450.7,234.8,94.8,99.7,4.21,193.7,25.19476184523065,79.58532316539568,9.585448181022628,0.0,283.42857142857144,162.62549732730218,167.27142857142854,251.1,Good,0.042411063,False
2015-03-26,2015,3,summer,285.7,577.6,81.0,88.4,6.68,156.5,25.19476184523065,79.58532316539568,9.585448181022628,0.0,305.0142857142857,149.03910480778106,-19.31428571428569,359.0,Moderate,0.042335257,False
2015-03-27,2015,3,summer,73.3,306.6,43.7,49.4,5.43,50.1,25.19476184523065,79.58532316539568,9.585448181022628,0.0,300.8142857142857,155.944909381181,-227.51428571428568,35.4,Severe,0.042231355,False
2015-03-28,2015,3,summer,158.3,529.7,131.3,59.1,8.72,141.7,25.19476184523065,79.58532316539568,9.585448181022628,0.0,306.62857142857143,148.55924423481372,-148.32857142857142,376.7,Moderate,0.04235281,False
2015-03-29,2015,3,summer,383.4,137.4,19.1,24.4,0.78,101.9,25.19476184523065,79.58532316539568,9.585448181022628,0.0,318.32857142857137,151.2880333920004,65.07142857142861,405.4,Severe,0.042505637,False
2015-03-30,2015,3,summer,483.8,272.3,125.1,52.0,8.06,184.7,25.19476184523065,79.58532316539568,9.585448181022628,0.0,324.7142857142857,158.02849351273568,159.0857142857143,239.5,Very Poor,0.04373809,False
2015-03-31,2015,3,summer,407.3,518.9,147.8,56.8,6.17,61.3,25.19476184523065,79.58532316539568,9.585448181022628,0.0,320.35714285714283,154.77788232542414,86.94285714285718,220.9,Poor,0.043372136,False
2015-04-01,2015,4,summer,497.0,199.0,15.1,49.5,4.71,91.8,25.19476184523065,79.58532316539568,9.585448181022628,0.0,326.9714285714286,162.09274828819156,170.0285714285714,155.8,Satisfactory,0.04312771,False
2015-04-02,2015,4,summer,341.5,588.2,100.0,25.8,5.71,75.1,25.19476184523065,79.58532316539568,9.585448181022628,0.0,334.9428571428571,161.09381176965232,6.557142857142878,420.4,Severe,0.043064695,False
2015-04-03,2015,4,summer,157.0,337.3,100.6,33.1,9.88,169.7,25.19476184523065,79.58532316539568,9.585448181022628,0.0,346.90000000000003,140.18628083137563,-189.90000000000003,87.4,Very Poor,0.043107193,False
2015-04-04,2015,4,summer,419.1,31.5,83.8,48.7,8.36,2.9,25.19476184523065,79.58532316539568,9.585448181022628,0.0,384.1571428571429,113.90008570589184,34.94285714285718,400.4,Very Poor,0.044143543,False
2015-04-05,2015,4,summer,376.9,236.2,42.6,74.8,6.27,7.7,25.19476184523065,79.58532316539568,9.585448181022628,0.0,383.2285714285714,113.9337777583351,-6.328571428571422,315.7,Moderate,0.04505824,False
2015-04-06,2015,4,summer,131.4,175.9,50.1,32.0,8.33,5.2,25.19476184523065,79.58532316539568,9.585448181022628,0.0,332.8857142857143,137.50613839112088,-201.4857142857143,467.2,Poor,0.045600228,False
2015-04-07,2015,4,summer,202.9,410.3,19.1,88.5,7.79,173.7,25.19476184523065,79.58532316539568,9.585448181022628,0.0,303.6857142857143,140.73494506306795,-100.7857142857143,479.2,Satisfactory,0.046530757,False
2015-04-08,2015,4,summer,190.5,148.9,59.0,79.1,7.91,19.8,25.19476184523065,79.58532316539568,9.585448181022628,0.0,259.90000000000003,116.087768520202,-69.40000000000003,134.2,Severe,0.045495685,False
2015-04-09,2015,4,summer,263.4,131.5,72.8,16.0,7.04,113.1,25.19476184523065,79.58532316539568,9.585448181022628,0.0,248.7428571428572,110.55958962090472,14.657142857142816,198.1,Poor,0.044747803,False
2015-04-10,2015,4,summer,279.6,426.9,15.6,44.2,8.84,35.1,25.19476184523065,79.58532316539568,9.585448181022628,0.0,266.25714285714287,103.06041686219558,13.342857142857156,37.9,Good,0.04397875,False
2015-04-11,2015,4,summer,155.6,59.2,34.3,82.3,3.88,150.2,25.19476184523065,79.58532316539568,9.585448181022628,0.0,228.6142857142857,84.3542812304436,-73.0142857142857,452.2,Severe,0.04344324,False
2015-04-12,2015,4,summer,435.4,494.1,97.2,33.2,1.58,71.0,25.19476184523065,79.58532316539568,9.585448181022628,0.0,236.9714285714286,102.45051999682116,198.4285714285714,397.7,Poor,0.043211576,False
2015-04-13,2015,4,summer,483.8,448.7,37.3,17.1,0.89,164.8,25.19476184523065,79.58532316539568,9.585448181022628,0.0,287.31428571428575,125.8404072436119,196.48571428571427,165.5,Very Poor,0.043759782,False
2015-04-14,2015,4,summer,451.6,290.0,79.5,48.2,1.71,45.8,25.19476184523065,79.58532316539568,9.585448181022628,0.0,322.8428571428572,132.94291829130847,128.75714285714287,75.9,Severe,0.04269941,False
2015-04-15,2015,4,summer,351.3,443.6,94.1,18.2,6.09,198.2,25.19476184523065,79.58532316539568,9.585448181022628,0.0,345.81428571428575,119.47404778962704,5.485714285714266,458.0,Very Poor,0.042634726,False
2015-04-16,2015,4,summer,181.7,45.7,138.3,34.2,6.46,170.9,25.19476184523065,79.58532316539568,9.585448181022628,0.0,334.1428571428572,132.18176698701495,-152.44285714285718,105.8,Satisfactory,0.04359605,False
2015-04-17,2015,4,summer,489.6,493.6,116.3,44.1,9.67,60.3,25.19476184523065,79.58532316539568,9.585448181022628,0.0,364.1428571428572,141.2586971616598,125.45714285714286,37.1,Severe,0.043506317,False
2015-04-18,2015,4,summer,137.9,554.0,12.7,63.2,2.43,119.7,25.19476184523065,79.58532316539568,9.585448181022628,0.0,361.61428571428576,145.70236132348057,-223.7142857142857,379.0,Severe,0.04454645,False
2015-04-19,2015,4,summer,262.0,498.8,113.0,1.4,4.19,195.1,25.19476184523065,79.58532316539568,9.585448181022628,0.0,336.8428571428572,145.8071655434311,-74.84285714285716,118.1,Moderate,0.044852898,False
2015-04-20,2015,4,summer,188.2,460.0,96.9,100.0,5.18,37.3,25.19476184523065,79.58532316539568,9.585448181022628,0.0,294.61428571428576,138.78875348974822,-106.41428571428575,269.1,Very Poor,0.044929035,False
2015-04-21,2015,4,summer,338.0,277.2,105.4,15.9,0.61,135.2,25.19476184523065,79.58532316539568,9.585448181022628,0.0,278.3857142857143,123.13146671439476,59.6142857142857,198.4,Moderate,0.045847636,False
2015-04-22,2015,4,summer,398.5,464.4,18.8,76.1,1.28,68.3,25.19476184523065,79.58532316539568,9.585448181022628,0.0,285.12857142857143,128.9449716518086,113.37142857142857,40.4,Poor,0.04594371,False
2015-04-23,2015,4,summer,124.2,242.7,87.0,80.9,3.85,98.8,25.19476184523065,79.58532316539568,9.585448181022628,0.0,276.9142857142857,138.13583204671443,-152.71428571428572,252.3,Satisfactory,0.045840666,False
2015-04-24,2015,4,summer,287.7,513.2,108.1,61.1,2.97,6.3,25.19476184523065,79.58532316539568,9.585448181022628,0.0,248.07142857142856,102.91322743434094,39.628571428571405,256.2,Satisfactory,0.045044668,False
2015-04-25,2015,4,summer,204.1,11.7,10.2,51.3,6.0,42.1,25.19476184523065,79.58532316539568,9.585448181022628,0.0,257.5285714285714,93.73408690342616,-53.428571428571416,181.9,Good,0.045369755,False
2015-04-26,2015,4,summer,106.1,41.4,16.0,59.1,8.81,195.2,25.19476184523065,79.58532316539568,9.585448181022628,0.0,235.2571428571428,109.66234323508468,-129.15714285714282,12.9,Very Poor,0.04698249,False
2015-04-27,2015,4,summer,354.9,508.9,68.5,51.0,9.3,12.5,25.19476184523065,79.58532316539568,9.585448181022628,0.0,259.07142857142856,115.67567756858996,95.82857142857142,149.5,Good,0.046642575,False
2015-04-28,2015,4,summer,173.6,196.2,145.9,78.5,8.03,45.2,25.19476184523065,79.58532316539568,9.585448181022628,0.0,235.58571428571423,113.65134444976046,-61.985714285714266,149.9,Very Poor,0.046905536,False
2015-04-29,2015,4,summer,82.8,532.4,5.9,99.6,8.95,13.4,25.19476184523065,79.58532316539568,9.585448181022628,0.0,190.4857142857143,100.05340954662546,-107.6857142857143,392.8,Very Poor,0.047954425,False
2015-04-30,2015,4,summer,334.1,351.2,68.0,19.9,1.69,27.9,25.19476184523065,79.58532316539568,9.585448181022628,0.0,220.47142857142856,108.01340525270795,113.62857142857146,106.3,Severe,0.04764943,False
2015-05-01,2015,5,summer,176.8,97.0,133.9,4.5,5.01,66.4,25.19476184523065,79.58532316539568,9.585448181022628,0.0,204.6285714285714,104.5880126063804,-27.8285714285714,139.2,Moderate,0.048061833,False
2015-05-02,2015,5,summer,117.2,560.8,92.5,19.9,9.82,148.1,25.19476184523065,79.58532316539568,9.585448181022628,0.0,192.2142857142857,109.69395955067336,-75.01428571428572,288.3,Good,0.048970968,False
2015-05-03,2015,5,summer,179.5,469.2,21.5,46.6,9.15,167.0,25.19476184523065,79.58532316539568,9.585448181022628,0.0,202.7,103.41898600676122,-23.200000000000017,481.3,Good,0.048761576,False
2015-05-04,2015,5,summer,404.1,486.1,124.6,83.1,0.11,99.4,25.19476184523065,79.58532316539568,9.585448181022628,0.0,209.72857142857143,116.35021435713983,194.3714285714286,339.7,Severe,0.04923892,False
2015-05-05,2015,5,summer,175.1,295.2,76.2,11.7,5.23,193.2,25.19476184523065,79.58532316539568,9.585448181022628,0.0,209.94285714285715,116.2739417230255,-34.84285714285716,420.3,Poor,0.049374655,False
2015-05-06,2015,5,summer,20.7,343.3,18.5,18.4,3.94,37.6,25.19476184523065,79.58532316539568,9.585448181022628,0.0,201.07142857142856,129.23777458991,-180.3714285714286,482.3,Severe,0.049404502,False
2015-05-07,2015,5,summer,415.6,50.8,146.9,56.0,0.43,127.8,25.19476184523065,79.58532316539568,9.585448181022628,0.0,212.7142857142857,145.8260542401052,202.8857142857143,356.1,Very Poor,0.050450124,False
2015-05-08,2015,5,summer,124.7,197.1,26.0,93.5,9.5,38.1,25.19476184523065,79.58532316539568,9.585448181022628,0.0,205.27142857142857,149.25388564775253,-80.57142857142857,278.3,Poor,0.051307738,False
2015-05-09,2015,5,summer,87.0,122.6,66.2,51.7,8.11,162.3,25.19476184523065,79.58532316539568,9.585448181022628,0.0,200.95714285714288,152.62240832790422,-113.95714285714286,81.5,Severe,0.051945865,False
2015-05-10,2015,5,summer,23.0,330.4,135.5,55.3,0.06,25.3,25.19476184523065,79.58532316539568,9.585448181022628,0.0,178.6,167.06836923846475,-155.6,440.0,Poor,0.052885424,False
2015-05-11,2015,5,summer,65.1,95.2,107.8,20.1,1.13,47.5,25.19476184523065,79.58532316539568,9.585448181022628,0.0,130.17142857142858,137.28665526658338,-65.07142857142858,193.1,Good,0.053180818,False
2015-05-12,2015,5,summer,83.8,431.4,118.0,62.5,1.34,16.5,25.19476184523065,79.58532316539568,9.585448181022628,0.0,117.12857142857142,136.64227889256082,-33.32857142857142,18.5,Poor,0.052938923,False
2015-05-13,2015,5,summer,336.9,380.5,70.8,49.2,2.63,195.2,25.19476184523065,79.58532316539568,9.585448181022628,0.0,162.29999999999998,150.96604474737578,174.6,442.7,Moderate,0.051758863,False
2015-05-14,2015,5,summer,315.5,17.8,52.9,36.0,3.63,172.2,25.19476184523065,79.58532316539568,9.585448181022628,0.0,148.0,125.5802532247805,167.5,43.9,Moderate,0.052303273,False
2015-05-15,2015,5,summer,151.4,186.4,46.6,28.0,7.97,132.7,25.19476184523065,79.58532316539568,9.585448181022628,0.0,151.81428571428572,125.15938410111892,-0.414285714285711,28.9,Satisfactory,0.051649652,False
2015-05-16,2015,5,summer,373.4,507.4,4.5,7.7,9.97,123.4,25.19476184523065,79.58532316539568,9.585448181022628,0.0,192.72857142857143,145.58543556145665,180.6714285714285,272.4,Moderate,0.05268866,False
2015-05-17,2015,5,summer,26.8,70.1,143.8,40.9,6.43,156.6,25.19476184523065,79.58532316539568,9.585448181022628,0.0,193.2714285714285,144.8523123079241,-166.47142857142853,125.7,Poor,0.05257008,False
2015-05-18,2015,5,summer,379.6,191.1,93.5,11.6,8.24,97.4,25.19476184523065,79.58532316539568,9.585448181022628,0.0,238.2,147.22632237477103,141.4,47.8,Moderate,0.052069426,False
2015-05-19,2015,5,summer,259.9,594.2,45.2,7.9,4.35,24.0,25.19476184523065,79.58532316539568,9.585448181022628,0.0,263.35714285714283,130.54686077092344,-3.4571428571428555,331.4,Good,0.051767908,False
2015-05-20,2015,5,summer,243.1,95.7,121.4,4.7,8.6,41.4,25.19476184523065,79.58532316539568,9.585448181022628,0.0,249.95714285714288,126.4909595866158,-6.857142857142861,404.5,Good,0.051799484,False
2015-05-21,2015,5,summer,55.1,590.8,60.4,51.0,6.13,185.9,25.19476184523065,79.58532316539568,9.585448181022628,0.0,212.75714285714284,141.41330509235286,-157.65714285714284,225.0,Severe,0.052247874,False
2015-05-22,2015,5,summer,202.6,27.3,26.6,7.5,9.05,31.6,25.19476184523065,79.58532316539568,9.585448181022628,0.0,220.07142857142853,139.01457614564166,-17.471428571428532,463.8,Very Poor,0.052148994,False
2015-05-23,2015,5,summer,315.6,534.9,13.3,30.3,7.84,166.5,25.19476184523065,79.58532316539568,9.585448181022628,0.0,211.8142857142857,129.8005576332582,103.7857142857143,407.5,Satisfactory,0.053123266,False
2015-05-24,2015,5,summer,293.9,406.7,98.9,12.2,7.48,177.4,25.19476184523065,79.58532316539568,9.585448181022628,0.0,249.9714285714286,102.79843893571082,43.92857142857139,409.6,Moderate,0.0527321,False
2015-05-25,2015,5,summer,98.2,87.4,118.3,2.3,0.11,130.2,25.19476184523065,79.58532316539568,9.585448181022628,0.0,209.7714285714285,98.59330123096125,-111.57142857142854,85.2,Severe,0.0534317,False
2015-05-26,2015,5,summer,435.5,477.0,33.3,27.9,7.02,125.9,25.19476184523065,79.58532316539568,9.585448181022628,0.0,234.8571428571429,130.6134865055783,200.6428571428572,311.9,Satisfactory,0.052468214,False
2015-05-27,2015,5,summer,285.5,493.1,79.8,47.2,5.25,5.3,25.19476184523065,79.58532316539568,9.585448181022628,0.0,240.91428571428568,132.0348619187553,44.58571428571432,120.3,Severe,0.051776465,False
2015-05-28,2015,5,summer,265.1,107.5,85.7,10.9,8.04,178.1,25.19476184523065,79.58532316539568,9.585448181022628,0.0,270.9142857142857,103.56739236798802,-5.814285714285688,254.0,Good,0.051093414,False
2015-05-29,2015,5,summer,101.5,257.0,116.7,8.5,2.01,22.0,25.19476184523065,79.58532316539568,9.585448181022628,0.0,256.4714285714286,120.36847198340216,-154.9714285714286,45.2,Very Poor,0.049243856,False
2015-05-30,2015,5,summer,277.1,569.3,129.0,29.1,9.01,182.4,25.19476184523065,79.58532316539568,9.585448181022628,0.0,250.97142857142856,118.07413934029924,26.128571428571465,44.8,Poor,0.04999521,False
2015-05-31,2015,5,summer,182.1,575.3,90.2,99.1,4.79,187.6,25.19476184523065,79.58532316539568,9.585448181022628,0.0,235.00000000000003,118.85833304120229,-52.900000000000034,497.6,Good,0.05117952,False
2015-06-01,2015,6,monsoon,220.4,318.5,128.6,71.7,4.55,29.2,25.19476184523065,79.58532316539568,9.585448181022628,0.0,252.45714285714288,103.38397453414244,-32.05714285714285,458.9,Moderate,0.050745357,False
2015-06-02,2015,6,monsoon,198.1,120.4,98.3,10.1,2.8,115.9,25.19476184523065,79.58532316539568,9.585448181022628,0.0,218.5428571428572,65.22810889851256,-20.44285714285718,489.9,Moderate,0.049831968,False
2015-06-03,2015,6,monsoon,275.8,27.8,90.8,49.0,8.05,56.9,25.19476184523065,79.58532316539568,9.585448181022628,0.0,217.15714285714287,63.65259505427003,58.64285714285714,287.1,Good,0.04837223,False
2015-06-04,2015,6,monsoon,447.8,308.8,140.2,27.6,2.5,178.5,25.19476184523065,79.58532316539568,9.585448181022628,0.0,243.25714285714284,108.35055540763452,204.5428571428572,14.4,Satisfactory,0.049481038,False
2015-06-05,2015,6,monsoon,258.3,148.4,34.5,74.6,3.84,148.0,25.19476184523065,79.58532316539568,9.585448181022628,0.0,265.65714285714284,88.56065449063453,-7.357142857142833,221.9,Good,0.048699513,False
2015-06-06,2015,6,monsoon,6.6,11.2,145.1,82.1,2.19,21.6,25.19476184523065,79.58532316539568,9.585448181022628,0.0,227.01428571428573,131.39299104304658,-220.4142857142857,360.4,Very Poor,0.049544804,False
2015-06-07,2015,6,monsoon,268.8,27.5,51.8,86.2,6.59,100.7,25.19476184523065,79.58532316539568,9.585448181022628,0.0,239.4,130.5371083894028,29.40000000000001,210.0,Poor,0.048764147,False
2015-06-08,2015,6,monsoon,456.1,195.8,148.4,36.0,6.08,51.8,25.19476184523065,79.58532316539568,9.585448181022628,0.0,273.0714285714286,153.24335455179042,183.0285714285714,123.2,Very Poor,0.049237076,False
2015-06-09,2015,6,monsoon,126.9,455.1,51.4,24.5,9.03,172.6,25.19476184523065,79.58532316539568,9.585448181022628,0.0,262.9,161.20500405798003,-135.99999999999997,299.2,Good,0.048217844,False
2015-06-10,2015,6,monsoon,424.1,388.5,144.3,27.1,6.82,75.6,25.19476184523065,79.58532316539568,9.585448181022628,0.0,284.0857142857143,172.52995323103983,140.01428571428573,87.7,Very Poor,0.04759748,False
2015-06-11,2015,6,monsoon,16.5,443.1,3.2,6.1,7.55,110.2,25.19476184523065,79.58532316539568,9.585448181022628,0.0,222.4714285714286,181.11921225430248,-205.9714285714286,255.6,Very Poor,0.048134793,False
2015-06-12,2015,6,monsoon,341.6,326.1,70.5,98.8,5.43,139.8,25.19476184523065,79.58532316539568,9.585448181022628,0.0,234.37142857142857,186.5215243547486,107.22857142857146,152.9,Moderate,0.048444916,False
2015-06-13,2015,6,monsoon,323.6,149.8,7.8,51.9,3.26,95.6,25.19476184523065,79.58532316539568,9.585448181022628,0.0,279.6571428571429,158.36035759350534,43.94285714285712,366.6,Good,0.04847544,False
2015-06-14,2015,6,monsoon,150.5,432.0,125.8,40.6,8.0,158.4,25.19476184523065,79.58532316539568,9.585448181022628,0.0,262.75714285714287,165.84753899433125,-112.25714285714288,295.6,Poor,0.048873775,False
2015-06-15,2015,6,monsoon,181.0,94.7,55.7,62.9,5.51,154.0,25.19476184523065,79.58532316539568,9.585448181022628,0.0,223.45714285714288,143.48273830142855,-42.457142857142856,188.5,Satisfactory,0.047235433,False
2015-06-16,2015,6,monsoon,335.7,3.7,17.4,22.9,7.7,156.7,25.19476184523065,79.58532316539568,9.585448181022628,0.0,253.2857142857143,141.7572741057925,82.41428571428568,50.7,Good,0.04705444,False
2015-06-17,2015,6,monsoon,109.8,327.5,82.0,38.3,8.14,2.5,25.19476184523065,79.58532316539568,9.585448181022628,0.0,208.3857142857143,127.71668422164532,-98.5857142857143,399.3,Very Poor,0.04737287,False
2015-06-18,2015,6,monsoon,464.1,28.3,16.8,8.8,5.1,105.8,25.19476184523065,79.58532316539568,9.585448181022628,0.0,272.3285714285715,127.6833024098521,191.7714285714285,290.1,Good,0.047845904,False
2015-06-19,2015,6,monsoon,220.1,172.7,53.5,22.4,3.37,118.8,25.19476184523065,79.58532316539568,9.585448181022628,0.0,254.9714285714286,124.92568076374748,-34.871428571428595,352.2,Good,0.04665602,False
2015-06-20,2015,6,monsoon,332.9,513.6,137.6,1.0,1.66,77.7,25.19476184523065,79.58532316539568,9.585448181022628,0.0,256.3,125.8234079970815,76.59999999999997,190.1,Satisfactory,0.04682015,False
2015-06-21,2015,6,monsoon,309.8,310.3,30.1,5.1,4.89,49.4,25.19476184523065,79.58532316539568,9.585448181022628,0.0,279.0571428571429,117.63827122642904,30.742857142857133,184.5,Poor,0.045794442,False
2015-06-22,2015,6,monsoon,36.8,330.2,4.6,0.6,5.53,53.6,25.19476184523065,79.58532316539568,9.585448181022628,0.0,258.45714285714286,146.7057015154588,-221.65714285714284,182.5,Good,0.046437103,False
2015-06-23,2015,6,monsoon,63.6,515.0,49.7,0.7,7.15,96.5,25.19476184523065,79.58532316539568,9.585448181022628,0.0,219.58571428571423,158.4094423592592,-155.98571428571427,232.7,Severe,0.046999555,False
2015-06-24,2015,6,monsoon,172.0,62.6,67.5,27.1,0.79,85.8,25.19476184523065,79.58532316539568,9.585448181022628,0.0,228.47142857142856,152.8725581902098,-56.47142857142856,149.5,Very Poor,0.045959104,False
2015-06-25,2015,6,monsoon,405.8,582.9,109.7,42.8,6.76,56.1,25.19476184523065,79.58532316539568,9.585448181022628,0.0,220.1428571428572,138.83993010109242,185.65714285714287,98.8,Poor,0.046170816,False
2015-06-26,2015,6,monsoon,11.5,189.9,135.4,83.4,5.44,159.5,25.19476184523065,79.58532316539568,9.585448181022628,0.0,190.3428571428572,159.67399973219256,-178.84285714285716,288.2,Severe,0.047332555,False
2015-06-27,2015,6,monsoon,489.2,479.0,68.3,34.0,3.21,178.9,25.19476184523065,79.58532316539568,9.585448181022628,0.0,212.67142857142852,190.8218253964129,276.5285714285714,34.8,Poor,0.04831294,False
2015-06-28,2015,6,monsoon,270.3,112.9,80.4,42.4,5.15,171.0,25.19476184523065,79.58532316539568,9.585448181022628,0.0,207.02857142857144,188.03457762058665,63.27142857142857,362.3,Poor,0.047047175,False
2015-06-29,2015,6,monsoon,429.1,300.0,132.0,31.5,5.31,89.0,25.19476184523065,79.58532316539568,9.585448181022628,0.0,263.07142857142856,187.30294279843127,166.02857142857147,484.0,Severe,0.045797765,False
2015-06-30,2015,6,monsoon,121.3,237.7,111.3,48.0,8.79,167.1,25.19476184523065,79.58532316539568,9.585448181022628,0.0,271.31428571428575,178.10531929705186,-150.01428571428573,47.5,Poor,0.04466409,False
2015-07-01,2015,7,monsoon,196.1,523.1,117.8,0.8,5.38,145.2,25.19476184523065,79.58532316539568,9.585448181022628,0.0,274.75714285714287,176.08706044778785,-78.65714285714287,401.2,Severe,0.04504242,False
2015-07-02,2015,7,monsoon,210.4,104.2,16.6,84.7,4.71,111.4,25.19476184523065,79.58532316539568,9.585448181022628,0.0,246.8428571428572,167.1102815223415,-36.44285714285715,301.3,Severe,0.045667537,False
2015-07-03,2015,7,monsoon,352.0,95.2,139.6,3.2,6.53,174.6,25.19476184523065,79.58532316539568,9.585448181022628,0.0,295.4857142857143,133.33163451298716,56.51428571428568,409.4,Good,0.0461997,False
2015-07-04,2015,7,monsoon,182.2,197.9,40.0,19.6,8.14,31.9,25.19476184523065,79.58532316539568,9.585448181022628,0.0,251.6285714285714,106.85522470903838,-69.42857142857142,493.2,Good,0.04498185,False
2015-07-05,2015,7,monsoon,285.8,150.8,142.5,65.5,7.31,198.9,25.19476184523065,79.58532316539568,9.585448181022628,0.0,253.8428571428572,107.46548061498429,31.957142857142856,204.1,Good,0.045699872,False
2015-07-06,2015,7,monsoon,199.0,167.9,10.8,92.6,7.47,96.7,25.19476184523065,79.58532316539568,9.585448181022628,0.0,220.9714285714286,75.30154301840321,-21.97142857142859,335.2,Very Poor,0.043885313,False
2015-07-07,2015,7,monsoon,262.3,406.3,12.3,55.3,5.39,133.9,25.19476184523065,79.58532316539568,9.585448181022628,0.0,241.1142857142857,61.85392546345088,21.18571428571431,242.6,Good,0.04348257,False
2015-07-08,2015,7,monsoon,101.2,250.7,22.9,93.4,1.83,145.5,25.19476184523065,79.58532316539568,9.585448181022628,0.0,227.55714285714288,80.84820874418247,-126.35714285714288,83.6,Good,0.043851577,False
2015-07-09,2015,7,monsoon,343.1,112.2,81.4,69.6,9.79,120.9,25.19476184523065,79.58532316539568,9.585448181022628,0.0,246.5142857142857,91.06661350483029,96.58571428571432,133.6,Good,0.043596793,False
2015-07-10,2015,7,monsoon,50.2,175.3,26.1,87.7,4.44,131.8,25.19476184523065,79.58532316539568,9.585448181022628,0.0,203.4,103.40772053704076,-153.2,289.9,Moderate,0.04367737,False
2015-07-11,2015,7,monsoon,116.1,254.8,79.1,96.5,3.2,48.9,25.19476184523065,79.58532316539568,9.585448181022628,0.0,193.95714285714288,108.55614303426704,-77.85714285714286,253.7,Good,0.04291858,False
2015-07-12,2015,7,monsoon,425.2,591.1,144.8,74.8,1.83,180.2,25.19476184523065,79.58532316539568,9.585448181022628,0.0,213.8714285714286,137.21559331074255,211.3285714285714,282.0,Good,0.045280322,False
2015-07-13,2015,7,monsoon,315.0,294.8,125.0,18.8,7.75,117.5,25.19476184523065,79.58532316539568,9.585448181022628,0.0,230.44285714285712,142.0400513604393,84.55714285714288,157.9,Good,0.04521163,False
2015-07-14,2015,7,monsoon,354.0,237.8,77.9,11.3,1.52,104.0,25.19476184523065,79.58532316539568,9.585448181022628,0.0,243.5428571428572,149.50054467172652,110.45714285714286,285.4,Very Poor,0.045072757,False
2015-07-15,2015,7,monsoon,494.5,316.2,6.4,79.4,2.35,35.0,25.19476184523065,79.58532316539568,9.585448181022628,0.0,299.7285714285714,160.58364086757322,194.7714285714286,44.9,Good,0.047185425,False
2015-07-16,2015,7,monsoon,181.6,269.3,41.6,86.1,2.46,54.2,25.19476184523065,79.58532316539568,9.585448181022628,0.0,276.65714285714284,164.85846310439413,-95.05714285714284,3.8,Good,0.046610117,False
2015-07-17,2015,7,monsoon,416.8,23.5,118.0,89.5,3.98,177.5,25.19476184523065,79.58532316539568,9.585448181022628,0.0,329.0285714285714,136.76481899335704,87.7714285714286,112.5,Good,0.047216624,False
2015-07-18,2015,7,monsoon,295.7,184.3,74.2,34.0,2.0,165.0,25.19476184523065,79.58532316539568,9.585448181022628,0.0,354.6857142857143,102.78771697972844,-58.98571428571432,426.0,Moderate,0.045516834,False
2015-07-19,2015,7,monsoon,388.0,325.5,143.3,99.5,3.59,58.8,25.19476184523065,79.58532316539568,9.585448181022628,0.0,349.3714285714286,99.44158610771976,38.62857142857138,48.8,Very Poor,0.04678747,False
2015-07-20,2015,7,monsoon,468.6,120.6,26.9,81.7,8.59,56.4,25.19476184523065,79.58532316539568,9.585448181022628,0.0,371.31428571428575,107.23448494726289,97.28571428571428,103.1,Severe,0.0464702,False
2015-07-21,2015,7,monsoon,408.1,394.5,18.5,34.4,7.08,101.4,25.19476184523065,79.58532316539568,9.585448181022628,0.0,379.0428571428571,107.72704484239868,29.05714285714293,301.0,Severe,0.046160873,False
2015-07-22,2015,7,monsoon,387.4,17.6,66.6,67.0,2.4,199.4,25.19476184523065,79.58532316539568,9.585448181022628,0.0,363.7428571428572,95.50877546318024,23.657142857142787,181.1,Moderate,0.044565972,False
2015-07-23,2015,7,monsoon,473.2,120.1,14.4,15.7,8.7,81.8,25.19476184523065,79.58532316539568,9.585448181022628,0.0,405.4,59.70647647729107,67.80000000000001,36.5,Severe,0.044313874,False
2015-07-24,2015,7,monsoon,117.6,457.1,102.9,36.2,1.58,194.3,25.19476184523065,79.58532316539568,9.585448181022628,0.0,362.6571428571429,123.35544653754116,-245.05714285714285,390.8,Poor,0.045239948,False
2015-07-25,2015,7,monsoon,98.1,136.3,19.9,32.3,10.0,58.3,25.19476184523065,79.58532316539568,9.585448181022628,0.0,334.42857142857144,158.76012003738757,-236.32857142857145,476.4,Moderate,0.04602381,False
2015-07-26,2015,7,monsoon,347.7,159.1,125.8,3.9,6.09,55.4,25.19476184523065,79.58532316539568,9.585448181022628,0.0,328.6714285714285,157.2168747758513,19.028571428571468,9.0,Very Poor,0.045665897,False
2015-07-27,2015,7,monsoon,125.6,267.0,44.1,65.2,4.75,73.8,25.19476184523065,79.58532316539568,9.585448181022628,0.0,279.6714285714285,159.7674738934234,-154.07142857142853,100.0,Severe,0.044364188,False
2015-07-28,2015,7,monsoon,301.5,459.2,67.8,26.8,2.12,89.3,25.19476184523065,79.58532316539568,9.585448181022628,0.0,264.4428571428571,150.28478362920248,37.05714285714288,412.6,Moderate,0.044815637,False
2015-07-29,2015,7,monsoon,444.5,166.7,119.6,81.3,4.53,7.2,25.19476184523065,79.58532316539568,9.585448181022628,0.0,272.6,159.34733550747984,171.90000000000003,258.7,Moderate,0.0456192,False
2015-07-30,2015,7,monsoon,276.7,314.8,46.3,59.1,2.74,64.2,25.19476184523065,79.58532316539568,9.585448181022628,0.0,244.52857142857144,133.29782086598064,32.17142857142855,132.0,Good,0.044485435,False
2015-07-31,2015,7,monsoon,26.4,168.6,126.6,62.5,0.15,101.9,25.19476184523065,79.58532316539568,9.585448181022628,0.0,231.5,151.0468249693894,-205.1,383.1,Good,0.044856958,False
2015-08-01,2015,8,monsoon,361.4,542.4,12.5,0.9,4.73,63.6,25.19476184523065,79.58532316539568,9.585448181022628,0.0,269.1142857142857,144.9514105780673,92.28571428571428,277.3,Satisfactory,0.04621684,False
2015-08-02,2015,8,monsoon,469.7,134.2,40.4,73.4,2.34,82.8,25.19476184523065,79.58532316539568,9.585448181022628,0.0,286.54285714285714,162.2745087513014,183.15714285714284,283.4,Poor,0.04500509,False
2015-08-03,2015,8,monsoon,152.4,567.3,136.3,49.1,7.47,118.5,25.19476184523065,79.58532316539568,9.585448181022628,0.0,290.37142857142857,158.10713366033082,-137.97142857142856,134.2,Poor,0.045893114,False
2015-08-04,2015,8,monsoon,217.7,223.0,114.5,87.0,0.79,64.8,25.19476184523065,79.58532316539568,9.585448181022628,0.0,278.4,160.2816687376736,-60.69999999999999,38.5,Severe,0.045208365,False
2015-08-05,2015,8,monsoon,35.7,316.1,92.7,62.0,1.12,51.9,25.19476184523065,79.58532316539568,9.585448181022628,0.0,220.0,164.10435704148756,-184.29999999999995,207.5,Severe,0.045296196,False
2015-08-06,2015,8,monsoon,110.5,589.1,53.8,92.6,5.58,191.1,25.19476184523065,79.58532316539568,9.585448181022628,0.0,196.25714285714284,166.53865274206734,-85.75714285714284,349.3,Poor,0.046969045,False
2015-08-07,2015,8,monsoon,401.4,80.8,25.7,88.0,7.52,45.1,25.19476184523065,79.58532316539568,9.585448181022628,0.0,249.82857142857145,163.07135160501284,151.57142857142856,406.4,Severe,0.047008608,False
2015-08-08,2015,8,monsoon,454.1,440.9,95.4,45.6,9.36,38.6,25.19476184523065,79.58532316539568,9.585448181022628,0.0,263.07142857142856,176.82600406695198,191.02857142857147,127.2,Severe,0.047532823,False
2015-08-09,2015,8,monsoon,219.3,592.3,12.6,10.7,8.58,191.1,25.19476184523065,79.58532316539568,9.585448181022628,0.0,227.3,151.5849706710179,-7.999999999999972,47.4,Satisfactory,0.0491617,False
2015-08-10,2015,8,monsoon,414.2,250.6,68.3,17.3,3.24,92.1,25.19476184523065,79.58532316539568,9.585448181022628,0.0,264.7,161.9662001776914,149.5,200.2,Satisfactory,0.048877023,False
2015-08-11,2015,8,monsoon,216.7,150.3,146.7,99.9,1.89,122.1,25.19476184523065,79.58532316539568,9.585448181022628,0.0,264.5571428571429,162.01499783603225,-47.85714285714289,64.6,Good,0.047795933,False
2015-08-12,2015,8,monsoon,133.7,526.2,143.4,77.3,7.0,134.4,25.19476184523065,79.58532316539568,9.585448181022628,0.0,278.5571428571429,141.9325879557247,-144.8571428571429,99.4,Severe,0.04882852,False
2015-08-13,2015,8,monsoon,101.3,80.8,141.8,48.8,6.45,12.1,25.19476184523065,79.58532316539568,9.585448181022628,0.0,277.24285714285713,143.77874039814162,-175.94285714285712,250.0,Satisfactory,0.05011888,False
2015-08-14,2015,8,monsoon,137.5,103.3,114.5,71.1,1.76,120.0,25.19476184523065,79.58532316539568,9.585448181022628,0.0,239.5428571428572,140.35549932395318,-102.04285714285714,289.0,Satisfactory,0.049050014,False
2015-08-15,2015,8,monsoon,283.7,544.1,82.4,35.1,8.9,43.1,25.19476184523065,79.58532316539568,9.585448181022628,0.0,215.2,107.9853848135634,68.49999999999997,207.4,Moderate,0.049677934,False
2015-08-16,2015,8,monsoon,371.7,140.0,56.6,33.9,2.47,16.6,25.19476184523065,79.58532316539568,9.585448181022628,0.0,236.97142857142853,123.23590810968642,134.72857142857146,151.2,Poor,0.04875224,False
2015-08-17,2015,8,monsoon,464.5,150.6,19.7,65.2,6.81,195.9,25.19476184523065,79.58532316539568,9.585448181022628,0.0,244.15714285714284,136.08843763208864,220.3428571428572,195.6,Poor,0.050425813,False
2015-08-18,2015,8,monsoon,178.8,110.4,10.6,11.4,6.94,195.9,25.19476184523065,79.58532316539568,9.585448181022628,0.0,238.7428571428572,138.1019171619625,-59.94285714285715,334.1,Poor,0.05106093,False
2015-08-19,2015,8,monsoon,198.1,107.7,11.5,4.9,1.33,50.9,25.19476184523065,79.58532316539568,9.585448181022628,0.0,247.94285714285712,131.94582041053647,-49.84285714285713,83.4,Satisfactory,0.051011115,False
2015-08-20,2015,8,monsoon,439.2,64.7,116.3,13.8,1.15,17.5,25.19476184523065,79.58532316539568,9.585448181022628,0.0,296.2142857142857,131.1630337731307,142.98571428571427,464.9,Moderate,0.052264936,False
2015-08-21,2015,8,monsoon,117.9,251.7,43.7,2.4,4.04,24.8,25.19476184523065,79.58532316539568,9.585448181022628,0.0,293.4142857142857,135.26106151403943,-175.5142857142857,453.9,Good,0.05178607,False
2015-08-22,2015,8,monsoon,100.9,564.1,79.7,36.0,3.81,104.8,25.19476184523065,79.58532316539568,9.585448181022628,0.0,267.3,153.82187750772,-166.4,470.6,Satisfactory,0.050794326,False
2015-08-23,2015,8,monsoon,286.9,358.6,38.3,27.5,0.86,122.6,25.19476184523065,79.58532316539568,9.585448181022628,0.0,255.1857142857143,147.43616051895629,31.714285714285666,317.8,Severe,0.049574066,False
2015-08-24,2015,8,monsoon,246.1,35.8,106.1,22.9,7.45,41.1,25.19476184523065,79.58532316539568,9.585448181022628,0.0,223.9857142857143,115.38380054657353,22.1142857142857,114.4,Severe,0.048653603,False
2015-08-25,2015,8,monsoon,217.9,540.4,85.5,6.4,9.14,73.0,25.19476184523065,79.58532316539568,9.585448181022628,0.0,229.57142857142856,113.766877345528,-11.671428571428578,62.5,Good,0.04901576,False
2015-08-26,2015,8,monsoon,326.0,560.3,66.6,87.5,1.02,115.1,25.19476184523065,79.58532316539568,9.585448181022628,0.0,247.8428571428572,118.05967215978626,78.15714285714284,139.1,Severe,0.050159916,False
2015-08-27,2015,8,monsoon,321.7,107.3,83.4,31.9,0.09,70.2,25.19476184523065,79.58532316539568,9.585448181022628,0.0,231.05714285714288,91.73650413263096,90.64285714285712,402.4,Satisfactory,0.050661635,False
2015-08-28,2015,8,monsoon,17.2,148.2,116.3,78.1,8.53,0.4,25.19476184523065,79.58532316539568,9.585448181022628,0.0,216.6714285714285,116.8868500486079,-199.47142857142856,342.9,Very Poor,0.051375326,False
2015-08-29,2015,8,monsoon,480.2,151.9,11.1,77.4,4.64,56.0,25.19476184523065,79.58532316539568,9.585448181022628,0.0,270.85714285714283,139.92072585506958,209.3428571428572,184.3,Moderate,0.053017773,False
2015-08-30,2015,8,monsoon,216.9,272.3,128.2,50.7,2.15,37.8,25.19476184523065,79.58532316539568,9.585448181022628,0.0,260.85714285714283,141.07968028910545,-43.95714285714283,128.0,Satisfactory,0.051752638,False
2015-08-31,2015,8,monsoon,353.4,244.8,141.4,82.1,6.84,137.9,25.19476184523065,79.58532316539568,9.585448181022628,0.0,276.18571428571425,144.98419946752165,77.21428571428572,448.0,Severe,0.051147323,False
2015-09-01,2015,9,monsoon,142.8,167.1,62.6,9.2,3.41,10.4,25.19476184523065,79.58532316539568,9.585448181022628,0.0,265.45714285714286,152.59495248470552,-122.65714285714284,469.1,Poor,0.05087322,False
2015-09-02,2015,9,monsoon,275.0,479.6,118.9,38.0,7.8,101.3,25.19476184523065,79.58532316539568,9.585448181022628,0.0,258.1714285714285,150.42460696625534,16.82857142857148,245.3,Severe,0.049978685,False
2015-09-03,2015,9,monsoon,460.6,4.8,74.2,19.2,3.53,186.6,25.19476184523065,79.58532316539568,9.585448181022628,0.0,278.01428571428573,168.30064793469484,182.5857142857143,363.2,Moderate,0.05096114,False
2015-09-04,2015,9,monsoon,69.6,255.2,3.3,40.7,6.88,137.8,25.19476184523065,79.58532316539568,9.585448181022628,0.0,285.5,155.44067464255724,-215.9,208.0,Moderate,0.051329006,False
2015-09-05,2015,9,monsoon,364.4,190.7,87.8,98.0,3.2,70.5,25.19476184523065,79.58532316539568,9.585448181022628,0.0,268.95714285714286,136.24260049806813,95.44285714285712,34.4,Severe,0.050052054,False
2015-09-06,2015,9,monsoon,409.2,343.7,37.6,63.4,9.56,123.7,25.19476184523065,79.58532316539568,9.585448181022628,0.0,296.42857142857144,143.2059323059595,112.77142857142854,332.0,Moderate,0.049601085,False
2015-09-07,2015,9,monsoon,123.5,403.6,135.6,20.2,6.39,188.1,25.19476184523065,79.58532316539568,9.585448181022628,0.0,263.5857142857143,153.9240118648531,-140.0857142857143,437.8,Severe,0.04955688,False
2015-09-08,2015,9,monsoon,85.6,20.3,23.8,35.4,0.5,19.4,25.19476184523065,79.58532316539568,9.585448181022628,0.0,255.4142857142857,162.67448507752562,-169.81428571428577,132.9,Moderate,0.048905287,False
2015-09-09,2015,9,monsoon,326.1,271.6,56.6,79.5,2.29,71.9,25.19476184523065,79.58532316539568,9.585448181022628,0.0,262.7142857142857,164.83212094503335,63.3857142857143,180.1,Poor,0.048795342,False
2015-09-10,2015,9,monsoon,131.4,382.8,54.4,73.4,8.56,79.1,25.19476184523065,79.58532316539568,9.585448181022628,0.0,215.68571428571428,144.69545522201025,-84.28571428571428,147.6,Good,0.047918547,False
2015-09-11,2015,9,monsoon,88.6,350.0,63.8,81.1,7.86,35.8,25.19476184523065,79.58532316539568,9.585448181022628,0.0,218.4,141.644402172012,-129.8,145.8,Poor,0.047185183,False
2015-09-12,2015,9,monsoon,124.2,596.3,95.9,80.3,9.5,166.9,25.19476184523065,79.58532316539568,9.585448181022628,0.0,184.08571428571432,128.9018803660551,-59.88571428571432,155.9,Severe,0.048065837,False
2015-09-13,2015,9,monsoon,216.1,318.7,81.0,97.6,6.04,57.3,25.19476184523065,79.58532316539568,9.585448181022628,0.0,156.5,86.32867426295869,59.6,355.4,Good,0.04786398,False
2015-09-14,2015,9,monsoon,376.6,190.9,19.6,15.7,0.28,141.1,25.19476184523065,79.58532316539568,9.585448181022628,0.0,192.65714285714287,117.558125440749,183.94285714285715,193.2,Good,0.048434228,False
2015-09-15,2015,9,monsoon,133.4,450.0,27.9,73.0,3.35,109.0,25.19476184523065,79.58532316539568,9.585448181022628,0.0,199.48571428571427,111.53717509678756,-66.08571428571426,221.8,Poor,0.04825072,False
2015-09-16,2015,9,monsoon,457.1,407.5,121.9,66.7,7.6,99.8,25.19476184523065,79.58532316539568,9.585448181022628,0.0,218.2,142.90184276861754,238.9,350.2,Severe,0.047643445,False
2015-09-17,2015,9,monsoon,96.8,120.8,54.1,44.1,6.97,62.4,25.19476184523065,79.58532316539568,9.585448181022628,0.0,213.25714285714284,146.94574800634035,-116.45714285714284,316.5,Severe,0.046228077,False
2015-09-18,2015,9,monsoon,258.8,536.2,20.2,96.6,2.64,90.0,25.19476184523065,79.58532316539568,9.585448181022628,0.0,237.57142857142856,136.59842256636446,21.228571428571428,180.1,Moderate,0.04588343,False
2015-09-19,2015,9,monsoon,95.9,569.8,4.9,99.0,5.32,30.5,25.19476184523065,79.58532316539568,9.585448181022628,0.0,233.52857142857144,140.86522772122436,-137.62857142857143,330.1,Severe,0.04560815,False
2015-09-20,2015,9,monsoon,311.2,126.8,81.6,8.7,4.71,198.5,25.19476184523065,79.58532316539568,9.585448181022628,0.0,247.11428571428573,143.466121768305,64.08571428571426,322.1,Good,0.045889527,False
2015-09-21,2015,9,monsoon,294.2,20.1,42.5,90.2,0.46,43.4,25.19476184523065,79.58532316539568,9.585448181022628,0.0,235.3428571428572,134.14899499117715,58.85714285714283,406.5,Severe,0.04650644,False
2015-09-22,2015,9,monsoon,400.1,577.8,0.9,3.4,1.92,22.7,25.19476184523065,79.58532316539568,9.585448181022628,0.0,273.4428571428572,138.1828602147997,126.65714285714284,122.6,Severe,0.048649598,False
2015-09-23,2015,9,monsoon,263.9,206.6,102.9,55.7,4.4,47.1,25.19476184523065,79.58532316539568,9.585448181022628,0.0,245.8428571428572,112.2466162391672,18.05714285714282,207.4,Severe,0.047597833,False
2015-09-24,2015,9,monsoon,272.3,74.5,108.9,72.9,9.84,150.3,25.19476184523065,79.58532316539568,9.585448181022628,0.0,270.9142857142857,90.99632645646436,1.3857142857143003,141.7,Satisfactory,0.047497302,False
2015-09-25,2015,9,monsoon,75.1,396.0,65.1,59.5,5.04,132.4,25.19476184523065,79.58532316539568,9.585448181022628,0.0,244.6714285714285,117.6560341884444,-169.57142857142856,283.9,Very Poor,0.046665315,False
2015-09-26,2015,9,monsoon,150.9,179.5,86.7,99.3,5.3,193.0,25.19476184523065,79.58532316539568,9.585448181022628,0.0,252.52857142857144,107.4598020080954,-101.62857142857143,96.4,Very Poor,0.046886895,False
2015-09-27,2015,9,monsoon,107.4,7.4,129.0,82.1,2.47,28.2,25.19476184523065,79.58532316539568,9.585448181022628,0.0,223.4142857142857,116.16950874435504,-116.01428571428572,366.6,Moderate,0.04643101,False
2015-09-28,2015,9,monsoon,391.2,12.6,41.5,68.4,1.98,162.7,25.19476184523065,79.58532316539568,9.585448181022628,0.0,237.27142857142857,130.87488572788033,153.92857142857142,197.3,Moderate,0.04624368,False
2015-09-29,2015,9,monsoon,102.3,117.7,106.0,29.1,9.49,49.8,25.19476184523065,79.58532316539568,9.585448181022628,0.0,194.72857142857143,116.76493072673436,-92.42857142857146,26.8,Severe,0.04699113,False
2015-09-30,2015,9,monsoon,116.5,50.6,61.8,23.6,10.0,3.4,25.19476184523065,79.58532316539568,9.585448181022628,0.0,173.67142857142858,115.49566679152548,-57.17142857142858,186.2,Satisfactory,0.047805086,False
2015-10-01,2015,10,post-monsoon,120.8,581.9,129.4,46.4,5.35,17.4,25.19476184523065,79.58532316539568,9.585448181022628,0.0,152.02857142857144,107.87677714697952,-31.22857142857144,109.1,Poor,0.048202775,False
2015-10-02,2015,10,post-monsoon,358.0,293.5,83.8,64.5,5.11,119.7,25.19476184523065,79.58532316539568,9.585448181022628,0.0,192.44285714285712,125.7626184145202,165.55714285714288,203.4,Satisfactory,0.047660638,False
2015-10-03,2015,10,post-monsoon,8.3,273.9,136.1,63.7,2.21,25.4,25.19476184523065,79.58532316539568,9.585448181022628,0.0,172.07142857142858,143.86060051644583,-163.77142857142857,365.3,Poor,0.046939988,False
2015-10-04,2015,10,post-monsoon,14.6,272.6,100.7,73.6,7.95,142.6,25.19476184523065,79.58532316539568,9.585448181022628,0.0,158.81428571428572,154.68237810183206,-144.21428571428572,293.0,Poor,0.046586644,False
2015-10-05,2015,10,post-monsoon,37.6,542.5,94.4,68.3,0.69,17.9,25.19476184523065,79.58532316539568,9.585448181022628,0.0,108.3,119.9914996989372,-70.69999999999999,49.3,Very Poor,0.047406208,False
2015-10-06,2015,10,post-monsoon,197.6,458.2,113.8,65.3,5.98,71.5,25.19476184523065,79.58532316539568,9.585448181022628,0.0,121.91428571428573,124.51827748797152,75.68571428571427,392.2,Moderate,0.04640653,False
2015-10-07,2015,10,post-monsoon,448.9,40.3,23.7,63.6,4.38,17.0,25.19476184523065,79.58532316539568,9.585448181022628,0.0,169.40000000000003,175.18318983281483,279.49999999999994,379.0,Severe,0.04695175,False
2015-10-08,2015,10,post-monsoon,131.7,580.9,98.8,81.7,4.84,173.6,25.19476184523065,79.58532316539568,9.585448181022628,0.0,170.95714285714286,174.72705244793346,-39.25714285714287,359.2,Severe,0.0461854,False
2015-10-09,2015,10,post-monsoon,489.1,428.2,119.4,76.6,4.58,114.7,25.19476184523065,79.58532316539568,9.585448181022628,0.0,189.68571428571428,202.8759015471563,299.4142857142857,224.9,Satisfactory,0.047812067,False
2015-10-10,2015,10,post-monsoon,482.7,235.3,34.5,44.4,8.8,163.6,25.19476184523065,79.58532316539568,9.585448181022628,0.0,257.45714285714286,211.2493065640916,225.2428571428572,102.4,Poor,0.049584113,False
2015-10-11,2015,10,post-monsoon,156.0,349.6,139.1,26.2,3.7,134.5,25.19476184523065,79.58532316539568,9.585448181022628,0.0,277.65714285714284,189.8311956901259,-121.65714285714284,179.7,Severe,0.04979758,False
2015-10-12,2015,10,post-monsoon,33.1,163.1,112.6,53.3,4.85,193.6,25.19476184523065,79.58532316539568,9.585448181022628,0.0,277.0142857142857,190.7848563921452,-243.91428571428568,21.1,Poor,0.049516458,False
2015-10-13,2015,10,post-monsoon,453.7,272.2,41.5,66.2,4.51,185.3,25.19476184523065,79.58532316539568,9.585448181022628,0.0,313.6,197.45665347108468,140.09999999999997,241.2,Very Poor,0.05024088,False
2015-10-14,2015,10,post-monsoon,174.5,437.6,3.4,41.7,3.77,109.6,25.19476184523065,79.58532316539568,9.585448181022628,0.0,274.4,193.31365704471065,-99.89999999999998,191.2,Satisfactory,0.049289797,False
2015-10-15,2015,10,post-monsoon,361.0,89.6,67.5,33.9,5.2,40.3,25.19476184523065,79.58532316539568,9.585448181022628,0.0,307.15714285714284,184.32131236098607,53.84285714285716,470.1,Severe,0.04941128,False
2015-10-16,2015,10,post-monsoon,72.1,397.9,71.3,31.6,2.88,106.7,25.19476184523065,79.58532316539568,9.585448181022628,0.0,247.58571428571432,183.0999037736088,-175.48571428571432,37.3,Poor,0.048729416,False
2015-10-17,2015,10,post-monsoon,187.7,175.0,115.2,39.6,4.52,157.8,25.19476184523065,79.58532316539568,9.585448181022628,0.0,205.44285714285712,151.12295057494148,-17.742857142857133,30.3,Satisfactory,0.048555434,False
2015-10-18,2015,10,post-monsoon,317.0,4.9,87.9,81.4,0.5,146.1,25.19476184523065,79.58532316539568,9.585448181022628,0.0,228.44285714285712,154.55650376850167,88.55714285714288,280.5,Moderate,0.048434317,False
2015-10-19,2015,10,post-monsoon,49.1,366.2,15.3,9.2,4.02,124.1,25.19476184523065,79.58532316539568,9.585448181022628,0.0,230.72857142857143,151.26948044561314,-181.62857142857143,57.5,Very Poor,0.04743409,False
2015-10-20,2015,10,post-monsoon,266.4,220.7,135.0,16.7,1.96,89.7,25.19476184523065,79.58532316539568,9.585448181022628,0.0,203.9714285714286,118.20837130939192,62.42857142857139,224.3,Moderate,0.046996072,False
2015-10-21,2015,10,post-monsoon,370.4,584.1,65.8,83.4,2.08,23.2,25.19476184523065,79.58532316539568,9.585448181022628,0.0,231.95714285714288,132.4051969919467,138.44285714285712,45.7,Severe,0.046979666,False
2015-10-22,2015,10,post-monsoon,435.4,427.8,99.4,23.2,1.52,135.6,25.19476184523065,79.58532316539568,9.585448181022628,0.0,242.58571428571423,146.70434472743054,192.8142857142857,195.3,Very Poor,0.045395028,False
2015-10-23,2015,10,post-monsoon,492.2,276.0,32.1,69.2,3.61,178.8,25.19476184523065,79.58532316539568,9.585448181022628,0.0,302.6,151.1968363866564,189.6,294.0,Satisfactory,0.047016215,False
2015-10-24,2015,10,post-monsoon,424.2,419.6,41.5,75.0,0.43,62.7,25.19476184523065,79.58532316539568,9.585448181022628,0.0,336.38571428571424,147.62403178989786,87.81428571428575,314.4,Satisfactory,0.046966918,False
2015-10-25,2015,10,post-monsoon,48.5,280.5,45.5,93.3,5.3,132.4,25.19476184523065,79.58532316539568,9.585448181022628,0.0,298.0285714285714,183.9205509115799,-249.5285714285714,212.1,Good,0.04781957,False
2015-10-26,2015,10,post-monsoon,217.4,362.6,5.0,7.9,3.27,123.2,25.19476184523065,79.58532316539568,9.585448181022628,0.0,322.07142857142856,154.62305470924787,-104.67142857142856,48.5,Moderate,0.047721494,False
2015-10-27,2015,10,post-monsoon,179.0,423.5,93.8,55.8,0.72,0.5,25.19476184523065,79.58532316539568,9.585448181022628,0.0,309.5857142857143,163.16076354903703,-130.5857142857143,112.5,Moderate,0.04692961,False
2015-10-28,2015,10,post-monsoon,157.1,598.5,111.1,73.0,6.16,22.7,25.19476184523065,79.58532316539568,9.585448181022628,0.0,279.1142857142857,169.69706762906884,-122.0142857142857,225.2,Severe,0.046590418,False
2015-10-29,2015,10,post-monsoon,171.1,229.7,141.7,60.3,6.22,79.2,25.19476184523065,79.58532316539568,9.585448181022628,0.0,241.3571428571429,158.13771273948598,-70.25714285714287,428.8,Satisfactory,0.045585413,False
2015-10-30,2015,10,post-monsoon,38.1,252.8,108.4,22.9,9.22,171.5,25.19476184523065,79.58532316539568,9.585448181022628,0.0,176.4857142857143,128.43833057893872,-138.3857142857143,181.4,Moderate,0.045188278,False
2015-10-31,2015,10,post-monsoon,302.1,231.2,5.6,12.6,0.44,73.5,25.19476184523065,79.58532316539568,9.585448181022628,0.0,159.04285714285714,92.43487540142073,143.05714285714288,342.4,Moderate,0.04545701,False
2015-11-01,2015,11,post-monsoon,294.9,348.1,111.1,48.7,3.77,7.6,25.19476184523065,79.58532316539568,9.585448181022628,0.0,194.2428571428572,90.21215470845846,100.65714285714282,221.9,Moderate,0.04604001,False
2015-11-02,2015,11,post-monsoon,323.7,96.9,38.6,58.3,6.93,96.7,25.19476184523065,79.58532316539568,9.585448181022628,0.0,209.42857142857144,102.82513820860652,114.27142857142856,352.9,Satisfactory,0.045045026,False
2015-11-03,2015,11,post-monsoon,110.4,133.7,29.3,61.6,5.89,19.8,25.19476184523065,79.58532316539568,9.585448181022628,0.0,199.6285714285714,109.27529019691065,-89.2285714285714,409.1,Good,0.044989597,False
2015-11-04,2015,11,post-monsoon,387.3,270.2,114.2,63.2,4.89,7.0,25.19476184523065,79.58532316539568,9.585448181022628,0.0,232.5142857142857,127.46772700794276,154.7857142857143,134.5,Good,0.044119287,False
2015-11-05,2015,11,post-monsoon,235.1,31.5,88.1,0.1,9.77,117.8,25.19476184523065,79.58532316539568,9.585448181022628,0.0,241.65714285714287,124.5913032965899,-6.557142857142878,430.3,Severe,0.045745928,False
2015-11-06,2015,11,post-monsoon,275.5,596.0,115.5,91.6,9.69,39.0,25.19476184523065,79.58532316539568,9.585448181022628,0.0,275.57142857142856,86.40653359335188,-0.0714285714285551,337.0,Poor,0.04601026,False
2015-11-07,2015,11,post-monsoon,331.0,111.2,103.5,58.0,3.74,44.7,25.19476184523065,79.58532316539568,9.585448181022628,0.0,279.7,88.54921418811877,51.30000000000001,447.7,Moderate,0.045078244,False
2015-11-08,2015,11,post-monsoon,126.8,172.1,97.6,37.5,8.36,30.6,25.19476184523065,79.58532316539568,9.585448181022628,0.0,255.68571428571428,105.00503842786826,-128.8857142857143,368.7,Poor,0.04423928,False
2015-11-09,2015,11,post-monsoon,24.2,546.8,12.8,88.4,0.86,60.7,25.19476184523065,79.58532316539568,9.585448181022628,0.0,212.9,130.57674627079146,-188.7,199.9,Good,0.044731896,False
2015-11-10,2015,11,post-monsoon,348.1,96.7,69.9,79.7,9.62,138.8,25.19476184523065,79.58532316539568,9.585448181022628,0.0,246.8571428571429,130.38589976352063,101.24285714285716,174.9,Severe,0.045416646,False
2015-11-11,2015,11,post-monsoon,426.4,14.8,144.2,20.2,3.39,109.9,25.19476184523065,79.58532316539568,9.585448181022628,0.0,252.44285714285712,138.01928436686973,173.95714285714286,212.0,Very Poor,0.045612913,False
2015-11-12,2015,11,post-monsoon,292.6,540.6,18.3,85.9,1.54,119.6,25.19476184523065,79.58532316539568,9.585448181022628,0.0,260.65714285714284,138.52523063979905,31.94285714285718,405.3,Satisfactory,0.045721974,False
2015-11-13,2015,11,post-monsoon,328.3,295.0,143.0,79.9,1.92,67.6,25.19476184523065,79.58532316539568,9.585448181022628,0.0,268.2,140.88554456248045,60.10000000000002,303.9,Poor,0.045722403,False
2015-11-14,2015,11,post-monsoon,318.1,558.1,143.7,30.5,8.82,41.1,25.19476184523065,79.58532316539568,9.585448181022628,0.0,266.35714285714283,140.0088194500958,51.74285714285719,478.7,Poor,0.04694603,False
2015-11-15,2015,11,post-monsoon,464.9,264.9,81.6,42.1,1.69,162.7,25.19476184523065,79.58532316539568,9.585448181022628,0.0,314.65714285714284,142.14291935868465,150.24285714285713,150.8,Satisfactory,0.04741129,False
2015-11-16,2015,11,post-monsoon,284.3,423.1,140.7,23.3,0.79,160.4,25.19476184523065,79.58532316539568,9.585448181022628,0.0,351.81428571428575,68.45836760570694,-67.51428571428573,498.7,Poor,0.04840184,False
2015-11-17,2015,11,post-monsoon,365.8,59.1,40.1,49.9,6.84,4.8,25.19476184523065,79.58532316539568,9.585448181022628,0.0,354.3428571428572,68.62499197675388,11.457142857142856,187.3,Severe,0.047948573,False
2015-11-18,2015,11,post-monsoon,409.8,182.2,23.8,40.8,0.35,124.8,25.19476184523065,79.58532316539568,9.585448181022628,0.0,351.97142857142853,65.95482580993645,57.82857142857148,176.2,Severe,0.047577776,False
2015-11-19,2015,11,post-monsoon,133.7,563.7,121.5,46.4,7.61,142.6,25.19476184523065,79.58532316539568,9.585448181022628,0.0,329.2714285714286,105.36496435858425,-195.5714285714286,125.8,Very Poor,0.048503753,False
2015-11-20,2015,11,post-monsoon,75.8,350.8,23.6,46.0,0.39,116.4,25.19476184523065,79.58532316539568,9.585448181022628,0.0,293.2,142.44849361552875,-217.4,158.1,Poor,0.04848845,False
2015-11-21,2015,11,post-monsoon,112.3,110.5,0.8,58.9,9.28,191.2,25.19476184523065,79.58532316539568,9.585448181022628,0.0,263.8,156.9520733642386,-151.5,415.1,Very Poor,0.04988162,False
2015-11-22,2015,11,post-monsoon,123.3,53.2,90.3,81.7,5.16,94.6,25.19476184523065,79.58532316539568,9.585448181022628,0.0,215.0,135.66667485667458,-91.7,108.5,Good,0.048948728,False
2015-11-23,2015,11,post-monsoon,133.7,532.2,43.1,52.1,5.9,118.6,25.19476184523065,79.58532316539568,9.585448181022628,0.0,193.4857142857143,134.78367147113215,-59.78571428571431,418.2,Satisfactory,0.048251707,False
2015-11-24,2015,11,post-monsoon,341.0,282.3,18.2,86.4,9.08,134.7,25.19476184523065,79.58532316539568,9.585448181022628,0.0,189.94285714285712,129.7306293458726,151.05714285714288,104.9,Poor,0.048312295,False
2015-11-25,2015,11,post-monsoon,407.0,563.2,125.3,44.4,9.97,134.4,25.19476184523065,79.58532316539568,9.585448181022628,0.0,189.5428571428572,128.94167747658696,217.45714285714288,18.4,Poor,0.04921196,False
2015-11-26,2015,11,post-monsoon,42.1,596.7,8.9,62.8,1.2,83.5,25.19476184523065,79.58532316539568,9.585448181022628,0.0,176.45714285714283,139.74861784817827,-134.35714285714283,476.4,Severe,0.05024408,False
2015-11-27,2015,11,post-monsoon,196.1,126.5,26.8,1.0,2.12,186.7,25.19476184523065,79.58532316539568,9.585448181022628,0.0,193.6428571428572,132.5170411323622,2.4571428571428555,185.5,Very Poor,0.05081274,False
2015-11-28,2015,11,post-monsoon,195.1,220.4,142.1,13.4,4.54,123.7,25.19476184523065,79.58532316539568,9.585448181022628,0.0,205.47142857142856,127.65229746314417,-10.371428571428568,91.2,Satisfactory,0.051132478,False
2015-11-29,2015,11,post-monsoon,254.6,22.5,36.4,60.5,4.8,56.8,25.19476184523065,79.58532316539568,9.585448181022628,0.0,224.22857142857143,123.13225564795108,30.371428571428567,65.8,Very Poor,0.04997969,False
2015-11-30,2015,11,post-monsoon,196.6,305.7,103.5,94.6,3.21,111.9,25.19476184523065,79.58532316539568,9.585448181022628,0.0,233.2142857142857,117.59537162903746,-36.61428571428573,110.6,Severe,0.04889583,False
2015-12-01,2015,12,winter,197.6,260.4,52.3,1.1,7.89,12.9,25.19476184523065,79.58532316539568,9.585448181022628,0.0,212.72857142857143,107.7690387555058,-15.128571428571432,101.5,Severe,0.049624905,False
2015-12-02,2015,12,winter,370.9,3.5,11.6,44.5,5.93,122.4,25.19476184523065,79.58532316539568,9.585448181022628,0.0,207.57142857142856,97.27592566655797,163.3285714285714,450.6,Severe,0.050461274,False
2015-12-03,2015,12,winter,394.8,555.9,5.3,76.9,9.27,17.5,25.19476184523065,79.58532316539568,9.585448181022628,0.0,257.95714285714286,88.20273724291587,136.84285714285716,76.9,Very Poor,0.051964708,False
2015-12-04,2015,12,winter,438.5,13.9,96.9,24.2,4.55,121.0,25.19476184523065,79.58532316539568,9.585448181022628,0.0,292.5857142857143,105.71485907180426,145.9142857142857,323.9,Moderate,0.052226894,False
2015-12-05,2015,12,winter,411.3,396.3,80.6,11.5,4.48,132.3,25.19476184523065,79.58532316539568,9.585448181022628,0.0,323.4714285714286,104.05600598212672,87.82857142857142,484.9,Moderate,0.051096473,False
2015-12-06,2015,12,winter,241.4,22.2,112.9,13.8,7.13,62.7,25.19476184523065,79.58532316539568,9.585448181022628,0.0,321.5857142857143,105.6199701535562,-80.18571428571428,476.2,Severe,0.05003405,False
2015-12-07,2015,12,winter,11.1,297.6,85.6,46.1,6.48,124.6,25.19476184523065,79.58532316539568,9.585448181022628,0.0,295.08571428571435,154.2712268330405,-283.9857142857143,257.6,Satisfactory,0.050635833,False
2015-12-08,2015,12,winter,363.8,331.2,105.2,48.4,4.89,55.3,25.19476184523065,79.58532316539568,9.585448181022628,0.0,318.8285714285715,149.48232575888602,44.97142857142853,342.8,Satisfactory,0.049865652,False
2015-12-09,2015,12,winter,404.3,22.6,89.9,12.4,4.57,175.1,25.19476184523065,79.58532316539568,9.585448181022628,0.0,323.6,151.93439373624398,80.70000000000005,118.7,Good,0.048364274,False
2015-12-10,2015,12,winter,50.3,539.3,91.1,47.6,6.58,40.2,25.19476184523065,79.58532316539568,9.585448181022628,0.0,274.3857142857143,178.4999946645324,-224.0857142857143,267.2,Satisfactory,0.048784275,False
2015-12-11,2015,12,winter,163.1,573.4,113.6,67.7,5.3,74.3,25.19476184523065,79.58532316539568,9.585448181022628,0.0,235.0428571428572,166.22749328498435,-71.94285714285715,89.2,Satisfactory,0.047846273,False
2015-12-12,2015,12,winter,393.4,145.0,70.0,79.4,7.48,33.7,25.19476184523065,79.58532316539568,9.585448181022628,0.0,232.4857142857143,163.17378699382064,160.91428571428568,254.2,Good,0.047513247,False
2015-12-13,2015,12,winter,455.1,381.2,109.1,13.6,5.65,8.8,25.19476184523065,79.58532316539568,9.585448181022628,0.0,263.0142857142857,183.8059704196378,192.08571428571435,492.1,Severe,0.048009623,False
2015-12-14,2015,12,winter,264.9,15.5,130.5,69.7,5.13,146.8,25.19476184523065,79.58532316539568,9.585448181022628,0.0,299.2714285714286,147.22346636191887,-34.37142857142862,314.9,Severe,0.047271464,False
2015-12-15,2015,12,winter,216.9,514.4,61.9,64.1,9.78,144.6,25.19476184523065,79.58532316539568,9.585448181022628,0.0,278.2857142857143,146.9619046847564,-61.38571428571427,367.8,Poor,0.04712339,False
2015-12-16,2015,12,winter,135.8,374.0,102.1,90.9,8.64,40.4,25.19476184523065,79.58532316539568,9.585448181022628,0.0,239.92857142857144,143.59114079317604,-104.1285714285714,390.6,Poor,0.046709448,False
2015-12-17,2015,12,winter,246.6,0.7,30.4,81.0,7.54,185.1,25.19476184523065,79.58532316539568,9.585448181022628,0.0,267.9714285714286,117.11190822294309,-21.371428571428595,207.4,Satisfactory,0.046992,False
2015-12-18,2015,12,winter,444.0,205.9,34.0,6.7,2.57,178.6,25.19476184523065,79.58532316539568,9.585448181022628,0.0,308.1,123.15783910630026,135.90000000000003,305.2,Very Poor,0.04747119,False
2015-12-19,2015,12,winter,374.7,316.5,32.0,1.9,1.11,157.1,25.19476184523065,79.58532316539568,9.585448181022628,0.0,305.42857142857144,121.18624391524692,69.27142857142854,169.2,Severe,0.04760723,False
2015-12-20,2015,12,winter,139.8,86.5,72.7,29.9,2.47,173.9,25.19476184523065,79.58532316539568,9.585448181022628,0.0,260.3857142857143,114.70680637421398,-120.58571428571427,387.6,Good,0.04716947,False
2015-12-21,2015,12,winter,46.8,2.7,2.8,73.2,7.53,193.0,25.19476184523065,79.58532316539568,9.585448181022628,0.0,229.22857142857143,140.08867089913335,-182.42857142857144,349.6,Good,0.047576666,False
2015-12-22,2015,12,winter,392.9,544.6,55.0,42.3,8.8,71.1,25.19476184523065,79.58532316539568,9.585448181022628,0.0,254.3714285714286,152.73081673634945,138.52857142857138,297.3,Good,0.04792213,False
2015-12-23,2015,12,winter,420.7,244.4,37.7,4.1,5.98,120.7,25.19476184523065,79.58532316539568,9.585448181022628,0.0,295.07142857142856,153.82392222154215,125.62857142857143,288.3,Very Poor,0.048102632,False
2015-12-24,2015,12,winter,114.4,84.9,22.8,46.0,1.47,145.7,25.19476184523065,79.58532316539568,9.585448181022628,0.0,276.18571428571425,168.2095858205018,-161.78571428571425,144.5,Severe,0.048111442,False
2015-12-25,2015,12,winter,398.4,38.6,125.4,95.8,7.75,89.9,25.19476184523065,79.58532316539568,9.585448181022628,0.0,269.6714285714285,161.3714319438823,128.72857142857146,360.8,Poor,0.047506414,False
2015-12-26,2015,12,winter,323.5,151.3,30.0,59.6,7.36,193.8,25.19476184523065,79.58532316539568,9.585448181022628,0.0,262.35714285714283,156.91635624479318,61.14285714285717,272.6,Satisfactory,0.04582482,False
2015-12-27,2015,12,winter,99.7,303.4,115.7,65.7,7.64,61.0,25.19476184523065,79.58532316539568,9.585448181022628,0.0,256.62857142857143,162.75945148475722,-156.92857142857144,423.2,Satisfactory,0.04510893,False
2015-12-28,2015,12,winter,242.9,254.4,43.4,3.6,9.9,75.7,25.19476184523065,79.58532316539568,9.585448181022628,0.0,284.6428571428572,135.16081603214812,-41.74285714285716,329.5,Poor,0.04515762,False
2015-12-29,2015,12,winter,176.2,378.8,102.2,22.8,7.29,195.1,25.19476184523065,79.58532316539568,9.585448181022628,0.0,253.68571428571428,130.98505549071143,-77.4857142857143,246.4,Poor,0.045455012,False
2015-12-30,2015,12,winter,356.6,403.6,14.5,78.2,0.64,92.6,25.19476184523065,79.58532316539568,9.585448181022628,0.0,244.5285714285714,119.06098877306134,112.0714285714286,40.0,Severe,0.04656312,False
2015-12-31,2015,12,winter,199.2,353.6,87.2,99.5,4.65,158.7,25.19476184523065,79.58532316539568,9.585448181022628,0.0,256.6428571428572,107.35226836825348,-57.44285714285718,448.2,Good,0.046349823,False
2016-01-01,2016,1,winter,195.4,42.3,73.6,97.2,4.02,94.1,25.19476184523065,79.58532316539568,9.585448181022628,0.0,227.6428571428572,88.42667126199075,-32.24285714285713,380.6,Very Poor,0.04620207,False
2016-01-02,2016,1,winter,294.0,360.0,92.8,31.7,9.02,167.7,25.19476184523065,79.58532316539568,9.585448181022628,0.0,223.42857142857144,83.67199281093028,70.57142857142858,245.5,Very Poor,0.044033814,False
2016-01-03,2016,1,winter,420.7,169.1,54.1,62.8,7.29,118.6,25.19476184523065,79.58532316539568,9.585448181022628,0.0,269.2857142857143,92.09879529743095,151.4142857142857,320.0,Poor,0.04324827,False
2016-01-04,2016,1,winter,2.8,582.8,23.6,69.3,6.05,16.4,25.19476184523065,79.58532316539568,9.585448181022628,0.0,234.98571428571427,137.22009605704534,-232.18571428571423,376.5,Very Poor,0.04540261,False
2016-01-05,2016,1,winter,53.1,286.2,72.2,77.1,6.37,167.6,25.19476184523065,79.58532316539568,9.585448181022628,0.0,217.4,152.9912742609852,-164.3,53.6,Good,0.044899553,False
2016-01-06,2016,1,winter,303.7,367.8,26.2,0.7,5.12,11.6,25.19476184523065,79.58532316539568,9.585448181022628,0.0,209.8428571428572,146.12167141510133,93.85714285714285,55.6,Satisfactory,0.045563385,False
2016-01-07,2016,1,winter,184.9,26.4,77.8,7.1,0.19,93.8,25.19476184523065,79.58532316539568,9.585448181022628,0.0,207.8,146.3949680373839,-22.899999999999977,153.5,Very Poor,0.047095254,False
2016-01-08,2016,1,winter,49.0,504.4,96.8,98.9,1.65,80.2,25.19476184523065,79.58532316539568,9.585448181022628,0.0,186.88571428571427,158.42492889453376,-137.88571428571427,471.3,Satisfactory,0.04768867,False
2016-01-09,2016,1,winter,455.4,162.7,71.0,13.3,6.21,106.7,25.19476184523065,79.58532316539568,9.585448181022628,0.0,209.94285714285712,185.96405438635043,245.45714285714288,359.7,Severe,0.04730275,False
2016-01-10,2016,1,winter,64.1,548.9,0.9,18.0,3.24,64.5,25.19476184523065,79.58532316539568,9.585448181022628,0.0,158.99999999999997,166.42371625863098,-94.89999999999998,335.4,Very Poor,0.048361868,False
2016-01-11,2016,1,winter,13.9,353.0,109.1,97.3,7.23,49.6,25.19476184523065,79.58532316539568,9.585448181022628,0.0,160.58571428571426,164.73164468888407,-146.68571428571423,80.4,Satisfactory,0.049074832,False
2016-01-12,2016,1,winter,135.4,183.8,43.0,33.9,2.17,75.0,25.19476184523065,79.58532316539568,9.585448181022628,0.0,172.34285714285716,158.60465374785247,-36.94285714285715,220.1,Good,0.047633234,False
2016-01-13,2016,1,winter,67.3,417.2,75.8,24.5,7.86,95.0,25.19476184523065,79.58532316539568,9.585448181022628,0.0,138.57142857142858,150.9571430824624,-71.27142857142859,472.0,Satisfactory,0.047234386,False
2016-01-14,2016,1,winter,244.0,409.8,31.1,28.7,0.25,161.7,25.19476184523065,79.58532316539568,9.585448181022628,0.0,147.0142857142857,155.56254292696792,96.9857142857143,423.5,Satisfactory,0.047350965,False
2016-01-15,2016,1,winter,195.0,278.0,45.3,5.6,3.1,89.9,25.19476184523065,79.58532316539568,9.585448181022628,0.0,167.87142857142857,149.916039994455,27.12857142857144,119.1,Moderate,0.046505246,False
2016-01-16,2016,1,winter,125.9,297.1,76.5,17.6,1.88,81.3,25.19476184523065,79.58532316539568,9.585448181022628,0.0,120.8,80.02895309407285,5.1000000000000085,174.6,Satisfactory,0.045436725,False
2016-01-17,2016,1,winter,157.9,217.6,42.2,49.5,4.28,171.0,25.19476184523065,79.58532316539568,9.585448181022628,0.0,134.2,76.73808267954911,23.700000000000017,95.7,Severe,0.04394581,False
2016-01-18,2016,1,winter,28.8,265.2,140.2,34.7,5.33,29.9,25.19476184523065,79.58532316539568,9.585448181022628,0.0,136.32857142857142,72.95861188111401,-107.52857142857142,406.8,Poor,0.043979548,False
2016-01-19,2016,1,winter,92.4,339.1,147.3,94.2,3.06,82.8,25.19476184523065,79.58532316539568,9.585448181022628,0.0,130.18571428571428,74.83589665776319,-37.78571428571428,421.7,Severe,0.044773817,False
2016-01-20,2016,1,winter,368.1,87.2,122.0,83.3,1.94,102.8,25.19476184523065,79.58532316539568,9.585448181022628,0.0,173.15714285714284,110.54807185327198,194.9428571428572,292.4,Good,0.04378069,False
2016-01-21,2016,1,winter,247.4,203.7,6.3,28.9,2.88,122.1,25.19476184523065,79.58532316539568,9.585448181022628,0.0,173.64285714285714,110.91806070463088,73.75714285714287,212.5,Poor,0.042962253,False
2016-01-22,2016,1,winter,200.5,33.8,135.5,20.9,0.46,135.7,25.19476184523065,79.58532316539568,9.585448181022628,0.0,174.42857142857142,111.11387123555896,26.071428571428584,134.5,Very Poor,0.043500133,False
2016-01-23,2016,1,winter,401.0,212.8,95.3,49.3,6.82,115.1,25.19476184523065,79.58532316539568,9.585448181022628,0.0,213.72857142857143,136.7759203257371,187.2714285714285,162.2,Satisfactory,0.043023452,False
2016-01-24,2016,1,winter,216.5,471.4,75.4,53.3,8.67,105.5,25.19476184523065,79.58532316539568,9.585448181022628,0.0,222.1,134.5648542525128,-5.599999999999994,354.1,Poor,0.04144684,False
2016-01-25,2016,1,winter,224.8,501.0,117.2,2.6,8.05,105.9,25.19476184523065,79.58532316539568,9.585448181022628,0.0,250.1,104.7223312702056,-25.299999999999983,16.2,Satisfactory,0.041542377,False
2016-01-26,2016,1,winter,435.9,76.4,129.4,48.3,0.76,61.9,25.19476184523065,79.58532316539568,9.585448181022628,0.0,299.1714285714285,98.82384520424414,136.72857142857146,460.2,Satisfactory,0.04264898,False
2016-01-27,2016,1,winter,33.7,226.0,77.8,58.9,2.42,105.1,25.19476184523065,79.58532316539568,9.585448181022628,0.0,251.40000000000003,134.3788673862078,-217.70000000000005,255.5,Good,0.04191541,False
2016-01-28,2016,1,winter,203.7,8.0,11.7,42.9,1.62,196.6,25.19476184523065,79.58532316539568,9.585448181022628,0.0,245.15714285714284,135.60516038783163,-41.457142857142856,125.0,Very Poor,0.042665664,False
2016-01-29,2016,1,winter,128.1,153.9,80.2,18.0,9.46,102.0,25.19476184523065,79.58532316539568,9.585448181022628,0.0,234.8142857142857,142.18054752756478,-106.71428571428572,222.3,Poor,0.042176522,False
2016-01-30,2016,1,winter,143.5,381.1,117.7,75.3,8.47,133.4,25.19476184523065,79.58532316539568,9.585448181022628,0.0,198.02857142857144,124.19080366229105,-54.52857142857144,253.3,Satisfactory,0.042143043,False
2016-01-31,2016,1,winter,185.6,594.4,106.9,33.7,9.28,141.2,25.19476184523065,79.58532316539568,9.585448181022628,0.0,193.6142857142857,123.97379331363317,-8.014285714285705,143.5,Satisfactory,0.0425248,False
2016-02-01,2016,2,winter,202.5,539.9,101.0,96.7,9.67,54.8,25.19476184523065,79.58532316539568,9.585448181022628,0.0,190.42857142857144,123.32367594107409,12.071428571428584,457.8,Satisfactory,0.043679204,False
2016-02-02,2016,2,winter,252.1,239.3,1.9,61.8,7.82,134.7,25.19476184523065,79.58532316539568,9.585448181022628,0.0,164.17142857142855,70.67938677072486,87.92857142857144,19.3,Very Poor,0.04394187,False
2016-02-03,2016,2,winter,478.2,474.4,115.9,25.1,9.67,97.6,25.19476184523065,79.58532316539568,9.585448181022628,0.0,227.6714285714285,117.85503403596752,250.52857142857144,158.5,Moderate,0.04390999,False
2016-02-04,2016,2,winter,446.5,82.0,129.3,40.2,8.8,83.6,25.19476184523065,79.58532316539568,9.585448181022628,0.0,262.35714285714283,142.728458469721,184.1428571428572,245.7,Good,0.044788834,False
2016-02-05,2016,2,winter,486.9,87.5,20.0,93.6,3.92,152.3,25.19476184523065,79.58532316539568,9.585448181022628,0.0,313.6142857142857,150.68285047931454,173.28571428571428,108.5,Good,0.045879178,False
2016-02-06,2016,2,winter,437.0,175.3,104.8,54.1,5.79,176.5,25.19476184523065,79.58532316539568,9.585448181022628,0.0,355.5428571428571,135.53047452071272,81.45714285714291,173.5,Very Poor,0.045241646,False
2016-02-07,2016,2,winter,39.5,240.2,62.1,8.3,9.89,55.0,25.19476184523065,79.58532316539568,9.585448181022628,0.0,334.6714285714285,172.31959372326878,-295.1714285714285,349.0,Moderate,0.04537337,False
2016-02-08,2016,2,winter,64.2,212.9,74.6,79.8,0.81,70.1,25.19476184523065,79.58532316539568,9.585448181022628,0.0,314.9142857142857,196.2640010170946,-250.7142857142857,292.8,Satisfactory,0.045638632,False
2016-02-09,2016,2,winter,442.4,368.4,89.0,66.4,9.64,20.3,25.19476184523065,79.58532316539568,9.585448181022628,0.0,342.1,199.26986726547503,100.3,37.4,Good,0.04528648,False
2016-02-10,2016,2,winter,317.1,233.1,62.1,61.3,0.5,3.5,25.19476184523065,79.58532316539568,9.585448181022628,0.0,319.0857142857143,190.0197658891608,-1.9857142857142664,197.1,Very Poor,0.044894494,False
2016-02-11,2016,2,winter,87.0,339.8,136.1,79.7,9.57,169.8,25.19476184523065,79.58532316539568,9.585448181022628,0.0,267.7285714285714,198.2471329282866,-180.7285714285714,288.2,Moderate,0.046206545,False
2016-02-12,2016,2,winter,255.9,403.4,118.2,72.5,9.64,99.5,25.19476184523065,79.58532316539568,9.585448181022628,0.0,234.72857142857143,173.34568271025884,21.17142857142857,358.0,Very Poor,0.04606437,False
2016-02-13,2016,2,winter,275.3,41.9,3.7,88.7,5.72,94.5,25.19476184523065,79.58532316539568,9.585448181022628,0.0,211.6285714285714,151.2665386471368,63.671428571428606,50.1,Severe,0.046027135,False
2016-02-14,2016,2,winter,43.7,272.8,51.6,81.7,4.72,149.8,25.19476184523065,79.58532316539568,9.585448181022628,0.0,212.22857142857143,150.47626295959682,-168.52857142857147,31.8,Very Poor,0.046231423,False
2016-02-15,2016,2,winter,118.8,107.9,143.9,68.2,5.14,8.5,25.19476184523065,79.58532316539568,9.585448181022628,0.0,220.02857142857144,142.74055385308594,-101.22857142857144,146.1,Poor,0.046928715,False
2016-02-16,2016,2,winter,375.3,522.5,53.8,49.9,1.81,111.1,25.19476184523065,79.58532316539568,9.585448181022628,0.0,210.44285714285712,126.6663314531906,164.8571428571429,6.6,Poor,0.047866996,False
2016-02-17,2016,2,winter,37.6,424.4,128.7,82.0,8.19,137.7,25.19476184523065,79.58532316539568,9.585448181022628,0.0,170.51428571428573,131.40587795796947,-132.91428571428574,48.1,Very Poor,0.047834914,False
2016-02-18,2016,2,winter,202.4,60.0,41.9,94.8,4.51,130.9,25.19476184523065,79.58532316539568,9.585448181022628,0.0,187.0,126.32276121111354,15.400000000000006,288.0,Poor,0.047275692,False
2016-02-19,2016,2,winter,92.5,99.8,127.9,22.2,5.03,162.9,25.19476184523065,79.58532316539568,9.585448181022628,0.0,163.65714285714284,126.56583079097427,-71.15714285714284,279.3,Moderate,0.046916142,False
2016-02-20,2016,2,winter,89.5,405.6,90.8,80.8,3.33,60.3,25.19476184523065,79.58532316539568,9.585448181022628,0.0,137.1142857142857,118.47429297209624,-47.6142857142857,121.4,Satisfactory,0.046624772,False
2016-02-21,2016,2,winter,452.0,527.8,62.2,81.2,2.23,180.1,25.19476184523065,79.58532316539568,9.585448181022628,0.0,195.44285714285712,158.54976986362843,256.5571428571429,278.3,Poor,0.047147974,False
2016-02-22,2016,2,winter,109.1,148.4,118.8,6.6,2.25,39.1,25.19476184523065,79.58532316539568,9.585448181022628,0.0,194.05714285714288,159.37152461196723,-84.95714285714288,465.6,Severe,0.04855637,False
2016-02-23,2016,2,winter,371.6,492.9,28.3,1.4,9.64,78.3,25.19476184523065,79.58532316539568,9.585448181022628,0.0,193.52857142857144,158.6748427265196,178.07142857142858,238.4,Satisfactory,0.050600007,False
2016-02-24,2016,2,winter,57.4,88.0,68.3,1.2,1.86,99.0,25.19476184523065,79.58532316539568,9.585448181022628,0.0,196.3571428571429,155.578221024483,-138.95714285714286,316.9,Good,0.051188026,False
2016-02-25,2016,2,winter,169.3,459.5,32.1,17.2,3.32,42.0,25.19476184523065,79.58532316539568,9.585448181022628,0.0,191.62857142857143,155.86669212595015,-22.328571428571426,325.7,Moderate,0.050650116,False
2016-02-26,2016,2,winter,470.5,17.4,43.4,76.1,7.28,99.4,25.19476184523065,79.58532316539568,9.585448181022628,0.0,245.62857142857143,179.48878994044654,224.87142857142857,25.2,Satisfactory,0.05147974,False
2016-02-27,2016,2,winter,75.9,394.2,98.7,86.7,7.19,136.3,25.19476184523065,79.58532316539568,9.585448181022628,0.0,243.6857142857143,181.5225369715052,-167.7857142857143,476.6,Poor,0.05018647,False
2016-02-28,2016,2,winter,199.9,524.4,58.7,92.9,0.28,130.5,25.19476184523065,79.58532316539568,9.585448181022628,0.0,207.67142857142852,156.6023277209476,-7.771428571428572,103.2,Moderate,0.05094593,False
2016-02-29,2016,2,winter,222.1,57.8,58.0,4.3,1.07,128.1,25.19476184523065,79.58532316539568,9.585448181022628,0.0,223.8142857142857,150.4512371564448,-1.7142857142857224,109.7,Severe,0.052128173,False
2016-03-01,2016,3,summer,316.5,164.6,129.9,52.7,9.4,87.1,25.19476184523065,79.58532316539568,9.585448181022628,0.0,215.94285714285712,142.67080823984122,100.55714285714288,421.5,Good,0.05156207,False
2016-03-02,2016,3,summer,190.1,424.4,107.0,14.3,5.84,83.6,25.19476184523065,79.58532316539568,9.585448181022628,0.0,234.9,125.92733354333112,-44.80000000000001,224.6,Satisfactory,0.050518718,False
2016-03-03,2016,3,summer,257.8,467.4,123.6,87.4,6.97,36.8,25.19476184523065,79.58532316539568,9.585448181022628,0.0,247.5428571428572,122.64332917234522,10.257142857142869,324.2,Very Poor,0.05057091,False
2016-03-04,2016,3,summer,389.7,422.7,92.6,55.4,6.7,162.4,25.19476184523065,79.58532316539568,9.585448181022628,0.0,236.0,99.84523023159409,153.7,58.2,Moderate,0.049120896,False
2016-03-05,2016,3,summer,461.7,576.2,90.4,55.6,5.27,137.4,25.19476184523065,79.58532316539568,9.585448181022628,0.0,291.1142857142857,103.16637741324192,170.5857142857143,298.2,Satisfactory,0.04888155,False
2016-03-06,2016,3,summer,113.9,85.4,37.3,76.0,5.18,176.9,25.19476184523065,79.58532316539568,9.585448181022628,0.0,278.8285714285714,119.64398179997364,-164.92857142857142,431.7,Moderate,0.04779424,False
2016-03-07,2016,3,summer,99.8,95.8,30.0,38.8,0.33,84.4,25.19476184523065,79.58532316539568,9.585448181022628,0.0,261.35714285714283,136.98201654649012,-161.55714285714282,229.0,Severe,0.04839222,False
2016-03-08,2016,3,summer,322.5,253.1,21.8,75.9,4.92,25.3,25.19476184523065,79.58532316539568,9.585448181022628,0.0,262.2142857142857,137.40269803963628,60.28571428571428,308.6,Good,0.04701615,False
2016-03-09,2016,3,summer,157.1,326.7,26.2,53.7,4.95,12.7,25.19476184523065,79.58532316539568,9.585448181022628,0.0,257.5,140.81310308348452,-100.4,322.4,Very Poor,0.046383876,False
2016-03-10,2016,3,summer,125.5,393.1,13.1,83.2,0.68,37.3,25.19476184523065,79.58532316539568,9.585448181022628,0.0,238.6,149.3839683500209,-113.1,414.0,Moderate,0.04637943,False
2016-03-11,2016,3,summer,253.2,258.1,125.5,8.4,6.63,111.8,25.19476184523065,79.58532316539568,9.585448181022628,0.0,219.1,134.54467659480264,34.10000000000002,444.2,Good,0.046312038,False
2016-03-12,2016,3,summer,150.4,205.1,147.2,66.8,1.66,158.6,25.19476184523065,79.58532316539568,9.585448181022628,0.0,174.62857142857143,82.29478951277778,-24.228571428571428,258.3,Poor,0.045451093,False
2016-03-13,2016,3,summer,0.4,468.2,82.5,60.6,9.45,135.8,25.19476184523065,79.58532316539568,9.585448181022628,0.0,158.41428571428574,104.45246811463149,-158.01428571428573,246.8,Good,0.046062052,False
2016-03-14,2016,3,summer,157.8,229.1,106.6,56.1,1.43,89.8,25.19476184523065,79.58532316539568,9.585448181022628,0.0,166.7,101.28020537103988,-8.899999999999977,416.5,Good,0.044882808,False
2016-03-15,2016,3,summer,387.6,13.4,110.6,14.0,9.54,194.5,25.19476184523065,79.58532316539568,9.585448181022628,0.0,176.0,119.34810429998468,211.6,52.1,Very Poor,0.04705574,False
2016-03-16,2016,3,summer,299.5,26.0,22.7,92.5,1.89,160.8,25.19476184523065,79.58532316539568,9.585448181022628,0.0,196.3428571428572,127.45066832756464,103.15714285714284,303.9,Moderate,0.047298107,False
2016-03-17,2016,3,summer,144.3,591.3,46.1,79.2,7.17,94.9,25.19476184523065,79.58532316539568,9.585448181022628,0.0,199.02857142857144,125.89763982809902,-54.72857142857143,163.9,Satisfactory,0.047503933,False
2016-03-18,2016,3,summer,234.2,237.7,134.6,28.2,2.23,75.1,25.19476184523065,79.58532316539568,9.585448181022628,0.0,196.3142857142857,124.73452380384292,37.88571428571427,262.1,Very Poor,0.04661817,False
2016-03-19,2016,3,summer,107.4,494.2,73.5,37.1,4.88,26.0,25.19476184523065,79.58532316539568,9.585448181022628,0.0,190.1714285714286,128.37814863760528,-82.7714285714286,248.4,Moderate,0.04635791,False
2016-03-20,2016,3,summer,174.7,398.9,32.2,82.6,3.76,89.7,25.19476184523065,79.58532316539568,9.585448181022628,0.0,215.07142857142856,98.97120312302503,-40.3714285714286,60.1,Very Poor,0.045572817,False
2016-03-21,2016,3,summer,3.8,487.1,88.3,40.1,2.05,182.6,25.19476184523065,79.58532316539568,9.585448181022628,0.0,193.0714285714286,126.97729080805122,-189.2714285714286,280.6,Severe,0.04647596,False
2016-03-22,2016,3,summer,223.4,552.9,147.2,85.4,1.93,153.5,25.19476184523065,79.58532316539568,9.585448181022628,0.0,169.6142857142857,96.58000877634105,53.78571428571431,136.8,Very Poor,0.045926232,False
2016-03-23,2016,3,summer,338.7,581.4,121.8,90.9,9.57,65.3,25.19476184523065,79.58532316539568,9.585448181022628,0.0,175.21428571428572,106.03957482266443,163.48571428571427,20.7,Severe,0.046558138,False
2016-03-24,2016,3,summer,450.7,86.4,19.8,68.3,5.92,32.4,25.19476184523065,79.58532316539568,9.585448181022628,0.0,218.9857142857143,146.62393425098827,231.7142857142857,177.9,Good,0.046374008,False
2016-03-25,2016,3,summer,467.8,355.3,48.6,26.8,1.45,171.1,25.19476184523065,79.58532316539568,9.585448181022628,0.0,252.3571428571429,174.58187054734398,215.44285714285715,138.5,Severe,0.046436958,False
2016-03-26,2016,3,summer,337.6,82.2,66.9,63.3,7.56,35.0,25.19476184523065,79.58532316539568,9.585448181022628,0.0,285.24285714285713,164.09167008253726,52.35714285714289,441.3,Good,0.04639777,False
2016-03-27,2016,3,summer,39.6,292.1,143.9,73.3,8.45,57.3,25.19476184523065,79.58532316539568,9.585448181022628,0.0,265.9428571428572,185.7730322835087,-226.3428571428572,404.1,Moderate,0.046310894,False
2016-03-28,2016,3,summer,19.7,564.3,108.6,4.1,8.42,56.6,25.19476184523065,79.58532316539568,9.585448181022628,0.0,268.2142857142857,182.09442082402785,-248.51428571428573,301.2,Satisfactory,0.04795978,False
2016-03-29,2016,3,summer,361.4,402.9,71.5,31.5,4.14,130.0,25.19476184523065,79.58532316539568,9.585448181022628,0.0,287.92857142857144,183.89532995960624,73.47142857142853,377.5,Good,0.046811704,False
2016-03-30,2016,3,summer,91.5,316.5,146.0,35.4,8.01,98.3,25.19476184523065,79.58532316539568,9.585448181022628,0.0,252.6142857142857,195.86632710917448,-161.1142857142857,58.5,Good,0.04629202,False
2016-03-31,2016,3,summer,473.5,176.9,37.5,94.0,4.13,189.3,25.19476184523065,79.58532316539568,9.585448181022628,0.0,255.87142857142857,199.8582807415105,217.62857142857143,145.6,Poor,0.047674075,False
2016-04-01,2016,4,summer,410.4,296.4,105.7,17.4,5.58,68.0,25.19476184523065,79.58532316539568,9.585448181022628,0.0,247.67142857142852,190.68065549748988,162.7285714285714,347.0,Satisfactory,0.04825612,False
2016-04-02,2016,4,summer,182.1,269.3,66.4,6.8,4.22,186.1,25.19476184523065,79.58532316539568,9.585448181022628,0.0,225.45714285714283,187.4890295203328,-43.35714285714283,391.4,Poor,0.048280362,False
2016-04-03,2016,4,summer,151.7,490.0,93.3,46.3,2.75,95.2,25.19476184523065,79.58532316539568,9.585448181022628,0.0,241.47142857142856,173.2122273809957,-89.77142857142857,365.2,Very Poor,0.047868907,False
2016-04-04,2016,4,summer,490.2,147.7,102.7,56.9,1.14,44.6,25.19476184523065,79.58532316539568,9.585448181022628,0.0,308.68571428571425,163.84640600850798,181.51428571428573,19.4,Moderate,0.04832158,False
2016-04-05,2016,4,summer,178.6,464.0,21.1,45.0,5.81,77.2,25.19476184523065,79.58532316539568,9.585448181022628,0.0,282.57142857142856,168.54459068038676,-103.97142857142856,140.9,Moderate,0.047480438,False
2016-04-06,2016,4,summer,415.6,487.5,38.6,77.0,4.28,13.9,25.19476184523065,79.58532316539568,9.585448181022628,0.0,328.87142857142857,150.90071475737224,86.72857142857146,133.4,Good,0.04722921,False
2016-04-07,2016,4,summer,143.9,353.8,40.9,60.5,9.41,69.5,25.19476184523065,79.58532316539568,9.585448181022628,0.0,281.7857142857143,149.66836036797542,-137.88571428571427,85.0,Poor,0.0472126,False
2016-04-08,2016,4,summer,418.6,509.5,103.7,78.5,7.39,68.1,25.19476184523065,79.58532316539568,9.585448181022628,0.0,282.95714285714286,150.87004183670658,135.64285714285717,326.7,Severe,0.047397587,False
2016-04-09,2016,4,summer,152.9,563.1,8.8,83.6,6.12,98.9,25.19476184523065,79.58532316539568,9.585448181022628,0.0,278.7857142857143,154.4838225464773,-125.88571428571429,140.3,Very Poor,0.04695726,False
2016-04-10,2016,4,summer,252.9,169.6,97.8,72.4,2.64,79.7,25.19476184523065,79.58532316539568,9.585448181022628,0.0,293.24285714285713,145.05615989612298,-40.34285714285713,78.5,Very Poor,0.04661578,False
2016-04-11,2016,4,summer,477.8,525.2,25.6,40.8,1.79,166.1,25.19476184523065,79.58532316539568,9.585448181022628,0.0,291.4714285714286,142.2995632961879,186.32857142857145,479.9,Poor,0.047209784,False
2016-04-12,2016,4,summer,184.3,76.9,68.0,22.2,6.07,61.4,25.19476184523065,79.58532316539568,9.585448181022628,0.0,292.2857142857143,141.56041617829294,-107.98571428571428,319.5,Very Poor,0.046527497,False
2016-04-13,2016,4,summer,353.0,5.2,144.4,49.6,5.68,194.4,25.19476184523065,79.58532316539568,9.585448181022628,0.0,283.3428571428572,134.2610002587358,69.65714285714284,379.6,Good,0.048112925,False
2016-04-14,2016,4,summer,61.9,379.0,37.3,66.8,8.85,113.4,25.19476184523065,79.58532316539568,9.585448181022628,0.0,271.62857142857143,150.99015105060917,-209.72857142857143,130.7,Moderate,0.046399202,False
2016-04-15,2016,4,summer,462.0,14.2,123.3,0.0,5.98,128.6,25.19476184523065,79.58532316539568,9.585448181022628,0.0,277.8285714285715,158.72395024366185,184.1714285714285,38.8,Very Poor,0.046967205,False
2016-04-16,2016,4,summer,355.0,413.8,126.6,40.3,5.87,175.7,25.19476184523065,79.58532316539568,9.585448181022628,0.0,306.7,150.3734905715324,48.30000000000001,481.0,Poor,0.046544075,False
2016-04-17,2016,4,summer,301.7,344.1,125.4,58.9,5.99,120.1,25.19476184523065,79.58532316539568,9.585448181022628,0.0,313.6714285714285,148.58413681912953,-11.971428571428532,375.3,Good,0.045921024,False
2016-04-18,2016,4,summer,273.3,588.1,55.0,88.6,1.8,64.3,25.19476184523065,79.58532316539568,9.585448181022628,0.0,284.45714285714286,129.85942216030992,-11.157142857142844,41.7,Poor,0.046315268,False
2016-04-19,2016,4,summer,130.4,237.8,3.5,80.9,8.23,113.8,25.19476184523065,79.58532316539568,9.585448181022628,0.0,276.75714285714287,138.12309554817247,-146.35714285714286,72.5,Satisfactory,0.047320984,False
2016-04-20,2016,4,summer,316.3,242.4,0.7,0.7,1.96,186.0,25.19476184523065,79.58532316539568,9.585448181022628,0.0,271.5142857142857,135.4167570695671,44.785714285714334,207.3,Severe,0.047716737,False
2016-04-21,2016,4,summer,182.2,12.4,137.6,80.0,7.6,168.2,25.19476184523065,79.58532316539568,9.585448181022628,0.0,288.7,109.54271617349434,-106.5,483.9,Moderate,0.0478519,False
2016-04-22,2016,4,summer,380.5,462.0,146.0,44.7,4.1,117.0,25.19476184523065,79.58532316539568,9.585448181022628,0.0,277.0571428571428,90.77728895751544,103.44285714285718,63.1,Moderate,0.046658084,False
2016-04-23,2016,4,summer,43.2,368.4,8.5,36.3,5.3,198.3,25.19476184523065,79.58532316539568,9.585448181022628,0.0,232.5142857142857,118.44035670006286,-189.3142857142857,425.7,Moderate,0.046695348,False
2016-04-24,2016,4,summer,351.4,346.8,46.0,97.9,4.16,184.0,25.19476184523065,79.58532316539568,9.585448181022628,0.0,239.61428571428573,124.60804453126129,111.78571428571423,455.7,Moderate,0.046208017,False
2016-04-25,2016,4,summer,260.8,575.2,57.7,83.3,4.25,126.4,25.19476184523065,79.58532316539568,9.585448181022628,0.0,237.82857142857145,124.13351299153295,22.97142857142859,78.0,Poor,0.045875028,False
2016-04-26,2016,4,summer,499.8,489.6,49.7,53.7,8.97,172.0,25.19476184523065,79.58532316539568,9.585448181022628,0.0,290.6,147.223831857029,209.2,54.9,Poor,0.045352917,False
2016-04-27,2016,4,summer,34.2,6.3,85.7,80.9,1.09,160.2,25.19476184523065,79.58532316539568,9.585448181022628,0.0,250.3,175.0052284933226,-216.1,124.2,Satisfactory,0.045006417,False
2016-04-28,2016,4,summer,104.8,512.0,96.2,54.6,3.83,20.4,25.19476184523065,79.58532316539568,9.585448181022628,0.0,239.2428571428572,182.3173959257396,-134.44285714285718,113.6,Very Poor,0.046221845,False
2016-04-29,2016,4,summer,218.4,89.2,9.6,74.8,4.01,83.9,25.19476184523065,79.58532316539568,9.585448181022628,0.0,216.08571428571432,171.3499676935232,2.3142857142856883,180.9,Moderate,0.04583454,False
2016-04-30,2016,4,summer,499.0,225.0,136.6,6.1,3.88,12.2,25.19476184523065,79.58532316539568,9.585448181022628,0.0,281.2,181.0325937504075,217.8,496.6,Good,0.04680205,False
2016-05-01,2016,5,summer,104.7,31.7,139.4,14.7,3.33,143.3,25.19476184523065,79.58532316539568,9.585448181022628,0.0,245.95714285714283,188.9297034802704,-141.2571428571428,376.5,Very Poor,0.04813935,False
2016-05-02,2016,5,summer,416.3,565.2,141.2,18.1,6.51,93.6,25.19476184523065,79.58532316539568,9.585448181022628,0.0,268.1714285714285,199.79516772839904,148.1285714285715,276.5,Severe,0.04891902,False
2016-05-03,2016,5,summer,98.9,366.6,49.1,75.2,9.04,20.7,25.19476184523065,79.58532316539568,9.585448181022628,0.0,210.9,178.67547863841494,-112.0,43.4,Satisfactory,0.049937636,False
2016-05-04,2016,5,summer,8.6,570.1,44.8,57.6,1.6,140.2,25.19476184523065,79.58532316539568,9.585448181022628,0.0,207.2428571428572,183.10212867088555,-198.6428571428572,217.0,Very Poor,0.050150327,False
2016-05-05,2016,5,summer,24.5,463.0,0.6,9.8,8.54,170.2,25.19476184523065,79.58532316539568,9.585448181022628,0.0,195.77142857142857,192.84605012190173,-171.27142857142857,149.9,Good,0.052064225,False
2016-05-06,2016,5,summer,281.4,547.4,137.7,27.6,5.71,135.5,25.19476184523065,79.58532316539568,9.585448181022628,0.0,204.7714285714285,195.5295349752028,76.62857142857143,433.3,Satisfactory,0.051678356,False
2016-05-07,2016,5,summer,245.1,205.8,19.1,93.8,5.11,38.8,25.19476184523065,79.58532316539568,9.585448181022628,0.0,168.5,150.1318420589049,76.6,180.5,Satisfactory,0.052057814,False
2016-05-08,2016,5,summer,350.6,541.2,114.4,0.4,0.28,187.0,25.19476184523065,79.58532316539568,9.585448181022628,0.0,203.62857142857143,161.0844883312865,146.9714285714286,436.3,Very Poor,0.0533976,False
2016-05-09,2016,5,summer,103.7,186.2,10.4,65.5,7.14,185.4,25.19476184523065,79.58532316539568,9.585448181022628,0.0,158.97142857142856,133.2203902597209,-55.27142857142856,351.8,Very Poor,0.052985042,False
2016-05-10,2016,5,summer,179.3,18.7,22.6,86.4,6.93,172.6,25.19476184523065,79.58532316539568,9.585448181022628,0.0,170.45714285714286,130.61856500440314,8.842857142857156,135.1,Good,0.054093275,False
2016-05-11,2016,5,summer,357.3,338.1,121.5,42.2,5.61,117.8,25.19476184523065,79.58532316539568,9.585448181022628,0.0,220.2714285714285,124.97301994544954,137.02857142857147,196.3,Good,0.05263473,False
2016-05-12,2016,5,summer,102.2,509.1,116.5,95.8,7.17,140.1,25.19476184523065,79.58532316539568,9.585448181022628,0.0,231.37142857142857,106.8187516978444,-129.17142857142858,191.5,Moderate,0.0530945,False
2016-05-13,2016,5,summer,77.8,484.6,55.7,75.0,8.81,148.3,25.19476184523065,79.58532316539568,9.585448181022628,0.0,202.28571428571428,118.05432970418644,-124.48571428571428,265.8,Severe,0.0521986,False
2016-05-14,2016,5,summer,142.4,198.3,63.0,79.0,1.4,14.4,25.19476184523065,79.58532316539568,9.585448181022628,0.0,187.61428571428573,118.2281893708296,-45.21428571428572,117.8,Very Poor,0.052469663,False
2016-05-15,2016,5,summer,297.9,307.1,20.0,56.8,8.61,40.3,25.19476184523065,79.58532316539568,9.585448181022628,0.0,180.08571428571426,107.29186717503212,117.81428571428572,221.9,Satisfactory,0.05120405,False
2016-05-16,2016,5,summer,191.5,31.9,36.5,39.2,1.85,92.8,25.19476184523065,79.58532316539568,9.585448181022628,0.0,192.62857142857143,101.86879984054178,-1.1285714285714334,14.5,Severe,0.051588375,False
2016-05-17,2016,5,summer,192.7,217.6,149.1,62.6,5.29,136.1,25.19476184523065,79.58532316539568,9.585448181022628,0.0,194.5428571428572,101.7023575135282,-1.842857142857156,175.6,Moderate,0.052235864,False
2016-05-18,2016,5,summer,475.9,182.9,134.6,85.8,4.44,165.6,25.19476184523065,79.58532316539568,9.585448181022628,0.0,211.4857142857143,137.06613280422252,264.4142857142857,431.7,Very Poor,0.05314981,False
2016-05-19,2016,5,summer,58.2,210.2,101.1,9.9,3.16,7.4,25.19476184523065,79.58532316539568,9.585448181022628,0.0,205.2,143.75866350705033,-147.0,433.1,Good,0.053886756,False
2016-05-20,2016,5,summer,277.9,50.4,25.9,46.3,4.27,174.2,25.19476184523065,79.58532316539568,9.585448181022628,0.0,233.78571428571428,133.7496720067185,44.1142857142857,267.1,Poor,0.05276083,False
2016-05-21,2016,5,summer,154.8,260.6,63.3,50.1,5.8,86.3,25.19476184523065,79.58532316539568,9.585448181022628,0.0,235.55714285714285,132.41303884868316,-80.75714285714284,243.8,Good,0.05091552,False
2016-05-22,2016,5,summer,140.1,264.7,47.1,18.7,5.95,15.7,25.19476184523065,79.58532316539568,9.585448181022628,0.0,213.01428571428573,133.45876302652977,-72.91428571428574,58.7,Poor,0.051079392,False
2016-05-23,2016,5,summer,50.7,512.7,74.7,74.8,9.89,3.4,25.19476184523065,79.58532316539568,9.585448181022628,0.0,192.89999999999995,147.14982161049323,-142.19999999999993,478.8,Satisfactory,0.051417917,False
2016-05-24,2016,5,summer,360.7,291.1,31.6,30.9,6.01,80.2,25.19476184523065,79.58532316539568,9.585448181022628,0.0,216.9,160.23067746221386,143.79999999999998,324.6,Severe,0.050692547,False
2016-05-25,2016,5,summer,27.6,343.8,133.5,61.0,0.01,9.7,25.19476184523065,79.58532316539568,9.585448181022628,0.0,152.85714285714286,125.2239973959044,-125.25714285714288,288.5,Very Poor,0.051965483,False
2016-05-26,2016,5,summer,99.3,576.1,149.9,17.8,6.64,97.8,25.19476184523065,79.58532316539568,9.585448181022628,0.0,158.72857142857143,120.93619136119813,-59.42857142857143,318.7,Very Poor,0.05133909,False
2016-05-27,2016,5,summer,185.8,341.9,6.1,19.3,9.48,163.7,25.19476184523065,79.58532316539568,9.585448181022628,0.0,145.57142857142858,110.35747541944008,40.22857142857143,249.0,Very Poor,0.050551653,False
2016-05-28,2016,5,summer,246.5,142.3,52.7,91.2,0.71,104.6,25.19476184523065,79.58532316539568,9.585448181022628,0.0,158.67142857142858,116.88511046159388,87.82857142857142,471.9,Very Poor,0.0508189,False
2016-05-29,2016,5,summer,139.4,395.4,137.1,26.8,1.49,172.2,25.19476184523065,79.58532316539568,9.585448181022628,0.0,158.57142857142858,116.90394510431344,-19.17142857142857,290.7,Moderate,0.05103525,False
2016-05-30,2016,5,summer,430.7,527.4,149.1,47.6,2.28,144.4,25.19476184523065,79.58532316539568,9.585448181022628,0.0,212.8571428571429,143.63630990738216,217.8428571428572,234.7,Severe,0.0505998,False
2016-05-31,2016,5,summer,281.4,354.0,63.4,76.1,8.86,76.4,25.19476184523065,79.58532316539568,9.585448181022628,0.0,201.5285714285714,132.74699888993993,79.87142857142857,99.4,Good,0.049300015,False
2016-06-01,2016,6,monsoon,298.7,66.4,84.1,80.1,0.01,192.9,25.19476184523065,79.58532316539568,9.585448181022628,0.0,240.25714285714284,111.37206198358828,58.44285714285715,381.2,Poor,0.049652092,False
2016-06-02,2016,6,monsoon,161.3,509.7,54.0,63.3,9.12,74.2,25.19476184523065,79.58532316539568,9.585448181022628,0.0,249.11428571428573,100.1986265469982,-87.81428571428572,496.6,Severe,0.04923083,False
2016-06-03,2016,6,monsoon,411.7,227.8,80.0,40.0,9.48,179.1,25.19476184523065,79.58532316539568,9.585448181022628,0.0,281.38571428571424,112.08173250759845,130.31428571428577,389.8,Moderate,0.04890442,False
2016-06-04,2016,6,monsoon,315.4,528.9,125.5,17.9,6.16,76.3,25.19476184523065,79.58532316539568,9.585448181022628,0.0,291.2285714285714,111.53151593885536,24.17142857142857,378.1,Poor,0.04721043,False
2016-06-05,2016,6,monsoon,141.1,122.8,134.5,32.0,8.35,153.4,25.19476184523065,79.58532316539568,9.585448181022628,0.0,291.4714285714286,111.14700047363316,-150.3714285714286,316.4,Very Poor,0.047437955,False
2016-06-06,2016,6,monsoon,293.2,130.9,8.5,56.2,8.86,51.1,25.19476184523065,79.58532316539568,9.585448181022628,0.0,271.8285714285714,93.13022628351725,21.371428571428567,434.4,Moderate,0.047510438,False
2016-06-07,2016,6,monsoon,354.4,260.1,32.5,55.4,6.34,115.6,25.19476184523065,79.58532316539568,9.585448181022628,0.0,282.25714285714287,98.32308744038508,72.14285714285711,400.7,Moderate,0.045074668,False
2016-06-08,2016,6,monsoon,134.5,530.2,115.9,71.8,3.03,116.5,25.19476184523065,79.58532316539568,9.585448181022628,0.0,258.8,112.33485656731868,-124.3,106.8,Very Poor,0.0446921,False
2016-06-09,2016,6,monsoon,220.2,246.3,44.7,46.9,6.74,88.7,25.19476184523065,79.58532316539568,9.585448181022628,0.0,267.21428571428567,105.83227970979128,-47.01428571428568,165.0,Very Poor,0.043021314,False
2016-06-10,2016,6,monsoon,25.1,329.5,95.3,28.3,8.07,42.4,25.19476184523065,79.58532316539568,9.585448181022628,0.0,211.9857142857143,118.03577746558358,-186.8857142857143,330.7,Poor,0.043790445,False
2016-06-11,2016,6,monsoon,303.1,354.7,54.0,31.5,3.11,131.2,25.19476184523065,79.58532316539568,9.585448181022628,0.0,210.22857142857143,116.31878200711634,92.8714285714286,355.7,Very Poor,0.042601567,False
2016-06-12,2016,6,monsoon,77.5,235.4,77.1,32.5,9.14,70.1,25.19476184523065,79.58532316539568,9.585448181022628,0.0,201.1428571428572,124.79357431565212,-123.64285714285714,211.9,Moderate,0.041937232,False
2016-06-13,2016,6,monsoon,273.7,87.7,147.2,63.2,0.39,24.7,25.19476184523065,79.58532316539568,9.585448181022628,0.0,198.3571428571429,122.59439705988272,75.34285714285713,489.4,Poor,0.042736925,False
2016-06-14,2016,6,monsoon,243.1,353.1,36.0,5.9,6.05,164.1,25.19476184523065,79.58532316539568,9.585448181022628,0.0,182.45714285714283,104.92790949254716,60.64285714285717,470.0,Severe,0.04268631,False
2016-06-15,2016,6,monsoon,407.6,590.7,144.2,84.8,2.45,197.1,25.19476184523065,79.58532316539568,9.585448181022628,0.0,221.47142857142856,131.52554522836644,186.12857142857143,289.8,Moderate,0.04474899,False
2016-06-16,2016,6,monsoon,309.9,99.2,5.1,29.4,2.63,80.6,25.19476184523065,79.58532316539568,9.585448181022628,0.0,234.28571428571428,135.68490985332448,75.6142857142857,477.0,Moderate,0.04536316,False
2016-06-17,2016,6,monsoon,376.1,279.1,107.6,3.4,2.16,9.7,25.19476184523065,79.58532316539568,9.585448181022628,0.0,284.42857142857144,107.40488372331644,91.67142857142858,52.1,Satisfactory,0.044746745,False
2016-06-18,2016,6,monsoon,35.3,242.8,106.4,27.9,2.18,99.3,25.19476184523065,79.58532316539568,9.585448181022628,0.0,246.17142857142852,141.8250179421309,-210.87142857142857,250.1,Satisfactory,0.044131383,False
2016-06-19,2016,6,monsoon,197.2,20.8,78.2,36.9,1.21,143.9,25.19476184523065,79.58532316539568,9.585448181022628,0.0,263.2714285714286,124.22244448683888,-66.07142857142861,218.0,Severe,0.044095278,False
2016-06-20,2016,6,monsoon,390.9,495.5,84.5,69.9,8.72,48.2,25.19476184523065,79.58532316539568,9.585448181022628,0.0,280.0142857142857,133.4199688773692,110.8857142857143,84.7,Severe,0.045383643,False
2016-06-21,2016,6,monsoon,234.3,327.2,131.7,81.9,2.01,156.0,25.19476184523065,79.58532316539568,9.585448181022628,0.0,278.75714285714287,133.86647398487392,-44.457142857142856,396.3,Very Poor,0.045476913,False
2016-06-22,2016,6,monsoon,40.5,348.0,100.6,20.5,0.33,118.3,25.19476184523065,79.58532316539568,9.585448181022628,0.0,226.3142857142857,146.30767157570642,-185.8142857142857,102.6,Satisfactory,0.044345036,False
2016-06-23,2016,6,monsoon,58.5,134.0,78.0,57.0,5.88,184.7,25.19476184523065,79.58532316539568,9.585448181022628,0.0,190.40000000000003,153.06960290447384,-131.90000000000003,39.0,Poor,0.044864945,False
2016-06-24,2016,6,monsoon,303.7,322.1,68.4,90.0,4.75,93.0,25.19476184523065,79.58532316539568,9.585448181022628,0.0,180.05714285714288,140.3480181209416,123.64285714285712,316.1,Very Poor,0.043231715,False
2016-06-25,2016,6,monsoon,128.6,592.7,75.9,23.5,3.42,127.5,25.19476184523065,79.58532316539568,9.585448181022628,0.0,193.3857142857143,128.215345266878,-64.7857142857143,273.4,Good,0.042457577,False
2016-06-26,2016,6,monsoon,57.9,79.3,115.2,48.2,9.55,168.1,25.19476184523065,79.58532316539568,9.585448181022628,0.0,173.48571428571427,137.96425175350575,-115.58571428571426,335.1,Moderate,0.042449147,False
2016-06-27,2016,6,monsoon,440.3,491.8,77.7,88.3,9.24,44.4,25.19476184523065,79.58532316539568,9.585448181022628,0.0,180.5428571428572,151.53496689040503,259.75714285714287,311.3,Poor,0.043732416,False
2016-06-28,2016,6,monsoon,90.5,540.1,145.0,3.3,2.63,38.8,25.19476184523065,79.58532316539568,9.585448181022628,0.0,160.0,152.77483431507932,-69.5,328.0,Poor,0.044643432,False
2016-06-29,2016,6,monsoon,51.6,557.4,4.9,32.0,6.46,130.2,25.19476184523065,79.58532316539568,9.585448181022628,0.0,161.58571428571432,151.378999298355,-109.98571428571432,137.5,Very Poor,0.044332482,False
2016-06-30,2016,6,monsoon,85.2,278.1,5.0,57.0,6.05,70.3,25.19476184523065,79.58532316539568,9.585448181022628,0.0,165.40000000000003,148.66062020589024,-80.20000000000003,379.2,Severe,0.044614863,False
2016-07-01,2016,7,monsoon,274.1,502.1,80.7,66.0,2.08,137.2,25.19476184523065,79.58532316539568,9.585448181022628,0.0,161.17142857142858,144.43194146131822,112.92857142857144,236.2,Good,0.043235507,False
2016-07-02,2016,7,monsoon,232.3,258.0,12.6,75.5,6.64,9.2,25.19476184523065,79.58532316539568,9.585448181022628,0.0,175.9857142857143,145.8456081908927,56.31428571428572,477.9,Moderate,0.043737214,False
2016-07-03,2016,7,monsoon,141.5,65.9,14.1,90.4,4.36,55.4,25.19476184523065,79.58532316539568,9.585448181022628,0.0,187.92857142857147,137.7632354716563,-46.42857142857147,481.8,Severe,0.043911017,False
2016-07-04,2016,7,monsoon,258.7,507.5,60.8,5.6,2.86,50.0,25.19476184523065,79.58532316539568,9.585448181022628,0.0,161.9857142857143,91.72266947291732,96.7142857142857,41.1,Very Poor,0.04392275,False
2016-07-05,2016,7,monsoon,202.7,364.8,83.8,79.9,3.52,3.4,25.19476184523065,79.58532316539568,9.585448181022628,0.0,178.0142857142857,86.82101183030555,24.685714285714283,207.8,Poor,0.043178435,False
2016-07-06,2016,7,monsoon,417.2,342.4,123.7,42.2,6.46,112.7,25.19476184523065,79.58532316539568,9.585448181022628,0.0,230.2428571428572,105.9573791223443,186.95714285714283,169.4,Satisfactory,0.042790018,False
2016-07-07,2016,7,monsoon,477.4,600.0,87.6,20.3,0.07,165.2,25.19476184523065,79.58532316539568,9.585448181022628,0.0,286.2714285714286,119.32910673547252,191.12857142857132,110.6,Severe,0.045081325,False
2016-07-08,2016,7,monsoon,170.2,134.5,100.9,12.4,1.8,151.0,25.19476184523065,79.58532316539568,9.585448181022628,0.0,271.42857142857144,127.29157754653596,-101.22857142857146,230.4,Moderate,0.04515479,False
2016-07-09,2016,7,monsoon,343.1,94.4,105.3,43.6,1.77,6.5,25.19476184523065,79.58532316539568,9.585448181022628,0.0,287.25714285714287,128.49826013274628,55.84285714285716,208.4,Very Poor,0.046301056,False
2016-07-10,2016,7,monsoon,15.2,409.6,33.3,44.7,6.5,120.5,25.19476184523065,79.58532316539568,9.585448181022628,0.0,269.2142857142857,157.8828408300645,-254.01428571428573,360.8,Moderate,0.046344664,False
2016-07-11,2016,7,monsoon,261.3,584.7,67.4,8.7,2.91,33.9,25.19476184523065,79.58532316539568,9.585448181022628,0.0,269.5857142857143,157.85703900018152,-8.285714285714278,141.1,Good,0.047191076,False
2016-07-12,2016,7,monsoon,236.0,378.2,16.9,58.9,4.15,159.4,25.19476184523065,79.58532316539568,9.585448181022628,0.0,274.3428571428572,155.9962377446208,-38.34285714285716,161.1,Satisfactory,0.04683165,False
2016-07-13,2016,7,monsoon,259.3,568.9,145.6,17.2,2.54,193.0,25.19476184523065,79.58532316539568,9.585448181022628,0.0,251.78571428571428,142.74996122091056,7.514285714285734,43.3,Satisfactory,0.046708513,False
2016-07-14,2016,7,monsoon,129.8,484.9,136.2,49.5,6.02,94.5,25.19476184523065,79.58532316539568,9.585448181022628,0.0,202.1285714285714,107.22499264452776,-72.3285714285714,278.9,Poor,0.04639247,False
2016-07-15,2016,7,monsoon,107.3,185.9,131.2,45.0,9.15,80.0,25.19476184523065,79.58532316539568,9.585448181022628,0.0,193.1428571428572,112.83543853983184,-85.84285714285714,387.8,Moderate,0.044805788,False
2016-07-16,2016,7,monsoon,336.7,564.4,96.8,51.8,6.53,102.9,25.19476184523065,79.58532316539568,9.585448181022628,0.0,192.22857142857143,111.43508894248266,144.47142857142856,421.0,Very Poor,0.04422439,False
2016-07-17,2016,7,monsoon,58.0,522.7,85.1,18.5,3.32,125.7,25.19476184523065,79.58532316539568,9.585448181022628,0.0,198.3428571428572,100.76637761248958,-140.34285714285713,29.2,Severe,0.043362662,False
2016-07-18,2016,7,monsoon,97.5,433.3,92.1,23.8,6.42,109.9,25.19476184523065,79.58532316539568,9.585448181022628,0.0,174.94285714285712,102.70989658812248,-77.44285714285712,481.9,Satisfactory,0.042508528,False
2016-07-19,2016,7,monsoon,383.8,372.8,5.9,58.9,0.77,131.6,25.19476184523065,79.58532316539568,9.585448181022628,0.0,196.05714285714288,129.1437036424005,187.7428571428572,46.2,Good,0.042915158,False
2016-07-20,2016,7,monsoon,447.1,18.8,31.5,52.8,6.45,3.7,25.19476184523065,79.58532316539568,9.585448181022628,0.0,222.8857142857143,160.2357786572798,224.2142857142857,169.2,Severe,0.044764567,False
2016-07-21,2016,7,monsoon,487.3,18.4,96.3,50.4,2.05,176.5,25.19476184523065,79.58532316539568,9.585448181022628,0.0,273.95714285714286,181.2203801741853,213.3428571428572,322.3,Satisfactory,0.046457157,False
2016-07-22,2016,7,monsoon,62.1,15.3,73.6,54.4,7.75,70.7,25.19476184523065,79.58532316539568,9.585448181022628,0.0,267.50000000000006,188.79527713019388,-205.4000000000001,83.0,Moderate,0.046710238,False
2016-07-23,2016,7,monsoon,31.2,204.9,60.8,1.0,8.55,0.2,25.19476184523065,79.58532316539568,9.585448181022628,0.0,223.8571428571429,204.76738719127823,-192.65714285714287,218.8,Severe,0.047793537,False
2016-07-24,2016,7,monsoon,457.7,36.5,109.1,64.4,7.4,127.6,25.19476184523065,79.58532316539568,9.585448181022628,0.0,280.95714285714286,206.53051313823565,176.74285714285713,140.1,Severe,0.049336404,False
2016-07-25,2016,7,monsoon,93.4,19.3,108.5,80.3,9.77,14.9,25.19476184523065,79.58532316539568,9.585448181022628,0.0,280.37142857142857,207.14241247899744,-186.97142857142856,326.8,Severe,0.051177956,False
2016-07-26,2016,7,monsoon,28.7,3.4,148.0,16.1,1.2,117.0,25.19476184523065,79.58532316539568,9.585448181022628,0.0,229.6428571428572,220.6336318964304,-200.9428571428572,401.6,Good,0.052077208,False
2016-07-27,2016,7,monsoon,226.0,19.2,42.9,61.0,0.4,101.0,25.19476184523065,79.58532316539568,9.585448181022628,0.0,198.05714285714288,199.08844648499692,27.94285714285712,375.1,Good,0.050956044,False
2016-07-28,2016,7,monsoon,364.1,401.5,11.9,20.5,5.72,131.2,25.19476184523065,79.58532316539568,9.585448181022628,0.0,180.45714285714288,172.99216607641367,183.6428571428572,160.6,Moderate,0.04997703,False
2016-07-29,2016,7,monsoon,2.7,188.4,63.2,19.8,7.99,126.1,25.19476184523065,79.58532316539568,9.585448181022628,0.0,171.97142857142856,181.03538985776325,-169.27142857142857,10.5,Poor,0.049490575,False
2016-07-30,2016,7,monsoon,22.8,347.2,9.7,44.8,0.97,60.2,25.19476184523065,79.58532316539568,9.585448181022628,0.0,170.77142857142857,182.14843502196865,-147.97142857142856,107.3,Very Poor,0.050180517,False
2016-07-31,2016,7,monsoon,11.8,304.8,110.9,8.5,8.51,17.0,25.19476184523065,79.58532316539568,9.585448181022628,0.0,107.07142857142856,137.60353331565392,-95.27142857142856,20.0,Poor,0.05097499,False
2016-08-01,2016,8,monsoon,76.5,63.5,45.7,17.6,0.12,113.5,25.19476184523065,79.58532316539568,9.585448181022628,0.0,104.65714285714284,138.03097305970647,-28.157142857142844,436.6,Very Poor,0.0509303,False
2016-08-02,2016,8,monsoon,191.1,218.7,141.8,59.8,1.03,123.8,25.19476184523065,79.58532316539568,9.585448181022628,0.0,127.85714285714286,136.77871249019748,63.24285714285713,203.8,Severe,0.050335832,False
2016-08-03,2016,8,monsoon,28.2,579.6,23.4,28.5,8.87,194.4,25.19476184523065,79.58532316539568,9.585448181022628,0.0,99.6,133.51701514538593,-71.4,265.9,Satisfactory,0.051893357,False
2016-08-04,2016,8,monsoon,62.6,41.3,78.2,67.0,3.3,12.4,25.19476184523065,79.58532316539568,9.585448181022628,0.0,56.52857142857143,65.04290159286319,6.0714285714285765,433.2,Moderate,0.052173574,False
2016-08-05,2016,8,monsoon,195.3,558.2,112.1,77.8,0.67,123.3,25.19476184523065,79.58532316539568,9.585448181022628,0.0,84.04285714285713,77.9361032543715,111.25714285714288,446.7,Severe,0.052824877,False
2016-08-06,2016,8,monsoon,392.6,323.6,84.8,13.9,9.32,117.3,25.19476184523065,79.58532316539568,9.585448181022628,0.0,136.8714285714286,134.39062112967173,255.72857142857143,437.2,Moderate,0.051625837,False
2016-08-07,2016,8,monsoon,101.3,587.9,104.5,9.0,8.5,78.5,25.19476184523065,79.58532316539568,9.585448181022628,0.0,149.65714285714284,124.39398239924144,-48.35714285714285,342.2,Good,0.052116454,False
2016-08-08,2016,8,monsoon,215.4,66.5,8.3,51.2,6.73,24.9,25.19476184523065,79.58532316539568,9.585448181022628,0.0,169.5,121.83127677242798,45.900000000000006,476.6,Severe,0.052069012,False
2016-08-09,2016,8,monsoon,357.6,189.5,7.8,25.2,3.23,39.9,25.19476184523065,79.58532316539568,9.585448181022628,0.0,193.28571428571428,141.42836147170556,164.31428571428577,278.5,Poor,0.052290414,False
2016-08-10,2016,8,monsoon,264.1,168.4,3.7,77.0,2.88,0.0,25.19476184523065,79.58532316539568,9.585448181022628,0.0,226.9857142857143,122.35428651490491,37.11428571428573,188.8,Very Poor,0.052583613,False
2016-08-11,2016,8,monsoon,287.8,277.9,79.4,17.9,3.82,81.6,25.19476184523065,79.58532316539568,9.585448181022628,0.0,259.1571428571429,99.37650388200208,28.64285714285711,20.0,Poor,0.052010138,False
2016-08-12,2016,8,monsoon,290.1,300.9,18.0,21.8,9.76,22.6,25.19476184523065,79.58532316539568,9.585448181022628,0.0,272.7,95.61206339509012,17.400000000000034,471.5,Severe,0.050856475,False
2016-08-13,2016,8,monsoon,110.1,514.6,17.5,38.4,3.59,135.7,25.19476184523065,79.58532316539568,9.585448181022628,0.0,232.3428571428572,96.18719348476807,-122.24285714285716,95.7,Good,0.051075872,False
2016-08-14,2016,8,monsoon,209.9,212.3,0.4,1.1,5.05,108.7,25.19476184523065,79.58532316539568,9.585448181022628,0.0,247.8571428571429,78.69610022406592,-37.95714285714288,52.4,Good,0.05068476,False
2016-08-15,2016,8,monsoon,87.8,563.0,122.9,97.5,9.93,125.1,25.19476184523065,79.58532316539568,9.585448181022628,0.0,229.62857142857143,99.49649431488729,-141.82857142857142,429.3,Good,0.052769113,False
2016-08-16,2016,8,monsoon,184.2,0.8,87.9,71.2,1.95,4.7,25.19476184523065,79.58532316539568,9.585448181022628,0.0,204.8571428571429,82.45101287315707,-20.6571428571429,105.6,Satisfactory,0.052955825,False
2016-08-17,2016,8,monsoon,203.8,512.4,38.6,14.1,4.08,178.1,25.19476184523065,79.58532316539568,9.585448181022628,0.0,196.2428571428572,78.27406673866834,7.55714285714285,473.3,Good,0.05377588,False
2016-08-18,2016,8,monsoon,14.3,585.8,74.5,95.6,2.92,126.3,25.19476184523065,79.58532316539568,9.585448181022628,0.0,157.17142857142858,92.0103565599311,-142.87142857142857,327.8,Severe,0.05442391,False
2016-08-19,2016,8,monsoon,15.1,311.2,14.6,69.5,9.91,155.4,25.19476184523065,79.58532316539568,9.585448181022628,0.0,117.88571428571429,84.16862892573454,-102.78571428571428,136.4,Good,0.053772632,False
2016-08-20,2016,8,monsoon,112.9,295.1,76.2,72.9,2.45,85.9,25.19476184523065,79.58532316539568,9.585448181022628,0.0,118.28571428571428,84.13210700185353,-5.385714285714286,477.1,Moderate,0.05162691,False
2016-08-21,2016,8,monsoon,350.2,309.1,12.0,3.5,9.75,180.8,25.19476184523065,79.58532316539568,9.585448181022628,0.0,138.32857142857142,119.05762910296411,211.87142857142857,468.0,Poor,0.05313869,False
2016-08-22,2016,8,monsoon,304.1,591.0,96.6,11.4,2.34,172.9,25.19476184523065,79.58532316539568,9.585448181022628,0.0,169.22857142857143,131.20700837843611,134.8714285714286,85.8,Severe,0.05282114,False
2016-08-23,2016,8,monsoon,118.5,267.6,73.1,1.3,9.66,171.7,25.19476184523065,79.58532316539568,9.585448181022628,0.0,159.84285714285716,132.3028578318554,-41.34285714285716,350.8,Satisfactory,0.052317984,False
2016-08-24,2016,8,monsoon,336.7,442.9,37.5,55.3,5.3,127.2,25.19476184523065,79.58532316539568,9.585448181022628,0.0,178.82857142857142,148.23814977130215,157.87142857142857,192.7,Moderate,0.05027377,False
2016-08-25,2016,8,monsoon,243.3,118.4,27.0,82.9,9.44,13.5,25.19476184523065,79.58532316539568,9.585448181022628,0.0,211.5428571428572,130.02732862931614,31.75714285714284,188.5,Moderate,0.049293935,False
2016-08-26,2016,8,monsoon,222.8,5.5,134.7,52.0,5.33,6.2,25.19476184523065,79.58532316539568,9.585448181022628,0.0,241.2142857142857,97.31119203482255,-18.41428571428571,298.3,Very Poor,0.050233766,False
2016-08-27,2016,8,monsoon,63.1,138.7,33.1,14.6,1.79,189.9,25.19476184523065,79.58532316539568,9.585448181022628,0.0,234.1,109.33332825203246,-171.0,414.6,Poor,0.051104784,False
2016-08-28,2016,8,monsoon,217.4,572.1,82.6,67.2,8.26,19.5,25.19476184523065,79.58532316539568,9.585448181022628,0.0,215.12857142857143,96.61170933666568,2.271428571428572,256.2,Good,0.05146363,False
2016-08-29,2016,8,monsoon,394.4,582.9,69.7,56.0,0.57,159.1,25.19476184523065,79.58532316539568,9.585448181022628,0.0,228.02857142857144,114.78994895439402,166.37142857142854,495.1,Moderate,0.052197035,False
2016-08-30,2016,8,monsoon,485.5,57.5,39.2,29.5,6.56,158.0,25.19476184523065,79.58532316539568,9.585448181022628,0.0,280.45714285714286,137.90947341333342,205.0428571428572,100.1,Very Poor,0.05228298,False
2016-08-31,2016,8,monsoon,182.1,270.8,47.5,48.3,1.76,20.0,25.19476184523065,79.58532316539568,9.585448181022628,0.0,258.37142857142857,139.76799483770387,-76.27142857142857,316.1,Moderate,0.051320788,False
2016-09-01,2016,9,monsoon,114.4,506.6,136.8,52.9,5.54,84.6,25.19476184523065,79.58532316539568,9.585448181022628,0.0,239.95714285714288,150.18742576242153,-125.55714285714284,223.1,Very Poor,0.051356696,False
2016-09-02,2016,9,monsoon,30.8,35.0,139.6,99.8,6.99,31.7,25.19476184523065,79.58532316539568,9.585448181022628,0.0,212.5285714285714,170.06059424301006,-181.7285714285714,197.8,Severe,0.052126992,False
2016-09-03,2016,9,monsoon,328.3,160.2,80.1,5.0,7.59,188.5,25.19476184523065,79.58532316539568,9.585448181022628,0.0,250.4142857142857,160.4942722609485,77.88571428571427,355.0,Satisfactory,0.052143723,False
2016-09-04,2016,9,monsoon,89.0,305.8,148.2,30.3,1.76,124.1,25.19476184523065,79.58532316539568,9.585448181022628,0.0,232.07142857142856,171.83319153843857,-143.07142857142858,499.7,Poor,0.052204292,False
2016-09-05,2016,9,monsoon,356.8,43.4,148.4,65.2,4.7,26.3,25.19476184523065,79.58532316539568,9.585448181022628,0.0,226.7,166.41542396464737,130.1,74.7,Severe,0.053010195,False
2016-09-06,2016,9,monsoon,450.7,525.3,98.7,95.8,2.74,51.9,25.19476184523065,79.58532316539568,9.585448181022628,0.0,221.72857142857143,157.68645803498484,228.97142857142853,450.3,Moderate,0.053759597,False
2016-09-07,2016,9,monsoon,92.9,445.5,124.0,27.3,4.78,68.2,25.19476184523065,79.58532316539568,9.585448181022628,0.0,208.98571428571427,164.863493316657,-116.08571428571426,205.8,Good,0.05326466,False
2016-09-08,2016,9,monsoon,331.7,515.6,44.3,73.6,9.36,16.4,25.19476184523065,79.58532316539568,9.585448181022628,0.0,240.02857142857144,164.54308163604364,91.67142857142856,70.6,Poor,0.0535081,False
2016-09-09,2016,9,monsoon,215.9,371.7,58.9,68.5,2.04,124.0,25.19476184523065,79.58532316539568,9.585448181022628,0.0,266.4714285714286,138.0564946472485,-50.57142857142858,63.2,Moderate,0.052103218,False
2016-09-10,2016,9,monsoon,387.1,136.9,99.8,84.8,2.61,53.9,25.19476184523065,79.58532316539568,9.585448181022628,0.0,274.87142857142857,144.10189351388055,112.22857142857146,277.1,Moderate,0.053281587,False
2016-09-11,2016,9,monsoon,410.0,294.3,141.6,70.8,9.6,71.6,25.19476184523065,79.58532316539568,9.585448181022628,0.0,320.7285714285714,124.88897354965258,89.2714285714286,87.5,Moderate,0.053241476,False
2016-09-12,2016,9,monsoon,97.9,174.0,110.4,47.0,2.58,68.5,25.19476184523065,79.58532316539568,9.585448181022628,0.0,283.74285714285713,148.52573129644207,-185.8428571428572,340.6,Poor,0.052908186,False
2016-09-13,2016,9,monsoon,336.0,161.4,20.8,48.7,8.91,146.7,25.19476184523065,79.58532316539568,9.585448181022628,0.0,267.35714285714283,132.49907996086702,68.64285714285717,204.1,Satisfactory,0.052747183,False
2016-09-14,2016,9,monsoon,266.3,284.5,123.5,41.2,7.71,141.8,25.19476184523065,79.58532316539568,9.585448181022628,0.0,292.12857142857143,108.47925630100497,-25.828571428571426,85.9,Very Poor,0.050645042,False
2016-09-15,2016,9,monsoon,175.4,483.0,51.6,14.5,0.12,0.4,25.19476184523065,79.58532316539568,9.585448181022628,0.0,269.8,114.8739889328014,-94.4,341.5,Poor,0.051159646,False
2016-09-16,2016,9,monsoon,316.5,478.1,36.4,98.9,1.71,80.7,25.19476184523065,79.58532316539568,9.585448181022628,0.0,284.1714285714285,113.288800774624,32.32857142857148,216.2,Moderate,0.051296014,False
2016-09-17,2016,9,monsoon,244.1,292.7,31.7,32.8,5.08,76.8,25.19476184523065,79.58532316539568,9.585448181022628,0.0,263.74285714285713,104.1603388554215,-19.64285714285714,161.3,Good,0.049403418,False
2016-09-18,2016,9,monsoon,20.3,227.4,30.5,50.1,0.48,170.9,25.19476184523065,79.58532316539568,9.585448181022628,0.0,208.07142857142856,116.38612051107732,-187.77142857142857,157.1,Poor,0.04936197,False
2016-09-19,2016,9,monsoon,135.9,334.6,113.6,1.4,5.49,39.8,25.19476184523065,79.58532316539568,9.585448181022628,0.0,213.5,111.15983987034151,-77.6,467.2,Very Poor,0.049997993,False
2016-09-20,2016,9,monsoon,44.7,426.3,139.2,67.0,1.35,108.2,25.19476184523065,79.58532316539568,9.585448181022628,0.0,171.8857142857143,112.17843566644768,-127.1857142857143,391.6,Poor,0.048535958,False
2016-09-21,2016,9,monsoon,272.9,203.8,78.3,21.5,7.06,166.8,25.19476184523065,79.58532316539568,9.585448181022628,0.0,172.82857142857142,113.12796168183012,100.07142857142856,195.4,Moderate,0.04746917,False
2016-09-22,2016,9,monsoon,394.7,151.0,137.7,19.6,8.02,171.1,25.19476184523065,79.58532316539568,9.585448181022628,0.0,204.15714285714287,140.912252331523,190.54285714285712,47.7,Very Poor,0.047589332,False
2016-09-23,2016,9,monsoon,153.9,165.4,102.2,62.9,2.35,18.6,25.19476184523065,79.58532316539568,9.585448181022628,0.0,180.9285714285714,132.45469306251718,-27.028571428571382,37.6,Satisfactory,0.04755698,False
2016-09-24,2016,9,monsoon,198.0,474.8,85.2,65.1,2.9,155.0,25.19476184523065,79.58532316539568,9.585448181022628,0.0,174.34285714285713,129.91194270405924,23.65714285714288,22.6,Severe,0.046155743,False
2016-09-25,2016,9,monsoon,205.8,182.7,45.0,12.6,4.76,7.5,25.19476184523065,79.58532316539568,9.585448181022628,0.0,200.8428571428572,110.760460110138,4.957142857142856,18.5,Good,0.04571655,False
2016-09-26,2016,9,monsoon,445.0,373.7,41.1,95.1,8.11,148.6,25.19476184523065,79.58532316539568,9.585448181022628,0.0,245.0,138.65631371608487,200.0,70.8,Good,0.045681596,False
2016-09-27,2016,9,monsoon,339.6,31.2,36.3,9.7,5.14,103.5,25.19476184523065,79.58532316539568,9.585448181022628,0.0,287.12857142857143,109.36086616161704,52.47142857142859,213.9,Moderate,0.04570484,False
2016-09-28,2016,9,monsoon,138.9,267.9,119.5,52.2,4.94,169.0,25.19476184523065,79.58532316539568,9.585448181022628,0.0,267.9857142857143,123.1279203182804,-129.08571428571432,319.6,Moderate,0.04438501,False
2016-09-29,2016,9,monsoon,322.2,21.3,46.3,51.6,8.34,154.8,25.19476184523065,79.58532316539568,9.585448181022628,0.0,257.62857142857143,113.35394000336176,64.57142857142856,86.8,Satisfactory,0.043797337,False
2016-09-30,2016,9,monsoon,285.6,493.7,32.0,67.9,5.27,144.3,25.19476184523065,79.58532316539568,9.585448181022628,0.0,276.4428571428572,103.7943777723192,9.157142857142844,342.1,Very Poor,0.043966997,False
2016-10-01,2016,10,post-monsoon,188.0,595.2,56.5,88.8,9.04,167.3,25.19476184523065,79.58532316539568,9.585448181022628,0.0,275.01428571428573,105.1143889384551,-87.01428571428573,379.4,Severe,0.045130696,False
2016-10-02,2016,10,post-monsoon,270.2,564.9,32.2,8.7,5.57,25.1,25.19476184523065,79.58532316539568,9.585448181022628,0.0,284.2142857142857,100.77556629414109,-14.014285714285734,438.6,Severe,0.04391927,False
2016-10-03,2016,10,post-monsoon,49.5,299.2,139.7,39.5,0.63,81.7,25.19476184523065,79.58532316539568,9.585448181022628,0.0,227.7142857142857,106.32284841574776,-178.21428571428572,475.7,Poor,0.044026177,False
2016-10-04,2016,10,post-monsoon,383.2,251.9,87.0,32.7,7.5,5.5,25.19476184523065,79.58532316539568,9.585448181022628,0.0,233.94285714285712,114.90076670969684,149.25714285714287,391.1,Very Poor,0.043819882,False
2016-10-05,2016,10,post-monsoon,185.2,7.8,142.6,25.5,5.07,194.6,25.19476184523065,79.58532316539568,9.585448181022628,0.0,240.55714285714285,109.73422220897874,-55.35714285714286,130.9,Severe,0.044131394,False
2016-10-06,2016,10,post-monsoon,322.2,240.7,143.1,46.2,1.24,105.7,25.19476184523065,79.58532316539568,9.585448181022628,0.0,240.55714285714285,109.73422220897874,81.64285714285714,172.8,Poor,0.04289727,False
2016-10-07,2016,10,post-monsoon,320.4,466.4,25.8,68.1,5.93,16.3,25.19476184523065,79.58532316539568,9.585448181022628,0.0,245.5285714285714,112.858771838756,74.87142857142857,458.8,Severe,0.043237653,False
2016-10-08,2016,10,post-monsoon,269.2,313.6,100.6,14.8,7.6,60.3,25.19476184523065,79.58532316539568,9.585448181022628,0.0,257.12857142857143,110.09957181699544,12.071428571428555,168.7,Satisfactory,0.041914668,False
2016-10-09,2016,10,post-monsoon,217.1,242.5,75.5,12.0,6.05,105.0,25.19476184523065,79.58532316539568,9.585448181022628,0.0,249.5428571428572,110.8753933798788,-32.44285714285715,381.2,Poor,0.041766755,False
2016-10-10,2016,10,post-monsoon,369.7,52.5,130.7,14.8,4.73,149.9,25.19476184523065,79.58532316539568,9.585448181022628,0.0,295.2857142857143,74.75944597109344,74.41428571428571,181.0,Poor,0.04180551,False
2016-10-11,2016,10,post-monsoon,65.7,127.1,32.9,12.7,0.6,46.4,25.19476184523065,79.58532316539568,9.585448181022628,0.0,249.92857142857144,103.37120350603315,-184.2285714285714,38.7,Moderate,0.042015422,False
2016-10-12,2016,10,post-monsoon,159.6,44.3,14.0,37.1,3.86,85.9,25.19476184523065,79.58532316539568,9.585448181022628,0.0,246.27142857142857,106.44988984315133,-86.67142857142858,215.4,Poor,0.042252693,False
2016-10-13,2016,10,post-monsoon,124.0,366.5,60.9,58.4,3.75,39.8,25.19476184523065,79.58532316539568,9.585448181022628,0.0,217.95714285714288,109.21136780181274,-93.95714285714286,15.6,Severe,0.041599926,False
2016-10-14,2016,10,post-monsoon,209.5,573.8,100.9,73.8,0.64,83.0,25.19476184523065,79.58532316539568,9.585448181022628,0.0,202.11428571428573,99.48429404637048,7.385714285714272,230.2,Very Poor,0.04244732,False
2016-10-15,2016,10,post-monsoon,97.2,296.6,35.3,61.3,5.49,59.3,25.19476184523065,79.58532316539568,9.585448181022628,0.0,177.54285714285717,101.37634268971613,-80.34285714285717,208.4,Good,0.040962636,False
2016-10-16,2016,10,post-monsoon,44.1,518.3,46.5,40.2,6.23,172.6,25.19476184523065,79.58532316539568,9.585448181022628,0.0,152.82857142857142,110.77727977471548,-108.72857142857144,358.3,Moderate,0.040642373,False
2016-10-17,2016,10,post-monsoon,442.0,233.7,25.7,73.3,3.34,15.6,25.19476184523065,79.58532316539568,9.585448181022628,0.0,163.15714285714284,135.0739162723238,278.8428571428572,326.9,Severe,0.042721085,False
2016-10-18,2016,10,post-monsoon,3.4,183.1,76.4,42.9,0.78,138.7,25.19476184523065,79.58532316539568,9.585448181022628,0.0,154.25714285714284,144.30278187596636,-150.85714285714283,180.8,Moderate,0.04219223,False
2016-10-19,2016,10,post-monsoon,250.4,508.4,17.9,77.2,4.73,43.5,25.19476184523065,79.58532316539568,9.585448181022628,0.0,167.22857142857146,148.8717872789164,83.17142857142855,209.3,Satisfactory,0.042400915,False
2016-10-20,2016,10,post-monsoon,363.9,493.6,97.8,54.6,8.45,38.9,25.19476184523065,79.58532316539568,9.585448181022628,0.0,201.5,164.09655694133238,162.39999999999998,45.7,Severe,0.04212997,False
2016-10-21,2016,10,post-monsoon,136.7,193.6,85.2,45.8,1.19,149.9,25.19476184523065,79.58532316539568,9.585448181022628,0.0,191.1,165.80309607081102,-54.400000000000006,276.9,Moderate,0.0420993,False
2016-10-22,2016,10,post-monsoon,256.6,598.3,88.1,80.5,7.85,109.3,25.19476184523065,79.58532316539568,9.585448181022628,0.0,213.87142857142857,161.65151524483875,42.728571428571456,294.8,Satisfactory,0.04129639,False
2016-10-23,2016,10,post-monsoon,34.4,288.3,54.4,71.7,6.99,185.5,25.19476184523065,79.58532316539568,9.585448181022628,0.0,212.4857142857143,163.38170469355308,-178.0857142857143,394.2,Good,0.041812614,False
2016-10-24,2016,10,post-monsoon,304.6,388.5,5.4,65.5,5.97,190.1,25.19476184523065,79.58532316539568,9.585448181022628,0.0,192.8571428571429,137.40011956742535,111.74285714285716,465.6,Good,0.042567864,False
2016-10-25,2016,10,post-monsoon,254.1,119.2,37.5,76.3,1.35,36.2,25.19476184523065,79.58532316539568,9.585448181022628,0.0,228.67142857142852,109.65916460083196,25.428571428571416,485.0,Poor,0.042605523,False
2016-10-26,2016,10,post-monsoon,122.1,592.5,142.3,11.7,2.8,175.1,25.19476184523065,79.58532316539568,9.585448181022628,0.0,210.3428571428572,115.96305240812468,-88.24285714285713,321.0,Severe,0.042970136,False
2016-10-27,2016,10,post-monsoon,480.7,483.6,119.8,39.8,7.13,72.5,25.19476184523065,79.58532316539568,9.585448181022628,0.0,227.02857142857144,146.20127352712203,253.6714285714285,292.0,Satisfactory,0.043622643,False
2016-10-28,2016,10,post-monsoon,261.7,179.7,96.2,88.8,8.57,61.3,25.19476184523065,79.58532316539568,9.585448181022628,0.0,244.8857142857143,140.8661235425493,16.81428571428569,350.2,Poor,0.043944623,False
2016-10-29,2016,10,post-monsoon,320.4,458.8,96.2,33.1,4.09,20.4,25.19476184523065,79.58532316539568,9.585448181022628,0.0,254.0,143.78414377114055,66.4,124.6,Good,0.0432657,False
2016-10-30,2016,10,post-monsoon,461.0,456.6,125.5,34.5,1.57,82.8,25.19476184523065,79.58532316539568,9.585448181022628,0.0,314.9428571428571,124.27784539950376,146.05714285714288,40.1,Good,0.043995343,False
2016-10-31,2016,10,post-monsoon,444.5,572.3,91.5,23.2,8.84,49.7,25.19476184523065,79.58532316539568,9.585448181022628,0.0,334.92857142857144,133.26163131581615,109.57142857142856,218.0,Severe,0.043704037,False
2016-11-01,2016,11,post-monsoon,242.1,189.9,58.0,86.4,8.08,35.5,25.19476184523065,79.58532316539568,9.585448181022628,0.0,333.2142857142857,134.5457100588429,-91.11428571428571,2.5,Severe,0.04338497,False
2016-11-02,2016,11,post-monsoon,60.3,149.5,142.2,57.7,5.84,188.6,25.19476184523065,79.58532316539568,9.585448181022628,0.0,324.38571428571424,151.64797425365828,-264.08571428571423,475.5,Very Poor,0.04411019,False
2016-11-03,2016,11,post-monsoon,182.4,166.2,42.0,88.5,5.38,101.1,25.19476184523065,79.58532316539568,9.585448181022628,0.0,281.7714285714286,142.00739082040448,-99.3714285714286,110.6,Very Poor,0.04362432,False
2016-11-04,2016,11,post-monsoon,13.2,441.2,99.8,41.7,7.45,181.4,25.19476184523065,79.58532316539568,9.585448181022628,0.0,246.2714285714285,175.07264886598472,-233.07142857142856,463.6,Severe,0.043144185,False
2016-11-05,2016,11,post-monsoon,125.5,289.7,77.6,23.0,7.49,118.8,25.19476184523065,79.58532316539568,9.585448181022628,0.0,218.42857142857144,176.808141915521,-92.92857142857142,473.5,Severe,0.042556446,False
2016-11-06,2016,11,post-monsoon,87.6,350.9,28.7,15.2,5.8,104.7,25.19476184523065,79.58532316539568,9.585448181022628,0.0,165.08571428571432,144.86988907949316,-77.48571428571432,373.7,Good,0.04213009,False
2016-11-07,2016,11,post-monsoon,360.4,271.6,12.1,30.1,1.89,26.7,25.19476184523065,79.58532316539568,9.585448181022628,0.0,153.07142857142858,119.01584928467408,207.3285714285714,320.6,Satisfactory,0.043216247,False
2016-11-08,2016,11,post-monsoon,191.2,103.9,17.2,95.1,4.45,59.0,25.19476184523065,79.58532316539568,9.585448181022628,0.0,145.8,114.12436199164432,45.39999999999998,356.9,Moderate,0.04410189,False
2016-11-09,2016,11,post-monsoon,184.0,489.0,20.9,94.3,3.31,7.6,25.19476184523065,79.58532316539568,9.585448181022628,0.0,163.47142857142856,108.09660362049128,20.52857142857144,167.8,Very Poor,0.04379277,False
2016-11-10,2016,11,post-monsoon,289.4,7.7,92.4,32.3,0.47,121.1,25.19476184523065,79.58532316539568,9.585448181022628,0.0,178.75714285714284,118.30285791339152,110.64285714285714,286.2,Satisfactory,0.043531965,False
2016-11-11,2016,11,post-monsoon,413.8,490.5,147.8,25.8,7.02,95.2,25.19476184523065,79.58532316539568,9.585448181022628,0.0,235.98571428571427,121.7125086501168,177.81428571428577,438.3,Severe,0.04433725,False
2016-11-12,2016,11,post-monsoon,368.6,83.6,56.1,69.4,9.84,6.1,25.19476184523065,79.58532316539568,9.585448181022628,0.0,270.7142857142857,119.59692622264504,97.8857142857143,264.8,Satisfactory,0.04600011,False
2016-11-13,2016,11,post-monsoon,37.6,16.8,100.8,97.3,2.1,139.2,25.19476184523065,79.58532316539568,9.585448181022628,0.0,263.57142857142856,133.0882127799168,-225.97142857142856,85.7,Good,0.047389824,False
2016-11-14,2016,11,post-monsoon,292.7,478.5,103.8,72.0,4.41,40.5,25.19476184523065,79.58532316539568,9.585448181022628,0.0,253.9,127.20900125384216,38.79999999999998,327.9,Satisfactory,0.04742233,False
2016-11-15,2016,11,post-monsoon,95.3,191.1,135.5,3.0,1.51,59.2,25.19476184523065,79.58532316539568,9.585448181022628,0.0,240.2,139.64336718942292,-144.89999999999998,295.3,Good,0.04811995,False
2016-11-16,2016,11,post-monsoon,452.4,236.2,27.0,75.1,6.71,44.4,25.19476184523065,79.58532316539568,9.585448181022628,0.0,278.54285714285714,157.36411976837744,173.85714285714283,202.5,Severe,0.047512963,False
2016-11-17,2016,11,post-monsoon,353.8,441.6,125.3,83.1,8.81,61.2,25.19476184523065,79.58532316539568,9.585448181022628,0.0,287.74285714285713,159.96566149378097,66.05714285714288,164.1,Good,0.04711242,False
2016-11-18,2016,11,post-monsoon,222.6,9.1,26.5,72.6,3.82,123.1,25.19476184523065,79.58532316539568,9.585448181022628,0.0,260.42857142857144,150.92204073942415,-37.82857142857145,335.2,Severe,0.04731612,False
2016-11-19,2016,11,post-monsoon,394.3,223.0,145.8,6.9,7.97,58.0,25.19476184523065,79.58532316539568,9.585448181022628,0.0,264.1,154.267581385937,130.20000000000005,444.4,Moderate,0.04797051,False
2016-11-20,2016,11,post-monsoon,233.1,550.8,34.9,5.4,2.01,150.8,25.19476184523065,79.58532316539568,9.585448181022628,0.0,292.0285714285714,120.40877202659468,-58.928571428571416,278.1,Severe,0.049187563,False
2016-11-21,2016,11,post-monsoon,1.0,252.7,16.6,10.7,2.34,36.8,25.19476184523065,79.58532316539568,9.585448181022628,0.0,250.3571428571429,163.05993639500437,-249.3571428571429,396.8,Poor,0.050423913,False
2016-11-22,2016,11,post-monsoon,186.7,522.4,14.3,31.5,0.17,178.0,25.19476184523065,79.58532316539568,9.585448181022628,0.0,263.4142857142857,151.84825131878029,-76.71428571428572,91.8,Poor,0.051106356,False
2016-11-23,2016,11,post-monsoon,174.6,139.0,83.5,64.6,8.54,160.5,25.19476184523065,79.58532316539568,9.585448181022628,0.0,223.72857142857143,128.7730783754341,-49.12857142857143,1.9,Moderate,0.05057377,False
2016-11-24,2016,11,post-monsoon,431.5,597.2,29.5,47.3,2.82,106.7,25.19476184523065,79.58532316539568,9.585448181022628,0.0,234.82857142857145,144.26997509629544,196.67142857142852,271.7,Severe,0.051200844,False
2016-11-25,2016,11,post-monsoon,491.7,242.3,29.7,84.1,3.93,138.3,25.19476184523065,79.58532316539568,9.585448181022628,0.0,273.2714285714286,173.38366622691353,218.4285714285714,416.1,Satisfactory,0.0503974,False
2016-11-26,2016,11,post-monsoon,123.7,284.6,84.6,67.1,8.41,182.9,25.19476184523065,79.58532316539568,9.585448181022628,0.0,234.6142857142857,172.06319021967312,-110.9142857142857,334.8,Satisfactory,0.049885858,False
2016-11-27,2016,11,post-monsoon,184.5,573.8,34.4,56.6,5.43,175.6,25.19476184523065,79.58532316539568,9.585448181022628,0.0,227.6714285714285,173.11180119877935,-43.17142857142855,422.9,Severe,0.05009716,False
2016-11-28,2016,11,post-monsoon,257.4,82.0,133.0,87.6,9.79,128.1,25.19476184523065,79.58532316539568,9.585448181022628,0.0,264.3,141.3733001666157,-6.900000000000034,61.7,Moderate,0.05117021,False
2016-11-29,2016,11,post-monsoon,481.8,227.4,9.5,39.8,8.96,10.2,25.19476184523065,79.58532316539568,9.585448181022628,0.0,306.45714285714286,157.46024743982088,175.34285714285716,50.8,Satisfactory,0.051856797,False
2016-11-30,2016,11,post-monsoon,384.5,202.1,114.5,2.4,8.39,175.4,25.19476184523065,79.58532316539568,9.585448181022628,0.0,336.4428571428571,147.8584667527576,48.05714285714288,422.7,Moderate,0.051844385,False
2016-12-01,2016,12,winter,465.8,13.6,144.4,54.8,0.26,159.4,25.19476184523065,79.58532316539568,9.585448181022628,0.0,341.3428571428572,152.04281038732591,124.45714285714286,295.8,Poor,0.053677347,False
2016-12-02,2016,12,winter,141.8,528.2,78.8,37.4,3.18,138.3,25.19476184523065,79.58532316539568,9.585448181022628,0.0,291.35714285714283,151.8893112010945,-149.55714285714282,285.3,Good,0.05245449,False
2016-12-03,2016,12,winter,350.4,423.9,97.7,82.7,0.54,173.7,25.19476184523065,79.58532316539568,9.585448181022628,0.0,323.74285714285713,133.2025257160801,26.657142857142844,230.7,Very Poor,0.053225968,False
2016-12-04,2016,12,winter,439.6,35.7,134.7,69.8,4.66,158.6,25.19476184523065,79.58532316539568,9.585448181022628,0.0,360.18571428571425,123.28504138204116,79.41428571428577,337.0,Moderate,0.052750222,False
2016-12-05,2016,12,winter,34.5,508.3,93.3,83.0,5.25,23.4,25.19476184523065,79.58532316539568,9.585448181022628,0.0,328.3428571428571,173.01431402384887,-293.8428571428571,491.5,Very Poor,0.054515723,False
2016-12-06,2016,12,winter,41.9,397.8,148.9,98.8,7.15,85.5,25.19476184523065,79.58532316539568,9.585448181022628,0.0,265.5,187.2874617622156,-223.6,246.3,Satisfactory,0.05590664,False
2016-12-07,2016,12,winter,142.0,220.0,23.5,34.7,3.83,94.1,25.19476184523065,79.58532316539568,9.585448181022628,0.0,230.8571428571429,184.0063029458761,-88.85714285714286,160.8,Poor,0.054932635,False
2016-12-08,2016,12,winter,470.1,307.5,89.9,9.1,6.59,59.1,25.19476184523065,79.58532316539568,9.585448181022628,0.0,231.47142857142856,184.92623497208925,238.62857142857143,130.1,Poor,0.055110186,False
2016-12-09,2016,12,winter,241.9,361.2,133.2,29.9,9.7,185.1,25.19476184523065,79.58532316539568,9.585448181022628,0.0,245.77142857142857,180.6574264022537,-3.871428571428567,74.1,Satisfactory,0.054637734,False
2016-12-10,2016,12,winter,269.5,12.2,97.0,56.6,0.98,141.3,25.19476184523065,79.58532316539568,9.585448181022628,0.0,234.2142857142857,175.35847502161042,35.28571428571428,27.3,Good,0.054397583,False
2016-12-11,2016,12,winter,119.0,52.3,56.6,94.7,4.97,126.9,25.19476184523065,79.58532316539568,9.585448181022628,0.0,188.4142857142857,153.2487784461528,-69.41428571428574,365.9,Very Poor,0.053908788,False
2016-12-12,2016,12,winter,395.5,188.3,21.9,29.4,3.93,74.2,25.19476184523065,79.58532316539568,9.585448181022628,0.0,239.9857142857143,153.56254348604926,155.5142857142857,393.1,Moderate,0.052920878,False
2016-12-13,2016,12,winter,364.1,180.9,6.9,82.1,1.18,142.5,25.19476184523065,79.58532316539568,9.585448181022628,0.0,286.01428571428573,130.91010183291755,78.08571428571429,97.1,Very Poor,0.05179602,False
2016-12-14,2016,12,winter,293.7,574.7,10.5,97.5,0.42,19.9,25.19476184523065,79.58532316539568,9.585448181022628,0.0,307.6857142857143,114.6415635589388,-13.985714285714325,126.9,Satisfactory,0.053914413,False
2016-12-15,2016,12,winter,499.0,370.0,69.1,77.0,6.16,191.8,25.19476184523065,79.58532316539568,9.585448181022628,0.0,311.8142857142857,121.76450534496854,187.1857142857143,392.8,Good,0.053186417,False
2016-12-16,2016,12,winter,335.3,27.4,19.5,1.8,9.38,142.4,25.19476184523065,79.58532316539568,9.585448181022628,0.0,325.15714285714284,117.88194457652531,10.142857142857167,434.5,Moderate,0.054087657,False
2016-12-17,2016,12,winter,372.8,33.1,99.8,37.3,4.22,112.0,25.19476184523065,79.58532316539568,9.585448181022628,0.0,339.9142857142857,116.2071631264825,32.8857142857143,201.0,Very Poor,0.05335218,False
2016-12-18,2016,12,winter,451.1,366.8,32.9,18.7,9.37,2.7,25.19476184523065,79.58532316539568,9.585448181022628,0.0,387.3571428571428,69.31569945168559,63.74285714285719,182.5,Very Poor,0.054681975,False
2016-12-19,2016,12,winter,205.0,121.5,30.2,42.5,0.85,31.7,25.19476184523065,79.58532316539568,9.585448181022628,0.0,360.1428571428572,97.32376991504373,-155.14285714285717,399.7,Very Poor,0.05434332,False
2016-12-20,2016,12,winter,244.8,448.9,107.7,32.0,3.38,132.5,25.19476184523065,79.58532316539568,9.585448181022628,0.0,343.1,106.5258966949672,-98.29999999999995,399.6,Poor,0.053079948,False
2016-12-21,2016,12,winter,434.0,85.8,135.0,57.8,3.05,79.3,25.19476184523065,79.58532316539568,9.585448181022628,0.0,363.1428571428572,108.8554371194952,70.85714285714283,363.6,Satisfactory,0.051551685,False
2016-12-22,2016,12,winter,44.0,112.9,4.5,65.8,9.79,193.6,25.19476184523065,79.58532316539568,9.585448181022628,0.0,298.1428571428572,144.28966071925,-254.1428571428572,292.7,Moderate,0.052457243,False
2016-12-23,2016,12,winter,394.4,237.5,106.7,50.3,4.44,28.2,25.19476184523065,79.58532316539568,9.585448181022628,0.0,306.5857142857143,148.49402264705762,87.81428571428569,22.1,Poor,0.052482888,False
2016-12-24,2016,12,winter,263.9,474.8,119.7,27.7,0.83,137.1,25.19476184523065,79.58532316539568,9.585448181022628,0.0,291.0285714285714,146.08582767544266,-27.12857142857144,470.4,Severe,0.052223343,False
2016-12-25,2016,12,winter,412.3,358.9,69.1,23.2,2.9,185.6,25.19476184523065,79.58532316539568,9.585448181022628,0.0,285.48571428571427,139.5918148098406,126.81428571428576,246.0,Moderate,0.051655233,False
2016-12-26,2016,12,winter,107.7,13.9,61.4,93.1,8.91,3.6,25.19476184523065,79.58532316539568,9.585448181022628,0.0,271.5857142857143,153.12989506267158,-163.8857142857143,450.1,Good,0.053428963,False
2016-12-27,2016,12,winter,493.9,552.6,89.3,81.7,3.33,2.8,25.19476184523065,79.58532316539568,9.585448181022628,0.0,307.1714285714285,173.46198156258663,186.72857142857143,409.4,Moderate,0.054620773,False
2016-12-28,2016,12,winter,264.9,565.0,124.4,43.9,6.14,177.8,25.19476184523065,79.58532316539568,9.585448181022628,0.0,283.0142857142857,164.39321182834212,-18.1142857142857,405.9,Very Poor,0.054251134,False
2016-12-29,2016,12,winter,18.9,383.2,86.6,97.2,5.85,56.3,25.19476184523065,79.58532316539568,9.585448181022628,0.0,279.42857142857144,170.63083654765464,-260.52857142857147,210.9,Poor,0.05398137,False
2016-12-30,2016,12,winter,406.9,378.9,4.3,18.2,4.92,12.4,25.19476184523065,79.58532316539568,9.585448181022628,0.0,281.21428571428567,172.0937286148786,125.68571428571433,33.9,Severe,0.054199263,False
2016-12-31,2016,12,winter,409.4,57.6,129.3,49.3,2.96,129.9,25.19476184523065,79.58532316539568,9.585448181022628,0.0,302.0,178.32787219052463,107.39999999999998,474.9,Satisfactory,0.052694228,False
2017-01-01,2017,1,winter,408.0,259.0,92.9,27.9,1.59,15.7,25.19476184523065,79.58532316539568,9.585448181022628,0.0,301.38571428571424,177.89146905319788,106.61428571428576,168.1,Poor,0.0529026,False
2017-01-02,2017,1,winter,264.7,170.7,106.7,66.1,5.2,32.4,25.19476184523065,79.58532316539568,9.585448181022628,0.0,323.8142857142857,158.21011797154935,-59.1142857142857,148.1,Satisfactory,0.051851805,False
2017-01-03,2017,1,winter,73.4,101.2,141.8,94.6,2.24,29.3,25.19476184523065,79.58532316539568,9.585448181022628,0.0,263.74285714285713,162.63495787747962,-190.3428571428572,252.3,Severe,0.052571084,False
2017-01-04,2017,1,winter,247.6,15.9,56.4,27.2,4.12,51.0,25.19476184523065,79.58532316539568,9.585448181022628,0.0,261.27142857142854,162.74585211596766,-13.67142857142855,349.4,Good,0.050873894,False
2017-01-05,2017,1,winter,211.2,363.8,104.9,85.0,8.95,193.4,25.19476184523065,79.58532316539568,9.585448181022628,0.0,288.74285714285713,127.40863206160564,-77.54285714285714,334.2,Good,0.05008689,False
2017-01-06,2017,1,winter,82.7,541.7,105.9,13.6,4.81,68.2,25.19476184523065,79.58532316539568,9.585448181022628,0.0,242.42857142857144,135.93823001993366,-159.7285714285714,273.1,Good,0.051552795,False
2017-01-07,2017,1,winter,0.7,317.3,33.8,53.1,1.24,15.9,25.19476184523065,79.58532316539568,9.585448181022628,0.0,184.0428571428572,139.979889712092,-183.3428571428572,78.0,Very Poor,0.052015632,False
2017-01-08,2017,1,winter,459.2,154.3,131.9,21.6,6.6,168.9,25.19476184523065,79.58532316539568,9.585448181022628,0.0,191.3571428571429,154.24351803930946,267.8428571428572,446.1,Very Poor,0.052240845,False
2017-01-09,2017,1,winter,232.7,574.4,57.2,5.7,8.69,93.8,25.19476184523065,79.58532316539568,9.585448181022628,0.0,186.78571428571428,152.16775204327848,45.91428571428571,80.6,Severe,0.053027414,False
2017-01-10,2017,1,winter,339.8,296.6,95.6,74.2,2.22,190.8,25.19476184523065,79.58532316539568,9.585448181022628,0.0,224.8428571428572,152.39683786245752,114.95714285714286,494.8,Good,0.052961305,False
2017-01-11,2017,1,winter,417.9,182.9,116.3,19.9,8.41,29.2,25.19476184523065,79.58532316539568,9.585448181022628,0.0,249.1714285714285,169.29205252349874,168.72857142857143,167.5,Moderate,0.053490054,False
2017-01-12,2017,1,winter,121.4,82.6,39.0,30.1,1.82,198.7,25.19476184523065,79.58532316539568,9.585448181022628,0.0,236.3428571428572,175.9216194516074,-114.94285714285716,190.3,Very Poor,0.05395033,False
2017-01-13,2017,1,winter,209.4,93.2,108.8,26.4,6.28,106.2,25.19476184523065,79.58532316539568,9.585448181022628,0.0,254.44285714285712,163.56294259543083,-45.04285714285712,156.1,Satisfactory,0.051493697,False
2017-01-14,2017,1,winter,48.1,581.0,140.6,54.4,5.2,194.4,25.19476184523065,79.58532316539568,9.585448181022628,0.0,261.2142857142857,151.87055264897398,-213.11428571428573,115.4,Very Poor,0.052336052,False
2017-01-15,2017,1,winter,343.4,97.7,141.9,56.0,9.31,96.4,25.19476184523065,79.58532316539568,9.585448181022628,0.0,244.6714285714285,131.67413963120865,98.72857142857144,325.1,Very Poor,0.051263314,False
2017-01-16,2017,1,winter,252.0,87.5,97.9,76.6,2.26,56.6,25.19476184523065,79.58532316539568,9.585448181022628,0.0,247.42857142857144,131.58372131189216,4.571428571428584,44.1,Good,0.05119182,False
2017-01-17,2017,1,winter,108.9,183.3,27.1,21.9,6.64,116.8,25.19476184523065,79.58532316539568,9.585448181022628,0.0,214.44285714285712,133.49590327225823,-105.54285714285712,359.3,Very Poor,0.049889386,False
2017-01-18,2017,1,winter,97.0,382.8,37.4,93.8,7.68,155.8,25.19476184523065,79.58532316539568,9.585448181022628,0.0,168.6,103.77377639204686,-71.6,454.1,Severe,0.050289072,False
2017-01-19,2017,1,winter,253.0,366.3,53.9,92.3,7.48,12.4,25.19476184523065,79.58532316539568,9.585448181022628,0.0,187.4,105.7003784288396,65.6,12.7,Poor,0.05116746,False
2017-01-20,2017,1,winter,483.1,25.1,18.2,70.8,7.76,103.3,25.19476184523065,79.58532316539568,9.585448181022628,0.0,226.5,154.53599364980732,256.6,26.7,Satisfactory,0.052365076,False
2017-01-21,2017,1,winter,237.6,557.7,131.9,42.0,1.87,122.7,25.19476184523065,79.58532316539568,9.585448181022628,0.0,253.57142857142856,133.20088481044604,-15.97142857142859,322.5,Satisfactory,0.050354745,False
2017-01-22,2017,1,winter,491.1,311.8,21.3,23.2,3.16,124.3,25.19476184523065,79.58532316539568,9.585448181022628,0.0,274.6714285714285,159.00159028854318,216.4285714285715,69.1,Very Poor,0.051559582,False
2017-01-23,2017,1,winter,55.9,553.6,97.8,40.8,1.66,128.5,25.19476184523065,79.58532316539568,9.585448181022628,0.0,246.65714285714284,179.60251350452435,-190.75714285714284,424.7,Moderate,0.05207829,False
2017-01-24,2017,1,winter,71.8,84.9,81.8,50.5,5.33,38.3,25.19476184523065,79.58532316539568,9.585448181022628,0.0,241.3571428571429,184.81690811126973,-169.55714285714288,334.8,Severe,0.05180808,False
2017-01-25,2017,1,winter,338.1,204.2,104.3,29.0,6.23,143.2,25.19476184523065,79.58532316539568,9.585448181022628,0.0,275.8,175.67003159332566,62.30000000000001,124.7,Very Poor,0.04965671,False
2017-01-26,2017,1,winter,384.6,255.9,16.0,11.1,2.24,105.9,25.19476184523065,79.58532316539568,9.585448181022628,0.0,294.6,179.81623953358624,90.0,36.8,Good,0.048453245,False
2017-01-27,2017,1,winter,328.8,311.3,83.5,13.2,0.98,181.9,25.19476184523065,79.58532316539568,9.585448181022628,0.0,272.5571428571429,161.3688616921169,56.24285714285713,379.7,Very Poor,0.048299916,False
2017-01-28,2017,1,winter,132.9,259.4,37.7,39.0,5.16,98.4,25.19476184523065,79.58532316539568,9.585448181022628,0.0,257.6,169.7819974751937,-124.70000000000002,249.2,Severe,0.04671572,False
2017-01-29,2017,1,winter,249.6,43.6,42.3,45.1,9.73,107.4,25.19476184523065,79.58532316539568,9.585448181022628,0.0,223.1,135.5024969019635,26.50000000000003,417.4,Satisfactory,0.045945223,False
2017-01-30,2017,1,winter,91.3,156.1,2.6,30.5,5.29,87.8,25.19476184523065,79.58532316539568,9.585448181022628,0.0,228.15714285714287,128.7128180245056,-136.8571428571429,21.6,Poor,0.045838047,False
2017-01-31,2017,1,winter,458.5,59.9,48.7,33.7,0.52,179.4,25.19476184523065,79.58532316539568,9.585448181022628,0.0,283.40000000000003,133.32279124990865,175.09999999999997,383.5,Severe,0.046555024,False
2017-02-01,2017,2,winter,421.8,206.7,91.3,40.0,0.85,11.9,25.19476184523065,79.58532316539568,9.585448181022628,0.0,295.35714285714283,142.48476944505188,126.44285714285718,292.4,Very Poor,0.047494665,False
2017-02-02,2017,2,winter,59.9,397.4,113.5,51.0,2.37,120.5,25.19476184523065,79.58532316539568,9.585448181022628,0.0,248.9714285714286,160.32560321925828,-189.07142857142856,356.9,Good,0.045983024,False
2017-02-03,2017,2,winter,15.0,315.6,139.9,50.9,1.99,72.6,25.19476184523065,79.58532316539568,9.585448181022628,0.0,204.1428571428572,177.26092685777124,-189.1428571428572,349.7,Poor,0.046843845,False
2017-02-04,2017,2,winter,24.5,228.2,114.7,93.3,1.51,190.4,25.19476184523065,79.58532316539568,9.585448181022628,0.0,188.65714285714287,188.87649277718347,-164.15714285714287,57.6,Satisfactory,0.047314845,False
2017-02-05,2017,2,winter,300.0,318.8,52.0,34.9,6.8,48.5,25.19476184523065,79.58532316539568,9.585448181022628,0.0,195.8571428571429,192.5124658919766,104.14285714285714,347.9,Poor,0.046456054,False
2017-02-06,2017,2,winter,41.5,50.5,116.8,90.7,4.17,53.3,25.19476184523065,79.58532316539568,9.585448181022628,0.0,188.7428571428571,197.86608987850707,-147.2428571428571,449.3,Severe,0.04644488,False
2017-02-07,2017,2,winter,5.5,156.8,16.8,58.7,3.16,82.1,25.19476184523065,79.58532316539568,9.585448181022628,0.0,124.02857142857142,166.5329768572946,-118.52857142857142,96.2,Moderate,0.045398846,False
2017-02-08,2017,2,winter,424.0,21.1,51.8,85.6,1.59,165.2,25.19476184523065,79.58532316539568,9.585448181022628,0.0,124.34285714285714,167.1893822101432,299.65714285714284,22.7,Severe,0.045997016,False
2017-02-09,2017,2,winter,426.5,349.2,92.9,59.8,2.49,97.0,25.19476184523065,79.58532316539568,9.585448181022628,0.0,176.71428571428572,198.18359693788483,249.78571428571428,452.0,Poor,0.04589544,False
2017-02-10,2017,2,winter,423.9,93.2,131.7,2.8,7.46,29.7,25.19476184523065,79.58532316539568,9.585448181022628,0.0,235.12857142857143,202.7823522423792,188.7714285714285,64.1,Severe,0.046639714,False
2017-02-11,2017,2,winter,363.9,589.0,140.6,57.1,4.13,29.1,25.19476184523065,79.58532316539568,9.585448181022628,0.0,283.6142857142857,183.70525694321185,80.28571428571428,421.7,Moderate,0.047237314,False
2017-02-12,2017,2,winter,477.4,440.7,102.7,75.6,1.46,91.7,25.19476184523065,79.58532316539568,9.585448181022628,0.0,308.95714285714286,198.02117611628373,168.44285714285712,187.0,Satisfactory,0.048249714,False
2017-02-13,2017,2,winter,42.3,179.9,78.6,36.5,6.38,6.8,25.19476184523065,79.58532316539568,9.585448181022628,0.0,309.07142857142856,197.8412386594003,-266.77142857142854,272.9,Good,0.047272123,False
2017-02-14,2017,2,winter,417.8,217.1,17.7,65.9,4.48,119.3,25.19476184523065,79.58532316539568,9.585448181022628,0.0,367.9714285714286,147.3254641294319,49.82857142857142,202.7,Very Poor,0.046366833,False
2017-02-15,2017,2,winter,5.2,110.1,128.7,30.9,8.45,165.7,25.19476184523065,79.58532316539568,9.585448181022628,0.0,308.1428571428572,197.33071105078804,-302.9428571428572,294.7,Severe,0.048420835,False
2017-02-16,2017,2,winter,405.0,515.9,77.3,89.0,3.22,22.6,25.19476184523065,79.58532316539568,9.585448181022628,0.0,305.07142857142856,195.3387290007261,99.92857142857144,189.2,Satisfactory,0.04927151,False
2017-02-17,2017,2,winter,332.0,176.2,24.4,36.0,4.64,138.8,25.19476184523065,79.58532316539568,9.585448181022628,0.0,291.9428571428571,189.0069298301244,40.05714285714288,265.3,Moderate,0.048150852,False
2017-02-18,2017,2,winter,91.9,402.3,85.1,39.4,4.94,132.2,25.19476184523065,79.58532316539568,9.585448181022628,0.0,253.08571428571423,199.42078150292687,-161.18571428571423,164.1,Severe,0.047363173,False
2017-02-19,2017,2,winter,389.3,47.9,88.9,48.7,6.23,137.1,25.19476184523065,79.58532316539568,9.585448181022628,0.0,240.5,185.17582635610583,148.8,25.4,Good,0.045782626,False
2017-02-20,2017,2,winter,447.5,132.5,141.9,54.7,9.76,51.6,25.19476184523065,79.58532316539568,9.585448181022628,0.0,298.38571428571424,175.99762714850684,149.11428571428576,293.2,Good,0.046722252,False
2017-02-21,2017,2,winter,139.7,418.1,37.5,80.9,1.83,194.1,25.19476184523065,79.58532316539568,9.585448181022628,0.0,258.65714285714284,175.9374212340178,-118.95714285714286,325.6,Very Poor,0.046774168,False
2017-02-22,2017,2,winter,269.2,137.6,75.1,35.5,2.07,26.2,25.19476184523065,79.58532316539568,9.585448181022628,0.0,296.37142857142857,136.40498175513645,-27.17142857142857,252.4,Moderate,0.045618817,False
2017-02-23,2017,2,winter,109.7,159.2,50.2,94.6,0.66,46.8,25.19476184523065,79.58532316539568,9.585448181022628,0.0,254.18571428571428,142.7273207736981,-144.48571428571427,50.8,Very Poor,0.04622874,False
2017-02-24,2017,2,winter,348.4,464.2,116.1,5.8,2.31,78.9,25.19476184523065,79.58532316539568,9.585448181022628,0.0,256.5285714285714,144.34297944231903,91.87142857142857,496.8,Poor,0.047027394,False
2017-02-25,2017,2,winter,210.8,541.2,117.1,91.8,7.7,143.3,25.19476184523065,79.58532316539568,9.585448181022628,0.0,273.5142857142857,127.78778539139856,-62.71428571428567,183.3,Moderate,0.047659695,False
2017-02-26,2017,2,winter,465.3,201.1,23.8,1.9,9.76,162.9,25.19476184523065,79.58532316539568,9.585448181022628,0.0,284.37142857142857,141.73249115012092,180.92857142857144,21.6,Satisfactory,0.049455885,False
2017-02-27,2017,2,winter,194.3,562.6,120.7,81.3,4.77,57.8,25.19476184523065,79.58532316539568,9.585448181022628,0.0,248.2,124.41323616614652,-53.89999999999998,344.5,Moderate,0.05027726,False
2017-02-28,2017,2,winter,193.5,168.1,147.7,48.2,7.22,96.1,25.19476184523065,79.58532316539568,9.585448181022628,0.0,255.8857142857143,118.09478436932818,-62.3857142857143,204.1,Poor,0.049689095,False
2017-03-01,2017,3,summer,463.9,134.3,24.1,0.4,7.59,33.1,25.19476184523065,79.58532316539568,9.585448181022628,0.0,283.7,142.2178493251347,180.2,383.3,Severe,0.051065907,False
2017-03-02,2017,3,summer,104.2,341.1,131.1,50.6,8.57,150.3,25.19476184523065,79.58532316539568,9.585448181022628,0.0,282.9142857142857,143.35005439565813,-178.71428571428572,187.0,Good,0.050279677,False
2017-03-03,2017,3,summer,187.0,76.6,130.0,58.0,9.15,188.6,25.19476184523065,79.58532316539568,9.585448181022628,0.0,259.85714285714283,144.04002750558456,-72.85714285714283,325.1,Satisfactory,0.05053271,False
2017-03-04,2017,3,summer,197.6,352.5,66.2,80.7,2.05,55.1,25.19476184523065,79.58532316539568,9.585448181022628,0.0,257.9714285714286,144.87329768094742,-60.3714285714286,167.4,Good,0.05018262,False
2017-03-05,2017,3,summer,433.4,172.8,87.8,93.8,1.61,131.3,25.19476184523065,79.58532316539568,9.585448181022628,0.0,253.41428571428568,137.5828893015823,179.9857142857143,65.4,Satisfactory,0.050009485,False
2017-03-06,2017,3,summer,184.6,267.8,85.0,50.8,8.41,147.7,25.19476184523065,79.58532316539568,9.585448181022628,0.0,252.0285714285714,138.32436172858007,-67.42857142857142,382.1,Poor,0.048134793,False
2017-03-07,2017,3,summer,397.0,15.4,29.1,46.8,8.83,89.4,25.19476184523065,79.58532316539568,9.585448181022628,0.0,281.1,145.1877290498984,115.90000000000003,60.1,Poor,0.04909009,False
2017-03-08,2017,3,summer,251.6,231.4,142.7,72.8,0.95,68.5,25.19476184523065,79.58532316539568,9.585448181022628,0.0,250.7714285714285,120.7563071408104,0.8285714285714505,379.6,Very Poor,0.048246093,False
2017-03-09,2017,3,summer,300.9,224.6,95.4,62.3,9.48,9.1,25.19476184523065,79.58532316539568,9.585448181022628,0.0,278.87142857142857,102.46538788432784,22.02857142857141,432.3,Poor,0.04789021,False
2017-03-10,2017,3,summer,142.4,295.6,128.8,54.7,3.88,33.7,25.19476184523065,79.58532316539568,9.585448181022628,0.0,272.5,110.2231524378312,-130.1,371.1,Severe,0.046254728,False
2017-03-11,2017,3,summer,390.3,271.2,8.2,33.7,1.88,68.1,25.19476184523065,79.58532316539568,9.585448181022628,0.0,300.0285714285714,112.44030585582932,90.2714285714286,389.8,Severe,0.046917632,False
2017-03-12,2017,3,summer,28.7,485.7,140.9,79.6,1.37,189.0,25.19476184523065,79.58532316539568,9.585448181022628,0.0,242.2142857142857,134.34454992755798,-213.51428571428573,184.6,Good,0.04758895,False
2017-03-13,2017,3,summer,406.9,493.8,12.7,58.4,5.87,88.3,25.19476184523065,79.58532316539568,9.585448181022628,0.0,273.9714285714286,144.35668457315174,132.9285714285714,117.0,Very Poor,0.047221415,False
2017-03-14,2017,3,summer,54.2,505.6,49.1,21.8,6.82,102.6,25.19476184523065,79.58532316539568,9.585448181022628,0.0,225.00000000000003,153.51935817131775,-170.8,148.7,Good,0.047231086,False
2017-03-15,2017,3,summer,255.7,280.5,147.4,77.7,2.05,193.6,25.19476184523065,79.58532316539568,9.585448181022628,0.0,225.58571428571423,153.6455274169675,30.114285714285728,321.6,Poor,0.04706505,False
2017-03-16,2017,3,summer,176.2,430.3,12.1,43.5,5.21,74.9,25.19476184523065,79.58532316539568,9.585448181022628,0.0,207.7714285714285,150.65797593982776,-31.571428571428555,373.0,Poor,0.04710555,False
2017-03-17,2017,3,summer,183.2,72.4,34.8,25.8,3.56,81.7,25.19476184523065,79.58532316539568,9.585448181022628,0.0,213.6,148.48090786360382,-30.40000000000001,272.7,Good,0.045428604,False
2017-03-18,2017,3,summer,165.6,46.5,120.5,35.9,1.6,177.9,25.19476184523065,79.58532316539568,9.585448181022628,0.0,181.5,126.58838809306322,-15.900000000000006,237.4,Good,0.045213237,False
2017-03-19,2017,3,summer,411.3,518.5,31.3,31.7,5.18,113.6,25.19476184523065,79.58532316539568,9.585448181022628,0.0,236.15714285714284,132.0959860245933,175.14285714285717,97.1,Satisfactory,0.046008613,False
2017-03-20,2017,3,summer,346.0,73.0,89.4,92.1,4.16,21.6,25.19476184523065,79.58532316539568,9.585448181022628,0.0,227.45714285714283,120.47032632067342,118.54285714285716,63.8,Satisfactory,0.046871856,False
2017-03-21,2017,3,summer,88.6,109.3,88.4,29.0,8.42,153.8,25.19476184523065,79.58532316539568,9.585448181022628,0.0,232.37142857142857,112.6741720520682,-143.77142857142857,479.0,Very Poor,0.047326162,False
2017-03-22,2017,3,summer,465.3,498.6,35.7,16.3,8.97,143.5,25.19476184523065,79.58532316539568,9.585448181022628,0.0,262.31428571428575,143.53181329785903,202.98571428571427,366.1,Severe,0.047541358,False
2017-03-23,2017,3,summer,497.3,483.4,36.5,21.5,2.32,85.6,25.19476184523065,79.58532316539568,9.585448181022628,0.0,308.1857142857143,161.59702378211722,189.1142857142857,444.9,Very Poor,0.047601044,False
2017-03-24,2017,3,summer,473.4,336.0,129.2,83.0,1.51,41.0,25.19476184523065,79.58532316539568,9.585448181022628,0.0,349.6428571428572,161.41306078033546,123.7571428571428,345.3,Good,0.04857369,False
2017-03-25,2017,3,summer,340.6,532.5,35.2,79.2,0.34,168.3,25.19476184523065,79.58532316539568,9.585448181022628,0.0,374.6428571428572,140.33297138286122,-34.042857142857144,388.4,Poor,0.048614103,False
2017-03-26,2017,3,summer,108.1,376.8,93.8,67.5,1.22,143.4,25.19476184523065,79.58532316539568,9.585448181022628,0.0,331.32857142857137,170.64998988461474,-223.22857142857137,298.2,Good,0.048613,False
2017-03-27,2017,3,summer,341.5,206.2,52.2,37.4,4.88,132.9,25.19476184523065,79.58532316539568,9.585448181022628,0.0,330.68571428571425,170.59397633534667,10.814285714285743,197.3,Very Poor,0.04725632,False
2017-03-28,2017,3,summer,258.7,504.7,13.5,30.5,2.15,96.4,25.19476184523065,79.58532316539568,9.585448181022628,0.0,354.9857142857143,139.67632140740545,-96.28571428571432,55.1,Good,0.04563918,False
2017-03-29,2017,3,summer,381.3,563.8,25.8,35.5,1.88,86.7,25.19476184523065,79.58532316539568,9.585448181022628,0.0,342.9857142857143,132.01770624391574,38.31428571428569,259.7,Severe,0.045516852,False
2017-03-30,2017,3,summer,22.9,292.8,27.6,54.1,7.2,193.5,25.19476184523065,79.58532316539568,9.585448181022628,0.0,275.2142857142857,158.67327467232192,-252.3142857142857,196.2,Very Poor,0.046500284,False
2017-03-31,2017,3,summer,354.3,83.0,27.3,64.4,2.78,169.4,25.19476184523065,79.58532316539568,9.585448181022628,0.0,258.2,139.0526399126125,96.10000000000002,243.4,Good,0.044948213,False
2017-04-01,2017,4,summer,295.3,593.8,109.5,68.2,0.17,136.1,25.19476184523065,79.58532316539568,9.585448181022628,0.0,251.72857142857143,135.5896470271694,43.57142857142858,311.2,Very Poor,0.044684496,False
2017-04-02,2017,4,summer,357.6,592.0,13.5,54.6,8.9,17.9,25.19476184523065,79.58532316539568,9.585448181022628,0.0,287.37142857142857,123.82380915755154,70.22857142857146,223.2,Good,0.04486948,False
2017-04-03,2017,4,summer,332.6,582.8,45.7,40.3,3.61,81.7,25.19476184523065,79.58532316539568,9.585448181022628,0.0,286.1,123.21960071352296,46.50000000000006,137.8,Severe,0.044815764,False
2017-04-04,2017,4,summer,294.1,104.8,133.9,6.3,9.73,7.0,25.19476184523065,79.58532316539568,9.585448181022628,0.0,291.1571428571429,122.63267450864345,2.9428571428571217,319.4,Poor,0.046430286,False
2017-04-05,2017,4,summer,470.7,321.8,62.2,44.0,5.15,173.8,25.19476184523065,79.58532316539568,9.585448181022628,0.0,303.92857142857144,137.35645494218957,166.77142857142854,358.2,Very Poor,0.046486635,False
2017-04-06,2017,4,summer,169.6,314.9,58.9,4.0,1.98,22.0,25.19476184523065,79.58532316539568,9.585448181022628,0.0,324.8857142857143,90.54784055167455,-155.2857142857143,131.4,Satisfactory,0.04614123,False
2017-04-07,2017,4,summer,317.4,142.1,110.4,8.0,2.96,187.9,25.19476184523065,79.58532316539568,9.585448181022628,0.0,319.61428571428576,89.61936971755311,-2.2142857142857792,281.8,Very Poor,0.046186615,False
2017-04-08,2017,4,summer,495.5,276.5,119.9,61.7,7.23,28.8,25.19476184523065,79.58532316539568,9.585448181022628,0.0,348.2142857142857,110.1579688231322,147.28571428571428,146.9,Severe,0.04647892,False
2017-04-09,2017,4,summer,366.3,342.4,92.6,61.2,0.54,28.3,25.19476184523065,79.58532316539568,9.585448181022628,0.0,349.45714285714286,110.33045601197158,16.842857142857156,363.8,Severe,0.046485122,False
2017-04-10,2017,4,summer,437.6,172.7,46.6,76.5,1.14,136.7,25.19476184523065,79.58532316539568,9.585448181022628,0.0,364.4571428571429,114.70749549968215,73.14285714285711,266.3,Severe,0.046554767,False
2017-04-11,2017,4,summer,403.6,594.3,128.6,7.3,9.9,92.4,25.19476184523065,79.58532316539568,9.585448181022628,0.0,380.1,110.91738667434768,23.5,15.3,Moderate,0.04601804,False
2017-04-12,2017,4,summer,314.4,139.2,36.2,4.0,5.81,12.7,25.19476184523065,79.58532316539568,9.585448181022628,0.0,357.7714285714286,105.2252934467396,-43.37142857142862,480.1,Good,0.046449013,False
2017-04-13,2017,4,summer,472.1,141.1,76.6,66.7,7.46,94.8,25.19476184523065,79.58532316539568,9.585448181022628,0.0,400.9857142857143,71.90779810682241,71.1142857142857,204.5,Poor,0.045867343,False
2017-04-14,2017,4,summer,282.5,74.0,48.9,44.1,2.78,106.8,25.19476184523065,79.58532316539568,9.585448181022628,0.0,396.0,79.480270088453,-113.5,106.7,Severe,0.04459155,False
2017-04-15,2017,4,summer,11.6,471.1,6.2,99.7,8.29,172.9,25.19476184523065,79.58532316539568,9.585448181022628,0.0,326.87142857142857,154.00999658340075,-315.27142857142854,468.9,Moderate,0.048033006,False
2017-04-16,2017,4,summer,391.8,310.2,25.4,82.1,0.55,156.8,25.19476184523065,79.58532316539568,9.585448181022628,0.0,330.5142857142857,155.3934193005123,61.285714285714334,349.5,Poor,0.04829596,False
2017-04-17,2017,4,summer,71.1,584.6,26.3,3.8,8.46,43.2,25.19476184523065,79.58532316539568,9.585448181022628,0.0,278.1571428571429,173.9359159493602,-207.0571428571429,456.2,Severe,0.04951693,False
2017-04-18,2017,4,summer,43.5,409.9,17.8,91.3,8.48,14.9,25.19476184523065,79.58532316539568,9.585448181022628,0.0,226.7142857142857,183.63265349215928,-183.2142857142857,38.2,Good,0.051394597,False
2017-04-19,2017,4,summer,217.7,582.0,83.5,13.0,3.25,167.2,25.19476184523065,79.58532316539568,9.585448181022628,0.0,212.90000000000003,179.52824290344958,4.7999999999999545,350.4,Good,0.05092856,False
2017-04-20,2017,4,summer,236.9,571.1,100.3,82.0,7.03,174.3,25.19476184523065,79.58532316539568,9.585448181022628,0.0,179.29999999999998,140.75450259227935,57.60000000000002,354.5,Good,0.050863612,False
2017-04-21,2017,4,summer,333.8,178.3,81.9,68.6,1.45,148.5,25.19476184523065,79.58532316539568,9.585448181022628,0.0,186.62857142857143,148.16378003508717,147.17142857142858,280.5,Very Poor,0.05004448,False
2017-04-22,2017,4,summer,178.9,252.9,116.5,9.5,7.06,168.4,25.19476184523065,79.58532316539568,9.585448181022628,0.0,210.52857142857144,127.24077850392815,-31.62857142857144,185.9,Severe,0.050102863,False
2017-04-23,2017,4,summer,460.4,229.2,141.2,21.9,7.22,34.0,25.19476184523065,79.58532316539568,9.585448181022628,0.0,220.32857142857145,144.9398808044875,240.07142857142853,474.3,Satisfactory,0.050750356,False
2017-04-24,2017,4,summer,86.1,314.2,111.0,60.5,7.46,197.6,25.19476184523065,79.58532316539568,9.585448181022628,0.0,222.47142857142856,142.45549848152243,-136.37142857142857,250.9,Severe,0.05067883,False
2017-04-25,2017,4,summer,439.6,252.5,72.2,64.5,2.04,94.4,25.19476184523065,79.58532316539568,9.585448181022628,0.0,279.0571428571429,138.11942727392196,160.54285714285714,313.5,Very Poor,0.050168134,False
2017-04-26,2017,4,summer,67.4,7.6,31.8,67.6,6.15,83.7,25.19476184523065,79.58532316539568,9.585448181022628,0.0,257.5857142857143,159.30513099679112,-190.18571428571428,177.6,Moderate,0.05204556,False
2017-04-27,2017,4,summer,45.6,334.3,98.0,3.3,6.54,72.4,25.19476184523065,79.58532316539568,9.585448181022628,0.0,230.2571428571429,178.67607429034678,-184.6571428571429,125.1,Poor,0.052608583,False
2017-04-28,2017,4,summer,38.0,549.6,137.8,99.3,2.89,22.7,25.19476184523065,79.58532316539568,9.585448181022628,0.0,188.0,184.97425947051832,-150.0,383.9,Poor,0.05447123,False
2017-04-29,2017,4,summer,313.2,363.2,132.9,55.5,3.03,51.5,25.19476184523065,79.58532316539568,9.585448181022628,0.0,207.18571428571428,190.74784776917247,106.0142857142857,285.8,Satisfactory,0.053067435,False
2017-04-30,2017,4,summer,403.3,31.7,91.1,35.8,8.53,166.6,25.19476184523065,79.58532316539568,9.585448181022628,0.0,199.02857142857144,178.9720715110387,204.27142857142857,136.3,Poor,0.05360008,False
2017-05-01,2017,5,summer,268.5,73.0,13.0,80.2,0.67,87.1,25.19476184523065,79.58532316539568,9.585448181022628,0.0,225.08571428571432,172.96753480129755,43.41428571428568,209.8,Very Poor,0.053878184,False
2017-05-02,2017,5,summer,215.3,566.2,99.6,51.7,3.17,120.4,25.19476184523065,79.58532316539568,9.585448181022628,0.0,193.0428571428572,145.14290494937336,22.257142857142867,184.8,Severe,0.0523576,False
2017-05-03,2017,5,summer,236.8,241.2,136.8,78.5,1.36,167.6,25.19476184523065,79.58532316539568,9.585448181022628,0.0,217.2428571428571,134.4295708682041,19.557142857142907,414.6,Severe,0.05283474,False
2017-05-04,2017,5,summer,153.3,554.0,109.3,10.1,9.98,152.8,25.19476184523065,79.58532316539568,9.585448181022628,0.0,232.62857142857143,116.47477143550176,-79.32857142857142,379.6,Very Poor,0.052310564,False
2017-05-05,2017,5,summer,483.6,483.7,138.1,42.2,8.79,82.5,25.19476184523065,79.58532316539568,9.585448181022628,0.0,296.2857142857143,114.1190814978144,187.3142857142857,472.0,Satisfactory,0.05316603,False
2017-05-06,2017,5,summer,317.4,428.3,86.8,61.9,4.38,60.4,25.19476184523065,79.58532316539568,9.585448181022628,0.0,296.88571428571424,114.23381619251282,20.514285714285734,251.2,Severe,0.051775556,False
2017-05-07,2017,5,summer,122.3,560.9,149.4,19.3,2.37,161.9,25.19476184523065,79.58532316539568,9.585448181022628,0.0,256.74285714285713,119.84171306551076,-134.44285714285712,93.2,Very Poor,0.052203033,False
2017-05-08,2017,5,summer,328.8,439.2,52.6,73.5,8.23,38.6,25.19476184523065,79.58532316539568,9.585448181022628,0.0,265.35714285714283,122.95444762380993,63.44285714285718,121.0,Satisfactory,0.05160733,False
2017-05-09,2017,5,summer,53.1,102.0,61.3,0.4,5.15,181.8,25.19476184523065,79.58532316539568,9.585448181022628,0.0,242.1857142857143,146.91026091429003,-189.08571428571432,447.2,Satisfactory,0.05270451,False
2017-05-10,2017,5,summer,21.7,378.8,136.4,71.2,0.56,79.1,25.19476184523065,79.58532316539568,9.585448181022628,0.0,211.45714285714283,169.05175595206393,-189.75714285714284,39.2,Poor,0.053041983,False
2017-05-11,2017,5,summer,0.6,532.1,46.2,79.1,0.87,123.1,25.19476184523065,79.58532316539568,9.585448181022628,0.0,189.6428571428572,186.73440012615825,-189.0428571428572,192.4,Good,0.052537408,False
2017-05-12,2017,5,summer,442.8,236.0,7.5,30.0,2.8,64.6,25.19476184523065,79.58532316539568,9.585448181022628,0.0,183.8142857142857,176.3794907632538,258.98571428571427,273.3,Severe,0.052980818,False
2017-05-13,2017,5,summer,295.6,260.0,11.7,6.5,9.34,65.5,25.19476184523065,79.58532316539568,9.585448181022628,0.0,180.7,173.80130417615774,114.9,88.8,Very Poor,0.053969827,False
2017-05-14,2017,5,summer,277.5,525.6,14.8,86.0,6.34,62.5,25.19476184523065,79.58532316539568,9.585448181022628,0.0,202.87142857142857,175.00477816606144,74.62857142857143,424.4,Moderate,0.054578815,False
2017-05-15,2017,5,summer,296.4,275.4,73.7,65.3,0.94,181.6,25.19476184523065,79.58532316539568,9.585448181022628,0.0,198.2428571428572,171.51270951101412,98.15714285714282,342.6,Satisfactory,0.052022986,False
2017-05-16,2017,5,summer,80.8,216.6,144.0,99.1,9.94,123.2,25.19476184523065,79.58532316539568,9.585448181022628,0.0,202.2,167.88707514278752,-121.4,126.0,Satisfactory,0.052646603,False
2017-05-17,2017,5,summer,374.7,14.6,11.9,46.3,8.93,117.1,25.19476184523065,79.58532316539568,9.585448181022628,0.0,252.62857142857143,157.3166309738179,122.07142857142856,210.3,Severe,0.052206162,False
2017-05-18,2017,5,summer,123.7,556.5,61.6,66.0,3.74,11.4,25.19476184523065,79.58532316539568,9.585448181022628,0.0,270.2142857142857,128.73131487160168,-146.51428571428573,430.9,Severe,0.05110721,False
2017-05-19,2017,5,summer,375.9,83.2,134.4,42.2,5.84,83.5,25.19476184523065,79.58532316539568,9.585448181022628,0.0,260.65714285714284,115.59611955919142,115.24285714285712,89.1,Good,0.05094043,False
2017-05-20,2017,5,summer,193.5,300.8,27.3,61.4,8.25,41.5,25.19476184523065,79.58532316539568,9.585448181022628,0.0,246.07142857142856,116.88645080141832,-52.57142857142858,440.4,Poor,0.0505466,False
2017-05-21,2017,5,summer,59.2,582.7,117.2,51.6,2.09,137.3,25.19476184523065,79.58532316539568,9.585448181022628,0.0,214.8857142857143,134.84558364503977,-155.6857142857143,143.7,Very Poor,0.051098563,False
2017-05-22,2017,5,summer,429.9,522.6,25.6,21.1,2.02,73.0,25.19476184523065,79.58532316539568,9.585448181022628,0.0,233.95714285714283,156.0665013932934,195.94285714285715,411.0,Severe,0.051947124,False
2017-05-23,2017,5,summer,435.4,415.7,148.5,54.2,3.65,62.4,25.19476184523065,79.58532316539568,9.585448181022628,0.0,284.6142857142857,155.61684172534623,150.78571428571428,247.1,Satisfactory,0.05113739,False
2017-05-24,2017,5,summer,485.7,270.8,56.7,47.6,2.62,4.5,25.19476184523065,79.58532316539568,9.585448181022628,0.0,300.47142857142853,171.20138934683257,185.22857142857143,57.9,Satisfactory,0.051332496,False
2017-05-25,2017,5,summer,469.7,63.4,115.2,37.5,0.28,121.8,25.19476184523065,79.58532316539568,9.585448181022628,0.0,349.9,161.32130464800176,119.8,419.8,Satisfactory,0.05253076,False
2017-05-26,2017,5,summer,128.7,171.2,113.3,60.8,7.47,152.7,25.19476184523065,79.58532316539568,9.585448181022628,0.0,314.5857142857143,180.5875265955675,-185.8857142857143,168.9,Severe,0.05191903,False
2017-05-27,2017,5,summer,267.0,166.6,144.6,8.3,3.02,149.6,25.19476184523065,79.58532316539568,9.585448181022628,0.0,325.0857142857143,174.40471542336465,-58.08571428571429,128.5,Moderate,0.051991317,False
2017-05-28,2017,5,summer,213.6,205.4,149.4,29.1,8.73,166.7,25.19476184523065,79.58532316539568,9.585448181022628,0.0,347.14285714285705,141.90974663664312,-133.54285714285706,325.2,Severe,0.05085181,False
2017-05-29,2017,5,summer,455.1,174.0,61.5,93.7,5.51,187.6,25.19476184523065,79.58532316539568,9.585448181022628,0.0,350.74285714285713,144.6521904102259,104.35714285714288,395.3,Poor,0.051849347,False
2017-05-30,2017,5,summer,425.8,549.0,26.4,24.1,2.05,65.2,25.19476184523065,79.58532316539568,9.585448181022628,0.0,349.37142857142857,143.75854425952951,76.42857142857144,237.6,Very Poor,0.051643584,False
2017-05-31,2017,5,summer,238.5,333.0,77.6,15.3,4.89,180.0,25.19476184523065,79.58532316539568,9.585448181022628,0.0,314.0571428571429,134.76919599996225,-75.55714285714288,364.2,Moderate,0.050580297,False
2017-06-01,2017,6,monsoon,498.7,214.1,100.9,38.3,7.11,124.7,25.19476184523065,79.58532316539568,9.585448181022628,0.0,318.2,140.667788305165,180.5,366.4,Moderate,0.051103394,False
2017-06-02,2017,6,monsoon,325.1,511.8,41.2,29.7,1.46,131.7,25.19476184523065,79.58532316539568,9.585448181022628,0.0,346.2571428571428,113.54257435198588,-21.157142857142787,175.4,Good,0.050755262,False
2017-06-03,2017,6,monsoon,122.9,527.4,75.0,71.8,7.48,69.2,25.19476184523065,79.58532316539568,9.585448181022628,0.0,325.6714285714285,140.23302885180948,-202.7714285714285,78.3,Moderate,0.04996631,False
2017-06-04,2017,6,monsoon,440.4,219.0,125.8,72.4,0.69,9.1,25.19476184523065,79.58532316539568,9.585448181022628,0.0,358.07142857142856,136.16542285379367,82.32857142857142,470.4,Good,0.05002597,False
2017-06-05,2017,6,monsoon,441.4,110.3,114.7,12.5,5.94,126.1,25.19476184523065,79.58532316539568,9.585448181022628,0.0,356.11428571428576,134.62814748498232,85.28571428571422,250.5,Satisfactory,0.05103969,False
2017-06-06,2017,6,monsoon,239.9,341.8,59.9,19.4,7.38,109.7,25.19476184523065,79.58532316539568,9.585448181022628,0.0,329.5571428571428,136.90697397798832,-89.65714285714282,246.3,Poor,0.04919385,False
2017-06-07,2017,6,monsoon,358.3,377.7,135.2,31.9,2.51,64.6,25.19476184523065,79.58532316539568,9.585448181022628,0.0,346.6714285714285,130.9870058986225,11.62857142857149,196.4,Poor,0.048689038,False
2017-06-08,2017,6,monsoon,342.1,66.7,73.7,89.5,0.37,13.4,25.19476184523065,79.58532316539568,9.585448181022628,0.0,324.3,112.80545199590333,17.80000000000001,321.1,Moderate,0.048278373,False
2017-06-09,2017,6,monsoon,229.2,590.0,129.1,40.8,0.98,181.7,25.19476184523065,79.58532316539568,9.585448181022628,0.0,310.6,118.3778977118056,-81.40000000000003,329.9,Very Poor,0.04801595,False
2017-06-10,2017,6,monsoon,30.9,49.4,47.4,72.6,4.13,14.3,25.19476184523065,79.58532316539568,9.585448181022628,0.0,297.45714285714286,144.8399214897015,-266.5571428571429,230.1,Moderate,0.048351645,False
2017-06-11,2017,6,monsoon,151.3,440.2,43.0,46.3,5.33,158.6,25.19476184523065,79.58532316539568,9.585448181022628,0.0,256.15714285714284,138.3600599540063,-104.85714285714285,465.8,Moderate,0.047472343,False
2017-06-12,2017,6,monsoon,239.1,581.5,121.1,53.5,4.51,175.5,25.19476184523065,79.58532316539568,9.585448181022628,0.0,227.2571428571429,111.79639017939208,11.8428571428571,426.6,Satisfactory,0.046689004,False
2017-06-13,2017,6,monsoon,272.3,58.4,122.0,3.7,4.25,42.4,25.19476184523065,79.58532316539568,9.585448181022628,0.0,231.8857142857143,113.0705152927652,40.41428571428571,424.9,Very Poor,0.046491217,False
2017-06-14,2017,6,monsoon,11.5,65.9,77.6,8.7,2.38,190.9,25.19476184523065,79.58532316539568,9.585448181022628,0.0,182.3428571428572,123.90687171074435,-170.84285714285716,2.1,Very Poor,0.04798836,False
2017-06-15,2017,6,monsoon,383.6,523.6,76.4,44.8,3.17,104.0,25.19476184523065,79.58532316539568,9.585448181022628,0.0,188.27142857142857,133.4500744883733,195.32857142857145,434.9,Good,0.04579389,False
2017-06-16,2017,6,monsoon,404.3,370.3,3.9,62.1,1.11,156.5,25.19476184523065,79.58532316539568,9.585448181022628,0.0,213.28571428571428,156.773046456456,191.01428571428573,488.5,Very Poor,0.04548848,False
2017-06-17,2017,6,monsoon,272.0,339.8,139.0,16.7,2.36,43.9,25.19476184523065,79.58532316539568,9.585448181022628,0.0,247.72857142857143,134.99714459061374,24.271428571428544,499.8,Moderate,0.044608288,False
2017-06-18,2017,6,monsoon,91.6,222.9,0.4,90.9,7.19,191.6,25.19476184523065,79.58532316539568,9.585448181022628,0.0,239.2,143.70912752269203,-147.6,369.9,Satisfactory,0.04665401,False
2017-06-19,2017,6,monsoon,183.0,291.8,112.3,78.0,9.46,93.3,25.19476184523065,79.58532316539568,9.585448181022628,0.0,231.18571428571428,145.27141756692808,-48.18571428571428,309.6,Satisfactory,0.046959165,False
2017-06-20,2017,6,monsoon,97.9,210.1,144.6,98.8,8.3,6.1,25.19476184523065,79.58532316539568,9.585448181022628,0.0,206.27142857142857,151.85099839739524,-108.37142857142857,97.2,Poor,0.048460312,False
2017-06-21,2017,6,monsoon,328.1,516.3,13.3,28.1,7.58,161.0,25.19476184523065,79.58532316539568,9.585448181022628,0.0,251.5,129.70433043400425,76.60000000000002,131.9,Good,0.048462786,False
2017-06-22,2017,6,monsoon,420.1,323.4,45.4,86.1,0.3,21.0,25.19476184523065,79.58532316539568,9.585448181022628,0.0,256.7142857142857,136.45787419043089,163.3857142857143,498.6,Satisfactory,0.04928707,False
2017-06-23,2017,6,monsoon,24.7,149.7,92.2,35.2,5.7,115.7,25.19476184523065,79.58532316539568,9.585448181022628,0.0,202.4857142857143,143.28783884860843,-177.7857142857143,486.0,Satisfactory,0.04881756,False
2017-06-24,2017,6,monsoon,232.7,460.2,106.5,95.3,5.41,157.3,25.19476184523065,79.58532316539568,9.585448181022628,0.0,196.87142857142857,140.85953658740704,35.82857142857142,142.9,Moderate,0.048110567,False
2017-06-25,2017,6,monsoon,102.3,548.1,137.8,67.3,0.55,66.4,25.19476184523065,79.58532316539568,9.585448181022628,0.0,198.40000000000003,139.57899794262272,-96.10000000000004,301.8,Very Poor,0.048839204,False
2017-06-26,2017,6,monsoon,390.1,561.4,121.9,32.7,1.67,191.0,25.19476184523065,79.58532316539568,9.585448181022628,0.0,227.9857142857143,156.6728590468202,162.11428571428573,295.2,Poor,0.049252193,False
2017-06-27,2017,6,monsoon,460.7,420.2,103.3,31.1,1.99,63.3,25.19476184523065,79.58532316539568,9.585448181022628,0.0,279.81428571428575,166.18691714022336,180.88571428571424,76.1,Moderate,0.04856492,False
2017-06-28,2017,6,monsoon,96.9,312.8,32.0,93.8,0.67,148.8,25.19476184523065,79.58532316539568,9.585448181022628,0.0,246.78571428571428,177.57555601838368,-149.88571428571427,62.2,Severe,0.0484869,False
2017-06-29,2017,6,monsoon,162.1,245.6,106.7,20.7,7.87,162.1,25.19476184523065,79.58532316539568,9.585448181022628,0.0,209.92857142857144,161.67001076560982,-47.82857142857142,172.8,Poor,0.047956254,False
2017-06-30,2017,6,monsoon,492.6,208.6,44.3,92.5,7.29,179.9,25.19476184523065,79.58532316539568,9.585448181022628,0.0,276.7714285714286,168.88896465119447,215.82857142857145,237.2,Very Poor,0.049628615,False
2017-07-01,2017,7,monsoon,330.8,122.1,129.4,2.8,7.11,1.8,25.19476184523065,79.58532316539568,9.585448181022628,0.0,290.78571428571433,168.6924660298679,40.01428571428568,340.3,Very Poor,0.050896373,False
2017-07-02,2017,7,monsoon,469.7,169.4,113.7,48.9,9.73,97.2,25.19476184523065,79.58532316539568,9.585448181022628,0.0,343.2714285714286,157.0260563758526,126.4285714285714,96.8,Good,0.051598288,False
2017-07-03,2017,7,monsoon,269.6,390.3,20.2,73.1,8.25,91.9,25.19476184523065,79.58532316539568,9.585448181022628,0.0,326.0571428571429,157.64059182354094,-56.457142857142856,165.8,Very Poor,0.051475998,False
2017-07-04,2017,7,monsoon,454.7,186.9,128.6,44.0,9.05,122.3,25.19476184523065,79.58532316539568,9.585448181022628,0.0,325.2,156.8005527201144,129.5,37.2,Satisfactory,0.0509417,False
2017-07-05,2017,7,monsoon,422.1,523.2,104.9,19.4,8.95,198.8,25.19476184523065,79.58532316539568,9.585448181022628,0.0,371.6571428571429,122.25610901086392,50.44285714285718,163.7,Very Poor,0.051687542,False
2017-07-06,2017,7,monsoon,301.5,5.5,26.6,25.5,5.13,166.3,25.19476184523065,79.58532316539568,9.585448181022628,0.0,391.57142857142856,89.35986635109617,-90.07142857142856,463.1,Satisfactory,0.05282364,False
2017-07-07,2017,7,monsoon,190.5,288.0,80.4,3.3,6.95,55.6,25.19476184523065,79.58532316539568,9.585448181022628,0.0,348.4142857142857,104.16036399980308,-157.9142857142857,88.6,Very Poor,0.053158354,False
2017-07-08,2017,7,monsoon,392.2,394.6,25.3,97.7,8.18,75.6,25.19476184523065,79.58532316539568,9.585448181022628,0.0,357.1857142857143,105.01162520679068,35.01428571428568,376.8,Moderate,0.052511726,False
2017-07-09,2017,7,monsoon,403.5,147.0,57.0,62.3,3.19,94.7,25.19476184523065,79.58532316539568,9.585448181022628,0.0,347.72857142857146,95.7637146711587,55.771428571428544,369.4,Severe,0.051107608,False
2017-07-10,2017,7,monsoon,65.1,341.6,98.1,79.9,2.17,73.3,25.19476184523065,79.58532316539568,9.585448181022628,0.0,318.5142857142857,143.0761152740205,-253.41428571428568,16.8,Satisfactory,0.05019301,False
2017-07-11,2017,7,monsoon,213.2,440.0,46.2,30.4,9.22,123.0,25.19476184523065,79.58532316539568,9.585448181022628,0.0,284.0142857142857,133.5648709874898,-70.81428571428569,41.3,Very Poor,0.05038626,False
2017-07-12,2017,7,monsoon,339.1,362.3,96.2,31.3,8.75,46.6,25.19476184523065,79.58532316539568,9.585448181022628,0.0,272.15714285714284,122.4881471428,66.94285714285718,269.3,Poor,0.049895756,False
2017-07-13,2017,7,monsoon,461.7,418.1,99.0,76.7,5.63,31.2,25.19476184523065,79.58532316539568,9.585448181022628,0.0,295.04285714285714,142.2552149851675,166.65714285714284,57.8,Poor,0.049398508,False
2017-07-14,2017,7,monsoon,241.4,238.2,59.7,99.1,3.56,107.4,25.19476184523065,79.58532316539568,9.585448181022628,0.0,302.3142857142857,137.23307944966524,-60.91428571428568,459.8,Severe,0.047282826,False
2017-07-15,2017,7,monsoon,231.1,474.9,36.5,84.2,5.81,57.7,25.19476184523065,79.58532316539568,9.585448181022628,0.0,279.3,133.09266195649818,-48.20000000000002,51.5,Good,0.047224373,False
2017-07-16,2017,7,monsoon,226.7,348.7,108.8,83.3,9.77,40.9,25.19476184523065,79.58532316539568,9.585448181022628,0.0,254.0428571428572,121.89995702956402,-27.34285714285716,167.7,Very Poor,0.046251725,False
2017-07-17,2017,7,monsoon,113.5,249.9,59.7,97.0,9.55,191.7,25.19476184523065,79.58532316539568,9.585448181022628,0.0,260.95714285714286,110.2087694203274,-147.45714285714286,97.5,Very Poor,0.046925332,False
2017-07-18,2017,7,monsoon,272.9,411.0,28.2,25.0,2.98,92.4,25.19476184523065,79.58532316539568,9.585448181022628,0.0,269.4857142857143,108.1885457364663,3.414285714285654,90.6,Satisfactory,0.045465034,False
2017-07-19,2017,7,monsoon,418.9,217.5,111.9,92.5,5.07,128.1,25.19476184523065,79.58532316539568,9.585448181022628,0.0,280.8857142857143,120.2756061243154,138.01428571428568,133.9,Moderate,0.045522828,False
2017-07-20,2017,7,monsoon,272.7,523.0,125.3,95.9,9.07,124.2,25.19476184523065,79.58532316539568,9.585448181022628,0.0,253.8857142857143,90.4318606939582,18.81428571428569,139.9,Good,0.044148076,False
2017-07-21,2017,7,monsoon,22.2,197.5,12.8,34.5,1.81,118.8,25.19476184523065,79.58532316539568,9.585448181022628,0.0,222.57142857142856,126.31034154396234,-200.3714285714286,338.1,Very Poor,0.045022726,False
2017-07-22,2017,7,monsoon,102.4,587.7,64.8,59.9,2.89,21.6,25.19476184523065,79.58532316539568,9.585448181022628,0.0,204.18571428571428,133.99503011394913,-101.78571428571428,308.8,Moderate,0.04470487,False
2017-07-23,2017,7,monsoon,409.3,329.5,139.7,92.2,7.15,198.6,25.19476184523065,79.58532316539568,9.585448181022628,0.0,230.27142857142857,155.2040239414529,179.02857142857144,75.8,Good,0.045232546,False
2017-07-24,2017,7,monsoon,200.0,474.9,50.7,71.9,0.4,30.0,25.19476184523065,79.58532316539568,9.585448181022628,0.0,242.62857142857143,147.61528505189568,-42.62857142857143,178.6,Moderate,0.04594559,False
2017-07-25,2017,7,monsoon,462.7,498.3,2.7,82.9,1.7,26.2,25.19476184523065,79.58532316539568,9.585448181022628,0.0,269.74285714285713,169.85798830339485,192.95714285714288,197.3,Satisfactory,0.046372034,False
2017-07-26,2017,7,monsoon,476.4,316.1,22.8,50.8,9.6,47.5,25.19476184523065,79.58532316539568,9.585448181022628,0.0,277.95714285714286,179.3959387977969,198.44285714285712,4.7,Severe,0.04552622,False
2017-07-27,2017,7,monsoon,291.4,264.8,118.5,24.0,7.43,194.4,25.19476184523065,79.58532316539568,9.585448181022628,0.0,280.62857142857143,179.44383257058203,10.771428571428544,272.9,Severe,0.045523535,False
2017-07-28,2017,7,monsoon,138.0,40.7,38.7,47.8,6.97,141.9,25.19476184523065,79.58532316539568,9.585448181022628,0.0,297.1714285714285,155.37184123134756,-159.17142857142852,0.8,Satisfactory,0.044850048,False
2017-07-29,2017,7,monsoon,108.1,462.3,36.3,11.4,2.96,91.9,25.19476184523065,79.58532316539568,9.585448181022628,0.0,297.9857142857143,154.19139003817557,-189.8857142857144,352.4,Poor,0.04569626,False
2017-07-30,2017,7,monsoon,246.2,102.9,107.8,87.8,6.6,39.7,25.19476184523065,79.58532316539568,9.585448181022628,0.0,274.68571428571425,146.70865037630918,-28.485714285714263,412.7,Very Poor,0.04474841,False
2017-07-31,2017,7,monsoon,404.7,523.1,81.3,76.0,4.73,34.6,25.19476184523065,79.58532316539568,9.585448181022628,0.0,303.92857142857144,149.71100732506525,100.77142857142854,286.8,Severe,0.043480374,False
2017-08-01,2017,8,monsoon,374.7,322.9,108.7,83.3,9.75,130.3,25.19476184523065,79.58532316539568,9.585448181022628,0.0,291.35714285714283,137.34036620919656,83.34285714285716,299.2,Moderate,0.043096162,False
2017-08-02,2017,8,monsoon,353.8,105.6,108.1,76.5,3.4,0.7,25.19476184523065,79.58532316539568,9.585448181022628,0.0,273.8428571428571,115.96354106848791,79.95714285714291,220.1,Poor,0.043961145,False
2017-08-03,2017,8,monsoon,288.6,198.4,26.8,19.3,1.01,54.1,25.19476184523065,79.58532316539568,9.585448181022628,0.0,273.4428571428571,115.89769708875248,15.1571428571429,122.9,Very Poor,0.043996077,False
2017-08-04,2017,8,monsoon,61.4,531.1,93.9,52.7,4.71,139.9,25.19476184523065,79.58532316539568,9.585448181022628,0.0,262.5,133.14956502620166,-201.1,468.5,Satisfactory,0.04278511,False
2017-08-05,2017,8,monsoon,90.7,434.7,111.0,67.7,0.75,66.0,25.19476184523065,79.58532316539568,9.585448181022628,0.0,260.0142857142857,136.62934565911573,-169.3142857142857,176.5,Very Poor,0.042345867,False
2017-08-06,2017,8,monsoon,64.7,135.9,16.0,54.7,6.96,6.1,25.19476184523065,79.58532316539568,9.585448181022628,0.0,234.08571428571432,155.59363128109754,-169.3857142857143,220.8,Severe,0.043082643,False
2017-08-07,2017,8,monsoon,370.1,116.1,52.4,43.8,5.22,197.2,25.19476184523065,79.58532316539568,9.585448181022628,0.0,229.1428571428572,149.70854859963598,140.95714285714288,174.8,Moderate,0.0434701,False
2017-08-08,2017,8,monsoon,376.4,2.7,102.5,15.4,7.82,68.8,25.19476184523065,79.58532316539568,9.585448181022628,0.0,229.3857142857143,149.98514847112298,147.01428571428568,415.1,Moderate,0.045075525,False
2017-08-09,2017,8,monsoon,330.9,304.1,15.1,4.0,3.92,61.4,25.19476184523065,79.58532316539568,9.585448181022628,0.0,226.1142857142857,147.04001075185215,104.78571428571428,100.7,Good,0.04527001,False
2017-08-10,2017,8,monsoon,93.4,124.7,77.1,93.5,2.47,40.0,25.19476184523065,79.58532316539568,9.585448181022628,0.0,198.22857142857143,151.65196684388596,-104.82857142857142,355.0,Very Poor,0.045695838,False
2017-08-11,2017,8,monsoon,96.5,20.1,14.6,6.5,2.56,61.3,25.19476184523065,79.58532316539568,9.585448181022628,0.0,203.2428571428572,146.87895080805905,-106.74285714285716,299.4,Severe,0.04741985,False
2017-08-12,2017,8,monsoon,51.1,228.4,111.3,1.2,6.31,98.2,25.19476184523065,79.58532316539568,9.585448181022628,0.0,197.58571428571423,152.5877280842231,-146.48571428571427,260.8,Satisfactory,0.04798578,False
2017-08-13,2017,8,monsoon,306.1,425.1,59.2,88.6,8.91,173.5,25.19476184523065,79.58532316539568,9.585448181022628,0.0,232.07142857142856,144.62017741064264,74.02857142857144,268.2,Poor,0.048855048,False
2017-08-14,2017,8,monsoon,115.2,5.6,92.8,55.5,7.31,126.5,25.19476184523065,79.58532316539568,9.585448181022628,0.0,195.65714285714287,135.90132274488562,-80.45714285714287,325.1,Satisfactory,0.04925441,False
2017-08-15,2017,8,monsoon,172.7,538.0,139.4,61.8,3.43,150.1,25.19476184523065,79.58532316539568,9.585448181022628,0.0,166.55714285714285,110.11085107204272,6.142857142857139,113.9,Satisfactory,0.049456,False
2017-08-16,2017,8,monsoon,239.3,534.0,82.6,3.1,3.09,49.2,25.19476184523065,79.58532316539568,9.585448181022628,0.0,153.4714285714286,91.132407596232,85.82857142857142,311.8,Poor,0.048667647,False
2017-08-17,2017,8,monsoon,142.6,408.2,147.1,41.9,5.3,12.2,25.19476184523065,79.58532316539568,9.585448181022628,0.0,160.5,87.55426888507522,-17.900000000000006,268.2,Severe,0.049420156,False
2017-08-18,2017,8,monsoon,405.3,222.5,135.2,59.9,1.44,147.3,25.19476184523065,79.58532316539568,9.585448181022628,0.0,204.6142857142857,121.24565186116216,200.6857142857143,133.4,Satisfactory,0.049863134,False
2017-08-19,2017,8,monsoon,415.5,102.9,85.1,81.7,1.55,189.6,25.19476184523065,79.58532316539568,9.585448181022628,0.0,256.6714285714286,122.56941862043897,158.82857142857142,396.1,Very Poor,0.049967863,False
2017-08-20,2017,8,monsoon,77.7,398.2,140.2,44.8,2.97,197.8,25.19476184523065,79.58532316539568,9.585448181022628,0.0,224.0428571428572,136.79351662442275,-146.34285714285716,116.2,Satisfactory,0.05028331,False
2017-08-21,2017,8,monsoon,466.0,536.1,53.5,26.2,2.05,115.0,25.19476184523065,79.58532316539568,9.585448181022628,0.0,274.15714285714284,153.50960726876204,191.8428571428572,300.8,Satisfactory,0.0504617,False
2017-08-22,2017,8,monsoon,497.5,161.9,68.9,74.2,7.92,121.4,25.19476184523065,79.58532316539568,9.585448181022628,0.0,320.5571428571429,166.28738033038732,176.94285714285712,158.0,Satisfactory,0.04945833,False
2017-08-23,2017,8,monsoon,187.5,367.7,37.1,94.0,7.29,173.9,25.19476184523065,79.58532316539568,9.585448181022628,0.0,313.15714285714284,171.57462766138497,-125.65714285714284,15.5,Severe,0.049606185,False
2017-08-24,2017,8,monsoon,273.2,4.5,33.4,35.9,4.4,159.1,25.19476184523065,79.58532316539568,9.585448181022628,0.0,331.8142857142857,156.36353399020115,-58.6142857142857,146.0,Poor,0.04781652,False
2017-08-25,2017,8,monsoon,287.9,107.7,89.7,59.3,6.84,58.3,25.19476184523065,79.58532316539568,9.585448181022628,0.0,315.04285714285714,153.43656514602233,-27.142857142857167,418.9,Moderate,0.046114,False
2017-08-26,2017,8,monsoon,149.0,525.4,110.6,10.1,0.87,79.8,25.19476184523065,79.58532316539568,9.585448181022628,0.0,276.9714285714286,157.36858765634398,-127.9714285714286,473.0,Good,0.046615567,False
2017-08-27,2017,8,monsoon,298.4,114.9,71.7,22.7,3.75,132.7,25.19476184523065,79.58532316539568,9.585448181022628,0.0,308.5,130.6273069971718,-10.100000000000025,493.5,Good,0.045905996,False
2017-08-28,2017,8,monsoon,317.8,103.1,87.0,58.9,4.5,19.1,25.19476184523065,79.58532316539568,9.585448181022628,0.0,287.3285714285714,111.4477413302714,30.47142857142859,154.1,Severe,0.045277175,False
2017-08-29,2017,8,monsoon,348.4,510.7,142.3,47.4,8.63,5.8,25.19476184523065,79.58532316539568,9.585448181022628,0.0,266.0285714285714,71.76983382744511,82.37142857142857,399.4,Severe,0.046425343,False
2017-08-30,2017,8,monsoon,402.9,5.9,10.0,40.8,2.95,12.3,25.19476184523065,79.58532316539568,9.585448181022628,0.0,296.8,78.36276751961587,106.09999999999997,298.7,Good,0.047206048,False
2017-08-31,2017,8,monsoon,466.9,121.5,12.7,43.9,5.38,144.7,25.19476184523065,79.58532316539568,9.585448181022628,0.0,324.4714285714286,99.88446182608054,142.4285714285714,283.7,Moderate,0.0470442,False
2017-09-01,2017,9,monsoon,30.2,551.9,55.9,78.4,1.38,2.5,25.19476184523065,79.58532316539568,9.585448181022628,0.0,287.65714285714284,150.35103211199743,-257.45714285714286,230.9,Good,0.04857031,False
2017-09-02,2017,9,monsoon,489.2,422.3,127.7,30.5,7.96,96.8,25.19476184523065,79.58532316539568,9.585448181022628,0.0,336.2571428571428,153.02102096490822,152.94285714285718,115.0,Good,0.049164984,False
2017-09-03,2017,9,monsoon,481.3,491.5,45.7,55.3,1.48,172.3,25.19476184523065,79.58532316539568,9.585448181022628,0.0,362.38571428571424,160.89227688706748,118.91428571428575,430.4,Satisfactory,0.049586497,False
2017-09-04,2017,9,monsoon,495.1,259.9,88.5,80.6,1.88,158.6,25.19476184523065,79.58532316539568,9.585448181022628,0.0,387.7142857142857,166.55949316056646,107.3857142857143,56.3,Severe,0.049403057,False
2017-09-05,2017,9,monsoon,208.5,596.5,36.3,53.0,1.91,192.2,25.19476184523065,79.58532316539568,9.585448181022628,0.0,367.7285714285714,179.92060021285056,-159.2285714285714,87.6,Very Poor,0.0494703,False
2017-09-06,2017,9,monsoon,356.0,343.8,94.6,81.1,5.15,166.5,25.19476184523065,79.58532316539568,9.585448181022628,0.0,361.0285714285714,179.26462482677871,-5.028571428571411,235.7,Good,0.048844967,False
2017-09-07,2017,9,monsoon,468.6,232.9,104.4,13.0,5.98,57.6,25.19476184523065,79.58532316539568,9.585448181022628,0.0,361.2714285714285,179.4330303510265,107.32857142857148,484.4,Very Poor,0.048190508,False
2017-09-08,2017,9,monsoon,16.7,186.7,30.2,90.8,0.48,187.3,25.19476184523065,79.58532316539568,9.585448181022628,0.0,359.3428571428572,183.60846800681483,-342.6428571428572,334.4,Very Poor,0.050198913,False
2017-09-09,2017,9,monsoon,171.2,274.2,76.1,74.4,6.12,96.6,25.19476184523065,79.58532316539568,9.585448181022628,0.0,313.9142857142857,185.4548411210614,-142.71428571428572,136.4,Severe,0.04889743,False
2017-09-10,2017,9,monsoon,357.5,199.9,71.7,28.7,9.12,0.6,25.19476184523065,79.58532316539568,9.585448181022628,0.0,296.2285714285714,172.26589635682126,61.2714285714286,236.9,Poor,0.048331827,False
2017-09-11,2017,9,monsoon,486.4,5.9,35.8,65.2,9.43,7.0,25.19476184523065,79.58532316539568,9.585448181022628,0.0,294.9857142857143,170.61542943680325,191.41428571428565,342.4,Severe,0.04976765,False
2017-09-12,2017,9,monsoon,433.5,426.1,23.4,61.9,9.75,71.8,25.19476184523065,79.58532316539568,9.585448181022628,0.0,327.12857142857143,172.78697592011693,106.37142857142857,320.8,Very Poor,0.049705748,False
2017-09-13,2017,9,monsoon,213.7,337.7,130.0,15.0,7.61,12.3,25.19476184523065,79.58532316539568,9.585448181022628,0.0,306.8,177.1401328515554,-93.10000000000002,487.8,Poor,0.05022775,False
2017-09-14,2017,9,monsoon,12.7,489.7,63.7,33.1,6.79,144.5,25.19476184523065,79.58532316539568,9.585448181022628,0.0,241.67142857142852,191.00402015215732,-228.9714285714286,162.1,Moderate,0.05083898,False
2017-09-15,2017,9,monsoon,207.5,357.0,16.1,86.1,6.82,108.3,25.19476184523065,79.58532316539568,9.585448181022628,0.0,268.92857142857144,165.45396856614153,-61.428571428571445,19.8,Satisfactory,0.050339393,False
2017-09-16,2017,9,monsoon,117.5,273.4,147.7,16.5,1.96,108.6,25.19476184523065,79.58532316539568,9.585448181022628,0.0,261.25714285714287,171.86131867625969,-143.75714285714287,408.9,Moderate,0.050775275,False
2017-09-17,2017,9,monsoon,239.9,402.6,126.8,72.6,6.69,94.1,25.19476184523065,79.58532316539568,9.585448181022628,0.0,244.45714285714288,166.55111184601228,-4.55714285714285,387.5,Severe,0.050005715,False
2017-09-18,2017,9,monsoon,307.4,164.4,136.8,2.9,1.09,102.4,25.19476184523065,79.58532316539568,9.585448181022628,0.0,218.88571428571427,133.7184907254969,88.5142857142857,93.8,Moderate,0.049897235,False
2017-09-19,2017,9,monsoon,85.6,47.2,52.8,90.5,3.2,104.8,25.19476184523065,79.58532316539568,9.585448181022628,0.0,169.18571428571428,101.40592403095332,-83.58571428571429,480.1,Moderate,0.049507603,False
2017-09-20,2017,9,monsoon,200.1,342.4,56.5,69.1,0.11,61.9,25.19476184523065,79.58532316539568,9.585448181022628,0.0,167.2428571428571,100.53748649372652,32.85714285714289,286.0,Very Poor,0.04886204,False
2017-09-21,2017,9,monsoon,333.7,558.9,52.3,22.6,1.22,182.8,25.19476184523065,79.58532316539568,9.585448181022628,0.0,213.1,91.05955926388712,120.60000000000002,453.0,Poor,0.0493228,False
2017-09-22,2017,9,monsoon,367.4,341.5,70.5,71.7,7.7,162.4,25.19476184523065,79.58532316539568,9.585448181022628,0.0,235.94285714285712,107.91633884855536,131.45714285714286,309.3,Poor,0.048606724,False
2017-09-23,2017,9,monsoon,227.1,39.0,133.7,75.9,9.1,120.8,25.19476184523065,79.58532316539568,9.585448181022628,0.0,251.6,95.05181043339832,-24.49999999999997,18.4,Satisfactory,0.049117673,False
2017-09-24,2017,9,monsoon,264.5,224.9,146.3,62.5,6.85,85.6,25.19476184523065,79.58532316539568,9.585448181022628,0.0,255.1142857142857,95.00188469308448,9.3857142857143,314.6,Good,0.04934573,False
2017-09-25,2017,9,monsoon,251.1,237.4,110.4,1.5,4.45,167.2,25.19476184523065,79.58532316539568,9.585448181022628,0.0,247.07142857142856,92.178860813922,4.028571428571411,127.7,Poor,0.048753917,False
2017-09-26,2017,9,monsoon,85.4,43.0,124.8,55.6,0.12,47.5,25.19476184523065,79.58532316539568,9.585448181022628,0.0,247.0428571428572,92.23726392918908,-161.64285714285714,389.2,Very Poor,0.05052221,False
2017-09-27,2017,9,monsoon,120.4,546.3,118.5,95.0,5.18,126.6,25.19476184523065,79.58532316539568,9.585448181022628,0.0,235.65714285714287,103.25826612823572,-115.25714285714288,80.6,Moderate,0.051308107,False
2017-09-28,2017,9,monsoon,250.5,84.6,54.4,43.7,7.57,138.1,25.19476184523065,79.58532316539568,9.585448181022628,0.0,223.77142857142857,94.5098180840792,26.728571428571428,90.5,Good,0.04988339,False
2017-09-29,2017,9,monsoon,332.1,333.5,92.7,14.6,1.18,55.0,25.19476184523065,79.58532316539568,9.585448181022628,0.0,218.72857142857143,86.13993874863786,113.3714285714286,355.0,Very Poor,0.04872601,False
2017-09-30,2017,9,monsoon,493.9,294.1,3.6,82.2,7.54,149.2,25.19476184523065,79.58532316539568,9.585448181022628,0.0,256.8428571428572,135.40117992030036,237.0571428571428,55.7,Moderate,0.049562927,False
2017-10-01,2017,10,post-monsoon,34.6,585.6,104.8,30.1,6.68,193.6,25.19476184523065,79.58532316539568,9.585448181022628,0.0,224.0,159.05112385645074,-189.4,257.5,Good,0.04891836,False
2017-10-02,2017,10,post-monsoon,155.3,573.5,45.6,10.4,1.48,66.3,25.19476184523065,79.58532316539568,9.585448181022628,0.0,210.3142857142857,160.44612209473348,-55.014285714285705,421.1,Satisfactory,0.04933834,False
2017-10-03,2017,10,post-monsoon,227.0,336.7,65.2,95.8,8.66,198.7,25.19476184523065,79.58532316539568,9.585448181022628,0.0,230.5428571428572,150.7029180998482,-3.5428571428571445,286.3,Very Poor,0.049036928,False
2017-10-04,2017,10,post-monsoon,207.9,243.1,34.9,3.6,3.57,164.0,25.19476184523065,79.58532316539568,9.585448181022628,0.0,243.0428571428572,143.50128753362998,-35.14285714285714,417.4,Moderate,0.04875337,False
2017-10-05,2017,10,post-monsoon,450.4,33.4,19.1,17.0,7.31,48.0,25.19476184523065,79.58532316539568,9.585448181022628,0.0,271.6,163.70121156138916,178.8,104.2,Severe,0.049191352,False
2017-10-06,2017,10,post-monsoon,339.9,316.6,122.9,56.8,7.81,75.8,25.19476184523065,79.58532316539568,9.585448181022628,0.0,272.7142857142857,164.20742399550065,67.18571428571425,363.2,Good,0.04901076,False
2017-10-07,2017,10,post-monsoon,62.4,67.4,122.0,10.3,8.24,50.0,25.19476184523065,79.58532316539568,9.585448181022628,0.0,211.07142857142853,147.47573488866706,-148.67142857142852,392.0,Good,0.049688734,False
2017-10-08,2017,10,post-monsoon,421.5,168.6,92.6,13.9,6.9,90.4,25.19476184523065,79.58532316539568,9.585448181022628,0.0,266.3428571428571,142.73988997640504,155.1571428571429,305.8,Good,0.04715072,False
2017-10-09,2017,10,post-monsoon,400.2,254.6,141.3,92.3,5.3,32.6,25.19476184523065,79.58532316539568,9.585448181022628,0.0,301.3285714285715,140.9889323586042,98.87142857142852,83.9,Moderate,0.048587613,False
2017-10-10,2017,10,post-monsoon,209.6,6.1,72.9,17.8,6.31,77.6,25.19476184523065,79.58532316539568,9.585448181022628,0.0,298.8428571428572,142.6612638051276,-89.24285714285716,109.9,Moderate,0.048012353,False
2017-10-11,2017,10,post-monsoon,249.5,461.6,139.3,22.0,4.75,110.5,25.19476184523065,79.58532316539568,9.585448181022628,0.0,304.7857142857143,139.06252105403806,-55.28571428571428,68.9,Very Poor,0.04553655,False
2017-10-12,2017,10,post-monsoon,420.7,533.0,142.6,1.1,4.3,56.1,25.19476184523065,79.58532316539568,9.585448181022628,0.0,300.54285714285714,134.24908264295965,120.15714285714284,239.6,Very Poor,0.04568023,False
2017-10-13,2017,10,post-monsoon,22.1,349.8,96.1,83.7,8.72,53.5,25.19476184523065,79.58532316539568,9.585448181022628,0.0,255.1428571428571,168.17164700728503,-233.04285714285712,351.5,Satisfactory,0.0462363,False
2017-10-14,2017,10,post-monsoon,137.5,295.1,112.0,10.8,5.52,88.7,25.19476184523065,79.58532316539568,9.585448181022628,0.0,265.87142857142857,155.76399577871774,-128.37142857142857,24.2,Very Poor,0.04520997,False
2017-10-15,2017,10,post-monsoon,406.8,432.7,96.7,75.3,6.78,158.7,25.19476184523065,79.58532316539568,9.585448181022628,0.0,263.7714285714286,153.3972372011713,143.0285714285714,469.1,Severe,0.045264907,False
2017-10-16,2017,10,post-monsoon,207.5,181.4,3.1,72.1,8.91,177.4,25.19476184523065,79.58532316539568,9.585448181022628,0.0,236.2428571428571,141.6764136702938,-28.742857142857105,354.2,Moderate,0.045937773,False
2017-10-17,2017,10,post-monsoon,153.4,50.5,136.7,22.5,7.34,63.0,25.19476184523065,79.58532316539568,9.585448181022628,0.0,228.2142857142857,144.99145295006684,-74.81428571428572,364.9,Good,0.04652645,False
2017-10-18,2017,10,post-monsoon,62.7,140.7,39.7,49.9,4.25,40.4,25.19476184523065,79.58532316539568,9.585448181022628,0.0,201.52857142857144,157.10513161877432,-138.82857142857142,71.7,Satisfactory,0.046037775,False
2017-10-19,2017,10,post-monsoon,364.8,310.9,52.9,28.6,5.3,17.7,25.19476184523065,79.58532316539568,9.585448181022628,0.0,193.5428571428572,145.06732755451708,171.25714285714287,384.9,Severe,0.045442846,False
2017-10-20,2017,10,post-monsoon,328.6,285.7,24.2,50.6,2.57,120.1,25.19476184523065,79.58532316539568,9.585448181022628,0.0,237.32857142857145,130.1887311340184,91.27142857142856,403.8,Very Poor,0.045247663,False
2017-10-21,2017,10,post-monsoon,304.1,247.9,87.5,6.9,7.78,75.6,25.19476184523065,79.58532316539568,9.585448181022628,0.0,261.12857142857143,123.97730591101096,42.97142857142859,473.0,Very Poor,0.043733284,False
2017-10-22,2017,10,post-monsoon,310.4,483.5,74.8,92.4,3.67,158.1,25.19476184523065,79.58532316539568,9.585448181022628,0.0,247.3571428571429,109.622212729946,63.04285714285712,404.1,Satisfactory,0.044431467,False
2017-10-23,2017,10,post-monsoon,128.9,302.0,103.0,33.3,3.5,168.0,25.19476184523065,79.58532316539568,9.585448181022628,0.0,236.1285714285714,118.08409029565496,-107.2285714285714,62.3,Moderate,0.04362269,False
2017-10-24,2017,10,post-monsoon,318.4,23.7,109.2,41.0,3.2,83.6,25.19476184523065,79.58532316539568,9.585448181022628,0.0,259.7,115.25218725328676,58.69999999999999,144.9,Satisfactory,0.043681327,False
2017-10-25,2017,10,post-monsoon,353.5,411.3,7.9,10.1,0.84,9.4,25.19476184523065,79.58532316539568,9.585448181022628,0.0,301.24285714285713,79.16983552555139,52.25714285714287,136.0,Poor,0.045070443,False
2017-10-26,2017,10,post-monsoon,63.1,292.2,88.5,45.2,4.29,169.9,25.19476184523065,79.58532316539568,9.585448181022628,0.0,258.1428571428572,113.48745682736424,-195.0428571428572,487.8,Severe,0.043926816,False
2017-10-27,2017,10,post-monsoon,166.9,202.3,28.5,77.3,5.01,124.4,25.19476184523065,79.58532316539568,9.585448181022628,0.0,235.0428571428572,113.21233526936392,-68.14285714285714,76.8,Moderate,0.043035645,False
2017-10-28,2017,10,post-monsoon,139.7,202.2,26.6,97.1,7.72,120.6,25.19476184523065,79.58532316539568,9.585448181022628,0.0,211.55714285714288,113.55066207267514,-71.85714285714289,192.3,Satisfactory,0.044035222,False
2017-10-29,2017,10,post-monsoon,114.8,397.7,127.4,22.4,6.22,101.5,25.19476184523065,79.58532316539568,9.585448181022628,0.0,183.6142857142857,109.15503391310654,-68.8142857142857,409.1,Very Poor,0.043640584,False
2017-10-30,2017,10,post-monsoon,63.0,3.7,123.1,33.5,8.1,114.0,25.19476184523065,79.58532316539568,9.585448181022628,0.0,174.20000000000002,117.2054321835526,-111.20000000000002,126.0,Moderate,0.042434808,False
2017-10-31,2017,10,post-monsoon,387.7,444.3,33.8,52.6,2.63,62.6,25.19476184523065,79.58532316539568,9.585448181022628,0.0,184.1,133.24489983985632,203.6,418.6,Good,0.04149181,False
2017-11-01,2017,11,post-monsoon,379.1,64.8,131.8,19.0,2.24,192.7,25.19476184523065,79.58532316539568,9.585448181022628,0.0,187.75714285714284,138.9005862375781,191.3428571428572,41.2,Very Poor,0.04197812,False
2017-11-02,2017,11,post-monsoon,44.3,115.3,126.7,12.2,7.03,49.7,25.19476184523065,79.58532316539568,9.585448181022628,0.0,185.07142857142856,141.8627824611482,-140.7714285714286,7.6,Satisfactory,0.041531388,False
2017-11-03,2017,11,post-monsoon,184.9,199.9,46.2,31.1,0.56,12.4,25.19476184523065,79.58532316539568,9.585448181022628,0.0,187.6428571428572,141.64147058851162,-2.742857142857133,78.6,Good,0.04196989,False
2017-11-04,2017,11,post-monsoon,90.2,252.4,59.9,51.8,8.38,56.6,25.19476184523065,79.58532316539568,9.585448181022628,0.0,180.57142857142856,145.61386969522874,-90.37142857142858,272.5,Poor,0.040580332,False
2017-11-05,2017,11,post-monsoon,262.7,467.2,57.4,51.4,8.36,187.0,25.19476184523065,79.58532316539568,9.585448181022628,0.0,201.7,145.2094464328452,60.99999999999997,291.6,Good,0.04142189,False
2017-11-06,2017,11,post-monsoon,113.3,193.3,95.1,8.9,6.77,111.0,25.19476184523065,79.58532316539568,9.585448181022628,0.0,208.8857142857143,138.28119212401265,-95.5857142857143,178.0,Satisfactory,0.04020399,False
2017-11-07,2017,11,post-monsoon,312.4,367.6,77.6,21.0,2.64,172.8,25.19476184523065,79.58532316539568,9.585448181022628,0.0,198.1285714285714,124.27172800340544,114.27142857142856,140.8,Moderate,0.040058207,False
2017-11-08,2017,11,post-monsoon,289.9,473.6,40.6,6.4,6.73,8.6,25.19476184523065,79.58532316539568,9.585448181022628,0.0,185.3857142857143,105.82646846876936,104.51428571428568,435.9,Very Poor,0.039799735,False
2017-11-09,2017,11,post-monsoon,167.2,41.8,67.0,45.4,4.49,130.7,25.19476184523065,79.58532316539568,9.585448181022628,0.0,202.94285714285712,87.04713009136407,-35.74285714285713,373.8,Satisfactory,0.039479956,False
2017-11-10,2017,11,post-monsoon,207.1,217.6,94.1,1.2,6.84,54.9,25.19476184523065,79.58532316539568,9.585448181022628,0.0,206.1142857142857,86.68385910059284,0.9857142857142946,229.1,Very Poor,0.039162815,False
2017-11-11,2017,11,post-monsoon,224.8,476.4,115.3,18.0,2.58,197.1,25.19476184523065,79.58532316539568,9.585448181022628,0.0,225.3428571428572,70.01120998675518,-0.5428571428571161,399.7,Severe,0.038285416,False
2017-11-12,2017,11,post-monsoon,379.9,151.9,127.3,18.9,3.09,183.9,25.19476184523065,79.58532316539568,9.585448181022628,0.0,242.08571428571423,91.23185533886412,137.81428571428572,322.8,Good,0.037857797,False
2017-11-13,2017,11,post-monsoon,71.9,333.9,93.7,58.0,5.15,23.8,25.19476184523065,79.58532316539568,9.585448181022628,0.0,236.1714285714285,101.71207260834731,-164.27142857142854,283.9,Satisfactory,0.03824623,False
2017-11-14,2017,11,post-monsoon,203.3,168.4,18.8,42.8,2.95,111.8,25.19476184523065,79.58532316539568,9.585448181022628,0.0,220.58571428571423,96.29936705523096,-17.28571428571425,190.5,Severe,0.03735527,False
2017-11-15,2017,11,post-monsoon,244.5,543.3,124.4,9.5,8.31,162.0,25.19476184523065,79.58532316539568,9.585448181022628,0.0,214.1,92.29877211173148,30.40000000000004,69.8,Poor,0.0372824,False
2017-11-16,2017,11,post-monsoon,128.3,41.5,147.3,42.3,5.69,98.6,25.19476184523065,79.58532316539568,9.585448181022628,0.0,208.5428571428572,96.6611238148143,-80.24285714285716,285.8,Good,0.037024815,False
2017-11-17,2017,11,post-monsoon,49.7,49.3,99.8,84.6,9.84,61.8,25.19476184523065,79.58532316539568,9.585448181022628,0.0,186.05714285714285,113.834644069704,-136.35714285714283,488.2,Poor,0.03829932,False
2017-11-18,2017,11,post-monsoon,435.0,418.1,18.1,83.1,8.67,166.3,25.19476184523065,79.58532316539568,9.585448181022628,0.0,216.08571428571423,148.27310869441152,218.9142857142857,90.1,Severe,0.03998833,False
2017-11-19,2017,11,post-monsoon,2.7,440.6,138.4,91.9,6.55,97.9,25.19476184523065,79.58532316539568,9.585448181022628,0.0,162.2,147.3556581879366,-159.5,141.0,Poor,0.04145878,False
2017-11-20,2017,11,post-monsoon,239.3,532.4,1.2,65.6,3.95,123.2,25.19476184523065,79.58532316539568,9.585448181022628,0.0,186.11428571428573,143.7991704724733,53.18571428571428,260.3,Satisfactory,0.04229188,False
2017-11-21,2017,11,post-monsoon,234.8,485.1,134.9,91.7,7.88,97.2,25.19476184523065,79.58532316539568,9.585448181022628,0.0,190.61428571428573,144.9151525154338,44.18571428571428,429.7,Severe,0.042636022,False
2017-11-22,2017,11,post-monsoon,360.2,290.4,111.0,93.0,2.38,141.8,25.19476184523065,79.58532316539568,9.585448181022628,0.0,207.1428571428572,158.08526029902197,153.05714285714285,256.9,Good,0.0435178,False
2017-11-23,2017,11,post-monsoon,439.2,491.8,74.8,27.5,9.08,73.0,25.19476184523065,79.58532316539568,9.585448181022628,0.0,251.55714285714285,175.0102935748148,187.6428571428572,212.7,Severe,0.04424476,False
2017-11-24,2017,11,post-monsoon,148.9,114.8,79.8,87.6,6.76,163.6,25.19476184523065,79.58532316539568,9.585448181022628,0.0,265.72857142857146,159.24718432137416,-116.82857142857144,234.0,Good,0.042765908,False
2017-11-25,2017,11,post-monsoon,46.7,388.1,50.1,22.5,9.63,56.3,25.19476184523065,79.58532316539568,9.585448181022628,0.0,210.25714285714284,158.08180221162775,-163.55714285714282,108.2,Satisfactory,0.043364085,False
2017-11-26,2017,11,post-monsoon,125.8,554.6,3.6,90.3,2.91,16.9,25.19476184523065,79.58532316539568,9.585448181022628,0.0,227.8428571428572,136.52068044979922,-102.04285714285716,287.9,Good,0.045649588,False
2017-11-27,2017,11,post-monsoon,438.9,316.2,129.7,38.9,8.84,43.1,25.19476184523065,79.58532316539568,9.585448181022628,0.0,256.35714285714283,158.40337598614974,182.5428571428572,403.6,Satisfactory,0.04594104,False
2017-11-28,2017,11,post-monsoon,249.1,547.3,7.9,96.3,1.51,53.7,25.19476184523065,79.58532316539568,9.585448181022628,0.0,258.4,158.17106772942597,-9.299999999999985,177.0,Poor,0.047919333,False
2017-11-29,2017,11,post-monsoon,468.0,428.8,104.4,20.5,1.52,186.0,25.19476184523065,79.58532316539568,9.585448181022628,0.0,273.8,174.17296001388962,194.2,249.6,Very Poor,0.048437454,False
2017-11-30,2017,11,post-monsoon,301.5,598.4,66.1,9.2,3.13,156.7,25.19476184523065,79.58532316539568,9.585448181022628,0.0,254.12857142857143,159.540326294908,47.37142857142857,70.9,Poor,0.048630126,False
2017-12-01,2017,12,winter,425.8,557.5,69.1,63.7,4.05,1.3,25.19476184523065,79.58532316539568,9.585448181022628,0.0,293.6857142857143,163.38265338943245,132.1142857142857,275.4,Satisfactory,0.04798918,False
2017-12-02,2017,12,winter,208.8,14.4,52.9,28.1,6.51,97.8,25.19476184523065,79.58532316539568,9.585448181022628,0.0,316.8428571428572,130.7753908697766,-108.04285714285714,324.9,Satisfactory,0.04724562,False
2017-12-03,2017,12,winter,363.6,264.0,23.2,33.2,9.25,182.0,25.19476184523065,79.58532316539568,9.585448181022628,0.0,350.81428571428575,100.18621709216336,12.785714285714278,413.8,Poor,0.047153465,False
2017-12-04,2017,12,winter,416.6,14.0,5.8,86.3,7.57,194.8,25.19476184523065,79.58532316539568,9.585448181022628,0.0,347.62857142857143,97.22936309376422,68.97142857142859,396.3,Moderate,0.049286745,False
2017-12-05,2017,12,winter,304.8,529.8,132.6,94.7,8.66,15.6,25.19476184523065,79.58532316539568,9.585448181022628,0.0,355.58571428571435,89.81878846825285,-50.785714285714334,237.9,Good,0.05059742,False
2017-12-06,2017,12,winter,353.2,166.2,137.6,85.3,6.78,148.0,25.19476184523065,79.58532316539568,9.585448181022628,0.0,339.1857142857143,75.15593630515659,14.014285714285675,376.2,Moderate,0.0507428,False
2017-12-07,2017,12,winter,238.7,129.3,100.9,31.0,0.35,86.6,25.19476184523065,79.58532316539568,9.585448181022628,0.0,330.2142857142857,83.67023422483105,-91.51428571428572,387.5,Very Poor,0.051207572,False
2017-12-08,2017,12,winter,379.2,141.6,22.6,21.4,7.46,165.5,25.19476184523065,79.58532316539568,9.585448181022628,0.0,323.5571428571429,76.3293271978483,55.64285714285711,85.2,Poor,0.05085616,False
2017-12-09,2017,12,winter,346.9,347.2,87.9,17.0,2.35,79.1,25.19476184523065,79.58532316539568,9.585448181022628,0.0,343.2857142857143,57.16666944328738,3.6142857142857,239.4,Severe,0.050892062,False
2017-12-10,2017,12,winter,347.9,354.7,69.7,75.5,5.69,102.6,25.19476184523065,79.58532316539568,9.585448181022628,0.0,341.04285714285714,56.54139654986881,6.857142857142833,480.3,Very Poor,0.0499026,False
2017-12-11,2017,12,winter,98.7,564.6,115.2,19.1,3.13,79.4,25.19476184523065,79.58532316539568,9.585448181022628,0.0,295.62857142857143,98.12029545895372,-196.92857142857144,401.9,Poor,0.050040778,False
2017-12-12,2017,12,winter,236.3,102.9,108.6,51.6,6.15,199.6,25.19476184523065,79.58532316539568,9.585448181022628,0.0,285.8428571428571,100.44152290666204,-49.54285714285709,123.3,Severe,0.049410388,False
2017-12-13,2017,12,winter,362.5,506.7,95.9,95.8,7.95,43.8,25.19476184523065,79.58532316539568,9.585448181022628,0.0,287.1714285714285,101.53650762633298,75.32857142857148,327.8,Poor,0.04961255,False
2017-12-14,2017,12,winter,396.8,473.1,40.7,28.5,3.11,45.1,25.19476184523065,79.58532316539568,9.585448181022628,0.0,309.75714285714287,106.423773301878,87.04285714285714,197.2,Poor,0.049936775,False
2017-12-15,2017,12,winter,378.6,154.7,12.0,85.8,9.55,28.3,25.19476184523065,79.58532316539568,9.585448181022628,0.0,309.6714285714285,106.3587437917183,68.9285714285715,193.9,Satisfactory,0.04998503,False
2017-12-16,2017,12,winter,470.4,471.3,127.2,52.8,5.67,197.6,25.19476184523065,79.58532316539568,9.585448181022628,0.0,327.3142857142857,122.57100566027604,143.0857142857143,65.0,Satisfactory,0.05002351,False
2017-12-17,2017,12,winter,386.8,548.6,59.1,52.4,6.75,186.8,25.19476184523065,79.58532316539568,9.585448181022628,0.0,332.87142857142857,124.52611124158813,53.928571428571445,380.8,Moderate,0.048530623,False
2017-12-18,2017,12,winter,467.9,530.9,141.5,29.0,0.39,54.7,25.19476184523065,79.58532316539568,9.585448181022628,0.0,385.61428571428576,78.49024203834563,82.28571428571422,264.1,Very Poor,0.04890548,False
2017-12-19,2017,12,winter,322.3,32.0,54.4,94.7,3.99,107.8,25.19476184523065,79.58532316539568,9.585448181022628,0.0,397.9,54.1936035585995,-75.60000000000002,194.9,Very Poor,0.048235655,False
2017-12-20,2017,12,winter,358.9,132.0,34.4,62.7,2.59,151.9,25.19476184523065,79.58532316539568,9.585448181022628,0.0,397.38571428571424,54.60108144751419,-38.485714285714266,7.2,Severe,0.048036803,False
2017-12-21,2017,12,winter,188.4,492.5,91.1,11.8,2.99,82.5,25.19476184523065,79.58532316539568,9.585448181022628,0.0,367.6142857142857,96.05379445171032,-179.2142857142857,399.7,Moderate,0.048110362,False
2017-12-22,2017,12,winter,9.5,248.3,132.4,89.5,1.1,161.8,25.19476184523065,79.58532316539568,9.585448181022628,0.0,314.88571428571424,165.33855598510013,-305.38571428571424,166.7,Satisfactory,0.050387833,False
2017-12-23,2017,12,winter,368.2,277.7,134.5,72.9,7.03,109.3,25.19476184523065,79.58532316539568,9.585448181022628,0.0,300.2857142857143,153.3985161659159,67.91428571428571,12.9,Very Poor,0.049543843,False
2017-12-24,2017,12,winter,306.8,86.5,26.2,82.2,4.66,100.6,25.19476184523065,79.58532316539568,9.585448181022628,0.0,288.85714285714283,148.78959256998743,17.94285714285718,365.6,Severe,0.049001787,False
2017-12-25,2017,12,winter,92.0,384.2,0.2,33.5,5.69,19.7,25.19476184523065,79.58532316539568,9.585448181022628,0.0,235.15714285714284,141.03227594115776,-143.15714285714284,124.0,Severe,0.04913197,False
2017-12-26,2017,12,winter,472.3,399.8,73.5,85.6,6.47,199.7,25.19476184523065,79.58532316539568,9.585448181022628,0.0,256.5857142857143,165.7152118200723,215.7142857142857,69.4,Poor,0.048051123,False
2017-12-27,2017,12,winter,108.4,479.2,132.2,19.3,1.25,181.6,25.19476184523065,79.58532316539568,9.585448181022628,0.0,220.8,166.98086716746926,-112.39999999999998,407.3,Very Poor,0.04891731,False
2017-12-28,2017,12,winter,410.7,502.2,9.5,34.4,3.27,0.1,25.19476184523065,79.58532316539568,9.585448181022628,0.0,252.55714285714288,180.3923026549161,158.1428571428571,328.0,Very Poor,0.049075905,False
2017-12-29,2017,12,winter,274.1,429.7,92.6,1.2,7.98,18.7,25.19476184523065,79.58532316539568,9.585448181022628,0.0,290.35714285714283,145.27774384654677,-16.25714285714281,383.4,Severe,0.048962623,False
2017-12-30,2017,12,winter,49.5,387.9,71.7,14.9,9.42,79.8,25.19476184523065,79.58532316539568,9.585448181022628,0.0,244.82857142857145,165.36647901238143,-195.32857142857145,363.0,Severe,0.049493473,False
2017-12-31,2017,12,winter,387.4,366.1,2.5,39.7,6.11,176.0,25.19476184523065,79.58532316539568,9.585448181022628,0.0,256.3428571428572,173.0291580162417,131.05714285714282,19.1,Severe,0.049136005,False
2018-01-01,2018,1,winter,362.2,208.7,61.6,80.2,2.64,94.7,25.19476184523065,79.58532316539568,9.585448181022628,0.0,294.9428571428571,159.8968298324773,67.25714285714287,423.7,Poor,0.048670214,False
2018-01-02,2018,1,winter,245.8,198.2,49.8,71.8,8.78,133.0,25.19476184523065,79.58532316539568,9.585448181022628,0.0,262.5857142857143,139.66182285042956,-16.785714285714278,251.9,Moderate,0.04792021,False
2018-01-03,2018,1,winter,289.9,463.7,62.5,36.2,1.82,62.1,25.19476184523065,79.58532316539568,9.585448181022628,0.0,288.5142857142857,121.99682275331917,1.3857142857143003,397.4,Poor,0.045756306,False
2018-01-04,2018,1,winter,415.2,529.2,76.2,68.0,8.23,65.2,25.19476184523065,79.58532316539568,9.585448181022628,0.0,289.15714285714284,122.75746898040948,126.04285714285714,284.4,Good,0.04439438,False
2018-01-05,2018,1,winter,55.2,500.2,88.8,63.1,7.96,70.3,25.19476184523065,79.58532316539568,9.585448181022628,0.0,257.8857142857143,151.70161972955808,-202.6857142857143,71.8,Very Poor,0.04453075,False
2018-01-06,2018,1,winter,379.9,201.7,139.0,16.0,1.88,91.8,25.19476184523065,79.58532316539568,9.585448181022628,0.0,305.0857142857143,125.13212255547371,74.81428571428569,163.7,Satisfactory,0.0448427,False
2018-01-07,2018,1,winter,12.8,40.1,89.4,21.8,9.53,23.7,25.19476184523065,79.58532316539568,9.585448181022628,0.0,251.57142857142856,159.45591568712356,-238.77142857142857,181.0,Poor,0.046684902,False
2018-01-08,2018,1,winter,201.6,407.1,142.1,70.0,0.86,179.8,25.19476184523065,79.58532316539568,9.585448181022628,0.0,228.6285714285714,152.2776927664907,-27.02857142857141,335.3,Very Poor,0.047870472,False
2018-01-09,2018,1,winter,417.0,127.0,141.1,29.9,5.58,117.9,25.19476184523065,79.58532316539568,9.585448181022628,0.0,253.08571428571423,168.3908393051854,163.91428571428574,201.3,Poor,0.049131885,False
2018-01-10,2018,1,winter,1.8,10.2,131.2,50.4,0.69,67.7,25.19476184523065,79.58532316539568,9.585448181022628,0.0,211.9285714285714,191.51357405578088,-210.12857142857132,150.6,Good,0.05052378,False
2018-01-11,2018,1,winter,210.3,269.9,34.6,77.3,3.33,168.7,25.19476184523065,79.58532316539568,9.585448181022628,0.0,182.65714285714284,169.6812487886514,27.642857142857167,124.5,Satisfactory,0.050203912,False
2018-01-12,2018,1,winter,40.9,420.0,65.6,43.3,1.68,118.2,25.19476184523065,79.58532316539568,9.585448181022628,0.0,180.6142857142857,171.54732513771464,-139.7142857142857,319.0,Severe,0.04968827,False
2018-01-13,2018,1,winter,418.0,122.7,101.3,5.2,6.99,78.7,25.19476184523065,79.58532316539568,9.585448181022628,0.0,186.05714285714288,179.3510139098082,231.94285714285712,269.7,Satisfactory,0.050505713,False
2018-01-14,2018,1,winter,385.2,553.6,61.0,37.4,6.15,130.4,25.19476184523065,79.58532316539568,9.585448181022628,0.0,239.25714285714284,174.5608189824095,145.94285714285715,17.3,Poor,0.04911306,False
2018-01-15,2018,1,winter,401.7,494.7,105.4,56.6,0.9,119.4,25.19476184523065,79.58532316539568,9.585448181022628,0.0,267.8428571428571,183.5204335320989,133.8571428571429,305.8,Poor,0.048383605,False
2018-01-16,2018,1,winter,440.9,73.6,56.8,71.1,7.35,38.1,25.19476184523065,79.58532316539568,9.585448181022628,0.0,271.25714285714287,186.94821793875488,169.6428571428571,194.4,Severe,0.048813645,False
2018-01-17,2018,1,winter,172.8,543.3,34.1,17.9,6.37,153.6,25.19476184523065,79.58532316539568,9.585448181022628,0.0,295.68571428571425,154.1683001200466,-122.88571428571424,103.5,Satisfactory,0.04780101,False
2018-01-18,2018,1,winter,327.9,359.8,68.1,67.4,9.92,142.7,25.19476184523065,79.58532316539568,9.585448181022628,0.0,312.4857142857143,149.65435096215802,15.414285714285654,198.0,Moderate,0.04736717,False
2018-01-19,2018,1,winter,316.5,338.5,79.8,4.7,6.67,142.1,25.19476184523065,79.58532316539568,9.585448181022628,0.0,351.85714285714283,91.0907030957396,-35.35714285714283,159.8,Very Poor,0.047046963,False
2018-01-20,2018,1,winter,442.0,112.4,66.3,80.8,6.24,198.1,25.19476184523065,79.58532316539568,9.585448181022628,0.0,355.2857142857143,94.38720655843542,86.71428571428572,356.5,Satisfactory,0.047695477,False
2018-01-21,2018,1,winter,52.8,370.2,95.9,78.0,3.79,181.6,25.19476184523065,79.58532316539568,9.585448181022628,0.0,307.8,146.21454556005477,-255.0,1.9,Satisfactory,0.046378925,False
2018-01-22,2018,1,winter,198.8,538.2,120.4,51.8,5.19,123.4,25.19476184523065,79.58532316539568,9.585448181022628,0.0,278.81428571428575,144.59987815314634,-80.01428571428573,90.9,Severe,0.046122648,False
2018-01-23,2018,1,winter,262.6,594.7,15.1,51.3,3.15,42.8,25.19476184523065,79.58532316539568,9.585448181022628,0.0,253.3428571428572,125.76719043723683,9.257142857142869,364.4,Good,0.046525873,False
2018-01-24,2018,1,winter,224.9,22.6,94.5,76.6,0.25,191.8,25.19476184523065,79.58532316539568,9.585448181022628,0.0,260.7857142857143,121.68154377405844,-35.88571428571427,207.7,Poor,0.047001835,False
2018-01-25,2018,1,winter,150.7,517.5,71.0,10.7,2.65,111.1,25.19476184523065,79.58532316539568,9.585448181022628,0.0,235.4714285714286,123.80578492523036,-84.7714285714286,295.1,Moderate,0.0459386,False
2018-01-26,2018,1,winter,164.8,325.0,63.5,97.8,9.3,126.8,25.19476184523065,79.58532316539568,9.585448181022628,0.0,213.8,120.49100934647927,-49.0,222.1,Severe,0.045338873,False
2018-01-27,2018,1,winter,474.3,418.9,132.3,37.4,0.05,30.4,25.19476184523065,79.58532316539568,9.585448181022628,0.0,218.4142857142857,130.8590008185838,255.88571428571427,404.7,Severe,0.045749594,False
2018-01-28,2018,1,winter,186.0,281.5,40.1,52.4,6.97,154.5,25.19476184523065,79.58532316539568,9.585448181022628,0.0,237.44285714285715,110.9297504000146,-51.44285714285715,459.2,Very Poor,0.044642262,False
2018-01-29,2018,1,winter,451.2,501.4,82.1,86.5,0.61,99.8,25.19476184523065,79.58532316539568,9.585448181022628,0.0,273.5,134.74078818234665,177.7,150.7,Severe,0.04455352,False
2018-01-30,2018,1,winter,215.2,281.9,114.1,24.3,1.83,95.6,25.19476184523065,79.58532316539568,9.585448181022628,0.0,266.7285714285714,136.55865301871472,-51.52857142857141,294.2,Satisfactory,0.04364597,False
2018-01-31,2018,1,winter,113.7,69.4,105.7,43.8,8.94,46.6,25.19476184523065,79.58532316539568,9.585448181022628,0.0,250.8428571428572,148.20662217709057,-137.1428571428571,289.8,Good,0.04470751,False
2018-02-01,2018,2,winter,421.7,295.6,33.8,30.1,2.68,30.9,25.19476184523065,79.58532316539568,9.585448181022628,0.0,289.5571428571428,153.00502014795526,132.14285714285717,125.5,Severe,0.0452782,False
2018-02-02,2018,2,winter,352.2,581.8,105.5,18.9,1.91,149.2,25.19476184523065,79.58532316539568,9.585448181022628,0.0,316.32857142857137,143.64657687400367,35.87142857142862,362.8,Severe,0.04586617,False
2018-02-03,2018,2,winter,150.4,126.0,126.4,26.6,8.59,32.6,25.19476184523065,79.58532316539568,9.585448181022628,0.0,270.0571428571428,136.25713262239225,-119.65714285714282,362.2,Good,0.046289947,False
2018-02-04,2018,2,winter,320.6,77.3,63.5,69.0,5.56,35.4,25.19476184523065,79.58532316539568,9.585448181022628,0.0,289.2857142857143,131.84387773134594,31.314285714285745,164.5,Moderate,0.045899622,False
2018-02-05,2018,2,winter,407.9,207.2,0.8,97.7,0.15,93.2,25.19476184523065,79.58532316539568,9.585448181022628,0.0,283.1,123.7484814721646,124.8,179.8,Very Poor,0.047138624,False
2018-02-06,2018,2,winter,221.7,152.9,43.2,34.6,3.35,134.3,25.19476184523065,79.58532316539568,9.585448181022628,0.0,284.0285714285714,123.177131458261,-62.32857142857142,26.8,Very Poor,0.04471447,False
2018-02-07,2018,2,winter,364.8,200.1,106.9,32.6,0.94,9.9,25.19476184523065,79.58532316539568,9.585448181022628,0.0,319.90000000000003,99.61636411754844,44.89999999999998,295.5,Poor,0.044424277,False
2018-02-08,2018,2,winter,182.8,549.5,65.3,35.8,3.03,10.8,25.19476184523065,79.58532316539568,9.585448181022628,0.0,285.7714285714286,99.85019970411868,-102.9714285714286,299.1,Good,0.04435036,False
2018-02-09,2018,2,winter,320.9,338.1,102.7,3.4,3.88,23.4,25.19476184523065,79.58532316539568,9.585448181022628,0.0,281.3,97.04095355398498,39.599999999999966,419.8,Moderate,0.042732034,False
2018-02-10,2018,2,winter,213.1,354.1,131.2,98.1,7.71,120.8,25.19476184523065,79.58532316539568,9.585448181022628,0.0,290.25714285714287,85.10434491733972,-77.15714285714287,113.4,Severe,0.04342287,False
2018-02-11,2018,2,winter,329.9,383.3,121.5,64.5,9.68,51.1,25.19476184523065,79.58532316539568,9.585448181022628,0.0,291.5857142857143,85.72728909301924,38.31428571428569,249.5,Very Poor,0.043621276,False
2018-02-12,2018,2,winter,192.0,298.6,138.8,59.3,6.44,149.2,25.19476184523065,79.58532316539568,9.585448181022628,0.0,260.74285714285713,75.08255139384602,-68.74285714285713,405.6,Good,0.04281961,False
2018-02-13,2018,2,winter,188.3,310.6,93.7,14.4,7.69,70.9,25.19476184523065,79.58532316539568,9.585448181022628,0.0,255.97142857142856,78.93942222332505,-67.67142857142855,221.3,Good,0.04266376,False
2018-02-14,2018,2,winter,348.5,331.5,64.3,16.7,2.22,109.8,25.19476184523065,79.58532316539568,9.585448181022628,0.0,253.6428571428572,75.35307684810353,94.85714285714286,377.2,Good,0.04204009,False
2018-02-15,2018,2,winter,417.0,569.0,96.5,73.4,4.68,69.9,25.19476184523065,79.58532316539568,9.585448181022628,0.0,287.1,89.34922122398906,129.90000000000003,126.2,Severe,0.041426722,False
2018-02-16,2018,2,winter,303.2,532.3,96.0,86.6,1.43,176.4,25.19476184523065,79.58532316539568,9.585448181022628,0.0,284.57142857142856,88.47948376668488,18.62857142857144,344.2,Satisfactory,0.0413614,False
2018-02-17,2018,2,winter,65.2,328.7,146.6,65.5,7.71,55.4,25.19476184523065,79.58532316539568,9.585448181022628,0.0,263.4428571428571,120.32072219894708,-198.2428571428572,378.4,Moderate,0.041884698,False
2018-02-18,2018,2,winter,53.5,39.8,38.3,67.6,8.98,195.3,25.19476184523065,79.58532316539568,9.585448181022628,0.0,223.95714285714288,138.80925590107287,-170.45714285714286,398.0,Satisfactory,0.044129167,False
2018-02-19,2018,2,winter,437.1,560.3,115.0,47.8,3.78,130.6,25.19476184523065,79.58532316539568,9.585448181022628,0.0,258.9714285714286,158.8682233203116,178.12857142857143,10.0,Good,0.04344164,False
2018-02-20,2018,2,winter,319.7,365.0,93.6,44.6,2.58,20.5,25.19476184523065,79.58532316539568,9.585448181022628,0.0,277.74285714285713,156.87660604376146,41.957142857142856,200.3,Good,0.042142313,False
2018-02-21,2018,2,winter,226.2,284.0,141.1,5.1,4.74,8.3,25.19476184523065,79.58532316539568,9.585448181022628,0.0,260.2714285714286,154.4748923966364,-34.07142857142861,69.0,Satisfactory,0.042800963,False
2018-02-22,2018,2,winter,178.4,525.1,121.5,11.4,8.09,190.2,25.19476184523065,79.58532316539568,9.585448181022628,0.0,226.18571428571428,139.750485134178,-47.78571428571428,323.9,Moderate,0.04337135,False
2018-02-23,2018,2,winter,259.3,129.9,1.0,3.3,5.3,151.6,25.19476184523065,79.58532316539568,9.585448181022628,0.0,219.9142857142857,136.66944828760415,39.38571428571427,478.7,Good,0.04334266,False
2018-02-24,2018,2,winter,367.5,366.3,108.4,93.0,3.03,71.3,25.19476184523065,79.58532316539568,9.585448181022628,0.0,263.1,127.05721808172363,104.40000000000003,48.9,Satisfactory,0.04316698,False
2018-02-25,2018,2,winter,20.3,539.8,129.9,73.5,3.66,60.3,25.19476184523065,79.58532316539568,9.585448181022628,0.0,258.35714285714283,136.457219879136,-238.0571428571428,180.5,Satisfactory,0.043678273,False
2018-02-26,2018,2,winter,351.4,506.2,67.4,71.7,1.48,111.3,25.19476184523065,79.58532316539568,9.585448181022628,0.0,246.1142857142857,120.68014789201293,105.28571428571428,360.6,Good,0.042142075,False
2018-02-27,2018,2,winter,19.2,378.1,54.4,87.0,4.08,16.7,25.19476184523065,79.58532316539568,9.585448181022628,0.0,203.18571428571428,141.74942008783705,-183.9857142857143,120.2,Severe,0.043364957,False
2018-02-28,2018,2,winter,299.6,108.5,141.0,50.9,2.87,175.8,25.19476184523065,79.58532316539568,9.585448181022628,0.0,213.6714285714285,146.37497183928812,85.92857142857147,425.9,Very Poor,0.042970564,False
2018-03-01,2018,3,summer,421.4,90.5,80.6,48.4,7.78,62.7,25.19476184523065,79.58532316539568,9.585448181022628,0.0,248.3857142857143,164.3296020053542,173.01428571428568,340.4,Satisfactory,0.043660875,False
2018-03-02,2018,3,summer,450.5,304.5,16.9,74.2,2.49,145.3,25.19476184523065,79.58532316539568,9.585448181022628,0.0,275.7,181.44506974104684,174.8,394.0,Moderate,0.04394192,False
2018-03-03,2018,3,summer,295.8,495.8,37.1,81.6,0.44,17.2,25.19476184523065,79.58532316539568,9.585448181022628,0.0,265.45714285714286,177.37729897164465,30.34285714285716,92.9,Very Poor,0.04444157,False
2018-03-04,2018,3,summer,370.6,391.1,116.0,97.0,2.95,129.6,25.19476184523065,79.58532316539568,9.585448181022628,0.0,315.5,142.71137539336758,55.10000000000002,90.6,Severe,0.043835156,False
2018-03-05,2018,3,summer,17.3,87.9,129.5,99.9,0.07,32.6,25.19476184523065,79.58532316539568,9.585448181022628,0.0,267.7714285714286,179.7625907902394,-250.4714285714286,177.4,Very Poor,0.045308817,False
2018-03-06,2018,3,summer,132.8,501.4,133.2,94.3,9.62,57.7,25.19476184523065,79.58532316539568,9.585448181022628,0.0,284.0,157.3072895111137,-151.2,60.1,Good,0.046388358,False
2018-03-07,2018,3,summer,330.8,210.0,10.7,87.0,6.73,161.1,25.19476184523065,79.58532316539568,9.585448181022628,0.0,288.4571428571429,158.26208070942388,42.3428571428571,41.8,Satisfactory,0.045488834,False
2018-03-08,2018,3,summer,377.7,156.1,146.1,49.2,7.38,7.1,25.19476184523065,79.58532316539568,9.585448181022628,0.0,282.2142857142857,152.91554780958268,95.48571428571428,386.6,Severe,0.04633645,False
2018-03-09,2018,3,summer,337.9,551.6,53.1,58.8,9.18,73.6,25.19476184523065,79.58532316539568,9.585448181022628,0.0,266.12857142857143,137.39757050600417,71.77142857142854,368.5,Good,0.046150517,False
2018-03-10,2018,3,summer,27.7,531.9,27.7,56.7,2.71,63.0,25.19476184523065,79.58532316539568,9.585448181022628,0.0,227.82857142857145,162.7718824437615,-200.12857142857143,83.6,Moderate,0.04682104,False
2018-03-11,2018,3,summer,40.9,249.4,121.4,16.0,4.39,130.2,25.19476184523065,79.58532316539568,9.585448181022628,0.0,180.72857142857143,162.27438403606934,-139.82857142857142,11.7,Poor,0.047209643,False
2018-03-12,2018,3,summer,362.1,104.1,134.8,20.5,4.06,106.1,25.19476184523065,79.58532316539568,9.585448181022628,0.0,229.9857142857143,156.63156800350976,132.11428571428573,7.0,Severe,0.047503997,False
2018-03-13,2018,3,summer,486.1,82.7,96.4,22.7,1.17,117.2,25.19476184523065,79.58532316539568,9.585448181022628,0.0,280.45714285714286,175.8401722885763,205.6428571428572,278.6,Poor,0.04855815,False
2018-03-14,2018,3,summer,74.5,179.2,94.4,28.8,0.63,91.1,25.19476184523065,79.58532316539568,9.585448181022628,0.0,243.8428571428572,189.74469564077285,-169.34285714285716,220.1,Good,0.04912039,False
2018-03-15,2018,3,summer,342.2,309.1,92.0,54.5,7.74,151.1,25.19476184523065,79.58532316539568,9.585448181022628,0.0,238.77142857142857,186.0083574671285,103.42857142857142,233.6,Very Poor,0.049081564,False
2018-03-16,2018,3,summer,185.4,479.9,99.5,30.4,8.46,78.7,25.19476184523065,79.58532316539568,9.585448181022628,0.0,216.98571428571427,181.3350345683502,-31.58571428571426,174.7,Satisfactory,0.04936388,False
2018-03-17,2018,3,summer,83.6,309.6,32.8,25.5,4.99,45.7,25.19476184523065,79.58532316539568,9.585448181022628,0.0,224.97142857142856,172.63189850358586,-141.37142857142857,198.6,Good,0.04955124,False
2018-03-18,2018,3,summer,458.0,213.0,96.3,76.3,7.81,57.1,25.19476184523065,79.58532316539568,9.585448181022628,0.0,284.5571428571429,170.47847231779596,173.44285714285712,37.9,Poor,0.049214423,False
2018-03-19,2018,3,summer,145.2,183.3,6.1,93.7,2.12,163.7,25.19476184523065,79.58532316539568,9.585448181022628,0.0,253.57142857142856,173.7163273297947,-108.3714285714286,2.1,Severe,0.04971659,False
2018-03-20,2018,3,summer,443.7,314.3,122.7,29.1,1.68,20.6,25.19476184523065,79.58532316539568,9.585448181022628,0.0,247.5142857142857,164.7658381721509,196.18571428571428,297.3,Moderate,0.048584875,False
2018-03-21,2018,3,summer,357.0,544.7,149.0,32.2,5.74,96.5,25.19476184523065,79.58532316539568,9.585448181022628,0.0,287.87142857142857,149.18611099658608,69.12857142857143,304.0,Very Poor,0.048420683,False
2018-03-22,2018,3,summer,380.4,129.5,107.0,89.3,8.1,22.6,25.19476184523065,79.58532316539568,9.585448181022628,0.0,293.32857142857137,152.17339577256064,87.07142857142861,259.8,Very Poor,0.049343824,False
2018-03-23,2018,3,summer,40.7,475.8,122.7,5.8,6.05,191.4,25.19476184523065,79.58532316539568,9.585448181022628,0.0,272.6571428571429,177.06962714464288,-231.9571428571429,414.4,Satisfactory,0.05054979,False
2018-03-24,2018,3,summer,242.3,579.1,117.5,37.9,4.69,110.4,25.19476184523065,79.58532316539568,9.585448181022628,0.0,295.32857142857137,157.9572274835365,-53.02857142857136,175.6,Good,0.04909662,False
2018-03-25,2018,3,summer,75.2,347.3,10.3,51.8,3.9,93.2,25.19476184523065,79.58532316539568,9.585448181022628,0.0,240.6428571428572,158.51593881103202,-165.44285714285712,186.0,Satisfactory,0.04853979,False
2018-03-26,2018,3,summer,365.5,338.4,124.8,71.9,5.6,146.1,25.19476184523065,79.58532316539568,9.585448181022628,0.0,272.11428571428576,158.27751397015123,93.38571428571424,342.8,Severe,0.04838099,False
2018-03-27,2018,3,summer,373.0,28.6,66.3,54.3,3.88,186.4,25.19476184523065,79.58532316539568,9.585448181022628,0.0,262.0142857142857,147.38432106312425,110.98571428571432,130.4,Poor,0.047952246,False
2018-03-28,2018,3,summer,256.5,80.1,119.7,78.9,5.18,81.3,25.19476184523065,79.58532316539568,9.585448181022628,0.0,247.65714285714284,141.36127306942842,8.842857142857156,30.1,Very Poor,0.0476537,False
2018-03-29,2018,3,summer,45.5,9.2,99.0,25.5,5.84,88.4,25.19476184523065,79.58532316539568,9.585448181022628,0.0,199.8142857142857,145.55773686721275,-154.3142857142857,373.3,Very Poor,0.047501806,False
2018-03-30,2018,3,summer,487.7,79.7,10.4,22.0,5.05,97.6,25.19476184523065,79.58532316539568,9.585448181022628,0.0,263.6714285714285,161.3169831345077,224.02857142857147,184.3,Moderate,0.048541445,False
2018-03-31,2018,3,summer,175.9,331.5,124.0,37.0,1.64,137.2,25.19476184523065,79.58532316539568,9.585448181022628,0.0,254.18571428571428,164.69985254568817,-78.28571428571428,392.2,Severe,0.04816075,False
2018-04-01,2018,4,summer,8.0,285.8,143.9,30.6,6.62,14.6,25.19476184523065,79.58532316539568,9.585448181022628,0.0,244.58571428571423,178.27069705526878,-236.58571428571423,231.5,Severe,0.048544705,False
2018-04-02,2018,4,summer,315.2,18.1,6.1,12.2,0.1,85.1,25.19476184523065,79.58532316539568,9.585448181022628,0.0,237.39999999999995,173.5354526698603,77.80000000000004,317.3,Satisfactory,0.04925494,False
2018-04-03,2018,4,summer,194.3,43.2,67.0,97.2,2.3,195.0,25.19476184523065,79.58532316539568,9.585448181022628,0.0,211.87142857142857,163.0928234093059,-17.571428571428555,233.8,Very Poor,0.050017547,False
2018-04-04,2018,4,summer,387.8,571.0,119.5,78.0,4.38,76.1,25.19476184523065,79.58532316539568,9.585448181022628,0.0,230.6285714285714,176.11168534281225,157.1714285714286,306.1,Very Poor,0.04823648,False
2018-04-05,2018,4,summer,387.3,15.0,30.0,52.3,1.51,185.5,25.19476184523065,79.58532316539568,9.585448181022628,0.0,279.45714285714286,163.13373713145967,107.84285714285716,30.4,Poor,0.047680583,False
2018-04-06,2018,4,summer,10.8,579.1,76.2,95.8,4.46,178.7,25.19476184523065,79.58532316539568,9.585448181022628,0.0,211.32857142857145,161.2434775351209,-200.5285714285714,460.9,Moderate,0.048963398,False
2018-04-07,2018,4,summer,360.7,170.9,1.6,36.3,8.97,158.6,25.19476184523065,79.58532316539568,9.585448181022628,0.0,237.72857142857143,169.3982852558403,122.97142857142856,39.4,Satisfactory,0.04901097,False
2018-04-08,2018,4,summer,186.8,236.2,79.8,87.7,8.21,24.3,25.19476184523065,79.58532316539568,9.585448181022628,0.0,263.2714285714286,139.89645830977653,-76.47142857142859,247.3,Very Poor,0.04881793,False
2018-04-09,2018,4,summer,275.8,227.0,11.5,77.5,2.51,132.6,25.19476184523065,79.58532316539568,9.585448181022628,0.0,257.6428571428572,138.24177922686584,18.157142857142844,73.7,Severe,0.04793423,False
2018-04-10,2018,4,summer,100.4,242.3,131.9,15.1,5.31,10.7,25.19476184523065,79.58532316539568,9.585448181022628,0.0,244.22857142857143,149.50927188958005,-143.82857142857142,298.1,Satisfactory,0.04861121,False
2018-04-11,2018,4,summer,338.4,211.2,63.1,36.8,9.63,173.6,25.19476184523065,79.58532316539568,9.585448181022628,0.0,237.17142857142852,142.60961531731434,101.2285714285714,233.0,Good,0.048742548,False
2018-04-12,2018,4,summer,95.6,183.6,125.7,67.6,4.84,186.2,25.19476184523065,79.58532316539568,9.585448181022628,0.0,195.5,133.77427505565728,-99.9,305.4,Very Poor,0.047950312,False
2018-04-13,2018,4,summer,289.1,436.4,97.9,62.1,1.06,156.0,25.19476184523065,79.58532316539568,9.585448181022628,0.0,235.2571428571429,108.7472583124567,53.84285714285713,282.2,Satisfactory,0.04760211,False
2018-04-14,2018,4,summer,477.1,323.6,24.3,42.0,4.72,9.9,25.19476184523065,79.58532316539568,9.585448181022628,0.0,251.8857142857144,136.48704979559326,225.2142857142857,384.6,Satisfactory,0.049080074,False
2018-04-15,2018,4,summer,55.4,507.7,144.9,89.0,1.8,10.4,25.19476184523065,79.58532316539568,9.585448181022628,0.0,233.1142857142857,154.74506377233735,-177.7142857142857,102.9,Satisfactory,0.051072266,False
2018-04-16,2018,4,summer,220.6,510.8,34.9,15.6,6.39,96.2,25.19476184523065,79.58532316539568,9.585448181022628,0.0,225.22857142857143,153.60959946441838,-4.628571428571433,166.5,Severe,0.051233616,False
2018-04-17,2018,4,summer,119.8,67.0,71.2,84.6,9.09,127.4,25.19476184523065,79.58532316539568,9.585448181022628,0.0,228.00000000000003,151.13718933472327,-108.20000000000005,455.5,Satisfactory,0.051265948,False
2018-04-18,2018,4,summer,134.8,266.1,142.6,33.1,8.73,94.8,25.19476184523065,79.58532316539568,9.585448181022628,0.0,198.9142857142857,145.84862504861476,-64.11428571428573,284.5,Good,0.05043167,False
2018-04-19,2018,4,summer,165.5,256.5,92.9,58.2,6.36,175.0,25.19476184523065,79.58532316539568,9.585448181022628,0.0,208.90000000000003,139.86636479153947,-43.400000000000034,277.8,Severe,0.04884767,False
2018-04-20,2018,4,summer,478.2,270.8,61.9,40.6,1.89,105.3,25.19476184523065,79.58532316539568,9.585448181022628,0.0,235.9142857142857,172.41309335982797,242.28571428571425,365.6,Good,0.04886292,False
2018-04-21,2018,4,summer,111.3,204.3,18.7,55.7,8.6,13.6,25.19476184523065,79.58532316539568,9.585448181022628,0.0,183.65714285714287,139.403585046474,-72.35714285714288,364.4,Good,0.04881683,False
2018-04-22,2018,4,summer,63.7,246.4,98.5,39.1,1.56,103.7,25.19476184523065,79.58532316539568,9.585448181022628,0.0,184.8428571428572,138.16061736426985,-121.14285714285715,360.2,Satisfactory,0.04693496,False
2018-04-23,2018,4,summer,454.0,566.0,110.7,8.5,9.49,0.2,25.19476184523065,79.58532316539568,9.585448181022628,0.0,218.1857142857143,172.19896852741235,235.8142857142857,410.2,Satisfactory,0.049899887,False
2018-04-24,2018,4,summer,331.9,385.5,36.4,60.7,6.63,102.1,25.19476184523065,79.58532316539568,9.585448181022628,0.0,248.48571428571427,170.65533909580665,83.41428571428571,417.4,Moderate,0.04940361,False
2018-04-25,2018,4,summer,491.1,383.0,110.5,86.8,9.82,143.6,25.19476184523065,79.58532316539568,9.585448181022628,0.0,299.38571428571424,183.7303497753472,191.71428571428572,236.4,Moderate,0.050941072,False
2018-04-26,2018,4,summer,351.9,386.9,28.8,7.6,1.21,98.3,25.19476184523065,79.58532316539568,9.585448181022628,0.0,326.0142857142857,174.3606647973431,25.8857142857143,211.5,Good,0.051172037,False
2018-04-27,2018,4,summer,340.2,354.8,137.8,95.9,7.91,20.2,25.19476184523065,79.58532316539568,9.585448181022628,0.0,306.3,161.6219972652238,33.89999999999998,293.6,Good,0.052263435,False
2018-04-28,2018,4,summer,185.2,267.2,107.0,80.5,9.77,43.7,25.19476184523065,79.58532316539568,9.585448181022628,0.0,316.85714285714283,148.65511379412035,-131.65714285714284,203.1,Poor,0.0519696,False
2018-04-29,2018,4,summer,25.1,212.9,57.8,75.2,9.36,123.1,25.19476184523065,79.58532316539568,9.585448181022628,0.0,311.3428571428572,159.90147859586185,-286.24285714285713,418.4,Moderate,0.05150361,False
2018-04-30,2018,4,summer,383.7,16.6,10.5,27.7,4.04,131.3,25.19476184523065,79.58532316539568,9.585448181022628,0.0,301.3,151.43171178235204,82.39999999999998,149.9,Good,0.05229717,False
2018-05-01,2018,5,summer,215.7,427.9,145.2,11.4,8.55,95.8,25.19476184523065,79.58532316539568,9.585448181022628,0.0,284.7,153.8676162593459,-69.0,102.5,Very Poor,0.05146334,False
2018-05-02,2018,5,summer,331.6,464.5,47.4,30.8,0.17,180.7,25.19476184523065,79.58532316539568,9.585448181022628,0.0,261.9142857142857,127.81222461840164,69.68571428571431,296.0,Very Poor,0.050820194,False
2018-05-03,2018,5,summer,490.8,199.6,111.1,11.1,5.13,142.6,25.19476184523065,79.58532316539568,9.585448181022628,0.0,281.75714285714287,152.50729881050344,209.0428571428572,489.0,Satisfactory,0.05039541,False
2018-05-04,2018,5,summer,352.4,185.8,54.5,45.6,1.02,14.4,25.19476184523065,79.58532316539568,9.585448181022628,0.0,283.5,153.35386094476613,68.89999999999998,156.9,Satisfactory,0.0503599,False
2018-05-05,2018,5,summer,354.7,236.9,111.8,51.0,1.77,79.6,25.19476184523065,79.58532316539568,9.585448181022628,0.0,307.7142857142857,148.55227394839198,46.985714285714266,335.3,Moderate,0.0488516,False
2018-05-06,2018,5,summer,92.5,258.3,140.6,40.9,0.88,171.3,25.19476184523065,79.58532316539568,9.585448181022628,0.0,317.3428571428572,127.93491648937308,-224.8428571428572,420.8,Good,0.048345644,False
2018-05-07,2018,5,summer,86.2,497.6,106.3,97.9,6.72,154.4,25.19476184523065,79.58532316539568,9.585448181022628,0.0,274.8428571428572,149.768742367946,-188.6428571428572,169.2,Good,0.04839484,False
2018-05-08,2018,5,summer,393.4,365.7,116.6,68.4,3.99,99.4,25.19476184523065,79.58532316539568,9.585448181022628,0.0,300.2285714285714,153.0963391058684,93.17142857142858,93.8,Severe,0.047675062,False
2018-05-09,2018,5,summer,4.1,167.0,7.5,65.2,8.74,84.5,25.19476184523065,79.58532316539568,9.585448181022628,0.0,253.44285714285712,187.97897805466488,-249.3428571428572,248.2,Satisfactory,0.04910868,False
2018-05-10,2018,5,summer,66.8,185.7,23.6,87.8,4.82,42.4,25.19476184523065,79.58532316539568,9.585448181022628,0.0,192.87142857142857,165.74651041360025,-126.07142857142856,256.1,Moderate,0.049122907,False
2018-05-11,2018,5,summer,369.1,140.9,38.2,42.4,0.88,42.9,25.19476184523065,79.58532316539568,9.585448181022628,0.0,195.25714285714284,168.52237098916424,173.84285714285718,270.2,Moderate,0.04941831,False
2018-05-12,2018,5,summer,302.0,444.9,145.0,66.1,9.43,61.7,25.19476184523065,79.58532316539568,9.585448181022628,0.0,187.72857142857143,161.231714356344,114.27142857142856,265.9,Severe,0.049360357,False
2018-05-13,2018,5,summer,101.0,523.4,6.9,66.4,6.62,188.6,25.19476184523065,79.58532316539568,9.585448181022628,0.0,188.94285714285712,160.424975789753,-87.94285714285712,227.1,Severe,0.050521106,False
2018-05-14,2018,5,summer,6.5,498.0,130.2,21.3,9.45,68.5,25.19476184523065,79.58532316539568,9.585448181022628,0.0,177.55714285714285,171.3859665311297,-171.05714285714285,207.8,Satisfactory,0.050871473,False
2018-05-15,2018,5,summer,124.6,367.2,38.9,88.9,3.03,136.5,25.19476184523065,79.58532316539568,9.585448181022628,0.0,139.15714285714287,142.67287592184263,-14.557142857142878,285.4,Poor,0.049103633,False
2018-05-16,2018,5,summer,244.5,366.6,47.3,58.5,9.2,70.4,25.19476184523065,79.58532316539568,9.585448181022628,0.0,173.5,133.3753850353704,71.0,85.2,Severe,0.04879112,False
2018-05-17,2018,5,summer,296.5,481.3,79.9,21.8,6.23,195.5,25.19476184523065,79.58532316539568,9.585448181022628,0.0,206.3142857142857,130.98385942004998,90.18571428571428,285.3,Good,0.048550438,False
2018-05-18,2018,5,summer,326.6,308.8,39.5,89.4,2.34,144.1,25.19476184523065,79.58532316539568,9.585448181022628,0.0,200.2428571428571,122.9173551231728,126.35714285714292,412.7,Very Poor,0.048484333,False
2018-05-19,2018,5,summer,237.2,113.1,133.6,98.6,7.15,125.9,25.19476184523065,79.58532316539568,9.585448181022628,0.0,190.98571428571427,116.23504102423136,46.21428571428572,339.8,Poor,0.049292248,False
2018-05-20,2018,5,summer,204.8,584.3,36.5,0.7,3.62,47.3,25.19476184523065,79.58532316539568,9.585448181022628,0.0,205.8142857142857,109.25330549646884,-1.0142857142857338,25.4,Very Poor,0.049890988,False
2018-05-21,2018,5,summer,441.7,132.7,120.8,26.9,2.25,72.0,25.19476184523065,79.58532316539568,9.585448181022628,0.0,267.9857142857143,100.39637159066774,173.7142857142857,283.6,Poor,0.049961045,False
2018-05-22,2018,5,summer,162.9,396.4,37.1,9.4,9.02,88.1,25.19476184523065,79.58532316539568,9.585448181022628,0.0,273.45714285714286,91.96972069007022,-110.55714285714284,286.3,Satisfactory,0.050305597,False
2018-05-23,2018,5,summer,415.9,264.0,19.9,51.8,9.45,105.5,25.19476184523065,79.58532316539568,9.585448181022628,0.0,297.9428571428571,104.88499824637876,117.95714285714286,486.2,Moderate,0.048304535,False
2018-05-24,2018,5,summer,326.0,577.9,115.3,82.7,5.42,15.1,25.19476184523065,79.58532316539568,9.585448181022628,0.0,302.15714285714284,105.4087102211018,23.84285714285716,382.4,Severe,0.049532525,False
2018-05-25,2018,5,summer,247.1,388.9,90.8,43.2,1.08,82.8,25.19476184523065,79.58532316539568,9.585448181022628,0.0,290.8,106.612163158494,-43.70000000000002,416.1,Very Poor,0.047977045,False
2018-05-26,2018,5,summer,125.1,114.2,121.7,24.6,4.23,148.3,25.19476184523065,79.58532316539568,9.585448181022628,0.0,274.7857142857143,123.14303916680838,-149.68571428571428,167.8,Severe,0.04786498,False
2018-05-27,2018,5,summer,479.4,418.5,85.6,4.0,2.27,76.9,25.19476184523065,79.58532316539568,9.585448181022628,0.0,314.0142857142857,139.75102180391426,165.3857142857143,359.8,Satisfactory,0.04780561,False
2018-05-28,2018,5,summer,124.0,210.0,116.4,39.9,5.51,72.6,25.19476184523065,79.58532316539568,9.585448181022628,0.0,268.62857142857143,142.9247087838642,-144.62857142857143,319.9,Moderate,0.0469463,False
2018-05-29,2018,5,summer,76.7,101.9,101.7,53.8,8.85,106.2,25.19476184523065,79.58532316539568,9.585448181022628,0.0,256.31428571428575,156.6106576681105,-179.61428571428576,476.8,Satisfactory,0.0462654,False
2018-05-30,2018,5,summer,475.4,255.9,109.5,4.8,2.6,122.6,25.19476184523065,79.58532316539568,9.585448181022628,0.0,264.81428571428575,167.92190078100225,210.58571428571423,66.3,Good,0.04633723,False
2018-05-31,2018,5,summer,360.1,320.6,128.5,41.0,8.32,138.3,25.19476184523065,79.58532316539568,9.585448181022628,0.0,269.68571428571425,170.46805593787388,90.41428571428575,17.0,Poor,0.045752168,False
2018-06-01,2018,6,monsoon,488.5,512.9,55.0,94.1,1.58,138.7,25.19476184523065,79.58532316539568,9.585448181022628,0.0,304.1714285714285,188.5916551201362,184.32857142857148,27.0,Satisfactory,0.046317752,False
2018-06-02,2018,6,monsoon,197.0,348.9,30.8,70.6,7.81,118.5,25.19476184523065,79.58532316539568,9.585448181022628,0.0,314.4428571428571,178.92339941199103,-117.44285714285712,76.9,Moderate,0.04530633,False
2018-06-03,2018,6,monsoon,203.1,508.6,131.3,17.5,0.58,45.3,25.19476184523065,79.58532316539568,9.585448181022628,0.0,274.9714285714286,166.5142207569243,-71.8714285714286,466.8,Very Poor,0.045779366,False
2018-06-04,2018,6,monsoon,182.7,574.3,78.4,66.6,2.63,61.0,25.19476184523065,79.58532316539568,9.585448181022628,0.0,283.35714285714283,158.95036811473426,-100.65714285714284,60.7,Severe,0.04607295,False
2018-06-05,2018,6,monsoon,276.0,560.7,70.7,51.8,1.18,179.2,25.19476184523065,79.58532316539568,9.585448181022628,0.0,311.82857142857137,131.1893760216596,-35.828571428571365,447.8,Good,0.045285154,False
2018-06-06,2018,6,monsoon,442.6,49.5,88.4,33.9,6.67,188.5,25.19476184523065,79.58532316539568,9.585448181022628,0.0,307.1428571428572,124.80369728955498,135.45714285714286,95.2,Satisfactory,0.045304615,False
2018-06-07,2018,6,monsoon,80.7,465.7,88.5,67.9,9.61,6.8,25.19476184523065,79.58532316539568,9.585448181022628,0.0,267.22857142857146,147.63447784179365,-186.52857142857147,318.0,Satisfactory,0.046724487,False
2018-06-08,2018,6,monsoon,61.6,289.3,64.9,54.3,4.17,120.5,25.19476184523065,79.58532316539568,9.585448181022628,0.0,206.2428571428571,127.84293562992124,-144.6428571428571,147.3,Satisfactory,0.04480991,False
2018-06-09,2018,6,monsoon,90.8,185.4,46.8,22.3,4.19,185.4,25.19476184523065,79.58532316539568,9.585448181022628,0.0,191.07142857142853,135.2117563217749,-100.27142857142852,466.5,Satisfactory,0.044472042,False
2018-06-10,2018,6,monsoon,396.3,35.9,120.6,77.3,7.92,23.1,25.19476184523065,79.58532316539568,9.585448181022628,0.0,218.6714285714285,156.17035265254108,177.62857142857146,56.0,Moderate,0.04532709,False
2018-06-11,2018,6,monsoon,230.6,160.6,45.2,44.8,6.3,42.5,25.19476184523065,79.58532316539568,9.585448181022628,0.0,225.5142857142857,155.3789177952984,5.085714285714289,270.7,Moderate,0.04455461,False
2018-06-12,2018,6,monsoon,130.4,219.3,85.7,26.4,4.38,36.7,25.19476184523065,79.58532316539568,9.585448181022628,0.0,204.7142857142857,157.22864909181817,-74.31428571428572,88.1,Poor,0.043173034,False
2018-06-13,2018,6,monsoon,337.5,570.8,73.2,98.6,0.96,97.0,25.19476184523065,79.58532316539568,9.585448181022628,0.0,189.7,134.03327944954563,147.79999999999998,309.2,Severe,0.042709414,False
2018-06-14,2018,6,monsoon,82.5,474.8,114.0,32.9,0.91,4.3,25.19476184523065,79.58532316539568,9.585448181022628,0.0,189.95714285714283,133.79081753671605,-107.45714285714284,66.4,Good,0.04354042,False
2018-06-15,2018,6,monsoon,185.2,404.2,44.5,8.3,0.88,79.8,25.19476184523065,79.58532316539568,9.585448181022628,0.0,207.6142857142857,121.63096410277863,-22.41428571428571,211.7,Good,0.043865528,False
2018-06-16,2018,6,monsoon,454.3,430.9,71.6,25.9,6.94,36.9,25.19476184523065,79.58532316539568,9.585448181022628,0.0,259.54285714285714,139.70014145951868,194.75714285714287,87.2,Poor,0.043769382,False
2018-06-17,2018,6,monsoon,187.2,488.8,104.4,83.4,3.14,91.9,25.19476184523065,79.58532316539568,9.585448181022628,0.0,229.6714285714285,127.3980862531003,-42.47142857142856,455.3,Moderate,0.04325282,False
2018-06-18,2018,6,monsoon,350.2,204.6,99.3,84.8,4.57,51.3,25.19476184523065,79.58532316539568,9.585448181022628,0.0,246.75714285714284,135.31719350157564,103.44285714285716,179.5,Very Poor,0.042433884,False
2018-06-19,2018,6,monsoon,381.2,369.0,73.7,89.5,3.79,50.9,25.19476184523065,79.58532316539568,9.585448181022628,0.0,282.5857142857143,132.54844936313455,98.6142857142857,291.2,Severe,0.041606043,False
2018-06-20,2018,6,monsoon,33.3,367.7,34.5,76.6,8.91,0.0,25.19476184523065,79.58532316539568,9.585448181022628,0.0,239.1285714285714,158.80946355392592,-205.82857142857145,268.6,Good,0.042613965,False
2018-06-21,2018,6,monsoon,348.1,419.0,78.3,19.6,4.98,154.6,25.19476184523065,79.58532316539568,9.585448181022628,0.0,277.07142857142856,146.39405400363452,71.02857142857147,244.5,Good,0.04195034,False
2018-06-22,2018,6,monsoon,487.3,25.2,73.1,75.0,8.02,48.0,25.19476184523065,79.58532316539568,9.585448181022628,0.0,320.2285714285714,158.80031186247422,167.0714285714286,167.1,Poor,0.042752,False
2018-06-23,2018,6,monsoon,52.5,483.4,46.7,22.2,3.4,167.6,25.19476184523065,79.58532316539568,9.585448181022628,0.0,262.8285714285714,174.1385244978426,-210.32857142857145,372.4,Severe,0.04303938,False
2018-06-24,2018,6,monsoon,262.2,106.7,70.9,28.4,6.92,89.3,25.19476184523065,79.58532316539568,9.585448181022628,0.0,273.54285714285714,170.9885459823051,-11.342857142857156,252.6,Good,0.043199457,False
2018-06-25,2018,6,monsoon,470.3,211.7,136.0,46.8,4.6,181.7,25.19476184523065,79.58532316539568,9.585448181022628,0.0,290.7,185.38202897440377,179.60000000000002,108.9,Severe,0.043830182,False
2018-06-26,2018,6,monsoon,223.9,361.4,91.0,40.5,9.89,175.5,25.19476184523065,79.58532316539568,9.585448181022628,0.0,268.2285714285714,182.08798893470632,-44.328571428571394,287.4,Satisfactory,0.043433387,False
2018-06-27,2018,6,monsoon,76.8,206.6,39.4,90.4,5.52,53.9,25.19476184523065,79.58532316539568,9.585448181022628,0.0,274.4428571428572,173.26249697249222,-197.6428571428572,361.3,Satisfactory,0.044264916,False
2018-06-28,2018,6,monsoon,409.9,441.4,22.2,94.2,7.53,59.6,25.19476184523065,79.58532316539568,9.585448181022628,0.0,283.27142857142854,179.11682141631962,126.62857142857143,354.7,Very Poor,0.044424076,False
2018-06-29,2018,6,monsoon,234.9,252.4,75.0,27.6,7.27,79.9,25.19476184523065,79.58532316539568,9.585448181022628,0.0,247.2142857142857,154.97759438675251,-12.314285714285717,30.5,Moderate,0.0429127,False
2018-06-30,2018,6,monsoon,133.1,296.4,96.8,23.2,4.12,160.4,25.19476184523065,79.58532316539568,9.585448181022628,0.0,258.7285714285714,140.40933865292723,-125.6285714285714,371.1,Moderate,0.042891763,False
2018-07-01,2018,7,monsoon,228.6,272.1,9.7,67.1,9.16,137.2,25.19476184523065,79.58532316539568,9.585448181022628,0.0,253.92857142857144,140.84453266262202,-25.328571428571426,110.4,Good,0.04183003,False
2018-07-02,2018,7,monsoon,139.6,97.6,45.4,54.8,0.72,107.8,25.19476184523065,79.58532316539568,9.585448181022628,0.0,206.68571428571428,107.7453081510812,-67.08571428571429,389.4,Very Poor,0.042312168,False
2018-07-03,2018,7,monsoon,73.9,359.6,63.7,82.8,4.79,12.8,25.19476184523065,79.58532316539568,9.585448181022628,0.0,185.25714285714284,118.1635428427181,-111.35714285714285,87.7,Very Poor,0.04145992,False
2018-07-04,2018,7,monsoon,346.7,297.0,94.1,58.4,2.56,159.8,25.19476184523065,79.58532316539568,9.585448181022628,0.0,223.8142857142857,120.8787330146958,122.8857142857143,416.8,Very Poor,0.041281134,False
2018-07-05,2018,7,monsoon,365.7,159.3,116.5,30.7,0.82,150.0,25.19476184523065,79.58532316539568,9.585448181022628,0.0,217.5,110.22294074586598,148.2,90.4,Very Poor,0.04139179,False
2018-07-06,2018,7,monsoon,279.0,448.9,111.5,7.1,6.12,187.5,25.19476184523065,79.58532316539568,9.585448181022628,0.0,223.8,112.61752379921468,55.20000000000002,340.9,Moderate,0.041234184,False
2018-07-07,2018,7,monsoon,454.3,227.6,25.6,70.5,3.55,58.9,25.19476184523065,79.58532316539568,9.585448181022628,0.0,269.68571428571425,133.0798686074323,184.61428571428576,192.9,Very Poor,0.04030959,False
2018-07-08,2018,7,monsoon,227.8,506.5,15.5,22.6,2.8,114.7,25.19476184523065,79.58532316539568,9.585448181022628,0.0,269.57142857142856,133.12136961291776,-41.771428571428544,45.6,Good,0.040867805,False
2018-07-09,2018,7,monsoon,465.4,226.4,48.7,68.7,5.62,141.6,25.19476184523065,79.58532316539568,9.585448181022628,0.0,316.1142857142857,137.00388593724188,149.28571428571428,441.2,Poor,0.040358722,False
2018-07-10,2018,7,monsoon,93.1,322.8,95.1,35.9,6.88,109.1,25.19476184523065,79.58532316539568,9.585448181022628,0.0,318.85714285714283,131.4250972625709,-225.75714285714284,483.0,Moderate,0.039181303,False
2018-07-11,2018,7,monsoon,352.0,291.1,71.3,70.0,7.96,43.4,25.19476184523065,79.58532316539568,9.585448181022628,0.0,319.61428571428576,131.62734554505806,32.38571428571424,165.1,Satisfactory,0.039283227,False
2018-07-12,2018,7,monsoon,129.5,119.6,46.4,63.5,6.95,188.7,25.19476184523065,79.58532316539568,9.585448181022628,0.0,285.87142857142857,147.19829838561,-156.37142857142857,477.7,Good,0.03998239,False
2018-07-13,2018,7,monsoon,165.0,330.2,39.5,96.7,4.36,167.4,25.19476184523065,79.58532316539568,9.585448181022628,0.0,269.5857142857143,154.22394354283898,-104.58571428571427,48.3,Poor,0.039051253,False
2018-07-14,2018,7,monsoon,141.5,6.2,70.8,34.1,8.37,152.1,25.19476184523065,79.58532316539568,9.585448181022628,0.0,224.9,136.02636999248844,-83.4,281.9,Good,0.03808341,False
2018-07-15,2018,7,monsoon,279.6,507.3,23.5,72.6,9.55,145.4,25.19476184523065,79.58532316539568,9.585448181022628,0.0,232.3,137.61019826548718,47.30000000000004,101.3,Very Poor,0.037839342,False
2018-07-16,2018,7,monsoon,24.8,301.2,138.4,89.6,3.07,70.3,25.19476184523065,79.58532316539568,9.585448181022628,0.0,169.35714285714286,111.51040096694815,-144.55714285714285,16.1,Severe,0.038417555,False
2018-07-17,2018,7,monsoon,392.3,527.1,52.4,70.9,7.59,56.5,25.19476184523065,79.58532316539568,9.585448181022628,0.0,212.1,132.73226184064433,180.2,198.6,Moderate,0.038864437,False
2018-07-18,2018,7,monsoon,113.2,73.1,133.4,16.5,5.34,146.1,25.19476184523065,79.58532316539568,9.585448181022628,0.0,177.9857142857143,120.94752896154924,-64.78571428571429,442.7,Good,0.03972743,False
2018-07-19,2018,7,monsoon,283.2,489.0,48.3,37.8,9.02,160.6,25.19476184523065,79.58532316539568,9.585448181022628,0.0,199.94285714285712,124.57541032299626,83.25714285714287,385.4,Very Poor,0.039729036,False
2018-07-20,2018,7,monsoon,415.8,129.3,125.1,54.7,4.98,181.8,25.19476184523065,79.58532316539568,9.585448181022628,0.0,235.77142857142857,146.91363352080617,180.02857142857144,213.3,Satisfactory,0.03862439,False
2018-07-21,2018,7,monsoon,228.9,321.9,88.9,2.2,6.92,63.4,25.19476184523065,79.58532316539568,9.585448181022628,0.0,248.25714285714284,141.16807780258333,-19.35714285714284,378.3,Good,0.039009534,False
2018-07-22,2018,7,monsoon,171.3,276.4,148.4,79.4,8.96,69.3,25.19476184523065,79.58532316539568,9.585448181022628,0.0,232.78571428571428,143.08216087935207,-61.485714285714266,240.5,Good,0.038529027,False
2018-07-23,2018,7,monsoon,399.2,198.5,135.5,82.5,9.32,167.8,25.19476184523065,79.58532316539568,9.585448181022628,0.0,286.2714285714286,120.58581611292053,112.9285714285714,379.9,Satisfactory,0.03845503,False
2018-07-24,2018,7,monsoon,97.9,77.0,36.9,21.1,5.19,96.8,25.19476184523065,79.58532316539568,9.585448181022628,0.0,244.2142857142857,128.52091176888214,-146.31428571428572,468.6,Poor,0.039318826,False
2018-07-25,2018,7,monsoon,2.8,86.5,1.2,44.7,7.64,191.8,25.19476184523065,79.58532316539568,9.585448181022628,0.0,228.44285714285712,151.92141452236487,-225.6428571428571,156.2,Poor,0.040005654,False
2018-07-26,2018,7,monsoon,234.8,6.2,82.8,78.4,0.6,6.3,25.19476184523065,79.58532316539568,9.585448181022628,0.0,221.52857142857147,150.10447155548837,13.271428571428544,100.9,Severe,0.041492913,False
2018-07-27,2018,7,monsoon,0.2,543.9,24.1,17.3,0.07,177.1,25.19476184523065,79.58532316539568,9.585448181022628,0.0,162.15714285714284,142.45367500984153,-161.95714285714286,156.9,Poor,0.04335379,False
2018-07-28,2018,7,monsoon,37.8,195.0,119.9,55.8,3.09,99.0,25.19476184523065,79.58532316539568,9.585448181022628,0.0,134.85714285714286,145.80315333973252,-97.05714285714286,100.7,Severe,0.042382173,False
2018-07-29,2018,7,monsoon,336.0,519.5,145.2,84.0,2.38,15.9,25.19476184523065,79.58532316539568,9.585448181022628,0.0,158.3857142857143,164.7253110339699,177.6142857142857,414.8,Poor,0.045072146,False
2018-07-30,2018,7,monsoon,148.1,24.5,63.7,30.5,2.15,140.9,25.19476184523065,79.58532316539568,9.585448181022628,0.0,122.51428571428572,126.43412551695891,25.585714285714275,420.7,Satisfactory,0.045403127,False
2018-07-31,2018,7,monsoon,353.4,62.0,2.7,52.4,1.8,161.9,25.19476184523065,79.58532316539568,9.585448181022628,0.0,159.0142857142857,152.36476439312162,194.38571428571427,358.3,Good,0.046095084,False
2018-08-01,2018,8,monsoon,192.4,396.3,143.0,33.0,5.49,159.3,25.19476184523065,79.58532316539568,9.585448181022628,0.0,186.1,135.93281428705885,6.300000000000011,411.6,Moderate,0.045992672,False
2018-08-02,2018,8,monsoon,423.9,348.2,84.9,39.7,3.28,131.2,25.19476184523065,79.58532316539568,9.585448181022628,0.0,213.11428571428567,163.26620826706545,210.7857142857143,78.2,Very Poor,0.04544409,False
2018-08-03,2018,8,monsoon,108.5,401.8,46.3,80.8,6.35,21.5,25.19476184523065,79.58532316539568,9.585448181022628,0.0,228.58571428571423,143.6843928960442,-120.08571428571426,310.2,Satisfactory,0.04636296,False
2018-08-04,2018,8,monsoon,298.9,226.8,62.5,89.5,8.85,28.4,25.19476184523065,79.58532316539568,9.585448181022628,0.0,265.88571428571424,117.38619209787038,33.014285714285734,394.9,Moderate,0.046256006,False
2018-08-05,2018,8,monsoon,489.6,362.7,49.3,43.2,2.59,163.9,25.19476184523065,79.58532316539568,9.585448181022628,0.0,287.82857142857137,144.01316738740388,201.77142857142863,362.8,Satisfactory,0.046381794,False
2018-08-06,2018,8,monsoon,444.9,40.3,21.0,49.6,9.41,48.4,25.19476184523065,79.58532316539568,9.585448181022628,0.0,330.2285714285714,139.64347119582453,114.67142857142858,25.2,Very Poor,0.04714401,False
2018-08-07,2018,8,monsoon,31.2,542.6,120.1,20.2,8.1,91.0,25.19476184523065,79.58532316539568,9.585448181022628,0.0,284.2,178.4435298163914,-253.0,385.4,Very Poor,0.048202276,False
2018-08-08,2018,8,monsoon,364.5,281.3,68.3,85.9,2.83,180.4,25.19476184523065,79.58532316539568,9.585448181022628,0.0,308.7857142857143,175.51932874160838,55.71428571428572,460.0,Good,0.04832564,False
2018-08-09,2018,8,monsoon,476.8,21.1,136.0,78.1,2.32,173.5,25.19476184523065,79.58532316539568,9.585448181022628,0.0,316.3428571428571,182.3092323237532,160.4571428571429,137.2,Moderate,0.050092004,False
2018-08-10,2018,8,monsoon,262.6,526.6,23.0,15.9,1.04,113.2,25.19476184523065,79.58532316539568,9.585448181022628,0.0,338.35714285714283,161.09892258219136,-75.75714285714281,3.6,Severe,0.05146588,False
2018-08-11,2018,8,monsoon,263.0,516.2,139.8,48.6,7.67,155.1,25.19476184523065,79.58532316539568,9.585448181022628,0.0,333.22857142857146,163.12311009669685,-70.22857142857146,45.1,Severe,0.051530562,False
2018-08-12,2018,8,monsoon,167.1,401.3,16.8,70.3,3.38,40.6,25.19476184523065,79.58532316539568,9.585448181022628,0.0,287.15714285714284,157.02629139884894,-120.05714285714284,264.2,Satisfactory,0.051712602,False
2018-08-13,2018,8,monsoon,63.1,403.9,18.9,36.3,5.55,116.1,25.19476184523065,79.58532316539568,9.585448181022628,0.0,232.6142857142857,159.39357398769707,-169.5142857142857,90.0,Good,0.051508088,False
2018-08-14,2018,8,monsoon,414.7,444.1,144.7,31.0,2.54,150.4,25.19476184523065,79.58532316539568,9.585448181022628,0.0,287.4,143.7677757125475,127.3,207.6,Very Poor,0.05147346,False
2018-08-15,2018,8,monsoon,27.5,402.4,121.8,7.1,1.57,10.5,25.19476184523065,79.58532316539568,9.585448181022628,0.0,239.25714285714284,168.025046318923,-211.75714285714284,320.3,Severe,0.052429233,False
2018-08-16,2018,8,monsoon,405.6,479.1,125.2,48.2,3.85,161.3,25.19476184523065,79.58532316539568,9.585448181022628,0.0,229.08571428571423,152.7053964181951,176.51428571428576,163.4,Poor,0.05216899,False
2018-08-17,2018,8,monsoon,467.8,488.2,93.6,9.5,9.44,47.2,25.19476184523065,79.58532316539568,9.585448181022628,0.0,258.40000000000003,177.83870969692364,209.4,83.3,Good,0.053351372,False
2018-08-18,2018,8,monsoon,396.8,104.4,53.3,3.3,5.22,61.6,25.19476184523065,79.58532316539568,9.585448181022628,0.0,277.51428571428573,185.4434094144036,119.28571428571428,27.5,Moderate,0.053574394,False
2018-08-19,2018,8,monsoon,48.0,297.6,144.0,58.0,1.91,56.9,25.19476184523065,79.58532316539568,9.585448181022628,0.0,260.5,201.9878874256244,-212.5,243.7,Severe,0.053782314,False
2018-08-20,2018,8,monsoon,284.1,533.3,7.3,41.3,7.07,141.4,25.19476184523065,79.58532316539568,9.585448181022628,0.0,292.07142857142856,182.3035720466069,-7.971428571428532,395.0,Very Poor,0.05435189,False
2018-08-21,2018,8,monsoon,283.5,171.5,21.3,37.4,3.96,45.5,25.19476184523065,79.58532316539568,9.585448181022628,0.0,273.3285714285715,174.15711024135382,10.17142857142852,343.2,Poor,0.053397197,False
2018-08-22,2018,8,monsoon,380.6,358.1,28.6,46.3,7.44,62.6,25.19476184523065,79.58532316539568,9.585448181022628,0.0,323.7714285714286,138.5931060609404,56.82857142857142,345.7,Very Poor,0.05190761,False
2018-08-23,2018,8,monsoon,427.0,488.6,33.4,72.9,6.58,192.3,25.19476184523065,79.58532316539568,9.585448181022628,0.0,326.8285714285715,140.9155150469685,100.17142857142852,182.5,Poor,0.052399162,False
2018-08-24,2018,8,monsoon,499.8,560.8,144.4,53.4,7.29,77.4,25.19476184523065,79.58532316539568,9.585448181022628,0.0,331.40000000000003,146.65320771579923,168.39999999999998,138.5,Good,0.05120156,False
2018-08-25,2018,8,monsoon,296.3,157.6,46.1,88.6,0.23,51.5,25.19476184523065,79.58532316539568,9.585448181022628,0.0,317.04285714285714,144.08038100475795,-20.742857142857133,49.7,Severe,0.05063292,False
2018-08-26,2018,8,monsoon,231.5,188.0,42.9,40.7,0.11,52.6,25.19476184523065,79.58532316539568,9.585448181022628,0.0,343.25714285714287,95.46215405668822,-111.75714285714288,464.6,Moderate,0.048527896,False
2018-08-27,2018,8,monsoon,476.8,19.3,94.5,24.4,0.53,113.5,25.19476184523065,79.58532316539568,9.585448181022628,0.0,370.7857142857143,103.04328263034962,106.01428571428572,143.3,Very Poor,0.049242973,False
2018-08-28,2018,8,monsoon,245.0,18.0,116.7,47.9,0.92,117.5,25.19476184523065,79.58532316539568,9.585448181022628,0.0,365.2857142857143,109.31529976130872,-120.28571428571428,56.1,Poor,0.0483686,False
2018-08-29,2018,8,monsoon,498.6,479.5,59.0,72.3,4.81,97.8,25.19476184523065,79.58532316539568,9.585448181022628,0.0,382.1428571428572,120.58747664583392,116.45714285714286,224.9,Satisfactory,0.048061933,False
2018-08-30,2018,8,monsoon,139.1,312.7,85.4,17.8,2.88,70.5,25.19476184523065,79.58532316539568,9.585448181022628,0.0,341.0142857142857,148.5848739337379,-201.91428571428568,373.6,Moderate,0.04705121,False
2018-08-31,2018,8,monsoon,168.1,575.1,129.3,79.9,7.67,110.7,25.19476184523065,79.58532316539568,9.585448181022628,0.0,293.62857142857143,142.26348458975366,-125.52857142857144,398.2,Moderate,0.04777677,False
2018-09-01,2018,9,monsoon,57.9,442.9,48.6,82.1,5.46,162.9,25.19476184523065,79.58532316539568,9.585448181022628,0.0,259.57142857142856,167.76719697530984,-201.6714285714285,200.1,Moderate,0.04883072,False
2018-09-02,2018,9,monsoon,104.3,162.8,23.8,76.0,7.15,122.6,25.19476184523065,79.58532316539568,9.585448181022628,0.0,241.4,177.89734867801346,-137.10000000000002,349.3,Satisfactory,0.048970874,False
2018-09-03,2018,9,monsoon,279.1,528.2,123.3,47.0,1.33,175.5,25.19476184523065,79.58532316539568,9.585448181022628,0.0,213.15714285714284,147.37102674477626,65.94285714285718,67.8,Moderate,0.048833143,False
2018-09-04,2018,9,monsoon,73.6,416.0,120.8,92.0,2.58,85.0,25.19476184523065,79.58532316539568,9.585448181022628,0.0,188.67142857142852,155.2281623319442,-115.07142857142858,54.3,Poor,0.048875086,False
2018-09-05,2018,9,monsoon,33.8,286.3,64.9,31.2,9.18,30.3,25.19476184523065,79.58532316539568,9.585448181022628,0.0,122.2714285714286,83.30807712512487,-88.47142857142859,117.6,Moderate,0.048330642,False
2018-09-06,2018,9,monsoon,378.9,400.9,137.4,84.2,5.31,32.4,25.19476184523065,79.58532316539568,9.585448181022628,0.0,156.52857142857144,128.45334709906322,222.3714285714285,470.6,Good,0.047756147,False
2018-09-07,2018,9,monsoon,341.4,398.2,51.5,23.3,6.18,84.8,25.19476184523065,79.58532316539568,9.585448181022628,0.0,181.28571428571428,146.48931051526637,160.1142857142857,220.0,Moderate,0.04722658,False
2018-09-08,2018,9,monsoon,252.9,498.1,42.2,5.6,5.26,5.7,25.19476184523065,79.58532316539568,9.585448181022628,0.0,209.1428571428571,137.3724481976264,43.757142857142895,445.3,Satisfactory,0.045938075,False
2018-09-09,2018,9,monsoon,191.5,410.8,39.5,4.3,3.87,141.6,25.19476184523065,79.58532316539568,9.585448181022628,0.0,221.6,130.0385327508736,-30.09999999999997,448.5,Poor,0.045487836,False
2018-09-10,2018,9,monsoon,187.1,361.0,68.0,74.3,2.14,9.5,25.19476184523065,79.58532316539568,9.585448181022628,0.0,208.45714285714288,127.88991173587364,-21.35714285714286,331.4,Very Poor,0.045022905,False
2018-09-11,2018,9,monsoon,324.8,277.1,45.0,34.0,6.85,86.6,25.19476184523065,79.58532316539568,9.585448181022628,0.0,244.3428571428572,118.65193996367223,80.45714285714288,198.6,Severe,0.044450924,False
2018-09-12,2018,9,monsoon,297.6,219.9,14.7,76.7,9.49,89.3,25.19476184523065,79.58532316539568,9.585448181022628,0.0,282.0285714285714,74.20268895140573,15.571428571428612,0.6,Poor,0.04491346,False
2018-09-13,2018,9,monsoon,116.2,219.9,103.8,82.9,5.62,50.0,25.19476184523065,79.58532316539568,9.585448181022628,0.0,244.5,82.95834295998621,-128.3,338.2,Satisfactory,0.04436147,False
2018-09-14,2018,9,monsoon,314.1,317.6,88.5,13.1,5.27,133.0,25.19476184523065,79.58532316539568,9.585448181022628,0.0,240.6,78.14580389673328,73.50000000000003,312.0,Good,0.04240764,False
2018-09-15,2018,9,monsoon,377.4,271.3,85.7,100.0,6.56,89.1,25.19476184523065,79.58532316539568,9.585448181022628,0.0,258.3857142857143,93.97626346710176,119.01428571428568,288.7,Poor,0.042135928,False
2018-09-16,2018,9,monsoon,397.4,404.1,106.6,87.9,5.19,22.9,25.19476184523065,79.58532316539568,9.585448181022628,0.0,287.8,101.47585919813652,109.59999999999997,488.7,Severe,0.04079212,False
2018-09-17,2018,9,monsoon,126.4,455.4,71.9,6.3,4.1,142.2,25.19476184523065,79.58532316539568,9.585448181022628,0.0,279.12857142857143,113.40724130738924,-152.72857142857143,116.4,Good,0.040704116,False
2018-09-18,2018,9,monsoon,42.2,54.0,25.0,64.3,9.27,162.8,25.19476184523065,79.58532316539568,9.585448181022628,0.0,238.75714285714284,141.30788910676418,-196.5571428571428,225.2,Very Poor,0.041624606,False
2018-09-19,2018,9,monsoon,399.3,523.3,103.5,83.4,9.96,181.5,25.19476184523065,79.58532316539568,9.585448181022628,0.0,253.28571428571428,153.10208390233666,146.01428571428573,209.6,Satisfactory,0.042676825,False
2018-09-20,2018,9,monsoon,359.3,299.4,134.8,58.5,9.41,139.4,25.19476184523065,79.58532316539568,9.585448181022628,0.0,288.01428571428573,144.13275626508866,71.28571428571428,481.2,Poor,0.043174,False
2018-09-21,2018,9,monsoon,90.1,161.2,92.2,35.6,1.14,154.2,25.19476184523065,79.58532316539568,9.585448181022628,0.0,256.0142857142857,161.22815540481176,-165.91428571428568,164.3,Poor,0.044057764,False
2018-09-22,2018,9,monsoon,483.7,288.3,92.1,54.5,0.94,183.2,25.19476184523065,79.58532316539568,9.585448181022628,0.0,271.2,178.63331156310133,212.5,388.2,Poor,0.04423787,False
2018-09-23,2018,9,monsoon,196.6,12.2,48.0,37.3,8.5,28.9,25.19476184523065,79.58532316539568,9.585448181022628,0.0,242.5142857142857,170.94725725177577,-45.91428571428571,114.0,Poor,0.043749582,False
2018-09-24,2018,9,monsoon,151.3,440.0,87.2,56.7,2.96,197.0,25.19476184523065,79.58532316539568,9.585448181022628,0.0,246.0714285714286,168.36801670037894,-94.7714285714286,101.3,Poor,0.043225203,False
2018-09-25,2018,9,monsoon,209.1,122.0,68.5,90.1,2.11,166.0,25.19476184523065,79.58532316539568,9.585448181022628,0.0,269.9142857142857,144.86239940683294,-60.81428571428572,259.4,Good,0.043080233,False
2018-09-26,2018,9,monsoon,175.2,65.8,49.4,21.4,6.32,191.4,25.19476184523065,79.58532316539568,9.585448181022628,0.0,237.9,135.99412977527143,-62.70000000000002,43.3,Poor,0.042361647,False
2018-09-27,2018,9,monsoon,466.2,168.7,128.0,1.1,0.68,96.4,25.19476184523065,79.58532316539568,9.585448181022628,0.0,253.1714285714285,156.3739291387338,213.02857142857144,269.4,Poor,0.043819405,False
2018-09-28,2018,9,monsoon,226.9,308.5,145.3,51.2,9.97,82.5,25.19476184523065,79.58532316539568,9.585448181022628,0.0,272.7142857142857,140.321813801602,-45.81428571428572,210.2,Moderate,0.04387112,False
2018-09-29,2018,9,monsoon,178.4,172.5,43.8,22.2,5.27,3.5,25.19476184523065,79.58532316539568,9.585448181022628,0.0,229.1,107.39804467493826,-50.69999999999999,34.3,Very Poor,0.04436889,False
2018-09-30,2018,9,monsoon,236.7,308.8,20.2,85.2,2.2,94.5,25.19476184523065,79.58532316539568,9.585448181022628,0.0,234.82857142857145,106.44077718439996,1.871428571428538,269.0,Severe,0.04382051,False
2018-10-01,2018,10,post-monsoon,317.6,322.0,12.1,26.5,1.67,11.0,25.19476184523065,79.58532316539568,9.585448181022628,0.0,258.5857142857143,103.19973237322272,59.01428571428573,357.5,Poor,0.04405367,False
2018-10-02,2018,10,post-monsoon,465.8,284.2,138.3,17.3,3.11,148.0,25.19476184523065,79.58532316539568,9.585448181022628,0.0,295.25714285714287,125.81499456401409,170.54285714285714,78.0,Severe,0.044613417,False
2018-10-03,2018,10,post-monsoon,378.2,292.0,28.5,19.6,6.41,154.4,25.19476184523065,79.58532316539568,9.585448181022628,0.0,324.25714285714287,116.58707557219292,53.94285714285712,22.5,Good,0.043858875,False
2018-10-04,2018,10,post-monsoon,471.3,90.4,30.0,62.8,7.59,113.5,25.19476184523065,79.58532316539568,9.585448181022628,0.0,324.9857142857143,117.6331788310798,146.3142857142857,457.6,Poor,0.043563135,False
2018-10-05,2018,10,post-monsoon,140.6,568.9,74.8,74.1,4.5,63.2,25.19476184523065,79.58532316539568,9.585448181022628,0.0,312.65714285714284,133.12820709304833,-172.05714285714285,299.0,Good,0.04340833,False
2018-10-06,2018,10,post-monsoon,324.0,438.3,19.6,41.8,0.05,40.3,25.19476184523065,79.58532316539568,9.585448181022628,0.0,333.45714285714286,119.31325516112152,-9.457142857142856,211.2,Satisfactory,0.04321284,False
2018-10-07,2018,10,post-monsoon,340.9,324.7,136.1,26.5,2.88,83.4,25.19476184523065,79.58532316539568,9.585448181022628,0.0,348.3428571428572,111.47217675490252,-7.442857142857179,198.3,Satisfactory,0.043474134,False
2018-10-08,2018,10,post-monsoon,437.9,541.6,91.6,69.1,9.21,51.4,25.19476184523065,79.58532316539568,9.585448181022628,0.0,365.52857142857147,115.15510864750678,72.37142857142851,30.7,Very Poor,0.043420065,False
2018-10-09,2018,10,post-monsoon,460.6,125.7,72.0,8.1,8.18,1.2,25.19476184523065,79.58532316539568,9.585448181022628,0.0,364.7857142857143,114.41485085091942,95.81428571428576,218.4,Severe,0.044378985,False
2018-10-10,2018,10,post-monsoon,4.0,477.1,95.4,11.0,4.1,147.1,25.19476184523065,79.58532316539568,9.585448181022628,0.0,311.3285714285715,177.26029555699273,-307.3285714285715,474.5,Good,0.04585746,False
2018-10-11,2018,10,post-monsoon,455.2,454.0,63.5,24.4,7.75,8.8,25.19476184523065,79.58532316539568,9.585448181022628,0.0,309.0285714285714,174.9277823778118,146.17142857142858,86.8,Good,0.04716627,False
2018-10-12,2018,10,post-monsoon,233.8,146.0,125.9,79.2,8.34,111.2,25.19476184523065,79.58532316539568,9.585448181022628,0.0,322.3428571428571,163.11991353135346,-88.54285714285709,308.8,Good,0.04694901,False
2018-10-13,2018,10,post-monsoon,35.6,298.9,61.2,73.1,5.92,123.4,25.19476184523065,79.58532316539568,9.585448181022628,0.0,281.1428571428571,195.78273551007905,-245.54285714285712,344.6,Very Poor,0.04740063,False
2018-10-14,2018,10,post-monsoon,112.3,530.6,118.2,53.0,0.76,107.9,25.19476184523065,79.58532316539568,9.585448181022628,0.0,248.4857142857143,203.08325409850545,-136.1857142857143,295.1,Good,0.048653938,False
2018-10-15,2018,10,post-monsoon,415.6,329.7,138.1,64.3,6.21,54.8,25.19476184523065,79.58532316539568,9.585448181022628,0.0,245.3,199.7645363922236,170.30000000000004,483.9,Poor,0.04867214,False
2018-10-16,2018,10,post-monsoon,81.0,64.8,98.0,23.4,2.74,135.7,25.19476184523065,79.58532316539568,9.585448181022628,0.0,191.07142857142856,182.34146277689848,-110.07142857142858,214.4,Severe,0.04852776,False
2018-10-17,2018,10,post-monsoon,352.5,41.9,14.4,18.0,6.4,15.9,25.19476184523065,79.58532316539568,9.585448181022628,0.0,240.8571428571429,169.9036968122713,111.64285714285714,207.1,Severe,0.04928391,False
2018-10-18,2018,10,post-monsoon,356.7,350.7,107.7,1.3,9.19,1.9,25.19476184523065,79.58532316539568,9.585448181022628,0.0,226.78571428571428,152.36702867934207,129.9142857142857,299.5,Moderate,0.04883098,False
2018-10-19,2018,10,post-monsoon,46.2,59.5,133.6,21.4,8.13,57.8,25.19476184523065,79.58532316539568,9.585448181022628,0.0,199.9857142857143,166.74760796456653,-153.78571428571428,313.8,Poor,0.04807867,False
2018-10-20,2018,10,post-monsoon,100.4,474.9,124.3,22.2,7.73,37.9,25.19476184523065,79.58532316539568,9.585448181022628,0.0,209.2428571428572,157.65118518576446,-108.84285714285716,359.7,Satisfactory,0.047955096,False
2018-10-21,2018,10,post-monsoon,94.3,165.1,63.5,32.5,3.47,26.1,25.19476184523065,79.58532316539568,9.585448181022628,0.0,206.6714285714285,159.63031995087604,-112.37142857142857,49.7,Very Poor,0.047481515,False
2018-10-22,2018,10,post-monsoon,188.2,534.0,114.6,94.2,4.26,195.3,25.19476184523065,79.58532316539568,9.585448181022628,0.0,174.18571428571428,130.50787241352438,14.014285714285704,59.0,Moderate,0.047803998,False
2018-10-23,2018,10,post-monsoon,265.2,266.5,62.2,1.9,0.05,59.4,25.19476184523065,79.58532316539568,9.585448181022628,0.0,200.5,127.11330903305657,64.69999999999999,264.3,Satisfactory,0.047550395,False
2018-10-24,2018,10,post-monsoon,384.0,12.5,72.7,71.4,7.63,178.2,25.19476184523065,79.58532316539568,9.585448181022628,0.0,205.0,133.7742252204562,179.0,492.9,Moderate,0.048299007,False
2018-10-25,2018,10,post-monsoon,405.9,57.7,19.4,63.3,1.29,46.6,25.19476184523065,79.58532316539568,9.585448181022628,0.0,212.0285714285714,143.97648782915584,193.87142857142857,187.2,Very Poor,0.04888523,False
2018-10-26,2018,10,post-monsoon,306.3,116.3,143.2,1.4,4.81,136.9,25.19476184523065,79.58532316539568,9.585448181022628,0.0,249.18571428571428,126.55617235798806,57.11428571428573,484.3,Moderate,0.04894528,False
2018-10-27,2018,10,post-monsoon,360.8,260.3,46.2,61.3,10.0,53.1,25.19476184523065,79.58532316539568,9.585448181022628,0.0,286.3857142857143,113.08733245551774,74.41428571428571,188.9,Satisfactory,0.04766263,False
2018-10-28,2018,10,post-monsoon,495.4,177.6,129.2,66.1,9.12,111.4,25.19476184523065,79.58532316539568,9.585448181022628,0.0,343.6857142857143,100.44856774441742,151.7142857142857,322.1,Poor,0.047980443,False
2018-10-29,2018,10,post-monsoon,452.9,195.1,48.7,88.7,6.78,35.8,25.19476184523065,79.58532316539568,9.585448181022628,0.0,381.5,79.87698875980112,71.39999999999998,0.9,Satisfactory,0.04821054,False
2018-10-30,2018,10,post-monsoon,404.8,588.3,118.4,0.9,5.37,195.3,25.19476184523065,79.58532316539568,9.585448181022628,0.0,401.4428571428571,61.257893563275495,3.3571428571428896,26.8,Severe,0.049758054,False
2018-10-31,2018,10,post-monsoon,447.7,577.1,28.9,95.9,4.47,1.7,25.19476184523065,79.58532316539568,9.585448181022628,0.0,410.54285714285714,62.94306573252999,37.15714285714285,473.3,Poor,0.05102338,False
2018-11-01,2018,11,post-monsoon,495.6,262.4,6.7,83.5,4.69,129.5,25.19476184523065,79.58532316539568,9.585448181022628,0.0,423.3571428571428,70.51559773418639,72.24285714285719,215.9,Moderate,0.051132582,False
2018-11-02,2018,11,post-monsoon,221.9,225.6,75.9,20.9,2.06,129.2,25.19476184523065,79.58532316539568,9.585448181022628,0.0,411.30000000000007,96.34977944967008,-189.4000000000001,280.0,Good,0.051143467,False
2018-11-03,2018,11,post-monsoon,141.8,592.5,104.3,14.6,1.45,58.1,25.19476184523065,79.58532316539568,9.585448181022628,0.0,380.0142857142857,140.78832135007326,-238.2142857142857,480.7,Satisfactory,0.051686663,False
2018-11-04,2018,11,post-monsoon,489.1,542.5,39.2,94.7,1.95,167.5,25.19476184523065,79.58532316539568,9.585448181022628,0.0,379.11428571428576,139.94538730723315,109.98571428571428,445.1,Severe,0.053458296,False
2018-11-05,2018,11,post-monsoon,275.0,594.7,46.9,32.6,1.37,40.1,25.19476184523065,79.58532316539568,9.585448181022628,0.0,353.7000000000001,140.4650134375107,-78.7000000000001,190.2,Poor,0.05356835,False
2018-11-06,2018,11,post-monsoon,71.5,435.1,48.7,90.8,9.2,68.2,25.19476184523065,79.58532316539568,9.585448181022628,0.0,306.08571428571435,172.98280674266874,-234.58571428571435,78.5,Moderate,0.055227555,False
2018-11-07,2018,11,post-monsoon,482.3,408.2,24.6,20.3,4.05,171.9,25.19476184523065,79.58532316539568,9.585448181022628,0.0,311.02857142857147,178.12175343741455,171.27142857142854,362.0,Satisfactory,0.0554934,False
2018-11-08,2018,11,post-monsoon,285.1,457.8,31.1,26.8,7.25,21.0,25.19476184523065,79.58532316539568,9.585448181022628,0.0,280.9571428571429,158.4507269063254,4.14285714285711,280.0,Good,0.054261934,False
2018-11-09,2018,11,post-monsoon,145.3,364.8,129.5,27.8,4.77,136.4,25.19476184523065,79.58532316539568,9.585448181022628,0.0,270.01428571428573,165.68880900221197,-124.71428571428572,31.5,Satisfactory,0.052898105,False
2018-11-10,2018,11,post-monsoon,323.5,372.7,116.3,33.0,9.96,135.8,25.19476184523065,79.58532316539568,9.585448181022628,0.0,295.9714285714286,156.21678008764755,27.52857142857141,43.3,Satisfactory,0.052182604,False
2018-11-11,2018,11,post-monsoon,201.3,541.0,83.2,92.9,1.79,105.7,25.19476184523065,79.58532316539568,9.585448181022628,0.0,254.8571428571429,133.0748142605363,-53.55714285714285,4.8,Very Poor,0.052392144,False
2018-11-12,2018,11,post-monsoon,469.6,161.6,57.2,8.3,4.79,76.9,25.19476184523065,79.58532316539568,9.585448181022628,0.0,282.6571428571429,156.28623160878962,186.94285714285712,45.2,Poor,0.052304454,False
2018-11-13,2018,11,post-monsoon,378.2,554.3,95.8,71.5,8.58,63.6,25.19476184523065,79.58532316539568,9.585448181022628,0.0,326.4714285714286,127.57714939447068,51.7285714285714,172.1,Satisfactory,0.051830377,False
2018-11-14,2018,11,post-monsoon,15.2,488.9,58.1,29.5,2.43,50.0,25.19476184523065,79.58532316539568,9.585448181022628,0.0,259.74285714285713,152.25746678070087,-244.5428571428572,139.2,Good,0.052618038,False
2018-11-15,2018,11,post-monsoon,475.5,407.6,112.6,46.4,5.37,42.3,25.19476184523065,79.58532316539568,9.585448181022628,0.0,286.9428571428571,173.1200436801284,188.55714285714288,61.6,Good,0.05202572,False
2018-11-16,2018,11,post-monsoon,121.6,287.2,64.7,70.0,5.44,69.2,25.19476184523065,79.58532316539568,9.585448181022628,0.0,283.5571428571429,176.54962340319383,-161.95714285714288,410.2,Moderate,0.05079374,False
2018-11-17,2018,11,post-monsoon,491.6,109.7,108.1,77.3,1.19,51.1,25.19476184523065,79.58532316539568,9.585448181022628,0.0,307.57142857142856,193.5063367979261,184.02857142857147,480.9,Severe,0.0505024,False
2018-11-18,2018,11,post-monsoon,338.2,335.0,97.9,97.0,3.92,138.4,25.19476184523065,79.58532316539568,9.585448181022628,0.0,327.12857142857143,187.80989248249347,11.071428571428555,58.1,Poor,0.048742156,False
2018-11-19,2018,11,post-monsoon,335.6,376.8,70.3,89.9,9.6,169.1,25.19476184523065,79.58532316539568,9.585448181022628,0.0,307.9857142857143,177.40906054061838,27.6142857142857,293.8,Moderate,0.048351876,False
2018-11-20,2018,11,post-monsoon,226.7,197.5,108.5,5.0,8.61,197.6,25.19476184523065,79.58532316539568,9.585448181022628,0.0,286.3428571428572,176.65516179969447,-59.64285714285717,257.0,Poor,0.049286477,False
2018-11-21,2018,11,post-monsoon,326.4,386.2,93.0,45.1,0.26,194.3,25.19476184523065,79.58532316539568,9.585448181022628,0.0,330.8,130.0598195703297,-4.400000000000034,248.2,Poor,0.04866859,False
2018-11-22,2018,11,post-monsoon,169.6,410.4,53.8,61.0,9.21,38.0,25.19476184523065,79.58532316539568,9.585448181022628,0.0,287.1,124.61464600920728,-117.50000000000004,257.6,Very Poor,0.04820175,False
2018-11-23,2018,11,post-monsoon,12.2,31.9,44.0,90.9,7.25,189.7,25.19476184523065,79.58532316539568,9.585448181022628,0.0,271.4714285714286,152.5575597852138,-259.2714285714286,76.6,Moderate,0.049897987,False
2018-11-24,2018,11,post-monsoon,213.7,254.6,24.2,43.4,7.48,58.9,25.19476184523065,79.58532316539568,9.585448181022628,0.0,231.7714285714285,117.96268780544862,-18.071428571428555,153.9,Good,0.048516296,False
2018-11-25,2018,11,post-monsoon,264.5,461.1,86.8,60.0,2.68,74.9,25.19476184523065,79.58532316539568,9.585448181022628,0.0,221.2428571428571,109.89338556290006,43.257142857142895,122.5,Very Poor,0.04702365,False
2018-11-26,2018,11,post-monsoon,108.2,569.8,117.8,39.0,3.36,176.4,25.19476184523065,79.58532316539568,9.585448181022628,0.0,188.75714285714284,103.90156972094408,-80.55714285714284,27.0,Satisfactory,0.047413897,False
2018-11-27,2018,11,post-monsoon,393.6,248.2,74.2,24.3,2.68,38.7,25.19476184523065,79.58532316539568,9.585448181022628,0.0,212.6,129.94536031219693,181.00000000000003,240.9,Moderate,0.046826478,False
2018-11-28,2018,11,post-monsoon,31.8,273.7,48.4,62.2,8.48,54.9,25.19476184523065,79.58532316539568,9.585448181022628,0.0,170.51428571428573,134.5700118720293,-138.71428571428572,150.0,Satisfactory,0.047000397,False
2018-11-29,2018,11,post-monsoon,280.0,8.3,47.6,11.3,4.57,188.1,25.19476184523065,79.58532316539568,9.585448181022628,0.0,186.28571428571428,140.77147472140123,93.71428571428572,97.7,Severe,0.046961058,False
2018-11-30,2018,11,post-monsoon,127.5,573.2,15.8,11.2,1.73,58.7,25.19476184523065,79.58532316539568,9.585448181022628,0.0,202.75714285714284,122.57679031451892,-75.25714285714284,283.5,Very Poor,0.046404056,False
2018-12-01,2018,12,winter,444.7,270.9,44.8,5.8,1.68,189.2,25.19476184523065,79.58532316539568,9.585448181022628,0.0,235.7571428571429,153.2666614884318,208.9428571428571,248.4,Poor,0.047055535,False
2018-12-02,2018,12,winter,27.8,79.5,131.9,45.3,7.91,80.8,25.19476184523065,79.58532316539568,9.585448181022628,0.0,201.94285714285715,170.95818062850793,-174.14285714285714,424.8,Very Poor,0.04851495,False
2018-12-03,2018,12,winter,409.1,483.7,86.0,9.7,6.98,159.2,25.19476184523065,79.58532316539568,9.585448181022628,0.0,244.92857142857144,180.99362524948884,164.1714285714286,263.6,Severe,0.04778918,False
2018-12-04,2018,12,winter,206.0,529.2,123.4,49.4,4.19,107.8,25.19476184523065,79.58532316539568,9.585448181022628,0.0,218.12857142857143,168.78818791891925,-12.128571428571432,225.5,Severe,0.045969382,False
2018-12-05,2018,12,winter,71.9,185.6,86.8,81.8,2.91,108.4,25.19476184523065,79.58532316539568,9.585448181022628,0.0,223.8571428571429,161.95238865319712,-151.95714285714286,394.6,Poor,0.04571201,False
2018-12-06,2018,12,winter,236.3,333.5,66.0,68.1,5.84,17.2,25.19476184523065,79.58532316539568,9.585448181022628,0.0,217.6142857142857,160.26095832081117,18.68571428571431,353.2,Poor,0.044352613,False
2018-12-07,2018,12,winter,249.2,130.2,146.0,65.3,1.02,67.6,25.19476184523065,79.58532316539568,9.585448181022628,0.0,235.0,155.38268886848374,14.199999999999989,132.7,Poor,0.044071723,False
2018-12-08,2018,12,winter,484.9,326.3,107.6,79.5,5.91,87.9,25.19476184523065,79.58532316539568,9.585448181022628,0.0,240.7428571428571,164.87759962209202,244.15714285714287,370.8,Good,0.044340212,False
2018-12-09,2018,12,winter,106.4,205.8,74.3,14.6,3.99,30.7,25.19476184523065,79.58532316539568,9.585448181022628,0.0,251.97142857142856,149.9602804554784,-145.57142857142856,458.8,Poor,0.04482441,False
2018-12-10,2018,12,winter,101.0,77.0,12.2,67.5,1.98,181.9,25.19476184523065,79.58532316539568,9.585448181022628,0.0,207.95714285714283,141.10911684630042,-106.95714285714284,273.3,Satisfactory,0.045756795,False
2018-12-11,2018,12,winter,402.2,342.4,10.7,9.0,9.6,8.4,25.19476184523065,79.58532316539568,9.585448181022628,0.0,235.98571428571427,159.00626223067897,166.21428571428572,17.4,Severe,0.04728617,False
2018-12-12,2018,12,winter,41.7,324.8,106.8,78.1,1.1,127.7,25.19476184523065,79.58532316539568,9.585448181022628,0.0,231.67142857142852,164.51467730150725,-189.9714285714286,348.0,Severe,0.04726616,False
2018-12-13,2018,12,winter,235.3,432.1,27.6,34.2,7.75,125.2,25.19476184523065,79.58532316539568,9.585448181022628,0.0,231.52857142857144,164.5104223069744,3.771428571428572,120.1,Very Poor,0.046577178,False
2018-12-14,2018,12,winter,380.8,552.6,30.5,9.4,5.29,6.1,25.19476184523065,79.58532316539568,9.585448181022628,0.0,250.32857142857145,174.1061334769276,130.4714285714286,3.5,Very Poor,0.047005154,False
2018-12-15,2018,12,winter,142.1,355.4,132.2,36.6,2.75,187.0,25.19476184523065,79.58532316539568,9.585448181022628,0.0,201.3571428571429,142.46633353349205,-59.257142857142895,300.5,Satisfactory,0.046842583,False
2018-12-16,2018,12,winter,454.6,495.0,2.0,2.2,5.02,112.0,25.19476184523065,79.58532316539568,9.585448181022628,0.0,251.1,163.0820652309751,203.50000000000003,301.0,Satisfactory,0.04854571,False
2018-12-17,2018,12,winter,284.4,519.3,102.9,56.7,0.5,27.6,25.19476184523065,79.58532316539568,9.585448181022628,0.0,277.3,149.0795984253603,7.099999999999966,72.6,Very Poor,0.04775535,False
2018-12-18,2018,12,winter,82.0,428.9,42.5,45.9,3.08,123.6,25.19476184523065,79.58532316539568,9.585448181022628,0.0,231.55714285714288,153.42945020587217,-149.55714285714288,99.2,Moderate,0.047300383,False
2018-12-19,2018,12,winter,454.8,541.8,85.9,8.3,8.61,68.5,25.19476184523065,79.58532316539568,9.585448181022628,0.0,290.57142857142856,147.56716791894826,164.22857142857146,101.2,Good,0.04759101,False
2018-12-20,2018,12,winter,369.5,511.3,8.5,79.8,0.72,14.3,25.19476184523065,79.58532316539568,9.585448181022628,0.0,309.74285714285713,147.90672575582747,59.75714285714287,102.5,Severe,0.047957644,False
2018-12-21,2018,12,winter,57.8,125.2,35.4,91.9,4.26,8.6,25.19476184523065,79.58532316539568,9.585448181022628,0.0,263.6,170.67529600579778,-205.8,418.0,Very Poor,0.04881905,False
2018-12-22,2018,12,winter,15.4,551.0,3.6,21.2,3.87,120.0,25.19476184523065,79.58532316539568,9.585448181022628,0.0,245.5,191.1927735733406,-230.1,0.2,Very Poor,0.049523823,False
2018-12-23,2018,12,winter,381.9,295.8,49.3,24.8,1.02,28.6,25.19476184523065,79.58532316539568,9.585448181022628,0.0,235.1142857142857,179.56204525243666,146.78571428571428,2.1,Moderate,0.047272146,False
2018-12-24,2018,12,winter,264.6,424.8,103.6,21.8,4.08,88.6,25.19476184523065,79.58532316539568,9.585448181022628,0.0,232.28571428571428,178.81064871880005,32.314285714285745,122.7,Good,0.04700507,False
2018-12-25,2018,12,winter,144.5,342.7,53.9,11.9,8.4,157.5,25.19476184523065,79.58532316539568,9.585448181022628,0.0,241.2142857142857,171.46524845743946,-96.71428571428572,245.4,Satisfactory,0.04791138,False
2018-12-26,2018,12,winter,78.5,522.3,122.3,83.1,5.64,149.6,25.19476184523065,79.58532316539568,9.585448181022628,0.0,187.45714285714283,151.12371154281578,-108.95714285714284,135.8,Good,0.048185226,False
2018-12-27,2018,12,winter,301.6,36.8,63.1,12.0,2.68,35.8,25.19476184523065,79.58532316539568,9.585448181022628,0.0,177.75714285714284,139.2004652427912,123.84285714285718,83.9,Poor,0.04864884,False
2018-12-28,2018,12,winter,19.1,300.2,110.6,8.6,0.31,135.0,25.19476184523065,79.58532316539568,9.585448181022628,0.0,172.22857142857143,145.38972584385866,-153.12857142857143,193.3,Poor,0.049075443,False
2018-12-29,2018,12,winter,431.3,177.7,51.6,35.6,1.49,112.3,25.19476184523065,79.58532316539568,9.585448181022628,0.0,231.6428571428572,155.2639887110859,199.65714285714287,388.9,Poor,0.048551086,False
2018-12-30,2018,12,winter,444.3,304.3,131.1,89.8,0.92,102.0,25.19476184523065,79.58532316539568,9.585448181022628,0.0,240.55714285714288,166.69884879769327,203.7428571428572,23.5,Moderate,0.04900537,False
2018-12-31,2018,12,winter,497.0,507.3,38.5,81.9,4.95,165.8,25.19476184523065,79.58532316539568,9.585448181022628,0.0,273.75714285714287,193.30469779722432,223.2428571428572,40.0,Good,0.048955668,False
2019-01-01,2019,1,winter,266.7,199.6,64.4,58.8,0.83,5.5,25.19476184523065,79.58532316539568,9.585448181022628,0.0,291.2142857142857,185.0267406671392,-24.514285714285734,160.0,Good,0.047887124,False
2019-01-02,2019,1,winter,93.4,311.1,55.6,53.5,6.98,27.7,25.19476184523065,79.58532316539568,9.585448181022628,0.0,293.3428571428572,182.2364659551144,-199.94285714285715,342.8,Good,0.0473744,False
2019-01-03,2019,1,winter,34.8,300.4,50.6,29.1,5.07,110.3,25.19476184523065,79.58532316539568,9.585448181022628,0.0,255.22857142857143,206.5058975290675,-220.42857142857144,467.3,Very Poor,0.0475453,False
2019-01-04,2019,1,winter,185.0,309.8,139.9,99.9,7.57,78.3,25.19476184523065,79.58532316539568,9.585448181022628,0.0,278.92857142857144,183.08087206009736,-93.92857142857144,222.1,Satisfactory,0.048498016,False
2019-01-05,2019,1,winter,303.8,201.2,29.0,94.9,0.91,149.1,25.19476184523065,79.58532316539568,9.585448181022628,0.0,260.7142857142857,171.362602187792,43.08571428571429,213.5,Good,0.049524892,False
2019-01-06,2019,1,winter,400.5,235.2,65.9,18.5,6.23,111.7,25.19476184523065,79.58532316539568,9.585448181022628,0.0,254.45714285714288,164.19151274393838,146.04285714285714,55.0,Moderate,0.04887982,False
2019-01-07,2019,1,winter,147.4,13.0,26.6,18.2,5.18,171.6,25.19476184523065,79.58532316539568,9.585448181022628,0.0,204.5142857142857,127.1005432531195,-57.1142857142857,289.4,Good,0.049143825,False
2019-01-08,2019,1,winter,284.1,91.1,124.4,31.4,7.3,161.5,25.19476184523065,79.58532316539568,9.585448181022628,0.0,207.0,128.6797445857998,77.10000000000002,242.4,Moderate,0.04980601,False
2019-01-09,2019,1,winter,42.2,265.6,91.0,77.0,0.59,122.7,25.19476184523065,79.58532316539568,9.585448181022628,0.0,199.6857142857143,137.3744569727991,-157.48571428571432,248.1,Good,0.04921576,False
2019-01-10,2019,1,winter,471.6,489.6,45.4,51.8,4.4,159.0,25.19476184523065,79.58532316539568,9.585448181022628,0.0,262.0857142857143,148.7302976147478,209.51428571428573,449.0,Moderate,0.047944266,False
2019-01-11,2019,1,winter,316.3,144.5,29.7,54.8,1.04,80.8,25.19476184523065,79.58532316539568,9.585448181022628,0.0,280.8428571428572,145.6356052749792,35.457142857142856,283.9,Very Poor,0.047139764,False
2019-01-12,2019,1,winter,463.7,321.9,67.8,1.3,5.5,157.5,25.19476184523065,79.58532316539568,9.585448181022628,0.0,303.6857142857143,161.51135593275825,160.01428571428568,87.9,Moderate,0.048039187,False
2019-01-13,2019,1,winter,309.7,144.4,100.4,49.1,3.86,163.4,25.19476184523065,79.58532316539568,9.585448181022628,0.0,290.7142857142857,155.99191676249802,18.985714285714263,434.1,Severe,0.0466757,False
2019-01-14,2019,1,winter,358.0,429.9,24.7,95.4,7.39,134.8,25.19476184523065,79.58532316539568,9.585448181022628,0.0,320.80000000000007,143.55788611799318,37.19999999999993,282.8,Moderate,0.04701274,False
2019-01-15,2019,1,winter,116.7,572.8,49.2,51.9,2.36,143.6,25.19476184523065,79.58532316539568,9.585448181022628,0.0,296.88571428571424,163.27883541732564,-180.18571428571423,55.1,Moderate,0.04596821,False
2019-01-16,2019,1,winter,225.5,372.1,44.5,38.6,7.52,14.1,25.19476184523065,79.58532316539568,9.585448181022628,0.0,323.07142857142856,126.08934285240926,-97.57142857142856,222.8,Severe,0.045793347,False
2019-01-17,2019,1,winter,356.5,98.9,39.8,93.3,4.87,167.6,25.19476184523065,79.58532316539568,9.585448181022628,0.0,306.62857142857143,109.96612681921223,49.87142857142857,107.7,Poor,0.04640232,False
2019-01-18,2019,1,winter,105.3,193.4,17.7,15.4,3.2,187.2,25.19476184523065,79.58532316539568,9.585448181022628,0.0,276.48571428571427,133.31342053686157,-171.18571428571423,100.0,Poor,0.045784898,False
2019-01-19,2019,1,winter,478.1,61.2,71.3,88.5,6.96,112.7,25.19476184523065,79.58532316539568,9.585448181022628,0.0,278.54285714285714,136.75057412606915,199.55714285714288,75.4,Poor,0.04523038,False
2019-01-20,2019,1,winter,425.0,91.2,75.1,52.9,3.38,191.4,25.19476184523065,79.58532316539568,9.585448181022628,0.0,295.0142857142857,147.6392498465029,129.98571428571432,28.0,Severe,0.04383401,False
2019-01-21,2019,1,winter,242.1,129.8,22.5,64.9,2.47,44.0,25.19476184523065,79.58532316539568,9.585448181022628,0.0,278.45714285714286,145.88684950036748,-36.35714285714286,144.6,Severe,0.042099535,False
2019-01-22,2019,1,winter,372.0,463.5,83.5,1.9,1.53,155.1,25.19476184523065,79.58532316539568,9.585448181022628,0.0,314.92857142857144,129.72507743025534,57.07142857142856,66.1,Satisfactory,0.04219013,False
2019-01-23,2019,1,winter,43.4,344.1,7.9,5.7,9.82,134.3,25.19476184523065,79.58532316539568,9.585448181022628,0.0,288.9142857142857,164.29884792222813,-245.5142857142857,31.9,Severe,0.044607818,False
2019-01-24,2019,1,winter,9.7,237.1,5.8,20.6,5.13,24.1,25.19476184523065,79.58532316539568,9.585448181022628,0.0,239.37142857142857,190.6899727680659,-229.67142857142852,155.5,Moderate,0.04571135,False
2019-01-25,2019,1,winter,102.8,244.1,58.7,79.9,4.31,16.3,25.19476184523065,79.58532316539568,9.585448181022628,0.0,239.01428571428573,190.9850380577096,-136.21428571428572,49.4,Moderate,0.04515088,False
2019-01-26,2019,1,winter,3.4,590.1,98.1,41.4,9.29,50.9,25.19476184523065,79.58532316539568,9.585448181022628,0.0,171.2,175.60010440391724,-167.79999999999998,237.4,Severe,0.046788935,False
2019-01-27,2019,1,winter,179.6,128.2,55.4,64.4,1.75,82.7,25.19476184523065,79.58532316539568,9.585448181022628,0.0,136.14285714285714,136.66594134534571,43.457142857142856,473.4,Satisfactory,0.045189112,False
2019-01-28,2019,1,winter,125.4,337.1,104.3,62.6,9.38,83.8,25.19476184523065,79.58532316539568,9.585448181022628,0.0,119.47142857142856,128.4577844311209,5.928571428571445,14.8,Moderate,0.045362365,False
2019-01-29,2019,1,winter,58.5,11.5,32.4,24.1,5.53,77.8,25.19476184523065,79.58532316539568,9.585448181022628,0.0,74.68571428571428,64.4398021042742,-16.185714285714283,38.2,Good,0.044439334,False
2019-01-30,2019,1,winter,188.2,388.6,127.0,13.3,8.22,198.7,25.19476184523065,79.58532316539568,9.585448181022628,0.0,95.37142857142858,75.08476796895836,92.8285714285714,420.2,Moderate,0.044172697,False
2019-01-31,2019,1,winter,100.8,510.6,32.9,13.8,4.74,195.0,25.19476184523065,79.58532316539568,9.585448181022628,0.0,108.38571428571429,64.97513443801434,-7.585714285714275,295.2,Poor,0.04433565,False
2019-02-01,2019,2,winter,92.8,443.4,110.2,17.2,5.5,79.7,25.19476184523065,79.58532316539568,9.585448181022628,0.0,106.95714285714288,65.2278533844461,-14.157142857142873,57.0,Good,0.044353772,False
2019-02-02,2019,2,winter,299.9,293.6,90.5,27.8,9.21,174.5,25.19476184523065,79.58532316539568,9.585448181022628,0.0,149.31428571428572,81.10898899159115,150.58571428571426,352.2,Very Poor,0.044462435,False
2019-02-03,2019,2,winter,398.3,455.2,118.7,15.1,4.29,19.4,25.19476184523065,79.58532316539568,9.585448181022628,0.0,180.55714285714288,124.9772360224433,217.7428571428572,376.4,Satisfactory,0.045022614,False
2019-02-04,2019,2,winter,389.8,288.9,91.2,15.6,3.31,54.4,25.19476184523065,79.58532316539568,9.585448181022628,0.0,218.32857142857145,144.03087301322716,171.4714285714286,218.3,Very Poor,0.044553068,False
2019-02-05,2019,2,winter,216.6,260.3,71.4,6.8,7.39,174.0,25.19476184523065,79.58532316539568,9.585448181022628,0.0,240.91428571428568,126.06636385348035,-24.31428571428569,415.9,Good,0.04472765,False
2019-02-06,2019,2,winter,486.7,4.3,107.6,61.6,2.83,173.0,25.19476184523065,79.58532316539568,9.585448181022628,0.0,283.5571428571429,152.8939159149557,203.1428571428571,328.0,Satisfactory,0.04559854,False
2019-02-07,2019,2,winter,338.7,527.8,70.3,96.6,2.35,151.0,25.19476184523065,79.58532316539568,9.585448181022628,0.0,317.5428571428571,130.265534673641,21.1571428571429,345.9,Very Poor,0.04621304,False
2019-02-08,2019,2,winter,68.9,70.3,26.4,62.3,5.21,166.9,25.19476184523065,79.58532316539568,9.585448181022628,0.0,314.12857142857143,137.26311369392877,-245.22857142857143,246.0,Very Poor,0.04626583,False
2019-02-09,2019,2,winter,481.2,443.8,149.9,11.7,6.4,169.7,25.19476184523065,79.58532316539568,9.585448181022628,0.0,340.0285714285714,150.58868609876515,141.17142857142858,369.0,Satisfactory,0.047324337,False
2019-02-10,2019,2,winter,45.5,132.1,29.0,31.0,4.38,185.9,25.19476184523065,79.58532316539568,9.585448181022628,0.0,289.62857142857143,183.31762703284264,-244.12857142857143,416.5,Satisfactory,0.047909036,False
2019-02-11,2019,2,winter,301.5,312.4,140.9,37.6,8.6,190.7,25.19476184523065,79.58532316539568,9.585448181022628,0.0,277.0142857142857,178.24369487279142,24.485714285714323,399.8,Satisfactory,0.04784139,False
2019-02-12,2019,2,winter,335.5,223.9,137.2,92.2,1.04,195.5,25.19476184523065,79.58532316539568,9.585448181022628,0.0,294.0,177.18915504811994,41.5,91.4,Very Poor,0.04970081,False
2019-02-13,2019,2,winter,109.9,597.4,115.7,91.0,4.99,6.9,25.19476184523065,79.58532316539568,9.585448181022628,0.0,240.17142857142852,165.75729963097362,-130.27142857142857,385.3,Good,0.051126458,False
2019-02-14,2019,2,winter,4.1,536.6,5.2,48.6,4.88,184.5,25.19476184523065,79.58532316539568,9.585448181022628,0.0,192.37142857142857,180.2224802319409,-188.27142857142857,275.6,Moderate,0.051892772,False
2019-02-15,2019,2,winter,495.5,124.5,90.4,6.8,8.98,137.9,25.19476184523065,79.58532316539568,9.585448181022628,0.0,253.3142857142857,202.28872458750163,242.18571428571428,291.7,Very Poor,0.05314302,False
2019-02-16,2019,2,winter,305.1,225.0,119.6,66.6,5.57,17.3,25.19476184523065,79.58532316539568,9.585448181022628,0.0,228.15714285714284,178.81277785384776,76.94285714285718,364.0,Very Poor,0.053048562,False
2019-02-17,2019,2,winter,91.5,202.0,132.4,64.6,2.84,114.6,25.19476184523065,79.58532316539568,9.585448181022628,0.0,234.72857142857143,171.68445585128657,-143.22857142857143,206.6,Satisfactory,0.052315757,False
2019-02-18,2019,2,winter,370.6,126.9,137.6,53.9,5.02,51.4,25.19476184523065,79.58532316539568,9.585448181022628,0.0,244.6,178.03268426518392,126.00000000000004,368.7,Moderate,0.05147112,False
2019-02-19,2019,2,winter,22.5,487.1,106.1,95.5,8.99,117.0,25.19476184523065,79.58532316539568,9.585448181022628,0.0,199.8857142857143,190.28218018311136,-177.3857142857143,184.5,Satisfactory,0.052031025,False
2019-02-20,2019,2,winter,322.7,258.3,52.3,86.1,7.83,54.7,25.19476184523065,79.58532316539568,9.585448181022628,0.0,230.28571428571428,190.50837626879144,92.41428571428573,87.4,Good,0.05197549,False
2019-02-21,2019,2,winter,33.4,387.0,80.7,87.7,6.84,153.5,25.19476184523065,79.58532316539568,9.585448181022628,0.0,234.47142857142856,184.9513513899057,-201.07142857142856,360.9,Poor,0.051660664,False
2019-02-22,2019,2,winter,192.7,188.7,62.5,15.4,7.01,59.8,25.19476184523065,79.58532316539568,9.585448181022628,0.0,191.2142857142857,144.77148002480112,1.4857142857142662,433.9,Very Poor,0.049619548,False
2019-02-23,2019,2,winter,387.1,28.2,118.9,13.9,4.96,43.2,25.19476184523065,79.58532316539568,9.585448181022628,0.0,202.92857142857144,158.21576737992652,184.1714285714286,198.9,Satisfactory,0.04908084,False
2019-02-24,2019,2,winter,76.8,209.1,146.2,30.3,1.07,60.8,25.19476184523065,79.58532316539568,9.585448181022628,0.0,200.82857142857145,160.02843199762663,-124.02857142857144,116.9,Satisfactory,0.049391128,False
2019-02-25,2019,2,winter,441.8,77.8,41.8,50.2,3.32,61.4,25.19476184523065,79.58532316539568,9.585448181022628,0.0,211.0,174.24851984067655,230.8,105.1,Satisfactory,0.048939873,False
2019-02-26,2019,2,winter,11.4,254.3,45.9,83.7,7.7,44.3,25.19476184523065,79.58532316539568,9.585448181022628,0.0,209.4142857142857,176.2883946697515,-198.01428571428573,397.9,Poor,0.050197,False
2019-02-27,2019,2,winter,110.5,28.0,114.2,10.1,3.37,116.7,25.19476184523065,79.58532316539568,9.585448181022628,0.0,179.1,171.74752788128652,-68.6,201.4,Moderate,0.050668832,False
2019-02-28,2019,2,winter,60.3,584.3,60.8,40.1,1.62,116.0,25.19476184523065,79.58532316539568,9.585448181022628,0.0,182.94285714285715,168.20862896160477,-122.64285714285715,309.4,Moderate,0.0509939,False
2019-03-01,2019,3,summer,233.8,53.0,78.3,22.0,2.75,33.5,25.19476184523065,79.58532316539568,9.585448181022628,0.0,188.8142857142857,169.31961324244568,44.985714285714295,463.0,Good,0.050512742,False
2019-03-02,2019,3,summer,478.8,519.7,50.0,16.4,5.13,30.9,25.19476184523065,79.58532316539568,9.585448181022628,0.0,201.9142857142857,189.5556244533639,276.88571428571424,152.4,Moderate,0.051354993,False
2019-03-03,2019,3,summer,110.8,186.2,111.6,18.5,0.98,145.8,25.19476184523065,79.58532316539568,9.585448181022628,0.0,206.77142857142857,186.22168432888176,-95.97142857142858,449.9,Very Poor,0.051759772,False
2019-03-04,2019,3,summer,471.9,140.1,16.3,54.6,2.31,85.3,25.19476184523065,79.58532316539568,9.585448181022628,0.0,211.07142857142856,192.7850246110565,260.8285714285714,315.4,Severe,0.052648295,False
2019-03-05,2019,3,summer,31.1,371.5,9.7,35.8,6.34,80.1,25.19476184523065,79.58532316539568,9.585448181022628,0.0,213.88571428571427,189.5002148509901,-182.78571428571428,229.6,Satisfactory,0.05250014,False
2019-03-06,2019,3,summer,234.8,105.4,59.4,75.4,8.57,114.2,25.19476184523065,79.58532316539568,9.585448181022628,0.0,231.6428571428572,183.94001610255856,3.157142857142873,0.9,Poor,0.05237468,False
2019-03-07,2019,3,summer,74.3,227.5,10.9,4.6,0.8,166.2,25.19476184523065,79.58532316539568,9.585448181022628,0.0,233.6428571428572,181.83049668251337,-159.34285714285716,398.4,Good,0.053809218,False
2019-03-08,2019,3,summer,255.4,98.4,23.3,87.7,1.83,58.8,25.19476184523065,79.58532316539568,9.585448181022628,0.0,236.72857142857143,182.0167914807652,18.67142857142857,247.1,Severe,0.052889217,False
2019-03-09,2019,3,summer,272.8,184.8,80.9,42.7,9.36,171.9,25.19476184523065,79.58532316539568,9.585448181022628,0.0,207.3,150.23368463829928,65.5,444.3,Satisfactory,0.052172367,False
2019-03-10,2019,3,summer,441.5,380.3,9.3,25.5,2.09,142.9,25.19476184523065,79.58532316539568,9.585448181022628,0.0,254.5428571428572,165.99956683821853,186.95714285714283,184.7,Poor,0.052525897,False
2019-03-11,2019,3,summer,239.1,266.1,88.1,98.7,6.7,123.8,25.19476184523065,79.58532316539568,9.585448181022628,0.0,221.28571428571428,135.76157321534225,17.814285714285717,246.8,Satisfactory,0.050708026,False
2019-03-12,2019,3,summer,383.9,145.2,99.3,70.2,4.13,58.5,25.19476184523065,79.58532316539568,9.585448181022628,0.0,271.6857142857143,117.67108719606853,112.21428571428568,274.7,Satisfactory,0.04960948,False
2019-03-13,2019,3,summer,160.4,41.4,47.9,43.4,8.12,109.9,25.19476184523065,79.58532316539568,9.585448181022628,0.0,261.0571428571428,124.70772305866298,-100.65714285714282,417.9,Good,0.04869793,False
2019-03-14,2019,3,summer,171.4,67.5,125.1,43.0,1.73,91.0,25.19476184523065,79.58532316539568,9.585448181022628,0.0,274.92857142857144,104.18361538306162,-103.52857142857144,178.2,Poor,0.047155373,False
2019-03-15,2019,3,summer,330.6,7.1,96.5,50.9,8.86,63.3,25.19476184523065,79.58532316539568,9.585448181022628,0.0,285.6714285714285,105.70038969158244,44.9285714285715,404.4,Moderate,0.045506693,False
2019-03-16,2019,3,summer,401.1,207.1,1.5,84.5,4.91,25.9,25.19476184523065,79.58532316539568,9.585448181022628,0.0,304.0,113.90197539990258,97.10000000000002,385.5,Very Poor,0.04462422,False
2019-03-17,2019,3,summer,77.0,93.2,68.7,91.4,9.36,139.9,25.19476184523065,79.58532316539568,9.585448181022628,0.0,251.92857142857144,123.48054791863254,-174.92857142857142,391.5,Satisfactory,0.043878794,False
2019-03-18,2019,3,summer,352.7,39.1,147.7,9.6,7.67,87.5,25.19476184523065,79.58532316539568,9.585448181022628,0.0,268.15714285714284,128.86130602502905,84.54285714285714,359.5,Good,0.044843193,False
2019-03-19,2019,3,summer,325.4,464.7,116.9,88.8,1.25,77.8,25.19476184523065,79.58532316539568,9.585448181022628,0.0,259.8,121.80781310463352,65.59999999999997,411.1,Good,0.045694333,False
2019-03-20,2019,3,summer,398.9,38.0,139.6,64.1,6.35,126.6,25.19476184523065,79.58532316539568,9.585448181022628,0.0,293.87142857142857,122.72277314182178,105.0285714285714,295.1,Very Poor,0.04590189,False
2019-03-21,2019,3,summer,383.1,131.6,124.2,3.0,3.81,83.7,25.19476184523065,79.58532316539568,9.585448181022628,0.0,324.11428571428576,113.22937529003435,58.985714285714266,45.2,Good,0.04450086,False
2019-03-22,2019,3,summer,194.7,362.8,15.0,16.4,8.47,156.6,25.19476184523065,79.58532316539568,9.585448181022628,0.0,304.7,123.14824399884884,-110.0,482.3,Good,0.045185614,False
2019-03-23,2019,3,summer,485.6,15.4,25.1,84.5,9.51,64.2,25.19476184523065,79.58532316539568,9.585448181022628,0.0,316.7714285714286,137.48015268013197,168.82857142857142,303.6,Very Poor,0.045866664,False
2019-03-24,2019,3,summer,473.3,557.0,14.7,97.4,9.58,12.9,25.19476184523065,79.58532316539568,9.585448181022628,0.0,373.38571428571424,98.30171969623989,99.91428571428575,454.6,Severe,0.049232725,False
2019-03-25,2019,3,summer,26.3,472.5,114.2,67.3,6.55,8.5,25.19476184523065,79.58532316539568,9.585448181022628,0.0,326.75714285714287,164.72218892368306,-300.45714285714286,72.1,Moderate,0.050288294,False
2019-03-26,2019,3,summer,150.6,160.5,62.0,54.5,8.71,163.1,25.19476184523065,79.58532316539568,9.585448181022628,0.0,301.7857142857143,177.7005386276908,-151.18571428571428,343.4,Severe,0.049535334,False
2019-03-27,2019,3,summer,157.5,564.2,135.2,22.4,0.58,39.4,25.19476184523065,79.58532316539568,9.585448181022628,0.0,267.3,179.13087394416408,-109.8,66.1,Moderate,0.051067173,False
2019-03-28,2019,3,summer,185.3,351.4,90.4,52.1,6.5,80.3,25.19476184523065,79.58532316539568,9.585448181022628,0.0,239.0428571428572,173.32643438651488,-53.74285714285713,493.8,Satisfactory,0.049530774,False
2019-03-29,2019,3,summer,113.2,13.0,112.0,22.3,9.41,77.9,25.19476184523065,79.58532316539568,9.585448181022628,0.0,227.4,179.43130533252364,-114.2,467.0,Satisfactory,0.049565423,False
2019-03-30,2019,3,summer,60.5,259.5,132.3,23.3,6.7,113.4,25.19476184523065,79.58532316539568,9.585448181022628,0.0,166.67142857142858,146.37065637489988,-106.17142857142858,200.4,Good,0.048943773,False
2019-03-31,2019,3,summer,210.9,177.5,59.5,64.0,3.38,20.4,25.19476184523065,79.58532316539568,9.585448181022628,0.0,129.18571428571428,66.63963856873319,81.71428571428572,293.1,Very Poor,0.04851227,False
2019-04-01,2019,4,summer,324.2,54.8,33.8,13.8,3.5,147.6,25.19476184523065,79.58532316539568,9.585448181022628,0.0,171.74285714285716,83.07865464210906,152.45714285714283,214.2,Very Poor,0.047217406,False
2019-04-02,2019,4,summer,258.6,585.0,9.5,33.5,4.01,175.4,25.19476184523065,79.58532316539568,9.585448181022628,0.0,187.1714285714285,88.35839357008302,71.42857142857147,71.1,Satisfactory,0.048070423,False
2019-04-03,2019,4,summer,477.9,517.2,60.0,87.8,9.05,71.0,25.19476184523065,79.58532316539568,9.585448181022628,0.0,232.94285714285712,138.93690243107784,244.95714285714288,372.0,Good,0.04862781,False
2019-04-04,2019,4,summer,390.4,401.0,139.4,4.8,4.87,24.3,25.19476184523065,79.58532316539568,9.585448181022628,0.0,262.24285714285713,148.51164777151155,128.15714285714284,341.3,Satisfactory,0.049127925,False
2019-04-05,2019,4,summer,138.5,201.1,136.1,39.1,4.4,152.1,25.19476184523065,79.58532316539568,9.585448181022628,0.0,265.85714285714283,144.53450403672767,-127.35714285714285,172.1,Poor,0.049356386,False
2019-04-06,2019,4,summer,59.0,71.4,31.3,81.4,6.81,125.4,25.19476184523065,79.58532316539568,9.585448181022628,0.0,265.6428571428572,144.89038221063137,-206.6428571428572,95.8,Poor,0.048380286,False
2019-04-07,2019,4,summer,175.5,388.2,104.7,72.4,2.78,8.7,25.19476184523065,79.58532316539568,9.585448181022628,0.0,260.5857142857143,147.7098894068079,-85.08571428571429,246.8,Very Poor,0.048323084,False
2019-04-08,2019,4,summer,162.0,469.3,92.1,70.1,6.52,179.0,25.19476184523065,79.58532316539568,9.585448181022628,0.0,237.4142857142857,148.7857680085859,-75.41428571428574,53.6,Good,0.04845216,False
2019-04-09,2019,4,summer,218.7,376.0,73.7,7.8,1.92,12.4,25.19476184523065,79.58532316539568,9.585448181022628,0.0,231.7142857142857,148.60304425517245,-13.014285714285734,332.5,Severe,0.048041943,False
2019-04-10,2019,4,summer,230.6,250.9,15.7,66.9,4.26,20.3,25.19476184523065,79.58532316539568,9.585448181022628,0.0,196.3857142857143,102.59488987552643,34.214285714285694,116.9,Satisfactory,0.048288606,False
2019-04-11,2019,4,summer,256.3,548.7,56.5,75.9,5.03,99.8,25.19476184523065,79.58532316539568,9.585448181022628,0.0,177.22857142857143,66.49996777657624,79.07142857142858,6.6,Severe,0.04859004,False
2019-04-12,2019,4,summer,51.0,310.8,11.5,64.4,1.77,63.3,25.19476184523065,79.58532316539568,9.585448181022628,0.0,164.72857142857143,81.52042104662492,-113.72857142857144,350.7,Severe,0.049306862,False
2019-04-13,2019,4,summer,160.5,41.1,146.5,84.9,9.25,44.0,25.19476184523065,79.58532316539568,9.585448181022628,0.0,179.22857142857143,67.38085074870318,-18.728571428571428,244.6,Very Poor,0.050149318,False
2019-04-14,2019,4,summer,295.1,108.9,70.1,7.4,8.71,179.8,25.19476184523065,79.58532316539568,9.585448181022628,0.0,196.3142857142857,80.21835676392739,98.7857142857143,350.6,Very Poor,0.050820548,False
2019-04-15,2019,4,summer,105.3,413.3,146.4,86.2,8.61,5.1,25.19476184523065,79.58532316539568,9.585448181022628,0.0,188.2142857142857,86.84926460197998,-82.91428571428573,378.9,Very Poor,0.05108867,False
2019-04-16,2019,4,summer,358.7,389.6,3.0,31.9,1.01,49.7,25.19476184523065,79.58532316539568,9.585448181022628,0.0,208.2142857142857,108.46871174938607,150.48571428571427,324.0,Good,0.05122521,False
2019-04-17,2019,4,summer,490.6,495.6,19.9,16.2,3.33,144.1,25.19476184523065,79.58532316539568,9.585448181022628,0.0,245.3571428571429,152.84861636210357,245.2428571428572,419.2,Severe,0.05178204,False
2019-04-18,2019,4,summer,117.1,144.8,125.1,66.3,2.14,79.0,25.19476184523065,79.58532316539568,9.585448181022628,0.0,225.47142857142856,160.07199124441593,-108.37142857142857,22.5,Moderate,0.05147216,False
2019-04-19,2019,4,summer,143.9,258.7,59.3,84.3,8.75,133.2,25.19476184523065,79.58532316539568,9.585448181022628,0.0,238.7428571428572,146.4689711980306,-94.84285714285718,426.3,Moderate,0.0507476,False
2019-04-20,2019,4,summer,59.4,378.1,10.5,56.8,7.72,48.4,25.19476184523065,79.58532316539568,9.585448181022628,0.0,224.3,159.8440385709353,-164.9,308.9,Poor,0.050410103,False
2019-04-21,2019,4,summer,201.0,555.0,38.5,4.2,8.29,187.8,25.19476184523065,79.58532316539568,9.585448181022628,0.0,210.8571428571429,156.82579355389694,-9.85714285714286,482.0,Moderate,0.051195435,False
2019-04-22,2019,4,summer,381.8,287.4,71.9,6.2,7.46,28.1,25.19476184523065,79.58532316539568,9.585448181022628,0.0,250.3571428571429,160.58402636566788,131.44285714285715,271.4,Moderate,0.04970058,False
2019-04-23,2019,4,summer,109.4,332.7,94.2,26.7,7.9,111.9,25.19476184523065,79.58532316539568,9.585448181022628,0.0,214.7428571428572,160.19544164491543,-105.34285714285716,389.0,Satisfactory,0.046826914,False
2019-04-24,2019,4,summer,220.9,210.0,146.3,3.5,0.27,192.8,25.19476184523065,79.58532316539568,9.585448181022628,0.0,176.21428571428572,106.085711079476,44.68571428571428,167.4,Moderate,0.047538433,False
2019-04-25,2019,4,summer,362.2,476.2,17.6,78.3,1.97,24.6,25.19476184523065,79.58532316539568,9.585448181022628,0.0,211.22857142857143,122.50119338582932,150.97142857142853,62.9,Satisfactory,0.04851205,False
2019-04-26,2019,4,summer,486.1,192.5,95.7,24.6,6.63,47.9,25.19476184523065,79.58532316539568,9.585448181022628,0.0,260.11428571428576,155.09767275893628,225.98571428571427,442.3,Very Poor,0.04794916,False
2019-04-27,2019,4,summer,117.2,247.6,7.9,42.6,2.38,123.7,25.19476184523065,79.58532316539568,9.585448181022628,0.0,268.37142857142857,143.7548458810544,-151.17142857142858,12.1,Poor,0.04907061,False
2019-04-28,2019,4,summer,148.8,248.3,58.4,8.0,6.13,117.7,25.19476184523065,79.58532316539568,9.585448181022628,0.0,260.9142857142857,149.0871605087823,-112.1142857142857,479.3,Moderate,0.04781513,False
2019-04-29,2019,4,summer,182.8,200.6,107.8,87.8,6.61,148.7,25.19476184523065,79.58532316539568,9.585448181022628,0.0,232.4857142857143,140.94507711128026,-49.68571428571428,328.9,Very Poor,0.047723815,False
2019-04-30,2019,4,summer,261.2,325.9,81.2,39.9,7.37,70.3,25.19476184523065,79.58532316539568,9.585448181022628,0.0,254.1714285714285,130.1125245609316,7.028571428571439,374.6,Good,0.047111284,False
2019-05-01,2019,5,summer,273.2,79.4,21.1,64.8,8.91,32.9,25.19476184523065,79.58532316539568,9.585448181022628,0.0,261.6428571428572,129.38312431357824,11.55714285714282,302.0,Very Poor,0.047034048,False
2019-05-02,2019,5,summer,255.1,512.8,32.2,59.9,2.13,22.5,25.19476184523065,79.58532316539568,9.585448181022628,0.0,246.3428571428572,121.60893411728776,8.757142857142838,492.8,Good,0.04643682,False
2019-05-03,2019,5,summer,370.5,4.2,64.5,52.7,6.27,43.7,25.19476184523065,79.58532316539568,9.585448181022628,0.0,229.82857142857145,86.36632666121879,140.67142857142855,320.8,Severe,0.04520485,False
2019-05-04,2019,5,summer,354.8,371.4,120.4,0.4,4.1,82.7,25.19476184523065,79.58532316539568,9.585448181022628,0.0,263.7714285714286,81.26365965763765,91.0285714285714,346.1,Moderate,0.04442657,False
2019-05-05,2019,5,summer,62.7,393.7,131.4,82.9,7.71,77.2,25.19476184523065,79.58532316539568,9.585448181022628,0.0,251.47142857142856,104.70192157239694,-188.7714285714285,18.8,Severe,0.04499072,False
2019-05-06,2019,5,summer,338.5,331.9,14.1,53.6,7.45,50.6,25.19476184523065,79.58532316539568,9.585448181022628,0.0,273.7142857142857,104.21927890384812,64.78571428571428,395.3,Moderate,0.04398999,False
2019-05-07,2019,5,summer,246.8,288.7,127.3,85.1,2.93,110.6,25.19476184523065,79.58532316539568,9.585448181022628,0.0,271.6571428571429,104.64869575780442,-24.85714285714289,382.6,Moderate,0.04400339,False
2019-05-08,2019,5,summer,279.5,435.8,16.1,4.0,4.87,135.2,25.19476184523065,79.58532316539568,9.585448181022628,0.0,272.5571428571429,104.6912581059637,6.942857142857122,9.8,Severe,0.044091914,False
2019-05-09,2019,5,summer,82.5,135.2,120.9,66.7,3.33,195.0,25.19476184523065,79.58532316539568,9.585448181022628,0.0,247.9,127.35953046395854,-165.4,407.2,Severe,0.04497769,False
2019-05-10,2019,5,summer,139.8,51.9,93.4,28.0,0.16,137.3,25.19476184523065,79.58532316539568,9.585448181022628,0.0,214.94285714285715,119.98217724788476,-75.14285714285714,315.5,Severe,0.04574497,False
2019-05-11,2019,5,summer,466.8,123.8,29.1,15.4,1.61,28.6,25.19476184523065,79.58532316539568,9.585448181022628,0.0,230.94285714285712,146.31833853101315,235.8571428571429,400.2,Very Poor,0.047221333,False
2019-05-12,2019,5,summer,499.3,173.7,93.0,93.5,2.06,180.6,25.19476184523065,79.58532316539568,9.585448181022628,0.0,293.3142857142857,155.4203271623055,205.98571428571432,156.8,Poor,0.04856817,False
2019-05-13,2019,5,summer,407.9,124.5,55.2,26.5,9.3,53.4,25.19476184523065,79.58532316539568,9.585448181022628,0.0,303.2285714285714,160.90004883245282,104.67142857142858,337.2,Satisfactory,0.04740492,False
2019-05-14,2019,5,summer,146.6,170.9,136.7,81.0,4.71,159.1,25.19476184523065,79.58532316539568,9.585448181022628,0.0,288.9142857142857,170.90298835471373,-142.31428571428572,206.5,Severe,0.04734193,False
2019-05-15,2019,5,summer,364.2,378.1,56.9,95.3,8.49,70.0,25.19476184523065,79.58532316539568,9.585448181022628,0.0,301.0142857142857,173.10951667053072,63.18571428571431,330.4,Poor,0.04604788,False
2019-05-16,2019,5,summer,402.4,272.5,38.7,32.8,6.05,80.0,25.19476184523065,79.58532316539568,9.585448181022628,0.0,346.7142857142857,145.8952641288884,55.685714285714255,290.1,Satisfactory,0.044787515,False
2019-05-17,2019,5,summer,86.7,431.8,45.5,90.6,7.74,138.4,25.19476184523065,79.58532316539568,9.585448181022628,0.0,339.1285714285714,159.21875637296125,-252.4285714285714,161.7,Severe,0.04432218,False
2019-05-18,2019,5,summer,189.6,309.3,68.8,74.6,9.81,45.3,25.19476184523065,79.58532316539568,9.585448181022628,0.0,299.5285714285714,156.62340942832387,-109.92857142857142,421.0,Moderate,0.044312626,False
2019-05-19,2019,5,summer,416.9,301.4,143.3,18.2,7.97,16.2,25.19476184523065,79.58532316539568,9.585448181022628,0.0,287.7571428571428,141.4701482898171,129.14285714285717,411.4,Poor,0.045224518,False
2019-05-20,2019,5,summer,159.8,98.5,84.5,40.6,0.95,56.4,25.19476184523065,79.58532316539568,9.585448181022628,0.0,252.3142857142857,137.37307388484615,-92.51428571428568,302.8,Very Poor,0.044789825,False
2019-05-21,2019,5,summer,163.4,302.8,14.6,88.8,4.32,168.6,25.19476184523065,79.58532316539568,9.585448181022628,0.0,254.7142857142857,135.3502176894127,-91.31428571428572,482.9,Poor,0.04394101,False
2019-05-22,2019,5,summer,480.4,47.3,112.6,88.3,7.78,85.2,25.19476184523065,79.58532316539568,9.585448181022628,0.0,271.3142857142857,156.4907284641428,209.0857142857143,200.0,Satisfactory,0.044435326,False
2019-05-23,2019,5,summer,475.4,94.9,104.5,78.2,3.21,10.0,25.19476184523065,79.58532316539568,9.585448181022628,0.0,281.74285714285713,168.6427768701529,193.65714285714284,84.6,Very Poor,0.04525179,False
2019-05-24,2019,5,summer,177.0,317.9,75.3,88.1,1.05,72.7,25.19476184523065,79.58532316539568,9.585448181022628,0.0,294.6428571428572,154.05994349757557,-117.64285714285715,262.1,Very Poor,0.04357426,False
2019-05-25,2019,5,summer,49.5,244.8,30.7,42.0,4.77,174.6,25.19476184523065,79.58532316539568,9.585448181022628,0.0,274.62857142857143,177.3244739104533,-225.12857142857143,25.3,Poor,0.04342393,False
2019-05-26,2019,5,summer,470.4,178.3,13.7,66.3,0.1,90.9,25.19476184523065,79.58532316539568,9.585448181022628,0.0,282.2714285714286,185.44550605039123,188.12857142857132,458.2,Severe,0.043682918,False
2019-05-27,2019,5,summer,229.1,226.2,6.7,75.6,3.59,193.1,25.19476184523065,79.58532316539568,9.585448181022628,0.0,292.1714285714285,179.5745408299453,-63.07142857142853,42.4,Severe,0.043915812,False
2019-05-28,2019,5,summer,470.8,62.9,17.7,53.7,2.53,160.2,25.19476184523065,79.58532316539568,9.585448181022628,0.0,336.0857142857143,180.4203095420194,134.71428571428572,451.1,Satisfactory,0.04463279,False
2019-05-29,2019,5,summer,248.5,335.5,48.3,43.9,1.44,29.9,25.19476184523065,79.58532316539568,9.585448181022628,0.0,302.95714285714286,170.5242197572225,-54.457142857142856,26.1,Poor,0.04454551,False
2019-05-30,2019,5,summer,144.8,415.7,68.3,32.9,2.79,119.2,25.19476184523065,79.58532316539568,9.585448181022628,0.0,255.72857142857143,160.27810948770377,-110.92857142857142,1.7,Good,0.04508965,False
2019-05-31,2019,5,summer,58.8,408.7,22.8,87.1,2.85,179.2,25.19476184523065,79.58532316539568,9.585448181022628,0.0,238.8428571428572,175.46187484410822,-180.04285714285714,201.2,Severe,0.045592524,False
2019-06-01,2019,6,monsoon,87.3,105.8,106.9,88.4,1.79,90.3,25.19476184523065,79.58532316539568,9.585448181022628,0.0,244.2428571428572,169.13092420905616,-156.94285714285718,382.5,Poor,0.045577396,False
2019-06-02,2019,6,monsoon,473.2,559.2,92.1,44.2,3.23,152.2,25.19476184523065,79.58532316539568,9.585448181022628,0.0,244.6428571428572,169.75708976007306,228.55714285714285,137.5,Severe,0.046352405,False
2019-06-03,2019,6,monsoon,250.8,143.4,131.9,45.3,7.17,144.1,25.19476184523065,79.58532316539568,9.585448181022628,0.0,247.7428571428572,169.62403384291636,3.05714285714285,143.0,Severe,0.045913972,False
2019-06-04,2019,6,monsoon,453.3,443.5,107.4,51.9,2.73,63.8,25.19476184523065,79.58532316539568,9.585448181022628,0.0,245.2428571428572,165.87614714140236,208.05714285714285,189.8,Severe,0.045375496,False
2019-06-05,2019,6,monsoon,327.6,71.5,40.0,91.3,6.25,184.8,25.19476184523065,79.58532316539568,9.585448181022628,0.0,256.54285714285714,168.80345432033127,71.05714285714288,102.0,Severe,0.045520958,False
2019-06-06,2019,6,monsoon,419.0,63.0,12.5,69.8,2.23,25.2,25.19476184523065,79.58532316539568,9.585448181022628,0.0,295.7142857142857,170.35878246191112,123.28571428571428,366.7,Poor,0.046240013,False
2019-06-07,2019,6,monsoon,163.8,145.2,109.3,7.5,3.33,91.5,25.19476184523065,79.58532316539568,9.585448181022628,0.0,310.7142857142857,149.34896973834387,-146.9142857142857,334.1,Severe,0.046182573,False
2019-06-08,2019,6,monsoon,219.1,350.1,54.6,40.4,6.41,7.2,25.19476184523065,79.58532316539568,9.585448181022628,0.0,329.54285714285714,122.35761598885534,-110.44285714285716,340.4,Severe,0.045521423,False
2019-06-09,2019,6,monsoon,104.9,51.1,101.8,65.0,6.19,43.0,25.19476184523065,79.58532316539568,9.585448181022628,0.0,276.92857142857144,129.2784554657853,-172.02857142857144,128.2,Moderate,0.045461662,False
2019-06-10,2019,6,monsoon,24.5,486.2,89.9,20.6,1.68,14.5,25.19476184523065,79.58532316539568,9.585448181022628,0.0,244.6,161.24465882626927,-220.1,377.9,Severe,0.04622319,False
2019-06-11,2019,6,monsoon,386.2,148.9,118.0,40.3,7.28,43.1,25.19476184523065,79.58532316539568,9.585448181022628,0.0,235.0142857142857,148.24006912855265,151.18571428571428,377.7,Satisfactory,0.045180865,False
2019-06-12,2019,6,monsoon,246.9,171.6,114.5,68.6,8.89,1.5,25.19476184523065,79.58532316539568,9.585448181022628,0.0,223.4857142857143,142.88078280593953,23.41428571428571,68.0,Satisfactory,0.04522294,False
2019-06-13,2019,6,monsoon,429.0,569.3,69.5,19.4,0.02,38.9,25.19476184523065,79.58532316539568,9.585448181022628,0.0,224.9142857142857,145.1926929815618,204.08571428571423,180.8,Very Poor,0.04654249,False
2019-06-14,2019,6,monsoon,246.0,299.3,29.6,23.7,3.68,147.1,25.19476184523065,79.58532316539568,9.585448181022628,0.0,236.65714285714284,142.72928754747392,9.342857142857156,490.2,Very Poor,0.0459018,False
2019-06-15,2019,6,monsoon,408.4,395.2,130.9,98.1,7.28,55.3,25.19476184523065,79.58532316539568,9.585448181022628,0.0,263.7,156.1505897096346,144.7,457.4,Good,0.047157474,False
2019-06-16,2019,6,monsoon,426.5,501.8,119.2,5.7,7.39,48.4,25.19476184523065,79.58532316539568,9.585448181022628,0.0,309.6428571428572,148.77792014882286,116.85714285714285,295.8,Moderate,0.047422156,False
2019-06-17,2019,6,monsoon,361.1,246.4,138.5,27.5,3.07,79.8,25.19476184523065,79.58532316539568,9.585448181022628,0.0,357.7285714285714,79.54553652438575,3.3714285714286234,214.2,Very Poor,0.046916414,False
2019-06-18,2019,6,monsoon,489.3,374.8,49.4,11.1,1.74,19.5,25.19476184523065,79.58532316539568,9.585448181022628,0.0,372.4571428571429,93.9386831421231,116.8428571428571,202.8,Very Poor,0.04641126,False
2019-06-19,2019,6,monsoon,407.0,564.1,137.6,51.0,9.07,22.1,25.19476184523065,79.58532316539568,9.585448181022628,0.0,395.3285714285715,76.06330070596287,11.67142857142852,50.9,Moderate,0.047982648,False
2019-06-20,2019,6,monsoon,371.1,266.9,1.4,93.4,9.07,168.3,25.19476184523065,79.58532316539568,9.585448181022628,0.0,387.0571428571429,74.9311874798663,-15.957142857142856,0.9,Very Poor,0.049153958,False
2019-06-21,2019,6,monsoon,189.3,512.9,82.8,65.2,6.84,27.1,25.19476184523065,79.58532316539568,9.585448181022628,0.0,378.95714285714286,93.48760804054658,-189.65714285714284,127.6,Severe,0.048307765,False
2019-06-22,2019,6,monsoon,242.9,378.5,144.9,7.1,7.47,110.6,25.19476184523065,79.58532316539568,9.585448181022628,0.0,355.3142857142857,105.0169578143046,-112.41428571428568,376.9,Very Poor,0.04795249,False
2019-06-23,2019,6,monsoon,414.7,347.4,111.5,71.8,9.97,129.9,25.19476184523065,79.58532316539568,9.585448181022628,0.0,353.62857142857143,103.7711699571982,61.07142857142856,3.4,Very Poor,0.048232984,False
2019-06-24,2019,6,monsoon,220.8,208.9,139.5,92.3,9.74,123.1,25.19476184523065,79.58532316539568,9.585448181022628,0.0,333.5857142857143,115.02632203936956,-112.78571428571428,437.8,Poor,0.048437934,False
2019-06-25,2019,6,monsoon,159.2,512.9,21.6,28.5,2.3,78.0,25.19476184523065,79.58532316539568,9.585448181022628,0.0,286.42857142857144,107.99937830508884,-127.22857142857146,74.8,Severe,0.047666334,False
2019-06-26,2019,6,monsoon,46.1,367.9,149.7,83.8,5.49,82.9,25.19476184523065,79.58532316539568,9.585448181022628,0.0,234.8714285714286,125.56311446553752,-188.7714285714286,87.4,Moderate,0.047541704,False
2019-06-27,2019,6,monsoon,173.2,572.3,111.6,50.2,3.92,159.5,25.19476184523065,79.58532316539568,9.585448181022628,0.0,206.6,111.24058012553968,-33.400000000000006,452.9,Very Poor,0.046405323,False
2019-06-28,2019,6,monsoon,297.3,244.5,37.3,95.8,9.46,173.0,25.19476184523065,79.58532316539568,9.585448181022628,0.0,222.02857142857144,115.83588554913514,75.27142857142857,200.7,Moderate,0.047608797,False
2019-06-29,2019,6,monsoon,220.5,108.8,106.8,52.8,5.17,60.8,25.19476184523065,79.58532316539568,9.585448181022628,0.0,218.82857142857145,115.47204155531476,1.671428571428578,104.8,Severe,0.04726242,False
2019-06-30,2019,6,monsoon,209.4,560.8,63.6,30.4,0.47,194.4,25.19476184523065,79.58532316539568,9.585448181022628,0.0,189.5,77.14151497950553,19.90000000000001,250.6,Poor,0.04728568,False
2019-07-01,2019,7,monsoon,119.9,239.4,50.3,74.8,7.07,15.8,25.19476184523065,79.58532316539568,9.585448181022628,0.0,175.08571428571426,79.7025183326811,-55.185714285714255,68.1,Poor,0.046784695,False
2019-07-02,2019,7,monsoon,105.9,478.4,35.4,40.2,4.39,29.2,25.19476184523065,79.58532316539568,9.585448181022628,0.0,167.4714285714286,83.90809882019126,-61.57142857142858,449.2,Severe,0.046065647,False
2019-07-03,2019,7,monsoon,15.0,233.0,86.0,83.5,2.72,132.4,25.19476184523065,79.58532316539568,9.585448181022628,0.0,163.02857142857144,91.85292073537444,-148.02857142857144,463.4,Satisfactory,0.046792373,False
2019-07-04,2019,7,monsoon,364.7,419.4,126.1,29.6,5.85,168.9,25.19476184523065,79.58532316539568,9.585448181022628,0.0,190.3857142857143,119.6876271601958,174.3142857142857,203.9,Very Poor,0.046773374,False
2019-07-05,2019,7,monsoon,395.8,490.3,49.0,19.3,1.25,111.6,25.19476184523065,79.58532316539568,9.585448181022628,0.0,204.45714285714288,138.6416827309743,191.3428571428572,249.5,Good,0.04634371,False
2019-07-06,2019,7,monsoon,445.4,129.4,25.3,72.4,7.26,19.4,25.19476184523065,79.58532316539568,9.585448181022628,0.0,236.58571428571423,166.28262515540038,208.8142857142857,335.9,Moderate,0.046150196,False
2019-07-07,2019,7,monsoon,302.8,456.5,140.8,73.8,5.02,187.8,25.19476184523065,79.58532316539568,9.585448181022628,0.0,249.92857142857144,167.48060299913044,52.8714285714286,168.5,Poor,0.046357978,False
2019-07-08,2019,7,monsoon,167.5,38.1,16.7,79.6,2.12,50.3,25.19476184523065,79.58532316539568,9.585448181022628,0.0,256.7285714285714,162.20453871871882,-89.2285714285714,366.7,Very Poor,0.04781999,False
2019-07-09,2019,7,monsoon,487.6,304.7,105.6,7.1,3.39,190.1,25.19476184523065,79.58532316539568,9.585448181022628,0.0,311.25714285714287,167.13301945000632,176.34285714285716,462.7,Good,0.048688795,False
2019-07-10,2019,7,monsoon,139.9,537.6,48.1,66.5,8.72,31.9,25.19476184523065,79.58532316539568,9.585448181022628,0.0,329.1,133.52095965303226,-189.2,477.0,Moderate,0.047912687,False
2019-07-11,2019,7,monsoon,182.7,171.2,138.5,24.5,0.25,122.7,25.19476184523065,79.58532316539568,9.585448181022628,0.0,303.1,142.82896531632974,-120.39999999999998,246.1,Good,0.04872896,False
2019-07-12,2019,7,monsoon,252.6,160.0,27.4,59.7,8.88,60.9,25.19476184523065,79.58532316539568,9.585448181022628,0.0,282.6428571428572,137.49434966745423,-30.042857142857173,141.1,Severe,0.048433267,False
2019-07-13,2019,7,monsoon,417.1,303.8,114.4,13.4,5.0,124.7,25.19476184523065,79.58532316539568,9.585448181022628,0.0,278.6,132.22619508503848,138.5,339.4,Very Poor,0.047051232,False
2019-07-14,2019,7,monsoon,411.1,445.9,20.2,51.9,5.59,74.8,25.19476184523065,79.58532316539568,9.585448181022628,0.0,294.07142857142856,141.5377772220278,117.02857142857148,242.5,Very Poor,0.047243264,False
2019-07-15,2019,7,monsoon,421.4,385.2,106.3,92.9,0.77,199.4,25.19476184523065,79.58532316539568,9.585448181022628,0.0,330.3428571428572,136.12529592429246,91.05714285714282,465.2,Moderate,0.04789785,False
2019-07-16,2019,7,monsoon,347.8,431.9,146.6,61.0,5.66,95.7,25.19476184523065,79.58532316539568,9.585448181022628,0.0,310.3714285714286,118.29589615713236,37.42857142857139,41.6,Good,0.046727955,False
2019-07-17,2019,7,monsoon,385.6,489.1,75.0,49.7,9.87,146.7,25.19476184523065,79.58532316539568,9.585448181022628,0.0,345.4714285714286,93.03966384085366,40.12857142857143,142.1,Poor,0.046908997,False
2019-07-18,2019,7,monsoon,39.3,368.4,101.1,7.7,7.08,192.6,25.19476184523065,79.58532316539568,9.585448181022628,0.0,324.9857142857143,139.19233011162922,-285.6857142857143,235.1,Very Poor,0.047212493,False
2019-07-19,2019,7,monsoon,362.2,170.5,45.7,66.6,2.55,121.4,25.19476184523065,79.58532316539568,9.585448181022628,0.0,340.6428571428572,135.81618530380018,21.55714285714282,398.1,Good,0.046068683,False
2019-07-20,2019,7,monsoon,354.5,376.9,77.5,83.0,0.27,129.7,25.19476184523065,79.58532316539568,9.585448181022628,0.0,331.7,131.94867689118118,22.80000000000001,7.2,Poor,0.04492612,False
2019-07-21,2019,7,monsoon,95.5,137.9,102.0,39.5,9.39,139.3,25.19476184523065,79.58532316539568,9.585448181022628,0.0,286.61428571428576,152.59955688633153,-191.11428571428576,4.9,Good,0.045378614,False
2019-07-22,2019,7,monsoon,242.6,483.1,32.4,99.6,4.53,6.4,25.19476184523065,79.58532316539568,9.585448181022628,0.0,261.07142857142856,140.78515208507966,-18.47142857142856,79.6,Satisfactory,0.04597032,False
2019-07-23,2019,7,monsoon,327.2,362.4,101.4,95.0,1.98,173.7,25.19476184523065,79.58532316539568,9.585448181022628,0.0,258.12857142857143,138.87240803804647,69.07142857142856,370.4,Moderate,0.045744814,False
2019-07-24,2019,7,monsoon,347.2,366.9,128.2,73.6,3.44,62.7,25.19476184523065,79.58532316539568,9.585448181022628,0.0,252.6428571428572,133.65838117059033,94.55714285714284,282.8,Satisfactory,0.044683505,False
2019-07-25,2019,7,monsoon,415.4,434.1,117.3,73.3,9.59,76.8,25.19476184523065,79.58532316539568,9.585448181022628,0.0,306.37142857142857,106.42272179513968,109.0285714285714,113.9,Moderate,0.044718124,False
2019-07-26,2019,7,monsoon,126.9,173.2,74.6,56.3,7.6,132.1,25.19476184523065,79.58532316539568,9.585448181022628,0.0,272.75714285714287,121.88689917491608,-145.85714285714286,305.6,Poor,0.043854527,False
2019-07-27,2019,7,monsoon,462.0,19.2,53.0,58.6,8.74,120.4,25.19476184523065,79.58532316539568,9.585448181022628,0.0,288.1142857142857,139.41459068274764,173.8857142857143,73.6,Severe,0.044650737,False
2019-07-28,2019,7,monsoon,137.8,158.4,36.3,60.3,5.21,150.3,25.19476184523065,79.58532316539568,9.585448181022628,0.0,294.15714285714284,130.2926687262545,-156.35714285714283,483.4,Moderate,0.043743424,False
2019-07-29,2019,7,monsoon,358.7,218.6,18.3,13.4,9.61,103.3,25.19476184523065,79.58532316539568,9.585448181022628,0.0,310.74285714285713,130.02507267373284,47.957142857142856,361.7,Very Poor,0.044887595,False
2019-07-30,2019,7,monsoon,312.6,97.1,113.6,95.6,3.22,115.6,25.19476184523065,79.58532316539568,9.585448181022628,0.0,308.6571428571429,129.83404608888034,3.9428571428571217,167.3,Satisfactory,0.043832578,False
2019-07-31,2019,7,monsoon,327.0,204.5,6.5,61.3,8.92,57.6,25.19476184523065,79.58532316539568,9.585448181022628,0.0,305.7714285714286,129.0567667641609,21.2285714285714,355.3,Satisfactory,0.04376779,False
2019-08-01,2019,8,monsoon,111.0,265.8,81.6,46.4,1.79,181.4,25.19476184523065,79.58532316539568,9.585448181022628,0.0,262.2857142857143,137.00019986082037,-151.28571428571428,302.3,Severe,0.043716036,False
2019-08-02,2019,8,monsoon,282.9,102.9,13.7,8.3,4.94,131.0,25.19476184523065,79.58532316539568,9.585448181022628,0.0,284.57142857142856,123.3108634614932,-1.671428571428578,497.6,Poor,0.043701243,False
2019-08-03,2019,8,monsoon,92.3,332.7,108.4,85.9,0.15,116.2,25.19476184523065,79.58532316539568,9.585448181022628,0.0,231.7571428571429,113.4279339072882,-139.4571428571429,323.7,Good,0.044246644,False
2019-08-04,2019,8,monsoon,131.3,483.1,60.2,48.2,4.53,104.4,25.19476184523065,79.58532316539568,9.585448181022628,0.0,230.82857142857145,114.34817757308448,-99.5285714285714,455.7,Satisfactory,0.0434317,False
2019-08-05,2019,8,monsoon,288.1,329.9,7.1,43.4,1.5,117.3,25.19476184523065,79.58532316539568,9.585448181022628,0.0,220.7428571428571,103.81866975874875,67.35714285714292,12.8,Severe,0.042413626,False
2019-08-06,2019,8,monsoon,70.1,408.5,1.1,60.0,2.67,75.6,25.19476184523065,79.58532316539568,9.585448181022628,0.0,186.1,108.41628106516072,-116.0,3.0,Moderate,0.042559225,False
2019-08-07,2019,8,monsoon,66.4,581.6,44.4,45.8,9.14,158.0,25.19476184523065,79.58532316539568,9.585448181022628,0.0,148.87142857142857,96.00178321756472,-82.47142857142856,75.9,Poor,0.042526238,False
2019-08-08,2019,8,monsoon,41.2,342.9,45.0,1.5,1.73,96.5,25.19476184523065,79.58532316539568,9.585448181022628,0.0,138.9,103.89172248066689,-97.7,55.2,Good,0.042212326,False
2019-08-09,2019,8,monsoon,89.9,210.2,60.0,82.5,7.78,88.4,25.19476184523065,79.58532316539568,9.585448181022628,0.0,111.32857142857144,82.7694129149507,-21.42857142857143,114.0,Moderate,0.0411216,False
2019-08-10,2019,8,monsoon,241.5,359.2,43.1,80.5,7.45,160.8,25.19476184523065,79.58532316539568,9.585448181022628,0.0,132.64285714285717,95.31271088969594,108.85714285714285,262.9,Good,0.039895914,False
2019-08-11,2019,8,monsoon,476.5,251.5,137.9,8.8,8.67,174.7,25.19476184523065,79.58532316539568,9.585448181022628,0.0,181.95714285714288,161.10023646933644,294.54285714285714,460.4,Moderate,0.042004466,False
2019-08-12,2019,8,monsoon,397.9,14.4,85.7,40.1,4.74,135.9,25.19476184523065,79.58532316539568,9.585448181022628,0.0,197.6428571428572,177.65248714970505,200.25714285714284,451.5,Very Poor,0.0423257,False
2019-08-13,2019,8,monsoon,86.8,221.1,37.0,7.7,6.65,137.8,25.19476184523065,79.58532316539568,9.585448181022628,0.0,200.02857142857144,175.7562489575235,-113.22857142857144,121.1,Satisfactory,0.042650457,False
2019-08-14,2019,8,monsoon,456.1,376.7,91.8,9.4,2.72,37.1,25.19476184523065,79.58532316539568,9.585448181022628,0.0,255.7,187.68874056089052,200.4,127.7,Poor,0.042653054,False
2019-08-15,2019,8,monsoon,130.7,382.7,104.2,39.3,2.75,29.9,25.19476184523065,79.58532316539568,9.585448181022628,0.0,268.4857142857143,173.12462205563,-137.7857142857143,211.0,Severe,0.0429855,False
2019-08-16,2019,8,monsoon,124.1,581.9,86.9,26.3,6.55,141.6,25.19476184523065,79.58532316539568,9.585448181022628,0.0,273.37142857142857,167.64053521633429,-149.27142857142857,111.9,Good,0.042967517,False
2019-08-17,2019,8,monsoon,387.1,248.5,86.6,14.3,2.07,85.0,25.19476184523065,79.58532316539568,9.585448181022628,0.0,294.1714285714285,172.0029138734352,92.9285714285715,232.1,Moderate,0.041597545,False
2019-08-18,2019,8,monsoon,151.1,80.3,55.1,96.7,4.75,122.8,25.19476184523065,79.58532316539568,9.585448181022628,0.0,247.68571428571428,157.90782573568478,-96.58571428571427,44.4,Very Poor,0.04210105,False
2019-08-19,2019,8,monsoon,36.2,144.4,133.9,45.3,6.14,0.0,25.19476184523065,79.58532316539568,9.585448181022628,0.0,196.01428571428573,159.72977627409162,-159.81428571428577,115.7,Good,0.043147225,False
2019-08-20,2019,8,monsoon,439.1,157.4,25.6,17.9,6.71,143.4,25.19476184523065,79.58532316539568,9.585448181022628,0.0,246.3428571428572,174.4103194303866,192.75714285714287,276.5,Severe,0.043163124,False
2019-08-21,2019,8,monsoon,482.1,591.7,34.7,65.5,0.21,150.1,25.19476184523065,79.58532316539568,9.585448181022628,0.0,250.05714285714288,179.81497765891515,232.0428571428572,275.2,Satisfactory,0.04405261,False
2019-08-22,2019,8,monsoon,383.2,389.1,145.6,98.3,7.67,128.5,25.19476184523065,79.58532316539568,9.585448181022628,0.0,286.12857142857143,177.18794837013897,97.07142857142856,363.9,Poor,0.04470623,False
2019-08-23,2019,8,monsoon,217.4,437.9,37.7,34.2,9.64,153.7,25.19476184523065,79.58532316539568,9.585448181022628,0.0,299.4571428571429,166.13258617885953,-82.0571428571429,398.4,Poor,0.04469362,False
2019-08-24,2019,8,monsoon,266.5,274.3,5.3,77.5,9.15,91.7,25.19476184523065,79.58532316539568,9.585448181022628,0.0,282.22857142857146,161.72371207593224,-15.728571428571456,420.3,Good,0.044221107,False
2019-08-25,2019,8,monsoon,381.1,216.8,116.2,53.1,5.17,48.7,25.19476184523065,79.58532316539568,9.585448181022628,0.0,315.0857142857143,153.81323554418665,66.01428571428573,212.0,Severe,0.044584896,False
2019-08-26,2019,8,monsoon,29.4,473.5,125.0,97.8,5.23,125.9,25.19476184523065,79.58532316539568,9.585448181022628,0.0,314.11428571428576,155.87577776947288,-284.7142857142858,353.6,Poor,0.045395803,False
2019-08-27,2019,8,monsoon,492.2,293.0,41.6,48.5,0.26,50.3,25.19476184523065,79.58532316539568,9.585448181022628,0.0,321.7,164.0497079139938,170.5,328.0,Poor,0.046629716,False
2019-08-28,2019,8,monsoon,496.4,83.2,90.6,36.1,8.05,86.1,25.19476184523065,79.58532316539568,9.585448181022628,0.0,323.74285714285713,166.45147297979332,172.65714285714284,341.1,Severe,0.04677532,False
2019-08-29,2019,8,monsoon,154.2,597.6,35.6,97.8,2.95,55.8,25.19476184523065,79.58532316539568,9.585448181022628,0.0,291.0285714285714,175.09740826452105,-136.82857142857142,247.8,Severe,0.047550492,False
2019-08-30,2019,8,monsoon,421.0,194.7,143.4,92.7,6.73,166.1,25.19476184523065,79.58532316539568,9.585448181022628,0.0,320.11428571428576,177.71895817621174,100.88571428571424,329.9,Good,0.0484153,False
2019-08-31,2019,8,monsoon,252.9,587.7,128.4,54.3,0.59,17.3,25.19476184523065,79.58532316539568,9.585448181022628,0.0,318.1714285714285,178.4754951833791,-65.27142857142852,453.9,Good,0.049447626,False
2019-09-01,2019,9,monsoon,333.9,267.3,59.7,60.6,1.66,177.9,25.19476184523065,79.58532316539568,9.585448181022628,0.0,311.42857142857144,176.5833770421753,22.47142857142853,259.8,Satisfactory,0.048917543,False
2019-09-02,2019,9,monsoon,187.8,305.9,139.7,5.3,8.14,68.4,25.19476184523065,79.58532316539568,9.585448181022628,0.0,334.0571428571429,140.97853095587354,-146.25714285714287,364.1,Satisfactory,0.049013004,False
2019-09-03,2019,9,monsoon,236.8,460.8,52.2,93.6,0.99,189.6,25.19476184523065,79.58532316539568,9.585448181022628,0.0,297.57142857142856,125.4199706889578,-60.771428571428544,288.9,Severe,0.050333146,False
2019-09-04,2019,9,monsoon,109.6,296.6,19.0,76.4,7.16,53.4,25.19476184523065,79.58532316539568,9.585448181022628,0.0,242.3142857142857,107.08875491185516,-132.71428571428572,359.8,Good,0.050638743,False
2019-09-05,2019,9,monsoon,63.1,225.5,20.8,20.2,5.23,167.9,25.19476184523065,79.58532316539568,9.585448181022628,0.0,229.3,123.81171188542685,-166.2,195.8,Good,0.050785497,False
2019-09-06,2019,9,monsoon,197.6,243.3,19.8,38.1,2.35,30.5,25.19476184523065,79.58532316539568,9.585448181022628,0.0,197.3857142857143,90.46397862448543,0.2142857142856939,42.8,Moderate,0.04987489,False
2019-09-07,2019,9,monsoon,75.5,452.4,19.2,4.0,0.45,162.0,25.19476184523065,79.58532316539568,9.585448181022628,0.0,172.04285714285714,96.93714212730556,-96.54285714285714,179.4,Good,0.050658543,False
2019-09-08,2019,9,monsoon,52.3,320.9,23.7,69.9,4.93,71.9,25.19476184523065,79.58532316539568,9.585448181022628,0.0,131.81428571428572,74.37865797326982,-79.51428571428572,130.5,Poor,0.050669964,False
2019-09-09,2019,9,monsoon,191.6,547.1,115.2,37.0,3.24,57.8,25.19476184523065,79.58532316539568,9.585448181022628,0.0,132.35714285714286,74.86763557868481,59.24285714285713,357.1,Very Poor,0.050593555,False
2019-09-10,2019,9,monsoon,293.9,67.0,54.2,19.7,4.55,76.5,25.19476184523065,79.58532316539568,9.585448181022628,0.0,140.5142857142857,89.77099436104807,153.38571428571427,293.0,Good,0.048465893,False
2019-09-11,2019,9,monsoon,273.5,110.4,107.6,31.0,4.23,92.1,25.19476184523065,79.58532316539568,9.585448181022628,0.0,163.92857142857142,101.03208589825458,109.57142857142858,263.7,Very Poor,0.04783435,False
2019-09-12,2019,9,monsoon,159.7,341.2,99.5,85.0,2.33,190.2,25.19476184523065,79.58532316539568,9.585448181022628,0.0,177.72857142857143,91.07075480609733,-18.02857142857144,190.4,Very Poor,0.047661364,False
2019-09-13,2019,9,monsoon,288.0,55.1,60.8,58.4,7.32,165.3,25.19476184523065,79.58532316539568,9.585448181022628,0.0,190.6428571428572,100.30018041098492,97.35714285714286,123.4,Poor,0.04711626,False
2019-09-14,2019,9,monsoon,489.8,9.6,63.7,36.6,5.52,3.0,25.19476184523065,79.58532316539568,9.585448181022628,0.0,249.82857142857145,136.67311018491904,239.9714285714286,214.6,Moderate,0.04877687,False
2019-09-15,2019,9,monsoon,152.0,242.4,83.1,91.1,6.26,21.4,25.19476184523065,79.58532316539568,9.585448181022628,0.0,264.07142857142856,116.34010077191368,-112.07142857142856,361.7,Severe,0.04841006,False
2019-09-16,2019,9,monsoon,221.2,595.6,95.2,33.8,0.06,105.6,25.19476184523065,79.58532316539568,9.585448181022628,0.0,268.3,113.77668185236077,-47.10000000000002,386.3,Very Poor,0.049082346,False
2019-09-17,2019,9,monsoon,209.3,146.5,90.6,8.9,3.83,118.7,25.19476184523065,79.58532316539568,9.585448181022628,0.0,256.2142857142857,115.08981172069376,-46.91428571428571,213.7,Satisfactory,0.048685145,False
2019-09-18,2019,9,monsoon,305.3,275.0,13.9,88.6,9.54,168.1,25.19476184523065,79.58532316539568,9.585448181022628,0.0,260.75714285714287,116.50474750187722,44.54285714285714,110.6,Good,0.048316933,False
2019-09-19,2019,9,monsoon,224.8,549.7,136.2,48.4,9.98,148.7,25.19476184523065,79.58532316539568,9.585448181022628,0.0,270.0571428571428,109.47988943397856,-45.25714285714281,385.8,Good,0.048770256,False
2019-09-20,2019,9,monsoon,375.0,265.6,73.3,28.0,6.91,3.2,25.19476184523065,79.58532316539568,9.585448181022628,0.0,282.4857142857143,116.56532401149477,92.51428571428568,320.1,Satisfactory,0.047360722,False
2019-09-21,2019,9,monsoon,329.8,405.5,37.6,18.3,3.38,126.1,25.19476184523065,79.58532316539568,9.585448181022628,0.0,259.62857142857143,78.6629246486913,70.17142857142858,63.0,Very Poor,0.04615393,False
2019-09-22,2019,9,monsoon,460.9,453.7,111.3,71.6,1.11,40.6,25.19476184523065,79.58532316539568,9.585448181022628,0.0,303.75714285714287,93.4720075235158,157.1428571428571,482.4,Satisfactory,0.046540134,False
2019-09-23,2019,9,monsoon,75.6,579.2,37.2,7.5,1.49,166.7,25.19476184523065,79.58532316539568,9.585448181022628,0.0,282.95714285714286,125.58769654631584,-207.3571428571429,345.3,Moderate,0.047633566,False
2019-09-24,2019,9,monsoon,255.5,175.6,116.1,23.9,8.65,52.1,25.19476184523065,79.58532316539568,9.585448181022628,0.0,289.5571428571428,122.24103044317616,-34.05714285714282,209.0,Moderate,0.04825435,False
2019-09-25,2019,9,monsoon,73.7,537.0,60.1,47.6,0.68,67.6,25.19476184523065,79.58532316539568,9.585448181022628,0.0,256.4714285714286,146.25379441557186,-182.7714285714286,449.6,Poor,0.047228277,False
2019-09-26,2019,9,monsoon,402.1,311.7,71.2,57.1,6.86,102.5,25.19476184523065,79.58532316539568,9.585448181022628,0.0,281.8,154.94885177588978,120.3,106.5,Good,0.04596726,False
2019-09-27,2019,9,monsoon,361.1,513.0,61.7,43.7,3.23,12.2,25.19476184523065,79.58532316539568,9.585448181022628,0.0,279.81428571428575,153.63893200804094,81.28571428571428,249.5,Moderate,0.04534553,False
2019-09-28,2019,9,monsoon,204.3,468.7,102.9,52.3,2.57,128.1,25.19476184523065,79.58532316539568,9.585448181022628,0.0,261.8857142857143,154.15540241988953,-57.58571428571429,222.9,Very Poor,0.043664753,False
2019-09-29,2019,9,monsoon,330.8,119.9,124.8,3.8,5.45,174.1,25.19476184523065,79.58532316539568,9.585448181022628,0.0,243.3,132.4813320182633,87.5,110.3,Very Poor,0.043279156,False
2019-09-30,2019,9,monsoon,266.9,563.8,133.4,2.3,9.25,149.9,25.19476184523065,79.58532316539568,9.585448181022628,0.0,270.62857142857143,109.93447615565849,-3.728571428571456,385.5,Moderate,0.04346402,False
2019-10-01,2019,10,post-monsoon,300.2,19.5,2.0,83.4,0.44,55.0,25.19476184523065,79.58532316539568,9.585448181022628,0.0,277.01428571428573,110.2071447861016,23.18571428571425,410.1,Satisfactory,0.04518222,False
2019-10-02,2019,10,post-monsoon,435.9,124.9,81.7,3.7,6.88,106.4,25.19476184523065,79.58532316539568,9.585448181022628,0.0,328.75714285714287,79.6245325918854,107.14285714285712,464.0,Satisfactory,0.04488719,False
2019-10-03,2019,10,post-monsoon,352.8,497.9,80.2,4.9,6.71,87.9,25.19476184523065,79.58532316539568,9.585448181022628,0.0,321.7142857142857,74.04060661941831,31.08571428571429,9.7,Severe,0.043638572,False
2019-10-04,2019,10,post-monsoon,86.2,495.7,98.1,89.6,6.93,18.4,25.19476184523065,79.58532316539568,9.585448181022628,0.0,282.4428571428572,112.5552435790659,-196.2428571428572,485.8,Very Poor,0.044589818,False
2019-10-05,2019,10,post-monsoon,334.5,13.3,0.7,17.4,7.2,101.8,25.19476184523065,79.58532316539568,9.585448181022628,0.0,301.04285714285714,108.16192887122008,33.457142857142856,343.8,Good,0.04490514,False
2019-10-06,2019,10,post-monsoon,171.1,596.2,44.6,64.6,6.81,106.9,25.19476184523065,79.58532316539568,9.585448181022628,0.0,278.2285714285714,117.2960885151435,-107.1285714285714,165.5,Poor,0.045180015,False
2019-10-07,2019,10,post-monsoon,257.2,182.1,117.6,84.3,6.82,128.7,25.19476184523065,79.58532316539568,9.585448181022628,0.0,276.8428571428572,117.50933093649564,-19.642857142857167,48.9,Very Poor,0.04373821,False
2019-10-08,2019,10,post-monsoon,364.5,164.8,125.8,59.6,8.91,49.4,25.19476184523065,79.58532316539568,9.585448181022628,0.0,286.0285714285714,122.0643507101304,78.47142857142859,218.0,Good,0.04390311,False
2019-10-09,2019,10,post-monsoon,241.9,207.3,93.8,79.2,1.76,126.0,25.19476184523065,79.58532316539568,9.585448181022628,0.0,258.3142857142857,102.8814435579683,-16.414285714285683,374.6,Very Poor,0.043808874,False
2019-10-10,2019,10,post-monsoon,28.3,322.4,113.0,81.2,0.73,167.2,25.19476184523065,79.58532316539568,9.585448181022628,0.0,211.95714285714283,124.1260630319414,-183.6571428571428,440.7,Severe,0.045278214,False
2019-10-11,2019,10,post-monsoon,61.7,518.7,108.8,18.9,3.88,144.2,25.19476184523065,79.58532316539568,9.585448181022628,0.0,208.45714285714283,128.53033179166758,-146.7571428571428,365.9,Satisfactory,0.04612688,False
2019-10-12,2019,10,post-monsoon,339.1,203.5,87.4,56.9,9.79,26.7,25.19476184523065,79.58532316539568,9.585448181022628,0.0,209.11428571428567,129.2916654773413,129.98571428571435,97.0,Severe,0.045956146,False
2019-10-13,2019,10,post-monsoon,350.8,153.1,91.5,39.2,0.13,124.4,25.19476184523065,79.58532316539568,9.585448181022628,0.0,234.78571428571428,138.03055734838117,116.01428571428572,144.3,Satisfactory,0.04599098,False
2019-10-14,2019,10,post-monsoon,381.4,415.3,35.0,93.2,3.51,62.3,25.19476184523065,79.58532316539568,9.585448181022628,0.0,252.52857142857144,148.94310674757338,128.87142857142854,8.0,Severe,0.0448515,False
2019-10-15,2019,10,post-monsoon,209.3,503.0,143.2,88.7,3.64,135.5,25.19476184523065,79.58532316539568,9.585448181022628,0.0,230.3571428571429,140.82755243136728,-21.05714285714285,279.9,Very Poor,0.045034338,False
2019-10-16,2019,10,post-monsoon,251.6,419.2,2.5,67.9,8.17,116.7,25.19476184523065,79.58532316539568,9.585448181022628,0.0,231.7428571428572,141.00766949759446,19.85714285714284,416.0,Very Poor,0.044873357,False
2019-10-17,2019,10,post-monsoon,220.6,524.3,143.0,13.3,4.87,12.9,25.19476184523065,79.58532316539568,9.585448181022628,0.0,259.2142857142857,110.11462858572162,-38.61428571428573,434.4,Very Poor,0.045725014,False
2019-10-18,2019,10,post-monsoon,23.4,289.3,23.9,25.0,2.45,53.9,25.19476184523065,79.58532316539568,9.585448181022628,0.0,253.7428571428572,121.88677610994633,-230.3428571428572,143.8,Moderate,0.045607366,False
2019-10-19,2019,10,post-monsoon,20.1,372.5,117.1,71.4,9.6,33.1,25.19476184523065,79.58532316539568,9.585448181022628,0.0,208.1714285714285,142.53898547749083,-188.07142857142856,387.1,Severe,0.04585615,False
2019-10-20,2019,10,post-monsoon,380.4,562.2,26.8,89.6,2.16,144.1,25.19476184523065,79.58532316539568,9.585448181022628,0.0,212.4,147.81676720408493,167.99999999999997,205.3,Very Poor,0.04686734,False
2019-10-21,2019,10,post-monsoon,163.7,325.6,27.9,13.7,9.28,68.6,25.19476184523065,79.58532316539568,9.585448181022628,0.0,181.3,127.8925330111182,-17.599999999999994,254.8,Good,0.047514755,False
2019-10-22,2019,10,post-monsoon,378.9,236.5,145.7,74.8,3.36,102.6,25.19476184523065,79.58532316539568,9.585448181022628,0.0,205.5285714285714,148.48770672220314,173.37142857142857,417.1,Severe,0.047193162,False
2019-10-23,2019,10,post-monsoon,445.6,256.0,17.6,56.4,3.22,45.2,25.19476184523065,79.58532316539568,9.585448181022628,0.0,233.2428571428571,174.36873627596253,212.3571428571429,98.8,Severe,0.046015803,False
2019-10-24,2019,10,post-monsoon,357.7,468.5,83.2,9.0,6.97,105.1,25.19476184523065,79.58532316539568,9.585448181022628,0.0,252.82857142857145,180.3105073134093,104.87142857142857,356.8,Satisfactory,0.045926616,False
2019-10-25,2019,10,post-monsoon,387.5,473.2,10.6,51.4,8.11,127.6,25.19476184523065,79.58532316539568,9.585448181022628,0.0,304.8428571428572,153.64016247000504,82.65714285714284,322.0,Moderate,0.045495737,False
2019-10-26,2019,10,post-monsoon,347.6,373.5,101.2,85.9,8.55,138.1,25.19476184523065,79.58532316539568,9.585448181022628,0.0,351.62857142857143,88.56179978383703,-4.028571428571411,69.2,Very Poor,0.046084683,False
2019-10-27,2019,10,post-monsoon,480.0,51.3,71.9,26.3,6.64,129.8,25.19476184523065,79.58532316539568,9.585448181022628,0.0,365.8571428571428,101.0721006203472,114.14285714285715,202.5,Good,0.04654376,False
2019-10-28,2019,10,post-monsoon,210.3,57.4,79.5,66.8,1.97,171.2,25.19476184523065,79.58532316539568,9.585448181022628,0.0,372.5142857142858,85.93961889162742,-162.21428571428578,252.3,Satisfactory,0.047594924,False
2019-10-29,2019,10,post-monsoon,498.1,40.3,64.1,35.5,5.59,40.9,25.19476184523065,79.58532316539568,9.585448181022628,0.0,389.54285714285714,98.33183372545028,108.55714285714288,94.5,Good,0.04737243,False
2019-10-30,2019,10,post-monsoon,331.8,366.9,37.2,91.9,5.33,161.9,25.19476184523065,79.58532316539568,9.585448181022628,0.0,373.2857142857143,96.91634586197604,-41.485714285714266,460.8,Severe,0.045900147,False
2019-10-31,2019,10,post-monsoon,272.5,205.9,73.3,0.1,5.94,147.0,25.19476184523065,79.58532316539568,9.585448181022628,0.0,361.1142857142857,104.2708880524097,-88.6142857142857,411.9,Satisfactory,0.044597685,False
2019-11-01,2019,11,post-monsoon,411.6,495.3,146.4,37.0,2.73,12.9,25.19476184523065,79.58532316539568,9.585448181022628,0.0,364.5571428571429,105.67571239635082,47.04285714285714,356.7,Moderate,0.0451298,False
2019-11-02,2019,11,post-monsoon,99.5,418.1,102.7,88.1,2.72,112.9,25.19476184523065,79.58532316539568,9.585448181022628,0.0,329.11428571428576,146.1611602372696,-229.61428571428576,225.3,Good,0.045436934,False
2019-11-03,2019,11,post-monsoon,289.0,195.0,137.4,64.1,9.23,41.3,25.19476184523065,79.58532316539568,9.585448181022628,0.0,301.8285714285715,130.26229582763287,-12.82857142857148,80.2,Moderate,0.04473122,False
2019-11-04,2019,11,post-monsoon,62.0,524.9,130.3,44.6,2.95,171.6,25.19476184523065,79.58532316539568,9.585448181022628,0.0,280.6428571428572,156.9543549055251,-218.6428571428572,262.0,Poor,0.04475977,False
2019-11-05,2019,11,post-monsoon,247.0,225.6,80.9,23.6,6.01,146.0,25.19476184523065,79.58532316539568,9.585448181022628,0.0,244.77142857142857,124.26110566445304,2.228571428571428,83.5,Good,0.044179138,False
2019-11-06,2019,11,post-monsoon,62.7,432.1,54.2,74.3,9.48,119.5,25.19476184523065,79.58532316539568,9.585448181022628,0.0,206.32857142857145,134.08703285908123,-143.62857142857143,451.9,Very Poor,0.044893753,False
2019-11-07,2019,11,post-monsoon,232.6,47.1,17.8,24.8,1.33,144.3,25.19476184523065,79.58532316539568,9.585448181022628,0.0,200.62857142857143,131.63085649251215,31.97142857142856,198.6,Poor,0.045601066,False
2019-11-08,2019,11,post-monsoon,490.2,262.9,96.5,3.4,0.93,126.8,25.19476184523065,79.58532316539568,9.585448181022628,0.0,211.8571428571429,154.06719158798697,278.3428571428572,99.0,Poor,0.04732438,False
2019-11-09,2019,11,post-monsoon,143.5,171.1,16.8,22.2,7.58,122.6,25.19476184523065,79.58532316539568,9.585448181022628,0.0,218.1428571428572,149.55054727574938,-74.64285714285714,473.7,Good,0.046363425,False
2019-11-10,2019,11,post-monsoon,317.1,290.7,142.4,12.7,2.43,60.8,25.19476184523065,79.58532316539568,9.585448181022628,0.0,222.15714285714287,152.12449788624716,94.94285714285716,208.9,Poor,0.046118516,False
2019-11-11,2019,11,post-monsoon,349.5,282.1,106.1,31.3,4.37,69.2,25.19476184523065,79.58532316539568,9.585448181022628,0.0,263.22857142857146,140.00537744774556,86.27142857142854,176.4,Poor,0.045106556,False
2019-11-12,2019,11,post-monsoon,352.3,4.4,19.9,69.0,3.99,26.2,25.19476184523065,79.58532316539568,9.585448181022628,0.0,278.2714285714286,143.58236561042486,74.02857142857141,177.4,Very Poor,0.04583474,False
2019-11-13,2019,11,post-monsoon,346.7,45.8,32.0,19.3,7.58,105.2,25.19476184523065,79.58532316539568,9.585448181022628,0.0,318.8428571428572,108.30860010702236,27.85714285714284,230.6,Good,0.045638513,False
2019-11-14,2019,11,post-monsoon,378.4,555.4,97.2,88.3,5.62,166.4,25.19476184523065,79.58532316539568,9.585448181022628,0.0,339.67142857142863,102.84043812764392,38.72857142857134,88.0,Severe,0.045555893,False
2019-11-15,2019,11,post-monsoon,403.9,264.5,99.1,50.7,1.72,19.5,25.19476184523065,79.58532316539568,9.585448181022628,0.0,327.3428571428572,85.49798939434906,76.55714285714282,92.3,Poor,0.045286622,False
2019-11-16,2019,11,post-monsoon,237.5,278.5,28.6,15.2,4.27,70.2,25.19476184523065,79.58532316539568,9.585448181022628,0.0,340.7714285714286,53.02624238009354,-103.2714285714286,188.5,Very Poor,0.04384696,False
2019-11-17,2019,11,post-monsoon,331.9,111.7,143.7,7.0,3.29,1.2,25.19476184523065,79.58532316539568,9.585448181022628,0.0,342.8857142857143,52.21393264163131,-10.985714285714325,321.2,Moderate,0.043971043,False
2019-11-18,2019,11,post-monsoon,135.3,414.4,65.3,41.4,8.99,81.0,25.19476184523065,79.58532316539568,9.585448181022628,0.0,312.2857142857143,93.8539011544261,-176.98571428571427,16.6,Very Poor,0.04276322,False
2019-11-19,2019,11,post-monsoon,245.1,323.5,35.1,7.6,9.68,120.9,25.19476184523065,79.58532316539568,9.585448181022628,0.0,296.97142857142853,94.97579892242229,-51.87142857142854,469.1,Severe,0.04181119,False
2019-11-20,2019,11,post-monsoon,431.2,476.1,137.4,98.8,0.37,90.2,25.19476184523065,79.58532316539568,9.585448181022628,0.0,309.0428571428571,106.96320016938635,122.1571428571429,336.8,Severe,0.04327318,False
2019-11-21,2019,11,post-monsoon,274.7,16.6,97.7,5.0,8.14,165.2,25.19476184523065,79.58532316539568,9.585448181022628,0.0,294.2285714285714,102.8587496567618,-19.52857142857141,470.6,Moderate,0.043648727,False
2019-11-22,2019,11,post-monsoon,151.7,445.8,137.7,92.0,3.15,120.0,25.19476184523065,79.58532316539568,9.585448181022628,0.0,258.2,102.20869173737944,-106.5,408.6,Satisfactory,0.04416688,False
2019-11-23,2019,11,post-monsoon,138.8,111.9,96.0,84.0,6.55,30.0,25.19476184523065,79.58532316539568,9.585448181022628,0.0,244.1,111.88975228619752,-105.29999999999995,5.7,Good,0.044692934,False
2019-11-24,2019,11,post-monsoon,170.6,530.7,123.2,33.6,2.67,94.0,25.19476184523065,79.58532316539568,9.585448181022628,0.0,221.05714285714288,107.30990723356418,-50.45714285714288,325.5,Poor,0.0443417,False
2019-11-25,2019,11,post-monsoon,255.1,118.2,109.7,25.0,2.31,100.8,25.19476184523065,79.58532316539568,9.585448181022628,0.0,238.1714285714285,100.70322262777402,16.928571428571445,420.6,Poor,0.043653276,False
2019-11-26,2019,11,post-monsoon,405.2,282.2,37.1,43.6,6.28,146.0,25.19476184523065,79.58532316539568,9.585448181022628,0.0,261.04285714285714,119.04876951825044,144.15714285714284,474.7,Moderate,0.043122925,False
2019-11-27,2019,11,post-monsoon,491.5,489.6,17.3,6.1,8.76,25.7,25.19476184523065,79.58532316539568,9.585448181022628,0.0,269.65714285714284,134.5816091589394,221.8428571428572,333.6,Poor,0.044801496,False
2019-11-28,2019,11,post-monsoon,488.6,515.7,57.5,97.5,1.48,182.9,25.19476184523065,79.58532316539568,9.585448181022628,0.0,300.2142857142857,158.13898347731376,188.3857142857143,492.0,Good,0.0463106,False
2019-11-29,2019,11,post-monsoon,375.8,312.0,143.5,43.9,3.02,153.4,25.19476184523065,79.58532316539568,9.585448181022628,0.0,332.2285714285714,145.21818887781387,43.57142857142861,18.7,Moderate,0.045946274,False
2019-11-30,2019,11,post-monsoon,376.8,385.3,104.1,5.1,2.91,58.5,25.19476184523065,79.58532316539568,9.585448181022628,0.0,366.2285714285714,117.62223024419797,10.571428571428612,288.9,Severe,0.045818876,False
2019-12-01,2019,12,winter,137.6,237.8,2.4,65.5,3.42,181.9,25.19476184523065,79.58532316539568,9.585448181022628,0.0,361.5142857142857,127.05303916831282,-223.91428571428568,492.4,Severe,0.046093095,False
2019-12-02,2019,12,winter,310.6,24.1,117.8,61.6,8.93,12.6,25.19476184523065,79.58532316539568,9.585448181022628,0.0,369.4428571428571,120.88774210182048,-58.8428571428571,456.1,Moderate,0.046439853,False
2019-12-03,2019,12,winter,175.0,439.3,96.1,23.1,4.48,59.1,25.19476184523065,79.58532316539568,9.585448181022628,0.0,336.5571428571429,139.4287375584492,-161.55714285714288,0.7,Severe,0.04565867,False
2019-12-04,2019,12,winter,440.3,343.8,50.3,81.7,3.4,88.3,25.19476184523065,79.58532316539568,9.585448181022628,0.0,329.24285714285713,131.03627814645924,111.05714285714288,84.5,Good,0.044436183,False
2019-12-05,2019,12,winter,83.7,560.9,98.4,18.8,6.8,153.5,25.19476184523065,79.58532316539568,9.585448181022628,0.0,271.40000000000003,138.14187151861907,-187.70000000000005,454.2,Good,0.04598229,False
2019-12-06,2019,12,winter,33.3,362.2,23.9,59.8,7.8,57.6,25.19476184523065,79.58532316539568,9.585448181022628,0.0,222.47142857142856,154.6680716274446,-189.17142857142852,332.8,Satisfactory,0.046204366,False
2019-12-07,2019,12,winter,394.0,422.7,92.2,17.7,2.36,129.9,25.19476184523065,79.58532316539568,9.585448181022628,0.0,224.92857142857144,157.63658325703565,169.07142857142858,270.1,Satisfactory,0.045593757,False
2019-12-08,2019,12,winter,386.7,418.6,101.2,70.4,8.95,118.2,25.19476184523065,79.58532316539568,9.585448181022628,0.0,260.5142857142857,162.67301997741177,126.18571428571433,482.8,Severe,0.04443151,False
2019-12-09,2019,12,winter,425.1,118.4,14.8,8.6,0.52,34.1,25.19476184523065,79.58532316539568,9.585448181022628,0.0,276.87142857142857,173.91667271316757,148.22857142857146,425.1,Poor,0.04565063,False
2019-12-10,2019,12,winter,253.1,354.8,142.1,44.9,9.03,157.6,25.19476184523065,79.58532316539568,9.585448181022628,0.0,288.0285714285714,168.71967593502262,-34.928571428571416,72.2,Severe,0.045764405,False
2019-12-11,2019,12,winter,54.8,158.0,58.2,23.2,2.48,33.5,25.19476184523065,79.58532316539568,9.585448181022628,0.0,232.95714285714288,173.57847271616416,-178.15714285714284,95.8,Moderate,0.047097214,False
2019-12-12,2019,12,winter,43.0,196.0,67.0,58.5,5.96,133.4,25.19476184523065,79.58532316539568,9.585448181022628,0.0,227.1428571428572,179.97513584884297,-184.1428571428572,380.4,Very Poor,0.046523105,False
2019-12-13,2019,12,winter,324.3,355.3,149.8,4.2,6.18,141.8,25.19476184523065,79.58532316539568,9.585448181022628,0.0,268.7142857142857,160.2672084215548,55.58571428571429,290.6,Severe,0.046473317,False
2019-12-14,2019,12,winter,386.4,430.6,26.5,0.9,8.04,29.4,25.19476184523065,79.58532316539568,9.585448181022628,0.0,267.62857142857143,159.29984007405358,118.77142857142854,466.9,Satisfactory,0.046679895,False
2019-12-15,2019,12,winter,153.4,172.0,66.6,6.7,5.49,93.7,25.19476184523065,79.58532316539568,9.585448181022628,0.0,234.3,154.5710408409888,-80.89999999999998,357.3,Poor,0.046294812,False
2019-12-16,2019,12,winter,186.5,354.1,52.1,61.5,9.76,177.0,25.19476184523065,79.58532316539568,9.585448181022628,0.0,200.2142857142857,129.80792770566072,-13.714285714285722,149.1,Poor,0.04703458,False
2019-12-17,2019,12,winter,294.3,427.0,38.4,43.2,8.36,70.2,25.19476184523065,79.58532316539568,9.585448181022628,0.0,206.1,133.48740265158585,88.20000000000002,339.4,Severe,0.045520682,False
2019-12-18,2019,12,winter,339.4,347.0,10.9,89.4,2.02,97.6,25.19476184523065,79.58532316539568,9.585448181022628,0.0,246.7571428571428,122.62374507876864,92.64285714285715,155.3,Very Poor,0.046329625,False
2019-12-19,2019,12,winter,446.1,488.6,40.3,86.4,6.8,1.4,25.19476184523065,79.58532316539568,9.585448181022628,0.0,304.3428571428571,104.26512451666768,141.75714285714292,24.9,Poor,0.047150005,False
2019-12-20,2019,12,winter,115.6,193.8,10.7,49.1,8.02,15.0,25.19476184523065,79.58532316539568,9.585448181022628,0.0,274.5285714285714,125.32001322329052,-158.92857142857142,271.8,Poor,0.046313472,False
2019-12-21,2019,12,winter,108.6,552.3,132.3,85.3,7.04,9.6,25.19476184523065,79.58532316539568,9.585448181022628,0.0,234.8428571428572,127.94726592289037,-126.24285714285716,332.3,Very Poor,0.046649054,False
2019-12-22,2019,12,winter,172.5,560.6,87.0,34.4,8.22,140.5,25.19476184523065,79.58532316539568,9.585448181022628,0.0,237.57142857142856,126.11145486282764,-65.07142857142858,499.8,Severe,0.04592647,False
2019-12-23,2019,12,winter,288.9,75.0,92.8,9.9,9.46,161.9,25.19476184523065,79.58532316539568,9.585448181022628,0.0,252.2,125.13523351425307,36.69999999999999,8.1,Very Poor,0.046238113,False
2019-12-24,2019,12,winter,415.9,553.1,25.2,32.8,2.83,48.0,25.19476184523065,79.58532316539568,9.585448181022628,0.0,269.57142857142856,139.5623363027637,146.32857142857142,134.8,Good,0.04659705,False
2019-12-25,2019,12,winter,329.8,436.4,92.2,84.3,3.34,102.0,25.19476184523065,79.58532316539568,9.585448181022628,0.0,268.2,138.80691625419823,61.60000000000002,197.2,Good,0.0465961,False
2019-12-26,2019,12,winter,153.1,83.5,61.5,87.5,5.77,173.4,25.19476184523065,79.58532316539568,9.585448181022628,0.0,226.3428571428572,118.98152317541916,-73.24285714285713,402.9,Moderate,0.047724437,False
2019-12-27,2019,12,winter,275.4,218.4,122.8,15.4,9.56,81.9,25.19476184523065,79.58532316539568,9.585448181022628,0.0,249.17142857142852,109.1132701108609,26.2285714285714,205.8,Satisfactory,0.045912065,False
2019-12-28,2019,12,winter,66.1,334.3,130.5,64.0,1.95,44.7,25.19476184523065,79.58532316539568,9.585448181022628,0.0,243.1,118.97550167996758,-176.99999999999997,276.1,Satisfactory,0.04462017,False
2019-12-29,2019,12,winter,436.8,55.9,74.3,71.3,0.42,87.8,25.19476184523065,79.58532316539568,9.585448181022628,0.0,280.85714285714283,133.8451450637746,155.94285714285718,403.5,Satisfactory,0.04560044,False
2019-12-30,2019,12,winter,74.1,464.9,150.0,63.4,6.27,154.9,25.19476184523065,79.58532316539568,9.585448181022628,0.0,250.17142857142852,154.69306938025923,-176.07142857142858,121.2,Severe,0.04626809,False
2019-12-31,2019,12,winter,228.6,486.9,110.7,72.8,1.46,8.9,25.19476184523065,79.58532316539568,9.585448181022628,0.0,223.41428571428568,136.3619134090285,5.185714285714312,192.2,Moderate,0.04586598,False
2020-01-01,2020,1,winter,457.8,316.1,88.3,35.3,7.43,94.9,25.19476184523065,79.58532316539568,9.585448181022628,0.0,241.7,159.60659969646193,216.1,311.3,Very Poor,0.044915114,False
2020-01-02,2020,1,winter,171.9,110.6,87.6,4.5,3.39,188.4,25.19476184523065,79.58532316539568,9.585448181022628,0.0,244.3857142857143,158.01750355125662,-72.4857142857143,418.2,Moderate,0.046093382,False
2020-01-03,2020,1,winter,54.5,342.8,86.6,89.2,1.88,72.8,25.19476184523065,79.58532316539568,9.585448181022628,0.0,212.82857142857145,172.2115531769544,-158.32857142857142,381.8,Satisfactory,0.046686757,False
2020-01-04,2020,1,winter,360.7,467.9,92.5,62.8,5.44,178.4,25.19476184523065,79.58532316539568,9.585448181022628,0.0,254.9142857142857,166.27244137831363,105.78571428571423,89.6,Poor,0.04602907,False
2020-01-05,2020,1,winter,299.4,90.7,111.4,6.9,9.41,58.4,25.19476184523065,79.58532316539568,9.585448181022628,0.0,235.28571428571428,148.36820670852876,64.1142857142857,232.2,Good,0.046173148,False
2020-01-06,2020,1,winter,285.6,166.9,149.3,34.8,5.89,24.9,25.19476184523065,79.58532316539568,9.585448181022628,0.0,265.5,130.53678919497492,20.100000000000023,117.5,Very Poor,0.04612868,False
2020-01-07,2020,1,winter,134.1,397.9,35.6,58.6,6.94,108.7,25.19476184523065,79.58532316539568,9.585448181022628,0.0,252.0,139.5634383831715,-117.9,251.6,Moderate,0.045686923,False
2020-01-08,2020,1,winter,490.5,43.3,9.9,88.1,7.18,105.9,25.19476184523065,79.58532316539568,9.585448181022628,0.0,256.6714285714285,147.89837405333105,233.82857142857148,267.4,Severe,0.045795545,False
2020-01-09,2020,1,winter,99.3,75.8,86.2,1.0,2.6,135.8,25.19476184523065,79.58532316539568,9.585448181022628,0.0,246.3,157.0934859672205,-147.0,159.7,Poor,0.046444442,False
2020-01-10,2020,1,winter,169.3,141.1,63.0,15.3,4.26,68.8,25.19476184523065,79.58532316539568,9.585448181022628,0.0,262.7,138.64175657667732,-93.39999999999998,252.9,Good,0.04571196,False
2020-01-11,2020,1,winter,212.1,505.5,62.4,18.6,1.82,26.9,25.19476184523065,79.58532316539568,9.585448181022628,0.0,241.47142857142856,132.3700710670115,-29.371428571428567,447.0,Poor,0.046194304,False
2020-01-12,2020,1,winter,170.6,463.1,86.4,5.3,4.54,129.8,25.19476184523065,79.58532316539568,9.585448181022628,0.0,223.0714285714286,131.92683217457696,-52.47142857142862,73.5,Very Poor,0.045538533,False
2020-01-13,2020,1,winter,418.7,504.4,113.3,25.9,2.97,171.1,25.19476184523065,79.58532316539568,9.585448181022628,0.0,242.08571428571423,150.6972951379842,176.61428571428573,246.0,Moderate,0.045333333,False
2020-01-14,2020,1,winter,185.1,38.3,142.4,18.2,3.68,114.2,25.19476184523065,79.58532316539568,9.585448181022628,0.0,249.3714285714286,145.7583241109029,-64.2714285714286,234.9,Moderate,0.046030477,False
2020-01-15,2020,1,winter,299.4,143.8,108.6,47.8,8.98,7.2,25.19476184523065,79.58532316539568,9.585448181022628,0.0,222.07142857142856,105.3690136976663,77.3285714285714,447.4,Moderate,0.04592025,False
2020-01-16,2020,1,winter,282.9,337.1,81.2,65.5,4.36,127.5,25.19476184523065,79.58532316539568,9.585448181022628,0.0,248.3,91.67651462252095,34.599999999999994,169.8,Moderate,0.045262758,False
2020-01-17,2020,1,winter,480.0,247.8,139.5,50.2,6.95,42.3,25.19476184523065,79.58532316539568,9.585448181022628,0.0,292.6857142857143,118.3784528334363,187.3142857142857,211.4,Very Poor,0.045029577,False
2020-01-18,2020,1,winter,263.3,391.3,142.9,30.2,1.27,3.9,25.19476184523065,79.58532316539568,9.585448181022628,0.0,300.0,114.07287144628216,-36.69999999999999,312.6,Moderate,0.04402956,False
2020-01-19,2020,1,winter,285.7,308.5,111.5,48.9,3.92,62.9,25.19476184523065,79.58532316539568,9.585448181022628,0.0,316.4428571428571,99.70228778957996,-30.742857142857133,366.6,Moderate,0.042299934,False
2020-01-20,2020,1,winter,469.2,216.3,1.7,59.7,2.89,120.9,25.19476184523065,79.58532316539568,9.585448181022628,0.0,323.65714285714284,109.66401502077257,145.54285714285714,439.4,Moderate,0.041932166,False
2020-01-21,2020,1,winter,390.7,210.1,118.3,56.3,5.35,169.6,25.19476184523065,79.58532316539568,9.585448181022628,0.0,353.02857142857147,92.5698603629665,37.67142857142852,63.6,Moderate,0.04139072,False
2020-01-22,2020,1,winter,74.0,411.2,142.2,75.7,7.85,91.3,25.19476184523065,79.58532316539568,9.585448181022628,0.0,320.8285714285715,140.91256998916887,-246.82857142857148,63.3,Very Poor,0.041504506,False
2020-01-23,2020,1,winter,401.9,318.7,63.0,93.3,5.53,66.4,25.19476184523065,79.58532316539568,9.585448181022628,0.0,337.8285714285715,142.7405071482949,64.0714285714285,189.6,Severe,0.040690657,False
2020-01-24,2020,1,winter,339.2,305.6,19.1,51.3,1.24,187.7,25.19476184523065,79.58532316539568,9.585448181022628,0.0,317.7142857142857,128.58602086504115,21.485714285714263,43.9,Satisfactory,0.041756462,False
2020-01-25,2020,1,winter,192.0,321.9,18.2,77.4,1.1,20.6,25.19476184523065,79.58532316539568,9.585448181022628,0.0,307.5285714285714,136.21252651996588,-115.5285714285714,377.0,Moderate,0.042285744,False
2020-01-26,2020,1,winter,463.6,484.1,19.9,59.5,2.87,24.6,25.19476184523065,79.58532316539568,9.585448181022628,0.0,332.9428571428571,147.58258543544213,130.6571428571429,307.7,Good,0.042928547,False
2020-01-27,2020,1,winter,398.9,512.1,20.0,88.5,7.44,89.2,25.19476184523065,79.58532316539568,9.585448181022628,0.0,322.9,138.90166785655734,76.0,293.4,Satisfactory,0.04344447,False
2020-01-28,2020,1,winter,32.9,425.3,43.0,53.0,4.16,133.8,25.19476184523065,79.58532316539568,9.585448181022628,0.0,271.7857142857143,171.7442422962259,-238.88571428571427,16.7,Very Poor,0.043390848,False
2020-01-29,2020,1,winter,225.9,282.9,126.9,13.6,6.85,80.5,25.19476184523065,79.58532316539568,9.585448181022628,0.0,293.4857142857143,150.92304251473587,-67.58571428571432,0.5,Poor,0.042299353,False
2020-01-30,2020,1,winter,126.9,581.5,105.0,20.7,8.14,71.2,25.19476184523065,79.58532316539568,9.585448181022628,0.0,254.2,153.76397497463435,-127.3,242.4,Good,0.042437945,False
2020-01-31,2020,1,winter,307.6,202.3,9.9,72.1,2.84,62.1,25.19476184523065,79.58532316539568,9.585448181022628,0.0,249.68571428571428,151.29665592880124,57.91428571428574,440.2,Good,0.042445257,False
2020-02-01,2020,2,winter,110.8,359.5,48.3,79.9,8.81,108.5,25.19476184523065,79.58532316539568,9.585448181022628,0.0,238.08571428571423,159.35481823665722,-127.28571428571426,16.9,Good,0.04210299,False
2020-02-02,2020,2,winter,153.5,479.9,85.6,59.2,0.49,124.1,25.19476184523065,79.58532316539568,9.585448181022628,0.0,193.78571428571428,125.78047581098592,-40.28571428571428,347.2,Poor,0.04180758,False
2020-02-03,2020,2,winter,14.8,307.8,28.8,27.6,9.24,154.8,25.19476184523065,79.58532316539568,9.585448181022628,0.0,138.9142857142857,103.12796950991506,-124.11428571428571,472.4,Moderate,0.042852834,False
2020-02-04,2020,2,winter,491.4,169.3,47.9,49.6,5.93,106.6,25.19476184523065,79.58532316539568,9.585448181022628,0.0,204.4142857142857,156.41167292939284,286.98571428571427,247.3,Very Poor,0.042511508,False
2020-02-05,2020,2,winter,99.5,88.4,53.0,2.6,9.5,162.4,25.19476184523065,79.58532316539568,9.585448181022628,0.0,186.3571428571429,160.75375430704392,-86.85714285714286,454.8,Poor,0.04356879,False
2020-02-06,2020,2,winter,272.0,157.9,106.8,65.9,2.37,45.8,25.19476184523065,79.58532316539568,9.585448181022628,0.0,207.08571428571423,161.16371002360106,64.91428571428574,401.8,Good,0.04367811,False
2020-02-07,2020,2,winter,285.3,547.4,21.2,10.1,7.85,69.5,25.19476184523065,79.58532316539568,9.585448181022628,0.0,203.90000000000003,159.05227652148398,81.39999999999998,366.1,Satisfactory,0.042439345,False
2020-02-08,2020,2,winter,149.6,402.2,48.1,87.5,7.11,198.5,25.19476184523065,79.58532316539568,9.585448181022628,0.0,209.44285714285712,155.91214253699462,-59.84285714285713,66.6,Moderate,0.04228968,False
2020-02-09,2020,2,winter,148.8,87.0,94.9,33.3,7.5,42.7,25.19476184523065,79.58532316539568,9.585448181022628,0.0,208.7714285714285,156.20305923472066,-59.97142857142853,381.7,Very Poor,0.04263678,False
2020-02-10,2020,2,winter,284.8,559.9,122.5,54.7,0.26,150.6,25.19476184523065,79.58532316539568,9.585448181022628,0.0,247.3428571428572,131.74313210616646,37.457142857142856,346.4,Severe,0.04305215,False
2020-02-11,2020,2,winter,202.0,184.9,17.5,77.0,2.42,154.1,25.19476184523065,79.58532316539568,9.585448181022628,0.0,206.0,76.00984585345905,-4.0,96.2,Very Poor,0.04318111,False
2020-02-12,2020,2,winter,439.1,528.1,59.0,7.8,6.67,55.9,25.19476184523065,79.58532316539568,9.585448181022628,0.0,254.5142857142857,100.9809293641036,184.58571428571432,263.0,Very Poor,0.04312033,False
2020-02-13,2020,2,winter,460.2,18.2,71.4,61.9,5.85,49.9,25.19476184523065,79.58532316539568,9.585448181022628,0.0,281.4,127.8826675772236,178.8,192.9,Satisfactory,0.042927258,False
2020-02-14,2020,2,winter,103.3,255.6,68.4,26.3,2.69,175.5,25.19476184523065,79.58532316539568,9.585448181022628,0.0,255.4,144.39313233899543,-152.10000000000002,43.6,Satisfactory,0.042692162,False
2020-02-15,2020,2,winter,283.2,343.0,128.2,16.4,5.85,130.0,25.19476184523065,79.58532316539568,9.585448181022628,0.0,274.4857142857143,136.70260212801887,8.714285714285666,236.0,Very Poor,0.043421417,False
2020-02-16,2020,2,winter,178.5,358.4,64.1,79.7,9.2,153.9,25.19476184523065,79.58532316539568,9.585448181022628,0.0,278.72857142857146,132.54933313406642,-100.22857142857146,21.1,Good,0.042600095,False
2020-02-17,2020,2,winter,19.6,430.0,74.9,4.8,0.92,95.7,25.19476184523065,79.58532316539568,9.585448181022628,0.0,240.8428571428572,164.5597242861777,-221.2428571428572,423.4,Severe,0.042742886,False
2020-02-18,2020,2,winter,273.5,188.3,85.7,9.6,9.94,156.5,25.19476184523065,79.58532316539568,9.585448181022628,0.0,251.05714285714288,163.9648423406966,22.44285714285712,262.8,Satisfactory,0.04393777,False
2020-02-19,2020,2,winter,110.2,467.9,34.5,31.7,0.77,79.4,25.19476184523065,79.58532316539568,9.585448181022628,0.0,204.07142857142856,147.38488970815712,-93.87142857142858,10.1,Severe,0.043467753,False
2020-02-20,2020,2,winter,66.5,289.0,109.8,14.8,0.4,186.9,25.19476184523065,79.58532316539568,9.585448181022628,0.0,147.82857142857142,101.2546906614812,-81.32857142857142,160.3,Moderate,0.04449421,False
2020-02-21,2020,2,winter,55.0,65.1,119.3,85.8,1.07,5.2,25.19476184523065,79.58532316539568,9.585448181022628,0.0,140.92857142857142,106.31412126783648,-85.92857142857142,157.4,Good,0.04555602,False
2020-02-22,2020,2,winter,256.7,528.0,44.8,61.0,3.41,30.9,25.19476184523065,79.58532316539568,9.585448181022628,0.0,137.14285714285714,100.7287588384902,119.55714285714284,172.1,Very Poor,0.045556583,False
2020-02-23,2020,2,winter,331.7,541.5,50.0,47.1,7.65,194.3,25.19476184523065,79.58532316539568,9.585448181022628,0.0,159.0285714285714,124.9445705674544,172.67142857142858,434.0,Moderate,0.045702543,False
2020-02-24,2020,2,winter,359.6,503.8,129.0,39.9,1.02,0.1,25.19476184523065,79.58532316539568,9.585448181022628,0.0,207.6,127.76355766284296,152.00000000000003,384.1,Good,0.046451807,False
2020-02-25,2020,2,winter,149.3,484.0,7.4,99.4,1.03,48.5,25.19476184523065,79.58532316539568,9.585448181022628,0.0,189.8571428571429,125.69379270198444,-40.55714285714285,249.0,Moderate,0.046804808,False
2020-02-26,2020,2,winter,487.8,110.3,109.6,46.3,1.89,128.9,25.19476184523065,79.58532316539568,9.585448181022628,0.0,243.8,161.6835592549017,244.00000000000003,297.2,Moderate,0.04737246,False
2020-02-27,2020,2,winter,102.9,383.4,94.3,22.5,4.68,39.7,25.19476184523065,79.58532316539568,9.585448181022628,0.0,249.0,155.49795282682442,-146.1,134.0,Moderate,0.047012802,False
2020-02-28,2020,2,winter,293.5,251.4,22.6,27.4,6.52,23.4,25.19476184523065,79.58532316539568,9.585448181022628,0.0,283.07142857142856,129.93324843018073,10.428571428571445,110.3,Poor,0.047203433,False
2020-02-29,2020,2,winter,278.0,169.0,111.6,2.2,8.06,178.6,25.19476184523065,79.58532316539568,9.585448181022628,0.0,286.1142857142857,129.46128673045382,-8.1142857142857,315.1,Satisfactory,0.04731317,False
2020-03-01,2020,3,summer,45.5,507.5,85.2,38.6,2.54,20.4,25.19476184523065,79.58532316539568,9.585448181022628,0.0,245.22857142857143,155.28309324462538,-199.72857142857143,312.1,Very Poor,0.047750104,False
2020-03-02,2020,3,summer,29.6,308.4,33.6,86.3,6.0,33.3,25.19476184523065,79.58532316539568,9.585448181022628,0.0,198.08571428571423,164.58774183366356,-168.48571428571427,449.3,Satisfactory,0.048329122,False
2020-03-03,2020,3,summer,177.9,329.1,70.7,47.9,5.54,167.4,25.19476184523065,79.58532316539568,9.585448181022628,0.0,202.17142857142852,163.52640677971752,-24.27142857142857,432.5,Good,0.047719024,False
2020-03-04,2020,3,summer,450.7,190.8,149.0,21.3,1.63,21.0,25.19476184523065,79.58532316539568,9.585448181022628,0.0,196.87142857142857,152.98771970636173,253.82857142857145,290.7,Good,0.048594985,False
2020-03-05,2020,3,summer,244.9,1.6,12.2,37.5,6.5,80.8,25.19476184523065,79.58532316539568,9.585448181022628,0.0,217.15714285714284,147.77629328529932,27.74285714285716,115.6,Good,0.048408244,False
2020-03-06,2020,3,summer,235.7,449.2,10.4,30.9,3.07,75.3,25.19476184523065,79.58532316539568,9.585448181022628,0.0,208.9,144.37528643550206,26.799999999999983,63.9,Severe,0.04687795,False
2020-03-07,2020,3,summer,250.8,575.7,148.4,54.9,9.68,36.8,25.19476184523065,79.58532316539568,9.585448181022628,0.0,205.01428571428573,142.5601911307572,45.78571428571428,134.9,Good,0.048465982,False
2020-03-08,2020,3,summer,346.0,75.6,64.4,94.7,3.18,173.2,25.19476184523065,79.58532316539568,9.585448181022628,0.0,247.94285714285712,131.32185470746865,98.05714285714288,185.2,Good,0.04886049,False
2020-03-09,2020,3,summer,204.6,139.5,115.3,82.7,8.04,188.5,25.19476184523065,79.58532316539568,9.585448181022628,0.0,272.9428571428571,94.25371534927874,-68.34285714285713,280.5,Poor,0.049103603,False
2020-03-10,2020,3,summer,420.5,167.9,135.9,31.3,9.88,88.9,25.19476184523065,79.58532316539568,9.585448181022628,0.0,307.6,98.00911522234404,112.90000000000003,209.6,Satisfactory,0.05012339,False
2020-03-11,2020,3,summer,1.1,490.8,12.6,81.9,8.95,186.9,25.19476184523065,79.58532316539568,9.585448181022628,0.0,243.3714285714286,130.52598354715568,-242.2714285714286,348.2,Good,0.05177476,False
2020-03-12,2020,3,summer,487.4,177.8,138.9,62.0,8.2,115.1,25.19476184523065,79.58532316539568,9.585448181022628,0.0,278.0142857142857,159.87959457637103,209.3857142857143,245.8,Very Poor,0.05266984,False
2020-03-13,2020,3,summer,343.7,164.1,65.9,0.2,7.31,161.4,25.19476184523065,79.58532316539568,9.585448181022628,0.0,293.4428571428571,160.32609329262726,50.25714285714287,481.0,Satisfactory,0.052164048,False
2020-03-14,2020,3,summer,292.2,471.4,1.7,12.9,9.81,42.9,25.19476184523065,79.58532316539568,9.585448181022628,0.0,299.35714285714283,159.25085930843898,-7.157142857142844,399.9,Good,0.05269691,False
2020-03-15,2020,3,summer,336.8,267.3,94.7,28.9,9.76,166.0,25.19476184523065,79.58532316539568,9.585448181022628,0.0,298.04285714285714,158.83919391576362,38.75714285714287,333.4,Poor,0.052781794,False
2020-03-16,2020,3,summer,44.1,536.3,17.4,40.9,8.37,109.1,25.19476184523065,79.58532316539568,9.585448181022628,0.0,275.11428571428576,184.1442860781678,-231.01428571428576,470.5,Moderate,0.053959955,False
2020-03-17,2020,3,summer,78.6,169.2,140.1,83.6,1.36,152.3,25.19476184523065,79.58532316539568,9.585448181022628,0.0,226.27142857142857,184.49760354618613,-147.67142857142858,99.6,Very Poor,0.055205483,False
2020-03-18,2020,3,summer,51.6,257.0,46.7,88.5,3.15,133.1,25.19476184523065,79.58532316539568,9.585448181022628,0.0,233.48571428571427,174.96657231760412,-181.88571428571427,494.2,Poor,0.054563284,False
2020-03-19,2020,3,summer,184.3,228.0,146.3,3.9,7.65,108.2,25.19476184523065,79.58532316539568,9.585448181022628,0.0,190.1857142857143,134.47574042147784,-5.8857142857143,16.4,Moderate,0.05450581,False
2020-03-20,2020,3,summer,475.8,491.4,103.4,99.9,8.34,188.9,25.19476184523065,79.58532316539568,9.585448181022628,0.0,209.05714285714288,165.3371893751558,266.74285714285713,274.8,Moderate,0.056178343,False
2020-03-21,2020,3,summer,136.9,319.0,83.2,62.6,0.38,189.6,25.19476184523065,79.58532316539568,9.585448181022628,0.0,186.8714285714286,162.7200019899796,-49.97142857142859,53.0,Severe,0.055466577,False
2020-03-22,2020,3,summer,7.0,261.3,34.8,33.5,0.99,6.5,25.19476184523065,79.58532316539568,9.585448181022628,0.0,139.75714285714287,159.7934380916273,-132.75714285714287,163.6,Satisfactory,0.055091385,False
2020-03-23,2020,3,summer,229.8,593.7,126.5,86.4,3.38,132.9,25.19476184523065,79.58532316539568,9.585448181022628,0.0,166.28571428571428,156.649677396959,63.51428571428573,148.1,Poor,0.05547667,False
2020-03-24,2020,3,summer,224.4,539.2,129.5,21.5,3.58,59.6,25.19476184523065,79.58532316539568,9.585448181022628,0.0,187.11428571428573,152.6905413854157,37.28571428571428,33.0,Satisfactory,0.054943986,False
2020-03-25,2020,3,summer,133.4,159.2,111.4,79.7,3.95,27.0,25.19476184523065,79.58532316539568,9.585448181022628,0.0,198.8,143.44082403555805,-65.4,277.6,Satisfactory,0.053820267,False
2020-03-26,2020,3,summer,52.2,203.2,124.0,62.0,0.32,40.3,25.19476184523065,79.58532316539568,9.585448181022628,0.0,179.92857142857142,153.9697017195882,-127.7285714285714,289.7,Satisfactory,0.053052936,False
2020-03-27,2020,3,summer,447.6,165.4,45.9,67.3,3.29,134.8,25.19476184523065,79.58532316539568,9.585448181022628,0.0,175.90000000000003,145.0485550887469,271.7,37.7,Very Poor,0.05283498,False
2020-03-28,2020,3,summer,277.7,296.5,79.6,75.4,2.95,64.4,25.19476184523065,79.58532316539568,9.585448181022628,0.0,196.0142857142857,148.46135780702227,81.68571428571428,133.6,Satisfactory,0.05241481,False
2020-03-29,2020,3,summer,391.5,368.6,68.1,72.0,3.91,133.6,25.19476184523065,79.58532316539568,9.585448181022628,0.0,250.94285714285712,137.60624812779943,140.55714285714288,13.4,Moderate,0.051923186,False
2020-03-30,2020,3,summer,255.5,506.1,107.4,1.0,5.84,55.0,25.19476184523065,79.58532316539568,9.585448181022628,0.0,254.6142857142857,137.29060939689725,0.8857142857143003,208.6,Very Poor,0.051657233,False
2020-03-31,2020,3,summer,332.9,98.4,38.6,85.2,7.08,69.9,25.19476184523065,79.58532316539568,9.585448181022628,0.0,270.11428571428576,139.41919318577135,62.78571428571422,82.2,Satisfactory,0.05104586,False
2020-04-01,2020,4,summer,30.7,265.3,1.5,85.9,3.37,14.5,25.19476184523065,79.58532316539568,9.585448181022628,0.0,255.44285714285715,160.0770216400307,-224.7428571428572,17.3,Severe,0.052043997,False
2020-04-02,2020,4,summer,476.8,577.2,124.6,48.3,7.3,162.8,25.19476184523065,79.58532316539568,9.585448181022628,0.0,316.1,150.3796417959117,160.70000000000005,184.8,Good,0.053616453,False
2020-04-03,2020,4,summer,41.2,311.9,145.0,87.6,3.46,64.5,25.19476184523065,79.58532316539568,9.585448181022628,0.0,258.04285714285714,168.50695195493523,-216.8428571428572,67.5,Satisfactory,0.052565586,False
2020-04-04,2020,4,summer,433.9,363.3,132.3,12.2,3.86,25.8,25.19476184523065,79.58532316539568,9.585448181022628,0.0,280.35714285714283,181.3934017280568,153.54285714285714,152.4,Satisfactory,0.053081363,False
2020-04-05,2020,4,summer,0.8,46.4,65.8,21.6,2.4,56.7,25.19476184523065,79.58532316539568,9.585448181022628,0.0,224.5428571428572,200.58839163107825,-223.7428571428572,17.5,Severe,0.054425858,False
2020-04-06,2020,4,summer,333.9,576.3,128.6,98.8,8.19,112.7,25.19476184523065,79.58532316539568,9.585448181022628,0.0,235.7428571428572,204.75057067191813,98.15714285714282,258.8,Severe,0.05415202,False
2020-04-07,2020,4,summer,410.6,138.3,76.5,90.8,6.56,68.6,25.19476184523065,79.58532316539568,9.585448181022628,0.0,246.8428571428572,212.84181024995104,163.7571428571429,25.6,Severe,0.053797282,False
2020-04-08,2020,4,summer,347.6,499.3,55.7,28.2,8.91,12.8,25.19476184523065,79.58532316539568,9.585448181022628,0.0,292.1142857142857,191.87564052941025,55.48571428571432,448.9,Severe,0.053937957,False
2020-04-09,2020,4,summer,114.6,519.5,100.2,20.6,7.75,138.4,25.19476184523065,79.58532316539568,9.585448181022628,0.0,240.37142857142857,182.37270185242184,-125.77142857142856,75.2,Very Poor,0.053406864,False
2020-04-10,2020,4,summer,94.2,45.6,98.3,62.8,7.53,101.2,25.19476184523065,79.58532316539568,9.585448181022628,0.0,247.94285714285712,173.6156469248749,-153.74285714285713,484.5,Moderate,0.05121866,False
2020-04-11,2020,4,summer,268.4,305.4,38.7,62.1,0.61,185.0,25.19476184523065,79.58532316539568,9.585448181022628,0.0,224.3,154.2616284109563,44.1,170.9,Good,0.050610665,False
2020-04-12,2020,4,summer,223.8,561.9,118.2,51.4,4.65,62.4,25.19476184523065,79.58532316539568,9.585448181022628,0.0,256.1571428571429,119.52946438909048,-32.35714285714289,63.3,Good,0.04954844,False
2020-04-13,2020,4,summer,470.9,129.8,0.2,46.4,4.53,147.2,25.19476184523065,79.58532316539568,9.585448181022628,0.0,275.7285714285714,143.24397269793144,195.17142857142852,255.4,Severe,0.049561165,False
2020-04-14,2020,4,summer,50.8,517.6,13.3,47.1,8.69,163.0,25.19476184523065,79.58532316539568,9.585448181022628,0.0,224.32857142857145,151.11907792957734,-173.5285714285714,127.7,Very Poor,0.050616864,False
2020-04-15,2020,4,summer,304.8,337.2,80.1,50.4,9.53,16.7,25.19476184523065,79.58532316539568,9.585448181022628,0.0,218.2142857142857,146.08215073000775,86.58571428571429,23.9,Very Poor,0.04971894,False
2020-04-16,2020,4,summer,231.6,261.6,139.7,54.5,5.47,26.4,25.19476184523065,79.58532316539568,9.585448181022628,0.0,234.92857142857144,138.76097811567564,-3.328571428571422,263.7,Moderate,0.04841919,False
2020-04-17,2020,4,summer,111.4,551.0,27.2,94.4,0.82,181.5,25.19476184523065,79.58532316539568,9.585448181022628,0.0,237.3857142857143,135.9780426952751,-125.9857142857143,292.4,Moderate,0.04966694,False
2020-04-18,2020,4,summer,141.7,259.1,45.1,99.6,6.34,198.5,25.19476184523065,79.58532316539568,9.585448181022628,0.0,219.28571428571428,139.5473447564352,-77.58571428571429,343.0,Severe,0.04982094,False
2020-04-19,2020,4,summer,327.5,101.8,36.6,12.2,1.75,182.0,25.19476184523065,79.58532316539568,9.585448181022628,0.0,234.1,145.48452380465295,93.40000000000003,94.9,Satisfactory,0.049110986,False
2020-04-20,2020,4,summer,325.9,171.0,99.3,26.1,1.88,126.2,25.19476184523065,79.58532316539568,9.585448181022628,0.0,213.3857142857143,112.80064167328442,112.51428571428568,432.3,Very Poor,0.0487722,False
2020-04-21,2020,4,summer,207.6,131.6,122.6,33.3,1.85,37.3,25.19476184523065,79.58532316539568,9.585448181022628,0.0,235.78571428571428,87.96869573076206,-28.185714285714283,144.8,Moderate,0.04781206,False
2020-04-22,2020,4,summer,406.6,132.2,28.8,5.9,8.74,174.8,25.19476184523065,79.58532316539568,9.585448181022628,0.0,250.32857142857145,107.5213422889569,156.2714285714286,232.7,Good,0.04899644,False
2020-04-23,2020,4,summer,403.7,469.5,83.8,93.9,5.75,92.2,25.19476184523065,79.58532316539568,9.585448181022628,0.0,274.9142857142857,121.31630047897426,128.78571428571428,286.5,Poor,0.048747692,False
2020-04-24,2020,4,summer,374.1,147.0,18.4,59.4,6.36,23.7,25.19476184523065,79.58532316539568,9.585448181022628,0.0,312.4428571428571,101.2817827835271,61.6571428571429,495.6,Poor,0.048819393,False
2020-04-25,2020,4,summer,297.5,461.7,130.3,15.7,8.73,175.1,25.19476184523065,79.58532316539568,9.585448181022628,0.0,334.7,69.70234333698352,-37.19999999999999,44.6,Very Poor,0.048738774,False
2020-04-26,2020,4,summer,330.5,520.8,11.0,32.5,6.55,191.2,25.19476184523065,79.58532316539568,9.585448181022628,0.0,335.12857142857143,69.65990511730867,-4.628571428571433,174.5,Good,0.048976555,False
2020-04-27,2020,4,summer,401.8,259.1,7.8,14.7,9.55,189.3,25.19476184523065,79.58532316539568,9.585448181022628,0.0,345.9714285714286,73.76986092539728,55.82857142857142,305.3,Very Poor,0.050700504,False
2020-04-28,2020,4,summer,73.0,587.5,48.1,71.0,6.75,114.5,25.19476184523065,79.58532316539568,9.585448181022628,0.0,326.7428571428572,119.3248626948421,-253.7428571428572,104.5,Moderate,0.051796157,False
2020-04-29,2020,4,summer,424.2,15.4,22.0,36.4,9.97,177.7,25.19476184523065,79.58532316539568,9.585448181022628,0.0,329.25714285714287,121.45439277280003,94.94285714285712,271.0,Moderate,0.052644122,False
2020-04-30,2020,4,summer,99.8,567.9,90.3,64.9,6.22,189.8,25.19476184523065,79.58532316539568,9.585448181022628,0.0,285.8428571428571,142.84155391135155,-186.0428571428571,109.1,Good,0.05315981,False
2020-05-01,2020,5,summer,219.3,21.4,127.5,14.9,3.27,99.7,25.19476184523065,79.58532316539568,9.585448181022628,0.0,263.72857142857146,138.82698722133384,-44.428571428571445,98.4,Satisfactory,0.05194496,False
2020-05-02,2020,5,summer,336.0,77.9,112.3,20.5,1.79,143.6,25.19476184523065,79.58532316539568,9.585448181022628,0.0,269.22857142857146,141.13143654392667,66.77142857142854,186.2,Good,0.05130508,False
2020-05-03,2020,5,summer,325.7,561.4,41.1,53.1,0.71,92.4,25.19476184523065,79.58532316539568,9.585448181022628,0.0,268.54285714285714,140.79538175597074,57.15714285714285,122.8,Severe,0.05033159,False
2020-05-04,2020,5,summer,254.4,287.6,143.8,9.9,8.57,120.5,25.19476184523065,79.58532316539568,9.585448181022628,0.0,247.48571428571427,127.983572234505,6.91428571428574,28.7,Moderate,0.049785823,False
2020-05-05,2020,5,summer,478.9,588.8,38.4,65.4,1.48,29.6,25.19476184523065,79.58532316539568,9.585448181022628,0.0,305.4714285714286,127.7038724848197,173.4285714285714,479.9,Very Poor,0.049939625,False
2020-05-06,2020,5,summer,328.3,564.3,115.0,41.2,0.54,85.8,25.19476184523065,79.58532316539568,9.585448181022628,0.0,291.7714285714286,117.58721180873545,36.52857142857141,336.4,Good,0.049408548,False
2020-05-07,2020,5,summer,404.2,244.2,83.1,30.4,7.48,172.7,25.19476184523065,79.58532316539568,9.585448181022628,0.0,335.25714285714287,87.09249598641046,68.94285714285712,377.3,Satisfactory,0.048705384,False
2020-05-08,2020,5,summer,53.9,218.0,43.6,8.2,9.81,144.5,25.19476184523065,79.58532316539568,9.585448181022628,0.0,311.62857142857143,133.73994310209807,-257.72857142857146,106.0,Very Poor,0.049249347,False
2020-05-09,2020,5,summer,148.4,330.7,106.6,84.2,5.74,162.3,25.19476184523065,79.58532316539568,9.585448181022628,0.0,284.8285714285714,146.25329300322008,-136.42857142857142,73.4,Satisfactory,0.048945844,False
2020-05-10,2020,5,summer,124.1,456.1,123.2,52.0,6.95,177.8,25.19476184523065,79.58532316539568,9.585448181022628,0.0,256.0285714285714,156.36350505883948,-131.92857142857142,497.4,Satisfactory,0.048716575,False
2020-05-11,2020,5,summer,393.4,142.2,20.5,6.7,5.85,112.3,25.19476184523065,79.58532316539568,9.585448181022628,0.0,275.88571428571424,164.7247140794952,117.51428571428572,222.6,Very Poor,0.048678625,False
2020-05-12,2020,5,summer,491.5,352.9,139.4,35.0,2.04,182.6,25.19476184523065,79.58532316539568,9.585448181022628,0.0,277.68571428571425,167.36060297624243,213.8142857142857,272.9,Moderate,0.049786724,False
2020-05-13,2020,5,summer,167.5,499.7,84.2,45.6,2.65,25.5,25.19476184523065,79.58532316539568,9.585448181022628,0.0,254.7142857142857,170.26582578007668,-87.21428571428572,63.9,Severe,0.049466,False
2020-05-14,2020,5,summer,95.9,537.6,107.0,62.5,0.11,175.7,25.19476184523065,79.58532316539568,9.585448181022628,0.0,210.67142857142852,164.94458376765718,-114.77142857142856,332.1,Severe,0.04916109,False
2020-05-15,2020,5,summer,185.2,326.0,54.3,49.0,7.21,193.7,25.19476184523065,79.58532316539568,9.585448181022628,0.0,229.42857142857144,151.02372566681598,-44.22857142857143,43.2,Very Poor,0.048231892,False
2020-05-16,2020,5,summer,331.0,275.3,10.4,22.5,0.78,111.3,25.19476184523065,79.58532316539568,9.585448181022628,0.0,255.5142857142857,150.46420868511586,75.4857142857143,260.4,Severe,0.04840633,False
2020-05-17,2020,5,summer,193.9,174.6,95.3,7.0,6.29,56.7,25.19476184523065,79.58532316539568,9.585448181022628,0.0,265.4857142857143,142.40053170045204,-71.58571428571432,55.0,Satisfactory,0.04672291,False
2020-05-18,2020,5,summer,363.8,405.7,103.7,19.2,9.94,97.6,25.19476184523065,79.58532316539568,9.585448181022628,0.0,261.25714285714287,138.3509650266652,102.54285714285714,308.8,Severe,0.046089076,False
2020-05-19,2020,5,summer,225.0,116.2,40.0,61.7,7.93,132.0,25.19476184523065,79.58532316539568,9.585448181022628,0.0,223.1857142857143,93.98821608002116,1.8142857142856883,13.0,Satisfactory,0.045288697,False
2020-05-20,2020,5,summer,270.1,528.4,2.8,2.3,4.56,0.5,25.19476184523065,79.58532316539568,9.585448181022628,0.0,237.8428571428572,91.83221760622024,32.25714285714287,429.5,Severe,0.047031727,False
2020-05-21,2020,5,summer,485.5,6.8,0.4,48.3,8.8,34.2,25.19476184523065,79.58532316539568,9.585448181022628,0.0,293.5,108.090394269488,192.0,186.6,Moderate,0.048954286,False
2020-05-22,2020,5,summer,386.1,60.9,68.7,14.8,7.83,128.3,25.19476184523065,79.58532316539568,9.585448181022628,0.0,322.2,100.97956889060968,63.900000000000034,436.5,Good,0.047894403,False
2020-05-23,2020,5,summer,8.5,194.7,81.2,37.7,7.69,25.6,25.19476184523065,79.58532316539568,9.585448181022628,0.0,276.12857142857143,155.2704384215459,-267.62857142857143,175.7,Good,0.048997346,False
2020-05-24,2020,5,summer,186.8,377.6,40.6,26.4,5.67,179.3,25.19476184523065,79.58532316539568,9.585448181022628,0.0,275.1142857142857,155.91894719769664,-88.31428571428569,324.0,Satisfactory,0.048335835,False
2020-05-25,2020,5,summer,337.2,206.2,17.4,91.6,1.46,192.4,25.19476184523065,79.58532316539568,9.585448181022628,0.0,271.31428571428575,153.70572997963168,65.88571428571424,403.8,Good,0.049322456,False
2020-05-26,2020,5,summer,440.2,255.8,24.1,35.5,0.82,48.1,25.19476184523065,79.58532316539568,9.585448181022628,0.0,302.0571428571429,164.0702172561377,138.1428571428571,280.5,Very Poor,0.049647406,False
2020-05-27,2020,5,summer,381.8,141.5,92.3,34.6,3.62,53.2,25.19476184523065,79.58532316539568,9.585448181022628,0.0,318.0142857142858,165.86614511478268,63.78571428571422,236.9,Very Poor,0.048256904,False
2020-05-28,2020,5,summer,470.4,65.7,106.2,1.0,6.33,73.7,25.19476184523065,79.58532316539568,9.585448181022628,0.0,315.85714285714283,163.4048332327094,154.54285714285714,84.1,Good,0.04800056,False
2020-05-29,2020,5,summer,498.2,590.0,12.2,1.4,3.08,150.0,25.19476184523065,79.58532316539568,9.585448181022628,0.0,331.87142857142857,176.41168436629255,166.32857142857142,334.6,Satisfactory,0.04782038,False
2020-05-30,2020,5,summer,121.5,136.4,103.7,71.8,3.83,85.6,25.19476184523065,79.58532316539568,9.585448181022628,0.0,348.0142857142857,144.10031723966287,-226.51428571428568,196.3,Good,0.04744377,False
2020-05-31,2020,5,summer,47.7,428.5,55.0,51.9,2.46,66.8,25.19476184523065,79.58532316539568,9.585448181022628,0.0,328.1428571428572,176.07948827298492,-280.4428571428572,112.1,Poor,0.04789479,False
2020-06-01,2020,6,monsoon,83.2,267.9,46.8,35.0,9.0,75.2,25.19476184523065,79.58532316539568,9.585448181022628,0.0,291.85714285714283,198.62960384547296,-208.65714285714284,232.5,Severe,0.048061516,False
2020-06-02,2020,6,monsoon,210.0,257.9,41.7,17.7,9.01,32.1,25.19476184523065,79.58532316539568,9.585448181022628,0.0,258.9714285714286,188.78868887626464,-48.97142857142859,411.3,Moderate,0.047841534,False
2020-06-03,2020,6,monsoon,460.2,313.6,123.8,5.6,3.24,41.7,25.19476184523065,79.58532316539568,9.585448181022628,0.0,270.1714285714285,199.3217726381617,190.02857142857147,107.3,Satisfactory,0.048139434,False
2020-06-04,2020,6,monsoon,482.4,359.8,145.5,44.1,7.6,87.7,25.19476184523065,79.58532316539568,9.585448181022628,0.0,271.88571428571424,201.3719314152416,210.51428571428573,307.9,Severe,0.047447145,False
2020-06-05,2020,6,monsoon,53.4,82.9,59.1,33.8,7.58,12.6,25.19476184523065,79.58532316539568,9.585448181022628,0.0,208.3428571428572,187.77553849514803,-154.94285714285715,100.6,Very Poor,0.047645487,False
2020-06-06,2020,6,monsoon,290.9,438.6,118.3,18.2,2.8,146.1,25.19476184523065,79.58532316539568,9.585448181022628,0.0,232.5428571428572,185.62167489406016,58.35714285714283,191.4,Poor,0.04761653,False
2020-06-07,2020,6,monsoon,151.3,162.0,105.4,41.2,1.79,128.2,25.19476184523065,79.58532316539568,9.585448181022628,0.0,247.3428571428572,172.06233228244983,-96.04285714285712,157.9,Moderate,0.04621419,False
2020-06-08,2020,6,monsoon,281.7,516.0,78.8,33.1,4.43,177.6,25.19476184523065,79.58532316539568,9.585448181022628,0.0,275.7,156.1203168499646,6.0,75.1,Poor,0.045868088,False
2020-06-09,2020,6,monsoon,295.8,226.0,39.5,67.8,2.85,179.0,25.19476184523065,79.58532316539568,9.585448181022628,0.0,287.95714285714286,153.44769855060133,7.842857142857156,51.8,Good,0.04553824,False
2020-06-10,2020,6,monsoon,415.2,206.8,25.7,4.6,0.25,143.2,25.19476184523065,79.58532316539568,9.585448181022628,0.0,281.5285714285714,145.7801051159556,133.67142857142858,170.0,Moderate,0.045932375,False
2020-06-11,2020,6,monsoon,475.5,326.3,138.4,51.5,5.4,75.6,25.19476184523065,79.58532316539568,9.585448181022628,0.0,280.54285714285714,144.21038863575748,194.95714285714288,309.6,Severe,0.044865556,False
2020-06-12,2020,6,monsoon,295.4,554.5,64.2,91.3,4.67,148.5,25.19476184523065,79.58532316539568,9.585448181022628,0.0,315.1142857142857,104.11563168854526,-19.71428571428572,103.0,Poor,0.04548796,False
2020-06-13,2020,6,monsoon,244.7,101.0,14.3,58.2,1.2,133.0,25.19476184523065,79.58532316539568,9.585448181022628,0.0,308.5142857142857,107.32140868393782,-63.81428571428569,68.2,Good,0.044477776,False
2020-06-14,2020,6,monsoon,492.2,553.6,57.3,6.5,1.37,65.9,25.19476184523065,79.58532316539568,9.585448181022628,0.0,357.2142857142857,101.26663531771712,134.98571428571427,496.6,Poor,0.045487676,False
2020-06-15,2020,6,monsoon,373.7,124.9,80.0,52.3,1.93,167.8,25.19476184523065,79.58532316539568,9.585448181022628,0.0,370.3571428571428,95.64676082932948,3.342857142857156,85.1,Satisfactory,0.04540131,False
2020-06-16,2020,6,monsoon,334.1,227.7,25.2,58.2,1.45,3.8,25.19476184523065,79.58532316539568,9.585448181022628,0.0,375.8285714285715,91.68430825911533,-41.728571428571456,412.7,Poor,0.045951635,False
2020-06-17,2020,6,monsoon,18.2,543.1,12.7,14.7,9.73,184.1,25.19476184523065,79.58532316539568,9.585448181022628,0.0,319.11428571428576,160.34784510111598,-300.91428571428577,56.7,Satisfactory,0.048488397,False
2020-06-18,2020,6,monsoon,129.3,185.1,143.0,96.2,1.77,123.1,25.19476184523065,79.58532316539568,9.585448181022628,0.0,269.65714285714284,157.43755224578052,-140.35714285714283,94.4,Severe,0.05044098,False
2020-06-19,2020,6,monsoon,36.0,593.9,4.4,12.0,1.15,197.8,25.19476184523065,79.58532316539568,9.585448181022628,0.0,232.6,179.36919096284805,-196.6,463.0,Severe,0.051492985,False
2020-06-20,2020,6,monsoon,280.1,526.0,107.6,50.5,7.54,91.4,25.19476184523065,79.58532316539568,9.585448181022628,0.0,237.65714285714287,180.2639995223936,42.44285714285715,8.1,Good,0.04944658,False
2020-06-21,2020,6,monsoon,362.7,544.0,85.2,94.1,0.35,41.5,25.19476184523065,79.58532316539568,9.585448181022628,0.0,219.15714285714284,154.60625102867877,143.54285714285714,333.5,Very Poor,0.050340556,False
2020-06-22,2020,6,monsoon,417.6,522.6,1.5,62.5,7.61,20.6,25.19476184523065,79.58532316539568,9.585448181022628,0.0,225.42857142857144,162.60346156919817,192.1714285714286,430.2,Satisfactory,0.05061712,False
2020-06-23,2020,6,monsoon,103.7,0.3,49.6,91.9,5.28,183.6,25.19476184523065,79.58532316539568,9.585448181022628,0.0,192.51428571428573,160.2416033013006,-88.81428571428573,298.1,Poor,0.05239124,False
2020-06-24,2020,6,monsoon,218.9,589.1,90.9,26.3,0.12,128.6,25.19476184523065,79.58532316539568,9.585448181022628,0.0,221.1857142857143,140.60619271060364,-2.285714285714306,98.1,Poor,0.051646527,False
2020-06-25,2020,6,monsoon,17.8,269.3,17.5,64.0,9.64,101.0,25.19476184523065,79.58532316539568,9.585448181022628,0.0,205.2571428571429,157.99121132880407,-187.45714285714288,8.8,Severe,0.05253193,False
2020-06-26,2020,6,monsoon,294.2,271.2,126.6,36.6,9.28,150.9,25.19476184523065,79.58532316539568,9.585448181022628,0.0,242.1428571428572,141.13013919952104,52.05714285714285,255.9,Moderate,0.05324151,False
2020-06-27,2020,6,monsoon,435.1,97.5,70.3,60.7,6.9,176.8,25.19476184523065,79.58532316539568,9.585448181022628,0.0,264.2857142857143,159.0942428098456,170.81428571428577,426.8,Very Poor,0.052871346,False
2020-06-28,2020,6,monsoon,232.3,33.0,16.3,40.0,6.33,187.4,25.19476184523065,79.58532316539568,9.585448181022628,0.0,245.65714285714287,153.17441972190673,-13.35714285714286,51.4,Good,0.051418357,False
2020-06-29,2020,6,monsoon,218.2,204.0,32.3,45.7,9.31,19.7,25.19476184523065,79.58532316539568,9.585448181022628,0.0,217.17142857142852,133.093898110641,1.0285714285714107,17.1,Poor,0.051763695,False
2020-06-30,2020,6,monsoon,37.0,537.6,61.5,25.0,9.51,24.7,25.19476184523065,79.58532316539568,9.585448181022628,0.0,207.6428571428572,144.47279856017704,-170.64285714285714,308.8,Moderate,0.05273254,False
2020-07-01,2020,7,monsoon,115.3,140.1,78.6,63.3,0.25,29.3,25.19476184523065,79.58532316539568,9.585448181022628,0.0,192.8428571428572,148.38100571549856,-77.54285714285713,248.7,Severe,0.052992873,False
2020-07-02,2020,7,monsoon,102.8,139.3,82.0,42.9,4.06,182.2,25.19476184523065,79.58532316539568,9.585448181022628,0.0,204.98571428571427,134.49727913693297,-102.18571428571428,109.8,Severe,0.052504107,False
2020-07-03,2020,7,monsoon,395.8,61.8,116.4,97.7,1.26,61.2,25.19476184523065,79.58532316539568,9.585448181022628,0.0,219.5,150.28492938415343,176.3,51.3,Very Poor,0.05299373,False
2020-07-04,2020,7,monsoon,319.3,166.7,73.5,37.5,0.78,3.9,25.19476184523065,79.58532316539568,9.585448181022628,0.0,202.95714285714288,127.1969451564888,116.34285714285716,443.6,Good,0.05252696,False
2020-07-05,2020,7,monsoon,209.7,548.9,30.6,44.4,6.81,45.6,25.19476184523065,79.58532316539568,9.585448181022628,0.0,199.72857142857143,126.61350262755948,9.97142857142856,340.1,Moderate,0.051779464,False
2020-07-06,2020,7,monsoon,391.1,390.0,30.7,89.6,4.62,85.3,25.19476184523065,79.58532316539568,9.585448181022628,0.0,224.42857142857144,146.17174503856424,166.6714285714286,497.1,Good,0.051840685,False
2020-07-07,2020,7,monsoon,326.9,196.1,137.1,48.8,5.65,76.7,25.19476184523065,79.58532316539568,9.585448181022628,0.0,265.8428571428572,123.53271978363814,61.05714285714282,129.2,Moderate,0.052160054,False
2020-07-08,2020,7,monsoon,297.3,102.1,87.5,95.1,3.68,57.3,25.19476184523065,79.58532316539568,9.585448181022628,0.0,291.8428571428572,104.20844267049358,5.457142857142856,136.1,Poor,0.052357696,False
2020-07-09,2020,7,monsoon,495.6,130.3,56.3,84.2,5.66,138.5,25.19476184523065,79.58532316539568,9.585448181022628,0.0,347.9571428571429,90.27225223627464,147.6428571428571,440.3,Satisfactory,0.053034447,False
2020-07-10,2020,7,monsoon,313.4,248.8,2.2,16.1,3.9,156.3,25.19476184523065,79.58532316539568,9.585448181022628,0.0,336.18571428571425,88.34569275619208,-22.78571428571428,344.2,Very Poor,0.052174214,False
2020-07-11,2020,7,monsoon,465.5,536.1,62.8,67.6,4.21,39.8,25.19476184523065,79.58532316539568,9.585448181022628,0.0,357.07142857142856,100.17762082564045,108.42857142857144,499.0,Poor,0.052143138,False
2020-07-12,2020,7,monsoon,69.2,59.9,134.3,41.2,9.04,16.9,25.19476184523065,79.58532316539568,9.585448181022628,0.0,337.0,140.56132706639735,-267.8,61.4,Severe,0.05409427,False
2020-07-13,2020,7,monsoon,86.1,464.9,31.3,15.3,4.71,76.5,25.19476184523065,79.58532316539568,9.585448181022628,0.0,293.42857142857144,165.9717015466364,-207.32857142857145,485.5,Satisfactory,0.054327484,False
2020-07-14,2020,7,monsoon,468.3,395.6,113.1,1.8,8.65,157.1,25.19476184523065,79.58532316539568,9.585448181022628,0.0,313.62857142857143,178.8309417139153,154.67142857142858,147.1,Poor,0.054471716,False
2020-07-15,2020,7,monsoon,210.3,514.4,64.3,17.7,9.43,163.8,25.19476184523065,79.58532316539568,9.585448181022628,0.0,301.2,183.12651364562169,-90.89999999999998,377.9,Very Poor,0.055074736,False
2020-07-16,2020,7,monsoon,282.1,538.9,29.0,27.5,6.98,42.4,25.19476184523065,79.58532316539568,9.585448181022628,0.0,270.7,161.90203828241332,11.400000000000034,173.7,Severe,0.054704804,False
2020-07-17,2020,7,monsoon,425.4,92.8,96.4,5.7,8.53,118.8,25.19476184523065,79.58532316539568,9.585448181022628,0.0,286.7,172.04186506002944,138.7,105.0,Poor,0.052554395,False
2020-07-18,2020,7,monsoon,9.6,237.3,94.4,24.8,4.81,198.2,25.19476184523065,79.58532316539568,9.585448181022628,0.0,221.57142857142856,179.21740721151795,-211.9714285714286,410.3,Satisfactory,0.05256388,False
2020-07-19,2020,7,monsoon,115.8,398.0,49.2,61.8,5.77,33.7,25.19476184523065,79.58532316539568,9.585448181022628,0.0,228.22857142857143,173.38473322148556,-112.42857142857144,423.3,Poor,0.04942176,False
2020-07-20,2020,7,monsoon,233.0,278.5,58.5,60.8,2.39,49.4,25.19476184523065,79.58532316539568,9.585448181022628,0.0,249.2142857142857,161.81935842755271,-16.214285714285722,20.5,Moderate,0.04907789,False
2020-07-21,2020,7,monsoon,129.7,500.7,82.9,53.7,1.14,195.2,25.19476184523065,79.58532316539568,9.585448181022628,0.0,200.8428571428572,133.55372024199167,-71.14285714285717,420.0,Very Poor,0.048700854,False
2020-07-22,2020,7,monsoon,43.0,4.7,101.9,28.2,9.73,195.1,25.19476184523065,79.58532316539568,9.585448181022628,0.0,176.94285714285712,145.97147960181408,-133.94285714285712,373.3,Satisfactory,0.04894215,False
2020-07-23,2020,7,monsoon,291.3,229.1,94.5,0.5,0.38,170.3,25.19476184523065,79.58532316539568,9.585448181022628,0.0,178.25714285714284,147.11303881871302,113.04285714285716,433.3,Poor,0.048774038,False
2020-07-24,2020,7,monsoon,404.1,137.9,4.1,15.3,0.48,136.8,25.19476184523065,79.58532316539568,9.585448181022628,0.0,175.21428571428572,141.25276904154742,228.8857142857143,101.6,Satisfactory,0.04946061,False
2020-07-25,2020,7,monsoon,88.0,232.9,88.6,73.2,2.0,104.6,25.19476184523065,79.58532316539568,9.585448181022628,0.0,186.4142857142857,128.46155622820163,-98.41428571428574,226.3,Moderate,0.048591737,False
2020-07-26,2020,7,monsoon,466.1,187.3,118.9,0.3,6.58,68.0,25.19476184523065,79.58532316539568,9.585448181022628,0.0,236.45714285714283,160.58327909159638,229.6428571428572,420.0,Very Poor,0.04933792,False
2020-07-27,2020,7,monsoon,53.5,252.2,111.8,87.5,5.46,57.9,25.19476184523065,79.58532316539568,9.585448181022628,0.0,210.8142857142857,174.91922353447822,-157.3142857142857,91.2,Moderate,0.049399436,False
2020-07-28,2020,7,monsoon,110.1,270.1,46.9,19.1,9.5,27.9,25.19476184523065,79.58532316539568,9.585448181022628,0.0,208.01428571428573,176.58301568546003,-97.91428571428574,186.7,Very Poor,0.049282197,False
2020-07-29,2020,7,monsoon,268.1,468.5,38.0,16.4,8.71,73.5,25.19476184523065,79.58532316539568,9.585448181022628,0.0,240.1714285714286,161.36468752782437,27.928571428571416,462.0,Satisfactory,0.049087837,False
2020-07-30,2020,7,monsoon,317.3,85.4,137.7,58.8,4.06,68.9,25.19476184523065,79.58532316539568,9.585448181022628,0.0,243.8857142857143,163.02836592212446,73.41428571428571,174.4,Severe,0.047699403,False
2020-07-31,2020,7,monsoon,404.2,72.0,76.1,35.5,7.38,86.5,25.19476184523065,79.58532316539568,9.585448181022628,0.0,243.90000000000003,163.04474845882038,160.29999999999995,15.6,Severe,0.0470665,False
2020-08-01,2020,8,monsoon,406.9,466.5,41.0,6.4,7.64,110.0,25.19476184523065,79.58532316539568,9.585448181022628,0.0,289.45714285714286,156.65118211217845,117.44285714285712,467.3,Very Poor,0.047192924,False
2020-08-02,2020,8,monsoon,60.0,517.9,147.8,44.2,3.61,53.6,25.19476184523065,79.58532316539568,9.585448181022628,0.0,231.44285714285712,155.52375871168215,-171.44285714285712,128.2,Satisfactory,0.046773773,False
2020-08-03,2020,8,monsoon,209.3,328.3,39.5,59.6,6.58,180.6,25.19476184523065,79.58532316539568,9.585448181022628,0.0,253.7,135.69869810232774,-44.39999999999998,436.3,Satisfactory,0.046053957,False
2020-08-04,2020,8,monsoon,487.2,5.0,28.0,55.3,3.53,94.7,25.19476184523065,79.58532316539568,9.585448181022628,0.0,307.57142857142856,143.80032121296682,179.62857142857143,99.2,Severe,0.0468527,False
2020-08-05,2020,8,monsoon,495.8,277.7,149.7,82.8,2.99,162.0,25.19476184523065,79.58532316539568,9.585448181022628,0.0,340.1,158.39635938577234,155.7,88.2,Poor,0.048041027,False
2020-08-06,2020,8,monsoon,379.4,515.6,43.8,94.1,1.94,164.6,25.19476184523065,79.58532316539568,9.585448181022628,0.0,348.97142857142853,158.64539823440347,30.428571428571445,60.6,Severe,0.04951234,False
2020-08-07,2020,8,monsoon,366.2,425.9,128.8,51.7,3.07,117.0,25.19476184523065,79.58532316539568,9.585448181022628,0.0,343.54285714285714,157.08305507111922,22.657142857142844,495.3,Good,0.049007814,False
2020-08-08,2020,8,monsoon,398.8,390.7,144.6,64.6,1.88,67.6,25.19476184523065,79.58532316539568,9.585448181022628,0.0,342.38571428571424,156.56754057564052,56.41428571428577,110.0,Moderate,0.048865236,False
2020-08-09,2020,8,monsoon,215.7,80.8,13.5,47.6,6.12,199.9,25.19476184523065,79.58532316539568,9.585448181022628,0.0,364.6285714285714,115.41572270544052,-148.92857142857144,170.3,Severe,0.049356323,False
2020-08-10,2020,8,monsoon,455.3,159.5,93.6,58.4,9.86,174.5,25.19476184523065,79.58532316539568,9.585448181022628,0.0,399.7714285714285,96.06762746950278,55.52857142857147,117.9,Good,0.049330115,False
2020-08-11,2020,8,monsoon,211.5,166.0,129.1,23.7,6.01,41.9,25.19476184523065,79.58532316539568,9.585448181022628,0.0,360.38571428571424,109.78590420406826,-148.88571428571424,289.7,Satisfactory,0.047672667,False
2020-08-12,2020,8,monsoon,289.2,558.2,70.3,76.5,2.4,53.2,25.19476184523065,79.58532316539568,9.585448181022628,0.0,330.87142857142857,93.94182090148018,-41.67142857142858,175.0,Very Poor,0.04782138,False
2020-08-13,2020,8,monsoon,238.2,48.9,51.6,29.0,1.77,104.3,25.19476184523065,79.58532316539568,9.585448181022628,0.0,310.7,96.89784999334807,-72.5,34.0,Satisfactory,0.04663019,False
2020-08-14,2020,8,monsoon,414.1,101.3,44.5,44.6,7.08,109.7,25.19476184523065,79.58532316539568,9.585448181022628,0.0,317.54285714285714,102.97143385656165,96.55714285714288,127.2,Satisfactory,0.04575425,False
2020-08-15,2020,8,monsoon,485.7,257.1,128.9,72.6,1.07,108.6,25.19476184523065,79.58532316539568,9.585448181022628,0.0,329.95714285714286,118.47221695602838,155.74285714285713,497.9,Moderate,0.04593231,False
2020-08-16,2020,8,monsoon,133.2,87.9,116.8,80.7,6.95,118.8,25.19476184523065,79.58532316539568,9.585448181022628,0.0,318.17142857142863,134.72215499916524,-184.97142857142865,165.2,Severe,0.045487795,False
2020-08-17,2020,8,monsoon,60.1,75.5,147.2,91.3,3.7,72.7,25.19476184523065,79.58532316539568,9.585448181022628,0.0,261.7142857142857,149.65800377941073,-201.61428571428573,144.5,Satisfactory,0.045738034,False
2020-08-18,2020,8,monsoon,393.1,349.7,122.1,96.7,5.81,188.8,25.19476184523065,79.58532316539568,9.585448181022628,0.0,287.65714285714284,155.1422020507086,105.44285714285718,307.4,Satisfactory,0.046238724,False
2020-08-19,2020,8,monsoon,352.1,106.0,70.7,68.9,1.01,90.6,25.19476184523065,79.58532316539568,9.585448181022628,0.0,296.6428571428572,157.05620922823425,55.457142857142856,28.5,Moderate,0.046516545,False
2020-08-20,2020,8,monsoon,115.7,225.4,122.4,21.7,3.07,146.3,25.19476184523065,79.58532316539568,9.585448181022628,0.0,279.1428571428572,170.87076848838,-163.44285714285718,395.8,Severe,0.045931075,False
2020-08-21,2020,8,monsoon,390.6,196.8,32.3,44.3,6.25,35.6,25.19476184523065,79.58532316539568,9.585448181022628,0.0,275.7857142857143,167.98377330932334,114.81428571428576,401.7,Very Poor,0.04409763,False
2020-08-22,2020,8,monsoon,435.7,101.7,9.2,51.4,4.84,196.7,25.19476184523065,79.58532316539568,9.585448181022628,0.0,268.6428571428572,158.357568571286,167.05714285714282,494.8,Satisfactory,0.04420685,False
2020-08-23,2020,8,monsoon,190.7,211.4,46.7,53.0,3.99,37.1,25.19476184523065,79.58532316539568,9.585448181022628,0.0,276.85714285714283,151.50396977354387,-86.15714285714284,231.6,Satisfactory,0.04249362,False
2020-08-24,2020,8,monsoon,29.3,294.3,17.2,88.7,6.35,105.9,25.19476184523065,79.58532316539568,9.585448181022628,0.0,272.45714285714286,159.10482767809472,-243.15714285714284,62.6,Very Poor,0.04392296,False
2020-08-25,2020,8,monsoon,469.7,123.6,112.7,83.3,9.76,151.6,25.19476184523065,79.58532316539568,9.585448181022628,0.0,283.40000000000003,170.97655784736506,186.29999999999995,310.4,Poor,0.04360106,False
2020-08-26,2020,8,monsoon,277.0,532.6,119.0,50.3,3.85,14.8,25.19476184523065,79.58532316539568,9.585448181022628,0.0,272.6714285714285,168.28223033825964,4.328571428571479,253.7,Moderate,0.04356808,False
2020-08-27,2020,8,monsoon,287.1,343.4,58.6,71.8,9.97,155.3,25.19476184523065,79.58532316539568,9.585448181022628,0.0,297.15714285714284,153.45181499027493,-10.05714285714282,49.2,Good,0.042626053,False
2020-08-28,2020,8,monsoon,456.5,272.3,18.8,57.3,8.69,166.1,25.19476184523065,79.58532316539568,9.585448181022628,0.0,306.57142857142856,161.92741907292628,149.92857142857144,142.2,Satisfactory,0.042672124,False
2020-08-29,2020,8,monsoon,249.9,594.1,48.1,14.9,0.99,151.3,25.19476184523065,79.58532316539568,9.585448181022628,0.0,280.0285714285714,152.1669775201541,-30.128571428571405,118.8,Poor,0.044062674,False
2020-08-30,2020,8,monsoon,177.6,204.4,60.4,12.1,9.85,165.0,25.19476184523065,79.58532316539568,9.585448181022628,0.0,278.15714285714284,153.52319973587993,-100.55714285714284,474.1,Poor,0.04479547,False
2020-08-31,2020,8,monsoon,399.8,300.9,138.8,84.5,5.77,163.8,25.19476184523065,79.58532316539568,9.585448181022628,0.0,331.0857142857143,111.5596317158294,68.71428571428572,235.5,Poor,0.043985922,False
2020-09-01,2020,9,monsoon,229.6,69.5,107.4,85.5,9.18,94.1,25.19476184523065,79.58532316539568,9.585448181022628,0.0,296.7857142857143,97.91434060053786,-67.18571428571428,91.5,Very Poor,0.043026853,False
2020-09-02,2020,9,monsoon,40.0,552.7,99.7,68.3,2.74,59.0,25.19476184523065,79.58532316539568,9.585448181022628,0.0,262.92857142857144,138.47177467250285,-222.92857142857144,160.2,Poor,0.04485076,False
2020-09-03,2020,9,monsoon,457.5,375.6,5.6,22.5,9.71,79.7,25.19476184523065,79.58532316539568,9.585448181022628,0.0,287.2714285714286,157.14767698236082,170.2285714285714,463.5,Good,0.04582633,False
2020-09-04,2020,9,monsoon,442.1,51.3,97.1,84.7,6.8,37.5,25.19476184523065,79.58532316539568,9.585448181022628,0.0,285.2142857142857,154.6373761263367,156.8857142857143,307.1,Very Poor,0.045437224,False
2020-09-05,2020,9,monsoon,96.8,152.3,81.6,1.7,8.5,72.7,25.19476184523065,79.58532316539568,9.585448181022628,0.0,263.3428571428571,170.48002675917655,-166.5428571428571,412.3,Very Poor,0.045612533,False
2020-09-06,2020,9,monsoon,214.1,506.0,117.7,5.8,4.8,84.2,25.19476184523065,79.58532316539568,9.585448181022628,0.0,268.5571428571429,167.95998389639186,-54.45714285714288,341.9,Satisfactory,0.046479452,False
2020-09-07,2020,9,monsoon,439.9,524.9,66.2,21.9,5.99,86.2,25.19476184523065,79.58532316539568,9.585448181022628,0.0,274.2857142857143,173.76579475999142,165.6142857142857,375.6,Very Poor,0.04668172,False
2020-09-08,2020,9,monsoon,467.7,230.8,138.3,99.9,6.62,180.5,25.19476184523065,79.58532316539568,9.585448181022628,0.0,308.3,186.40492661586688,159.39999999999998,419.2,Poor,0.0469561,False
2020-09-09,2020,9,monsoon,340.6,483.4,96.6,63.1,7.4,106.9,25.19476184523065,79.58532316539568,9.585448181022628,0.0,351.24285714285713,144.12411152825746,-10.64285714285711,361.8,Good,0.04576267,False
2020-09-10,2020,9,monsoon,487.4,309.2,21.4,24.8,8.91,175.9,25.19476184523065,79.58532316539568,9.585448181022628,0.0,355.5142857142857,148.18402330178793,131.8857142857143,493.0,Good,0.04630256,False
2020-09-11,2020,9,monsoon,81.1,293.2,40.0,18.5,1.9,16.8,25.19476184523065,79.58532316539568,9.585448181022628,0.0,303.9428571428571,173.65668100347568,-222.8428571428572,121.5,Satisfactory,0.047678698,False
2020-09-12,2020,9,monsoon,87.7,291.2,76.8,39.1,0.59,81.6,25.19476184523065,79.58532316539568,9.585448181022628,0.0,302.6428571428572,175.49018830258356,-214.9428571428572,404.6,Good,0.048404496,False
2020-09-13,2020,9,monsoon,282.2,402.8,132.0,34.8,4.54,12.7,25.19476184523065,79.58532316539568,9.585448181022628,0.0,312.37142857142857,171.60827208389196,-30.17142857142857,408.3,Poor,0.048886564,False
2020-09-14,2020,9,monsoon,39.2,477.1,126.1,82.2,8.95,198.5,25.19476184523065,79.58532316539568,9.585448181022628,0.0,255.12857142857143,188.0240562116608,-215.92857142857144,473.8,Good,0.049874984,False
2020-09-15,2020,9,monsoon,484.8,527.9,17.2,49.8,3.72,167.0,25.19476184523065,79.58532316539568,9.585448181022628,0.0,257.57142857142856,191.3281884989396,227.22857142857143,19.5,Severe,0.05069661,False
2020-09-16,2020,9,monsoon,319.1,88.5,56.6,88.8,8.24,119.1,25.19476184523065,79.58532316539568,9.585448181022628,0.0,254.5,189.94071004746027,64.60000000000002,149.8,Satisfactory,0.049112152,False
2020-09-17,2020,9,monsoon,48.5,138.4,26.3,86.8,4.29,16.6,25.19476184523065,79.58532316539568,9.585448181022628,0.0,191.8,171.823261909828,-143.29999999999998,313.8,Good,0.04971483,False
2020-09-18,2020,9,monsoon,281.1,190.2,96.5,76.4,9.1,138.8,25.19476184523065,79.58532316539568,9.585448181022628,0.0,220.3714285714286,166.90571903808174,60.72857142857143,453.9,Moderate,0.049243107,False
2020-09-19,2020,9,monsoon,426.0,86.5,116.8,43.0,2.92,93.0,25.19476184523065,79.58532316539568,9.585448181022628,0.0,268.7,171.0150870537452,157.3,29.2,Poor,0.04925463,False
2020-09-20,2020,9,monsoon,129.0,10.4,62.9,28.5,9.6,48.3,25.19476184523065,79.58532316539568,9.585448181022628,0.0,246.8142857142857,178.63272776445942,-117.81428571428572,274.6,Poor,0.050134577,False
2020-09-21,2020,9,monsoon,410.1,61.6,146.7,33.6,9.96,191.7,25.19476184523065,79.58532316539568,9.585448181022628,0.0,299.8,160.91614793632965,110.3,139.9,Very Poor,0.05034255,False
2020-09-22,2020,9,monsoon,297.6,194.7,38.3,13.2,0.15,35.5,25.19476184523065,79.58532316539568,9.585448181022628,0.0,273.0571428571429,139.12681094530117,24.542857142857144,39.6,Poor,0.052019306,False
2020-09-23,2020,9,monsoon,345.0,441.1,9.2,65.1,6.62,136.3,25.19476184523065,79.58532316539568,9.585448181022628,0.0,276.75714285714287,140.88861862174286,68.24285714285713,432.4,Satisfactory,0.05112168,False
2020-09-24,2020,9,monsoon,320.8,448.6,100.9,77.3,2.82,176.7,25.19476184523065,79.58532316539568,9.585448181022628,0.0,315.6571428571429,98.6100038390777,5.14285714285711,92.0,Severe,0.050177533,False
2020-09-25,2020,9,monsoon,412.1,576.8,122.3,59.9,3.15,11.6,25.19476184523065,79.58532316539568,9.585448181022628,0.0,334.37142857142857,103.27879282611272,77.72857142857146,415.6,Good,0.051081534,False
2020-09-26,2020,9,monsoon,445.3,500.5,26.5,58.1,3.92,189.6,25.19476184523065,79.58532316539568,9.585448181022628,0.0,337.12857142857143,106.34471800526396,108.17142857142858,396.8,Severe,0.051764853,False
2020-09-27,2020,9,monsoon,132.6,378.1,112.9,25.4,1.81,112.1,25.19476184523065,79.58532316539568,9.585448181022628,0.0,337.6428571428572,105.1726969820412,-205.0428571428572,388.2,Good,0.051549777,False
2020-09-28,2020,9,monsoon,78.3,180.0,62.1,11.6,3.45,46.6,25.19476184523065,79.58532316539568,9.585448181022628,0.0,290.24285714285713,137.02137129103713,-211.94285714285712,251.9,Poor,0.051496886,False
2020-09-29,2020,9,monsoon,336.8,131.9,32.8,49.2,2.51,43.9,25.19476184523065,79.58532316539568,9.585448181022628,0.0,295.8428571428572,138.16841000680867,40.957142857142856,493.4,Very Poor,0.050942864,False
2020-09-30,2020,9,monsoon,120.7,187.5,82.3,65.0,6.0,17.6,25.19476184523065,79.58532316539568,9.585448181022628,0.0,263.8,150.34096802490905,-143.10000000000002,41.7,Very Poor,0.05056526,False
2020-10-01,2020,10,post-monsoon,222.2,379.1,83.5,28.8,0.23,120.1,25.19476184523065,79.58532316539568,9.585448181022628,0.0,249.7142857142857,148.72073861852004,-27.514285714285734,9.2,Moderate,0.05009562,False
2020-10-02,2020,10,post-monsoon,35.9,1.1,88.0,99.3,2.96,128.6,25.19476184523065,79.58532316539568,9.585448181022628,0.0,195.9714285714286,148.23208957898566,-160.07142857142858,437.7,Good,0.050838158,False
2020-10-03,2020,10,post-monsoon,120.4,593.5,106.1,35.1,3.65,144.0,25.19476184523065,79.58532316539568,9.585448181022628,0.0,149.55714285714285,100.25203002338442,-29.157142857142844,263.5,Severe,0.049841933,False
2020-10-04,2020,10,post-monsoon,473.2,357.5,75.1,65.9,6.57,52.8,25.19476184523065,79.58532316539568,9.585448181022628,0.0,198.2142857142857,157.15562805248646,274.98571428571427,48.7,Very Poor,0.04935684,False
2020-10-05,2020,10,post-monsoon,62.3,275.4,17.3,9.4,4.91,174.5,25.19476184523065,79.58532316539568,9.585448181022628,0.0,195.92857142857144,159.29220230220236,-133.62857142857143,47.8,Good,0.049511805,False
2020-10-06,2020,10,post-monsoon,433.5,263.2,123.2,55.9,4.81,168.3,25.19476184523065,79.58532316539568,9.585448181022628,0.0,209.7428571428571,176.77840042590864,223.7571428571429,369.1,Satisfactory,0.04967893,False
2020-10-07,2020,10,post-monsoon,340.7,506.9,146.7,34.3,0.64,54.1,25.19476184523065,79.58532316539568,9.585448181022628,0.0,241.17142857142852,177.86252850901195,99.5285714285714,370.3,Poor,0.05035111,False
2020-10-08,2020,10,post-monsoon,400.1,482.9,149.1,34.2,5.4,194.1,25.19476184523065,79.58532316539568,9.585448181022628,0.0,266.5857142857143,187.1664359918861,133.51428571428573,244.8,Poor,0.04972859,False
2020-10-09,2020,10,post-monsoon,246.2,7.0,60.9,88.3,1.37,162.8,25.19476184523065,79.58532316539568,9.585448181022628,0.0,296.62857142857143,158.67646028198098,-50.428571428571445,21.7,Poor,0.050714966,False
2020-10-10,2020,10,post-monsoon,166.5,482.7,7.5,47.5,1.15,126.0,25.19476184523065,79.58532316539568,9.585448181022628,0.0,303.2142857142857,150.90982327835655,-136.71428571428572,138.9,Very Poor,0.0498663,False
2020-10-11,2020,10,post-monsoon,77.2,99.5,95.2,38.8,1.79,170.9,25.19476184523065,79.58532316539568,9.585448181022628,0.0,246.6428571428572,150.79106800628554,-169.44285714285712,266.5,Moderate,0.04935058,False
2020-10-12,2020,10,post-monsoon,199.3,213.4,11.8,86.4,7.39,55.2,25.19476184523065,79.58532316539568,9.585448181022628,0.0,266.2142857142857,130.3875304438202,-66.91428571428571,182.6,Good,0.049741328,False
2020-10-13,2020,10,post-monsoon,208.0,96.8,23.0,0.6,2.21,71.9,25.19476184523065,79.58532316539568,9.585448181022628,0.0,234.0,108.12455780256418,-26.0,147.0,Severe,0.050228514,False
2020-10-14,2020,10,post-monsoon,234.6,297.6,58.7,72.7,7.32,44.9,25.19476184523065,79.58532316539568,9.585448181022628,0.0,218.8428571428572,97.59851189341757,15.757142857142838,392.3,Satisfactory,0.047860645,False
2020-10-15,2020,10,post-monsoon,260.3,185.7,46.3,36.3,8.05,138.9,25.19476184523065,79.58532316539568,9.585448181022628,0.0,198.8714285714286,62.21649605170983,61.428571428571416,4.3,Satisfactory,0.04618915,False
2020-10-16,2020,10,post-monsoon,411.7,423.5,6.3,92.1,3.71,102.6,25.19476184523065,79.58532316539568,9.585448181022628,0.0,222.51428571428573,101.95462109146796,189.18571428571423,215.2,Poor,0.04664012,False
2020-10-17,2020,10,post-monsoon,259.5,297.3,95.5,65.4,4.82,54.7,25.19476184523065,79.58532316539568,9.585448181022628,0.0,235.8,99.46795128750452,23.69999999999999,115.8,Very Poor,0.044881213,False
2020-10-18,2020,10,post-monsoon,226.1,417.8,61.3,46.3,0.31,116.9,25.19476184523065,79.58532316539568,9.585448181022628,0.0,257.07142857142856,72.03709031431254,-30.97142857142856,362.2,Poor,0.044241652,False
2020-10-19,2020,10,post-monsoon,281.3,214.2,134.1,5.6,2.03,24.1,25.19476184523065,79.58532316539568,9.585448181022628,0.0,268.7857142857143,67.60789965113645,12.514285714285734,99.0,Poor,0.04469771,False
2020-10-20,2020,10,post-monsoon,233.3,431.4,143.4,63.5,6.94,175.2,25.19476184523065,79.58532316539568,9.585448181022628,0.0,272.40000000000003,64.41772530393614,-39.10000000000002,433.9,Poor,0.044036444,False
2020-10-21,2020,10,post-monsoon,257.3,139.1,65.2,63.1,6.01,27.6,25.19476184523065,79.58532316539568,9.585448181022628,0.0,275.6428571428572,62.74739987024347,-18.34285714285716,149.9,Satisfactory,0.04182834,False
2020-10-22,2020,10,post-monsoon,211.2,149.4,111.2,44.7,0.96,169.3,25.19476184523065,79.58532316539568,9.585448181022628,0.0,268.62857142857143,67.3256938146135,-57.428571428571445,459.8,Poor,0.04133616,False
2020-10-23,2020,10,post-monsoon,154.8,377.7,16.0,91.0,1.29,114.0,25.19476184523065,79.58532316539568,9.585448181022628,0.0,231.92857142857144,41.34362966994733,-77.1285714285714,41.1,Good,0.041452542,False
2020-10-24,2020,10,post-monsoon,131.3,313.9,111.9,68.0,1.87,49.0,25.19476184523065,79.58532316539568,9.585448181022628,0.0,213.6142857142857,53.65601639367322,-82.31428571428569,269.9,Very Poor,0.041178666,False
2020-10-25,2020,10,post-monsoon,415.7,515.4,64.6,32.7,7.47,65.5,25.19476184523065,79.58532316539568,9.585448181022628,0.0,240.7,93.82705722054114,174.99999999999997,430.9,Severe,0.040870156,False
2020-10-26,2020,10,post-monsoon,124.6,22.7,53.1,3.9,1.29,41.7,25.19476184523065,79.58532316539568,9.585448181022628,0.0,218.3142857142857,100.94892154899324,-93.7142857142857,226.0,Good,0.040852558,False
2020-10-27,2020,10,post-monsoon,446.3,56.6,115.8,74.2,6.78,64.7,25.19476184523065,79.58532316539568,9.585448181022628,0.0,248.7428571428571,133.1764100374996,197.5571428571429,190.2,Moderate,0.041763328,False
2020-10-28,2020,10,post-monsoon,361.2,345.8,34.3,65.4,4.08,91.6,25.19476184523065,79.58532316539568,9.585448181022628,0.0,263.5857142857143,139.9088682985159,97.6142857142857,429.4,Good,0.040946696,False
2020-10-29,2020,10,post-monsoon,105.1,292.7,111.0,43.7,4.96,136.0,25.19476184523065,79.58532316539568,9.585448181022628,0.0,248.42857142857144,151.77408336390116,-143.32857142857142,28.1,Moderate,0.040762223,False
2020-10-30,2020,10,post-monsoon,47.4,33.6,42.2,95.2,4.65,105.8,25.19476184523065,79.58532316539568,9.585448181022628,0.0,233.08571428571423,167.43684808081562,-185.68571428571423,24.1,Satisfactory,0.041635692,False
2020-10-31,2020,10,post-monsoon,124.9,325.5,108.9,14.2,5.67,5.3,25.19476184523065,79.58532316539568,9.585448181022628,0.0,232.17142857142852,168.10143479742348,-107.27142857142856,301.7,Poor,0.04254128,False
2020-11-01,2020,11,post-monsoon,11.6,503.8,11.8,69.6,8.69,186.8,25.19476184523065,79.58532316539568,9.585448181022628,0.0,174.44285714285712,163.90518455439278,-162.84285714285713,81.3,Severe,0.04331414,False
2020-11-02,2020,11,post-monsoon,147.7,180.6,119.4,56.6,8.86,39.0,25.19476184523065,79.58532316539568,9.585448181022628,0.0,177.74285714285716,162.96425842438447,-30.042857142857173,492.0,Satisfactory,0.043296505,False
2020-11-03,2020,11,post-monsoon,73.7,514.6,80.9,28.2,7.44,32.7,25.19476184523065,79.58532316539568,9.585448181022628,0.0,124.51428571428572,114.17319341788652,-50.81428571428572,179.8,Severe,0.043154847,False
2020-11-04,2020,11,post-monsoon,295.7,110.2,29.1,96.5,8.42,166.0,25.19476184523065,79.58532316539568,9.585448181022628,0.0,115.15714285714284,92.09111171629368,180.5428571428572,153.0,Satisfactory,0.043509725,False
2020-11-05,2020,11,post-monsoon,189.7,408.4,40.2,5.3,2.47,121.1,25.19476184523065,79.58532316539568,9.585448181022628,0.0,127.24285714285712,96.01881512049025,62.457142857142856,343.5,Severe,0.0431412,False
2020-11-06,2020,11,post-monsoon,28.6,165.9,124.4,71.0,6.84,147.6,25.19476184523065,79.58532316539568,9.585448181022628,0.0,124.55714285714284,98.84560110163164,-95.95714285714286,288.8,Severe,0.042359717,False
2020-11-07,2020,11,post-monsoon,83.4,494.7,79.8,49.7,0.9,52.0,25.19476184523065,79.58532316539568,9.585448181022628,0.0,118.62857142857142,100.05871133632364,-35.22857142857141,89.5,Very Poor,0.04112096,False
2020-11-08,2020,11,post-monsoon,229.3,298.1,105.1,64.0,2.63,64.3,25.19476184523065,79.58532316539568,9.585448181022628,0.0,149.72857142857143,94.95003447929376,79.57142857142858,136.9,Severe,0.039797142,False
2020-11-09,2020,11,post-monsoon,400.9,302.9,13.0,65.9,4.15,64.6,25.19476184523065,79.58532316539568,9.585448181022628,0.0,185.9,134.1748982982039,215.0,46.7,Severe,0.039622307,False
2020-11-10,2020,11,post-monsoon,10.8,589.0,73.8,47.0,4.63,55.3,25.19476184523065,79.58532316539568,9.585448181022628,0.0,176.91428571428568,144.6394301769223,-166.11428571428567,389.1,Satisfactory,0.039581012,False
2020-11-11,2020,11,post-monsoon,420.1,46.2,105.7,56.3,1.66,41.1,25.19476184523065,79.58532316539568,9.585448181022628,0.0,194.6857142857143,167.5021734045207,225.4142857142857,177.1,Severe,0.040219232,False
2020-11-12,2020,11,post-monsoon,47.8,330.9,4.8,89.6,3.69,121.9,25.19476184523065,79.58532316539568,9.585448181022628,0.0,174.41428571428574,176.54834492353115,-126.61428571428574,93.9,Moderate,0.040118698,False
2020-11-13,2020,11,post-monsoon,357.2,546.8,72.6,80.6,9.91,189.8,25.19476184523065,79.58532316539568,9.585448181022628,0.0,221.3571428571429,174.99490332714328,135.84285714285713,57.2,Good,0.042237148,False
2020-11-14,2020,11,post-monsoon,341.7,259.0,42.7,89.7,0.65,26.2,25.19476184523065,79.58532316539568,9.585448181022628,0.0,258.25714285714287,168.15580926770332,83.44285714285712,222.1,Moderate,0.04295719,False
2020-11-15,2020,11,post-monsoon,435.5,264.1,105.0,0.9,7.83,86.2,25.19476184523065,79.58532316539568,9.585448181022628,0.0,287.7142857142857,179.88918281886248,147.78571428571428,393.1,Good,0.043177687,False
2020-11-16,2020,11,post-monsoon,457.6,503.9,75.3,90.1,2.58,60.6,25.19476184523065,79.58532316539568,9.585448181022628,0.0,295.8142857142857,186.97218535182748,161.7857142857143,374.9,Poor,0.04466101,False
2020-11-17,2020,11,post-monsoon,59.4,83.5,31.9,18.4,9.25,5.1,25.19476184523065,79.58532316539568,9.585448181022628,0.0,302.75714285714287,175.15361693042357,-243.3571428571429,411.0,Satisfactory,0.04669783,False
2020-11-18,2020,11,post-monsoon,81.2,412.7,65.5,69.3,5.48,10.5,25.19476184523065,79.58532316539568,9.585448181022628,0.0,254.3428571428572,183.93085527939448,-173.1428571428571,194.9,Good,0.045819826,False
2020-11-19,2020,11,post-monsoon,89.7,188.2,132.5,11.6,2.33,50.4,25.19476184523065,79.58532316539568,9.585448181022628,0.0,260.3285714285714,176.62572211964414,-170.62857142857143,266.2,Very Poor,0.046080515,False
2020-11-20,2020,11,post-monsoon,317.3,364.3,85.8,41.9,3.05,52.3,25.19476184523065,79.58532316539568,9.585448181022628,0.0,254.6285714285714,173.59632978345408,62.671428571428606,315.6,Moderate,0.045897324,False
2020-11-21,2020,11,post-monsoon,155.6,66.0,140.7,87.8,9.83,190.1,25.19476184523065,79.58532316539568,9.585448181022628,0.0,228.0428571428572,172.28452104143372,-72.44285714285718,417.0,Severe,0.047699545,False
2020-11-22,2020,11,post-monsoon,248.1,330.4,75.9,63.5,0.67,34.2,25.19476184523065,79.58532316539568,9.585448181022628,0.0,201.27142857142857,147.44411047676925,46.82857142857142,387.3,Moderate,0.046993833,False
2020-11-23,2020,11,post-monsoon,193.8,489.1,130.8,14.4,3.14,22.2,25.19476184523065,79.58532316539568,9.585448181022628,0.0,163.58571428571426,95.61083321764036,30.21428571428575,87.6,Satisfactory,0.04764877,False
2020-11-24,2020,11,post-monsoon,361.3,387.3,73.5,47.8,8.06,35.3,25.19476184523065,79.58532316539568,9.585448181022628,0.0,206.7142857142857,108.0619795699276,154.5857142857143,367.0,Very Poor,0.0471279,False
2020-11-25,2020,11,post-monsoon,60.8,249.9,60.1,33.4,5.22,158.2,25.19476184523065,79.58532316539568,9.585448181022628,0.0,203.8,112.206684292871,-143.0,477.0,Very Poor,0.046009723,False
2020-11-26,2020,11,post-monsoon,481.5,89.8,109.4,45.7,4.36,51.1,25.19476184523065,79.58532316539568,9.585448181022628,0.0,259.7714285714286,140.06600484873462,221.7285714285714,386.7,Good,0.046037704,False
2020-11-27,2020,11,post-monsoon,442.7,471.5,59.8,66.6,0.73,96.2,25.19476184523065,79.58532316539568,9.585448181022628,0.0,277.6857142857143,155.78713499057443,165.01428571428568,84.5,Poor,0.04714344,False
2020-11-28,2020,11,post-monsoon,203.1,18.4,36.7,1.9,3.82,144.9,25.19476184523065,79.58532316539568,9.585448181022628,0.0,284.4714285714286,150.52883128364175,-81.3714285714286,399.8,Good,0.048598334,False
2020-11-29,2020,11,post-monsoon,368.4,200.8,7.0,41.5,8.09,86.8,25.19476184523065,79.58532316539568,9.585448181022628,0.0,301.65714285714284,152.53811389445008,66.74285714285713,196.8,Poor,0.047956847,False
2020-11-30,2020,11,post-monsoon,316.6,463.8,69.8,100.0,3.41,86.8,25.19476184523065,79.58532316539568,9.585448181022628,0.0,319.2,144.93856169655714,-2.599999999999966,46.8,Severe,0.04767034,False
2020-12-01,2020,12,winter,390.7,104.4,85.5,24.9,8.83,38.6,25.19476184523065,79.58532316539568,9.585448181022628,0.0,323.4,146.7761788120494,67.30000000000001,206.8,Very Poor,0.04615773,False
2020-12-02,2020,12,winter,462.0,310.7,42.3,44.3,8.29,51.0,25.19476184523065,79.58532316539568,9.585448181022628,0.0,380.7142857142857,97.05341190244062,81.28571428571428,442.8,Good,0.04602933,False
2020-12-03,2020,12,winter,366.2,533.4,56.4,7.8,1.3,60.8,25.19476184523065,79.58532316539568,9.585448181022628,0.0,364.2428571428572,86.28435271710372,1.957142857142799,164.8,Moderate,0.046098426,False
2020-12-04,2020,12,winter,485.2,14.0,132.2,98.9,7.01,170.3,25.19476184523065,79.58532316539568,9.585448181022628,0.0,370.3142857142857,93.8855762541375,114.8857142857143,267.2,Satisfactory,0.04702182,False
2020-12-05,2020,12,winter,235.0,121.3,55.5,6.3,4.44,66.1,25.19476184523065,79.58532316539568,9.585448181022628,0.0,374.87142857142857,84.74567273683705,-139.87142857142857,182.7,Very Poor,0.04685011,False
2020-12-06,2020,12,winter,403.0,563.5,54.3,6.0,9.98,51.0,25.19476184523065,79.58532316539568,9.585448181022628,0.0,379.8142857142857,85.31245373276285,23.18571428571431,135.8,Satisfactory,0.047287777,False
2020-12-07,2020,12,winter,42.0,198.2,140.6,19.5,1.79,42.4,25.19476184523065,79.58532316539568,9.585448181022628,0.0,340.5857142857143,154.3910449537304,-298.5857142857143,312.3,Satisfactory,0.048693817,False
2020-12-08,2020,12,winter,433.0,387.5,14.6,26.5,1.56,83.9,25.19476184523065,79.58532316539568,9.585448181022628,0.0,346.62857142857143,157.47640790803896,86.37142857142857,428.0,Good,0.049505614,False
2020-12-09,2020,12,winter,58.4,386.7,71.2,5.9,8.99,198.7,25.19476184523065,79.58532316539568,9.585448181022628,0.0,288.9714285714286,180.4104737747204,-230.57142857142856,291.4,Satisfactory,0.051441036,False
2020-12-10,2020,12,winter,39.3,300.9,28.3,80.7,8.94,54.4,25.19476184523065,79.58532316539568,9.585448181022628,0.0,242.2714285714285,198.4913828044408,-202.97142857142853,13.1,Moderate,0.051755294,False
2020-12-11,2020,12,winter,423.3,459.4,90.3,10.9,3.03,30.4,25.19476184523065,79.58532316539568,9.585448181022628,0.0,233.42857142857144,186.90579368838652,189.8714285714286,17.1,Severe,0.051198915,False
2020-12-12,2020,12,winter,285.4,5.3,14.3,11.3,3.52,93.4,25.19476184523065,79.58532316539568,9.585448181022628,0.0,240.62857142857143,187.94428885785737,44.771428571428544,484.9,Satisfactory,0.050842013,False
2020-12-13,2020,12,winter,13.4,296.1,98.2,36.4,0.83,191.5,25.19476184523065,79.58532316539568,9.585448181022628,0.0,184.97142857142856,189.5268909177597,-171.57142857142856,156.7,Very Poor,0.05080782,False
2020-12-14,2020,12,winter,403.3,405.0,108.1,20.7,7.65,19.0,25.19476184523065,79.58532316539568,9.585448181022628,0.0,236.58571428571423,193.2618899194513,166.71428571428575,250.3,Very Poor,0.05043899,False
2020-12-15,2020,12,winter,220.6,287.9,132.2,34.0,0.57,15.0,25.19476184523065,79.58532316539568,9.585448181022628,0.0,206.2428571428572,172.88391921694028,14.357142857142833,420.0,Good,0.050225206,False
2020-12-16,2020,12,winter,56.7,196.9,41.1,83.5,1.98,8.9,25.19476184523065,79.58532316539568,9.585448181022628,0.0,206.0,173.12723644764858,-149.3,81.6,Satisfactory,0.050301176,False
2020-12-17,2020,12,winter,84.2,35.3,98.2,25.0,4.67,70.6,25.19476184523065,79.58532316539568,9.585448181022628,0.0,212.4142857142857,166.63162393506855,-128.21428571428572,281.1,Poor,0.048773587,False
2020-12-18,2020,12,winter,462.3,54.0,57.6,90.1,0.94,19.9,25.19476184523065,79.58532316539568,9.585448181022628,0.0,217.9857142857143,175.285190747074,244.3142857142857,498.6,Good,0.050158933,False
2020-12-19,2020,12,winter,47.4,104.5,137.3,48.3,9.16,168.6,25.19476184523065,79.58532316539568,9.585448181022628,0.0,183.98571428571427,182.9445219055168,-136.58571428571426,415.2,Satisfactory,0.05132993,False
2020-12-20,2020,12,winter,74.6,468.3,21.0,29.1,6.37,114.9,25.19476184523065,79.58532316539568,9.585448181022628,0.0,192.72857142857143,174.7106533127056,-118.12857142857146,364.5,Good,0.05243144,False
2020-12-21,2020,12,winter,339.1,258.7,70.4,94.7,3.94,5.5,25.19476184523065,79.58532316539568,9.585448181022628,0.0,183.55714285714288,163.11465146886576,155.54285714285714,97.0,Satisfactory,0.050780755,False
2020-12-22,2020,12,winter,378.5,573.1,75.7,71.6,1.06,142.6,25.19476184523065,79.58532316539568,9.585448181022628,0.0,206.11428571428573,179.21454022643212,172.38571428571427,483.9,Satisfactory,0.05209791,False
2020-12-23,2020,12,winter,285.9,35.8,12.0,98.5,0.07,183.2,25.19476184523065,79.58532316539568,9.585448181022628,0.0,238.8571428571429,167.9501796877362,47.04285714285712,230.8,Moderate,0.053767893,False
2020-12-24,2020,12,winter,233.0,578.3,106.7,9.4,2.46,102.6,25.19476184523065,79.58532316539568,9.585448181022628,0.0,260.1142857142857,153.94587174903864,-27.1142857142857,29.0,Poor,0.054238465,False
2020-12-25,2020,12,winter,27.1,293.9,98.4,22.1,7.56,47.7,25.19476184523065,79.58532316539568,9.585448181022628,0.0,197.94285714285715,146.37598684145408,-170.84285714285716,178.4,Good,0.054892905,False
2020-12-26,2020,12,winter,199.9,220.2,83.2,99.6,8.34,116.8,25.19476184523065,79.58532316539568,9.585448181022628,0.0,219.72857142857143,130.7503564594978,-19.828571428571426,135.4,Moderate,0.054851037,False
2020-12-27,2020,12,winter,16.1,494.4,3.7,86.0,6.04,79.5,25.19476184523065,79.58532316539568,9.585448181022628,0.0,211.3714285714286,142.8795146768274,-195.2714285714286,415.8,Good,0.055648245,False
2020-12-28,2020,12,winter,418.0,448.4,128.2,73.3,3.38,76.9,25.19476184523065,79.58532316539568,9.585448181022628,0.0,222.6428571428572,157.04500264937715,195.3571428571429,401.5,Satisfactory,0.055634774,False
2020-12-29,2020,12,winter,243.1,338.2,7.2,60.3,1.85,6.5,25.19476184523065,79.58532316539568,9.585448181022628,0.0,203.3,142.29477619833187,39.80000000000001,139.8,Satisfactory,0.055745114,False
2020-12-30,2020,12,winter,107.2,595.4,4.9,49.3,3.83,84.9,25.19476184523065,79.58532316539568,9.585448181022628,0.0,177.77142857142857,141.03032433116076,-70.57142857142857,281.9,Satisfactory,0.056048248,False
2020-12-31,2020,12,winter,393.6,200.5,113.3,1.5,3.44,11.0,25.19476184523065,79.58532316539568,9.585448181022628,0.0,200.7142857142857,162.88261037294552,192.8857142857143,309.8,Satisfactory,0.056411248,False
2021-01-01,2021,1,winter,200.0,289.0,127.0,31.4,6.58,107.0,25.19476184523065,79.58532316539568,9.585448181022628,0.0,225.4142857142857,144.20611901685996,-25.41428571428574,152.7,Very Poor,0.055794902,False
2021-01-02,2021,1,winter,383.7,576.1,125.4,66.3,7.97,119.5,25.19476184523065,79.58532316539568,9.585448181022628,0.0,251.67142857142852,155.10735759773746,132.0285714285714,326.4,Poor,0.05607279,False
2021-01-03,2021,1,winter,187.2,109.9,137.5,40.8,2.47,37.9,25.19476184523065,79.58532316539568,9.585448181022628,0.0,276.1142857142857,121.6759689855456,-88.91428571428571,390.2,Severe,0.053809553,False
2021-01-04,2021,1,winter,180.0,479.7,105.9,94.5,8.2,14.9,25.19476184523065,79.58532316539568,9.585448181022628,0.0,242.1142857142857,107.89242217090496,-62.1142857142857,61.6,Very Poor,0.054554354,False
2021-01-05,2021,1,winter,79.8,346.1,27.5,80.6,0.23,18.4,25.19476184523065,79.58532316539568,9.585448181022628,0.0,218.78571428571428,124.08333797051392,-138.98571428571427,410.5,Good,0.05365247,False
2021-01-06,2021,1,winter,357.8,131.3,15.4,68.8,9.25,148.6,25.19476184523065,79.58532316539568,9.585448181022628,0.0,254.58571428571423,122.66632828628283,103.21428571428577,273.6,Very Poor,0.053555563,False
2021-01-07,2021,1,winter,146.0,192.3,66.1,65.8,6.72,11.5,25.19476184523065,79.58532316539568,9.585448181022628,0.0,219.2142857142857,111.04810411966268,-73.21428571428572,448.2,Moderate,0.052602254,False
2021-01-08,2021,1,winter,316.1,364.5,29.8,0.5,0.94,149.1,25.19476184523065,79.58532316539568,9.585448181022628,0.0,235.8,116.24839783842192,80.30000000000001,244.4,Poor,0.05183531,False
2021-01-09,2021,1,winter,457.2,44.2,141.5,21.1,5.81,26.1,25.19476184523065,79.58532316539568,9.585448181022628,0.0,246.3,133.82447459265447,210.9,482.6,Very Poor,0.052525572,False
2021-01-10,2021,1,winter,354.1,323.3,20.2,30.0,4.88,76.0,25.19476184523065,79.58532316539568,9.585448181022628,0.0,270.1428571428572,136.38340389190645,83.95714285714286,475.9,Severe,0.051493257,False
2021-01-11,2021,1,winter,412.7,404.6,103.2,71.1,0.62,170.0,25.19476184523065,79.58532316539568,9.585448181022628,0.0,303.38571428571424,139.08258252529245,109.31428571428576,265.6,Poor,0.05164401,False
2021-01-12,2021,1,winter,147.3,217.6,14.8,38.3,0.77,7.1,25.19476184523065,79.58532316539568,9.585448181022628,0.0,313.02857142857147,122.32816130237173,-165.72857142857146,250.9,Very Poor,0.051166076,False
2021-01-13,2021,1,winter,371.2,413.9,62.8,66.6,0.88,34.5,25.19476184523065,79.58532316539568,9.585448181022628,0.0,314.9428571428571,123.24694529200126,56.25714285714287,18.8,Moderate,0.05031262,False
2021-01-14,2021,1,winter,476.9,337.9,22.8,63.7,7.21,96.5,25.19476184523065,79.58532316539568,9.585448181022628,0.0,362.2142857142857,110.44241981792196,114.68571428571424,195.7,Moderate,0.050224952,False
2021-01-15,2021,1,winter,228.1,79.2,43.8,93.9,7.14,83.1,25.19476184523065,79.58532316539568,9.585448181022628,0.0,349.6428571428572,121.06403067719803,-121.54285714285716,413.4,Moderate,0.049689807,False
2021-01-16,2021,1,winter,340.6,108.0,103.2,82.7,6.54,183.9,25.19476184523065,79.58532316539568,9.585448181022628,0.0,332.9857142857143,111.43758235848794,7.6142857142857,273.5,Good,0.050138704,False
2021-01-17,2021,1,winter,178.6,12.5,134.5,51.9,8.36,110.7,25.19476184523065,79.58532316539568,9.585448181022628,0.0,307.9142857142857,124.83262699272484,-129.31428571428572,380.4,Satisfactory,0.04941383,False
2021-01-18,2021,1,winter,335.2,258.8,124.8,23.3,6.09,129.1,25.19476184523065,79.58532316539568,9.585448181022628,0.0,296.8428571428572,117.19324293864474,38.35714285714283,455.1,Very Poor,0.04785447,False
2021-01-19,2021,1,winter,363.5,244.6,14.8,98.4,4.14,166.2,25.19476184523065,79.58532316539568,9.585448181022628,0.0,327.7285714285714,98.15646886961858,35.7714285714286,53.2,Moderate,0.04811232,False
2021-01-20,2021,1,winter,3.3,507.2,67.1,28.7,5.16,178.2,25.19476184523065,79.58532316539568,9.585448181022628,0.0,275.1714285714286,153.75115950008006,-271.87142857142857,430.9,Severe,0.049405195,False
2021-01-21,2021,1,winter,392.9,580.8,137.5,2.4,0.46,159.5,25.19476184523065,79.58532316539568,9.585448181022628,0.0,263.1714285714286,137.8369291866989,129.7285714285714,26.2,Moderate,0.05096038,False
2021-01-22,2021,1,winter,280.4,202.0,7.6,44.2,3.01,127.3,25.19476184523065,79.58532316539568,9.585448181022628,0.0,270.6428571428572,137.03416675100726,9.75714285714281,173.6,Severe,0.04874765,False
2021-01-23,2021,1,winter,408.6,554.9,139.1,55.2,6.66,38.9,25.19476184523065,79.58532316539568,9.585448181022628,0.0,280.35714285714283,144.99872249026726,128.2428571428572,492.3,Moderate,0.048945416,False
2021-01-24,2021,1,winter,493.2,434.0,74.7,46.9,3.22,27.9,25.19476184523065,79.58532316539568,9.585448181022628,0.0,325.3,156.5015015902404,167.89999999999998,491.9,Satisfactory,0.04846422,False
2021-01-25,2021,1,winter,391.9,595.5,34.9,5.7,2.34,191.9,25.19476184523065,79.58532316539568,9.585448181022628,0.0,333.40000000000003,158.55314566415902,58.49999999999994,246.5,Poor,0.0497949,False
2021-01-26,2021,1,winter,108.9,397.6,41.8,65.1,6.53,160.4,25.19476184523065,79.58532316539568,9.585448181022628,0.0,297.02857142857147,178.45105504764902,-188.12857142857143,169.0,Satisfactory,0.048743896,False
2021-01-27,2021,1,winter,182.4,529.3,121.6,79.0,4.85,89.5,25.19476184523065,79.58532316539568,9.585448181022628,0.0,322.6142857142857,137.44666151603968,-140.2142857142857,336.0,Satisfactory,0.04869127,False
2021-01-28,2021,1,winter,65.0,168.6,47.9,39.6,6.34,107.5,25.19476184523065,79.58532316539568,9.585448181022628,0.0,275.7714285714286,163.0003958511115,-210.7714285714286,447.1,Severe,0.048471406,False
2021-01-29,2021,1,winter,242.4,458.8,108.5,66.5,9.82,179.1,25.19476184523065,79.58532316539568,9.585448181022628,0.0,270.3428571428571,163.45270322168489,-27.942857142857093,61.9,Good,0.048353538,False
2021-01-30,2021,1,winter,41.7,501.3,146.9,39.4,4.58,105.4,25.19476184523065,79.58532316539568,9.585448181022628,0.0,217.92857142857144,170.40756745995475,-176.2285714285714,263.2,Good,0.048122596,False
2021-01-31,2021,1,winter,133.8,580.0,59.2,24.6,7.5,21.7,25.19476184523065,79.58532316539568,9.585448181022628,0.0,166.58571428571426,120.4734193168963,-32.78571428571425,80.3,Poor,0.04921844,False
2021-02-01,2021,2,winter,78.8,105.3,78.1,67.9,6.88,46.2,25.19476184523065,79.58532316539568,9.585448181022628,0.0,121.85714285714286,70.73230891049343,-43.057142857142864,424.7,Moderate,0.04885355,False
2021-02-02,2021,2,winter,115.5,178.0,147.3,40.4,6.16,135.8,25.19476184523065,79.58532316539568,9.585448181022628,0.0,122.8,70.57461772242632,-7.299999999999997,339.8,Satisfactory,0.04871534,False
2021-02-03,2021,2,winter,117.3,392.2,41.7,21.2,6.23,9.6,25.19476184523065,79.58532316539568,9.585448181022628,0.0,113.5,65.5201241350061,3.799999999999983,52.1,Very Poor,0.048099373,False
2021-02-04,2021,2,winter,309.2,150.5,129.2,90.3,3.39,87.2,25.19476184523065,79.58532316539568,9.585448181022628,0.0,148.38571428571427,94.14923311019612,160.81428571428572,320.1,Poor,0.047252867,False
2021-02-05,2021,2,winter,307.4,257.0,5.4,80.2,0.33,17.8,25.19476184523065,79.58532316539568,9.585448181022628,0.0,157.67142857142855,107.25961828333006,149.72857142857143,93.5,Severe,0.047681168,False
2021-02-06,2021,2,winter,121.1,111.7,120.2,30.7,4.02,142.7,25.19476184523065,79.58532316539568,9.585448181022628,0.0,169.0142857142857,96.62231330583734,-47.91428571428571,70.2,Good,0.047753803,False
2021-02-07,2021,2,winter,78.6,198.1,120.8,33.7,7.0,167.5,25.19476184523065,79.58532316539568,9.585448181022628,0.0,161.1285714285714,102.07402076084628,-82.52857142857141,155.0,Poor,0.047180373,False
2021-02-08,2021,2,winter,362.5,532.5,31.0,74.9,9.31,0.3,25.19476184523065,79.58532316539568,9.585448181022628,0.0,201.65714285714284,118.87608193889484,160.84285714285716,475.2,Very Poor,0.047100563,False
2021-02-09,2021,2,winter,469.7,512.2,25.3,76.1,7.8,22.3,25.19476184523065,79.58532316539568,9.585448181022628,0.0,252.25714285714284,147.92483290670364,217.44285714285715,156.8,Moderate,0.048685357,False
2021-02-10,2021,2,winter,214.2,156.7,70.9,46.1,3.65,169.0,25.19476184523065,79.58532316539568,9.585448181022628,0.0,266.1,137.34632624622088,-51.900000000000034,266.4,Poor,0.04775574,False
2021-02-11,2021,2,winter,156.1,40.5,72.0,25.3,5.28,112.8,25.19476184523065,79.58532316539568,9.585448181022628,0.0,244.22857142857143,141.46728378304425,-88.12857142857143,168.8,Very Poor,0.04654205,False
2021-02-12,2021,2,winter,339.3,230.4,118.1,33.3,8.25,26.7,25.19476184523065,79.58532316539568,9.585448181022628,0.0,248.78571428571428,144.32632502505598,90.51428571428572,371.4,Severe,0.046435177,False
2021-02-13,2021,2,winter,347.9,208.6,92.1,15.4,4.63,151.5,25.19476184523065,79.58532316539568,9.585448181022628,0.0,281.18571428571425,136.10792811309014,66.71428571428572,54.4,Very Poor,0.04596144,False
2021-02-14,2021,2,winter,40.0,594.6,41.1,0.3,6.27,52.1,25.19476184523065,79.58532316539568,9.585448181022628,0.0,275.6714285714286,146.0986734400843,-235.67142857142852,370.3,Moderate,0.046987824,False
2021-02-15,2021,2,winter,3.4,354.3,109.8,57.7,8.79,142.4,25.19476184523065,79.58532316539568,9.585448181022628,0.0,224.3714285714286,171.38632495316645,-220.9714285714286,76.9,Good,0.046952005,False
2021-02-16,2021,2,winter,204.5,312.4,55.9,56.9,7.88,121.1,25.19476184523065,79.58532316539568,9.585448181022628,0.0,186.4857142857143,133.16725609262232,18.014285714285705,423.8,Moderate,0.04553338,False
2021-02-17,2021,2,winter,409.7,406.0,75.0,47.1,0.73,181.5,25.19476184523065,79.58532316539568,9.585448181022628,0.0,214.4142857142857,158.11262260987073,195.28571428571425,306.3,Satisfactory,0.046675213,False
2021-02-18,2021,2,winter,78.2,508.9,61.5,65.3,8.17,54.9,25.19476184523065,79.58532316539568,9.585448181022628,0.0,203.28571428571428,165.47128077677024,-125.08571428571427,352.5,Good,0.04590991,False
2021-02-19,2021,2,winter,204.1,11.3,26.1,57.9,5.15,132.8,25.19476184523065,79.58532316539568,9.585448181022628,0.0,183.97142857142856,154.47435293370117,20.12857142857144,311.9,Very Poor,0.045253504,False
2021-02-20,2021,2,winter,44.4,419.3,82.8,81.4,4.8,148.5,25.19476184523065,79.58532316539568,9.585448181022628,0.0,140.61428571428573,142.95842552494543,-96.21428571428572,447.5,Satisfactory,0.04303925,False
2021-02-21,2021,2,winter,345.7,13.7,122.7,29.1,7.25,78.9,25.19476184523065,79.58532316539568,9.585448181022628,0.0,184.28571428571428,153.4107930641498,161.4142857142857,205.8,Severe,0.043703333,False
2021-02-22,2021,2,winter,237.5,336.0,50.6,28.8,5.52,141.8,25.19476184523065,79.58532316539568,9.585448181022628,0.0,217.72857142857143,131.33441684348787,19.77142857142857,322.0,Very Poor,0.04213097,False
2021-02-23,2021,2,winter,295.4,308.6,144.7,30.8,9.61,26.1,25.19476184523065,79.58532316539568,9.585448181022628,0.0,230.7142857142857,134.26952283338446,64.68571428571425,468.1,Moderate,0.042000018,False
2021-02-24,2021,2,winter,288.3,560.5,47.2,86.7,0.58,113.7,25.19476184523065,79.58532316539568,9.585448181022628,0.0,213.3714285714286,113.53753732115366,74.92857142857142,250.2,Good,0.04136909,False
2021-02-25,2021,2,winter,321.8,281.6,3.7,52.4,3.6,3.5,25.19476184523065,79.58532316539568,9.585448181022628,0.0,248.17142857142852,101.94180879772723,73.62857142857143,106.8,Satisfactory,0.042101055,False
2021-02-26,2021,2,winter,15.6,354.2,31.0,19.6,4.69,55.8,25.19476184523065,79.58532316539568,9.585448181022628,0.0,221.2428571428571,135.04563249932536,-205.6428571428571,325.1,Poor,0.042460203,False
2021-02-27,2021,2,winter,227.9,123.9,124.2,28.3,9.71,39.0,25.19476184523065,79.58532316539568,9.585448181022628,0.0,247.45714285714288,110.59274926719289,-19.55714285714285,240.8,Severe,0.04298075,False
2021-02-28,2021,2,winter,192.8,210.7,49.7,38.0,7.0,151.7,25.19476184523065,79.58532316539568,9.585448181022628,0.0,225.6142857142857,102.77849043081964,-32.81428571428569,249.0,Poor,0.04194496,False
2021-03-01,2021,3,summer,436.8,37.8,55.3,63.1,8.66,32.6,25.19476184523065,79.58532316539568,9.585448181022628,0.0,254.08571428571423,130.48900884201487,182.7142857142857,160.5,Poor,0.042193238,False
2021-03-02,2021,3,summer,245.8,30.0,45.6,25.7,3.24,106.6,25.19476184523065,79.58532316539568,9.585448181022628,0.0,247.0,129.2121124353286,-1.1999999999999886,457.4,Severe,0.04163271,False
2021-03-03,2021,3,summer,367.6,184.7,19.4,20.1,4.34,126.0,25.19476184523065,79.58532316539568,9.585448181022628,0.0,258.3285714285714,136.69609497331075,109.2714285714286,257.2,Satisfactory,0.041760843,False
2021-03-04,2021,3,summer,60.4,294.2,77.1,25.8,0.05,119.8,25.19476184523065,79.58532316539568,9.585448181022628,0.0,220.9857142857143,151.38285271204953,-160.5857142857143,231.9,Moderate,0.04226154,False
2021-03-05,2021,3,summer,243.9,563.1,125.9,41.1,0.36,75.0,25.19476184523065,79.58532316539568,9.585448181022628,0.0,253.60000000000005,121.3785675754442,-9.700000000000044,36.6,Satisfactory,0.04291721,False
2021-03-06,2021,3,summer,202.1,76.4,28.3,77.5,4.3,74.7,25.19476184523065,79.58532316539568,9.585448181022628,0.0,249.9142857142857,122.6738280777041,-47.81428571428575,246.9,Poor,0.04236676,False
2021-03-07,2021,3,summer,74.2,9.9,145.2,98.7,9.93,165.5,25.19476184523065,79.58532316539568,9.585448181022628,0.0,232.9714285714286,138.98276528986983,-158.7714285714286,67.6,Satisfactory,0.043715637,False
2021-03-08,2021,3,summer,369.2,257.0,109.3,9.6,6.73,84.9,25.19476184523065,79.58532316539568,9.585448181022628,0.0,223.3142857142857,124.00038210386592,145.8857142857143,405.3,Poor,0.04378717,False
2021-03-09,2021,3,summer,474.0,512.0,123.7,21.6,2.73,141.1,25.19476184523065,79.58532316539568,9.585448181022628,0.0,255.9142857142857,156.60724151595963,218.08571428571423,416.8,Poor,0.04494793,False
2021-03-10,2021,3,summer,341.3,465.9,8.7,49.4,0.44,9.0,25.19476184523065,79.58532316539568,9.585448181022628,0.0,252.15714285714287,153.77102953355532,89.14285714285714,375.6,Poor,0.044688746,False
2021-03-11,2021,3,summer,289.4,189.6,52.8,39.5,7.05,119.6,25.19476184523065,79.58532316539568,9.585448181022628,0.0,284.87142857142857,128.45092077373008,4.528571428571411,139.3,Poor,0.042320695,False
2021-03-12,2021,3,summer,21.3,102.7,136.3,46.4,3.99,1.8,25.19476184523065,79.58532316539568,9.585448181022628,0.0,253.07142857142853,163.15146045199555,-231.7714285714285,341.4,Satisfactory,0.04419309,False
2021-03-13,2021,3,summer,411.6,13.6,79.2,18.7,5.61,192.7,25.19476184523065,79.58532316539568,9.585448181022628,0.0,283.0,171.25691226925713,128.60000000000002,58.8,Good,0.045465775,False
2021-03-14,2021,3,summer,92.8,209.4,23.9,97.6,6.03,104.9,25.19476184523065,79.58532316539568,9.585448181022628,0.0,285.65714285714284,167.5821973156543,-192.85714285714283,364.4,Good,0.045962147,False
2021-03-15,2021,3,summer,443.4,335.9,2.2,63.7,3.95,24.2,25.19476184523065,79.58532316539568,9.585448181022628,0.0,296.25714285714287,175.8880501639501,147.1428571428571,427.7,Moderate,0.04701445,False
2021-03-16,2021,3,summer,218.5,482.4,23.1,66.8,2.46,60.9,25.19476184523065,79.58532316539568,9.585448181022628,0.0,259.75714285714287,158.50738002947858,-41.25714285714287,369.7,Severe,0.045381013,False
2021-03-17,2021,3,summer,245.3,235.9,3.4,81.8,2.49,51.9,25.19476184523065,79.58532316539568,9.585448181022628,0.0,246.0428571428572,154.37548226259744,-0.7428571428571331,274.9,Severe,0.04459209,False
2021-03-18,2021,3,summer,327.5,16.2,88.9,29.1,4.18,83.6,25.19476184523065,79.58532316539568,9.585448181022628,0.0,251.4857142857143,156.8113455564938,76.0142857142857,15.1,Good,0.044904366,False
2021-03-19,2021,3,summer,40.2,36.5,69.7,66.8,8.16,8.1,25.19476184523065,79.58532316539568,9.585448181022628,0.0,254.1857142857143,152.28479272480925,-213.98571428571432,303.8,Good,0.045015354,False
2021-03-20,2021,3,summer,315.7,476.4,125.8,67.8,7.71,6.3,25.19476184523065,79.58532316539568,9.585448181022628,0.0,240.4857142857143,139.5438214154898,75.2142857142857,198.0,Moderate,0.045314807,False
2021-03-21,2021,3,summer,404.1,164.7,70.4,27.9,7.88,35.1,25.19476184523065,79.58532316539568,9.585448181022628,0.0,284.95714285714286,134.13269371711567,119.14285714285715,223.8,Satisfactory,0.04532276,False
2021-03-22,2021,3,summer,498.8,167.4,126.1,66.8,5.26,158.5,25.19476184523065,79.58532316539568,9.585448181022628,0.0,292.87142857142857,146.1367249562971,205.92857142857144,316.3,Moderate,0.046046242,False
2021-03-23,2021,3,summer,91.0,582.5,114.3,84.0,4.12,156.7,25.19476184523065,79.58532316539568,9.585448181022628,0.0,274.65714285714284,163.82627848977577,-183.65714285714284,163.7,Good,0.04728684,False
2021-03-24,2021,3,summer,354.8,594.5,21.4,95.3,1.26,112.1,25.19476184523065,79.58532316539568,9.585448181022628,0.0,290.3,165.77215286852828,64.5,332.4,Moderate,0.049356032,False
2021-03-25,2021,3,summer,329.1,196.3,43.6,0.5,6.7,11.9,25.19476184523065,79.58532316539568,9.585448181022628,0.0,290.5285714285714,165.83308590553463,38.57142857142861,189.2,Good,0.048797376,False
2021-03-26,2021,3,summer,478.4,263.2,67.0,53.9,2.6,53.1,25.19476184523065,79.58532316539568,9.585448181022628,0.0,353.12857142857143,135.52591036754728,125.27142857142854,143.6,Severe,0.047781892,False
2021-03-27,2021,3,summer,280.2,484.9,59.7,47.7,2.59,84.1,25.19476184523065,79.58532316539568,9.585448181022628,0.0,348.0571428571429,137.80498124938347,-67.85714285714289,264.6,Poor,0.04707203,False
2021-03-28,2021,3,summer,373.5,308.3,51.0,66.6,5.16,139.6,25.19476184523065,79.58532316539568,9.585448181022628,0.0,343.6857142857143,136.20698010223816,29.81428571428569,292.7,Moderate,0.045964066,False
2021-03-29,2021,3,summer,431.8,411.4,59.3,48.3,1.73,42.5,25.19476184523065,79.58532316539568,9.585448181022628,0.0,334.11428571428576,125.41693703498808,97.68571428571424,96.3,Satisfactory,0.045112174,False
2021-03-30,2021,3,summer,174.1,138.8,55.1,62.5,0.63,89.8,25.19476184523065,79.58532316539568,9.585448181022628,0.0,345.9857142857143,99.90824838439602,-171.88571428571433,456.6,Moderate,0.045519378,False
2021-03-31,2021,3,summer,204.0,223.0,145.1,10.0,5.63,115.0,25.19476184523065,79.58532316539568,9.585448181022628,0.0,324.4428571428571,113.08075075129388,-120.44285714285712,304.4,Satisfactory,0.045181647,False
2021-04-01,2021,4,summer,409.7,127.0,17.0,35.9,1.57,134.9,25.19476184523065,79.58532316539568,9.585448181022628,0.0,335.95714285714286,117.64535487561584,73.74285714285713,372.4,Good,0.04556879,False
2021-04-02,2021,4,summer,315.1,221.1,106.6,17.8,7.95,59.7,25.19476184523065,79.58532316539568,9.585448181022628,0.0,312.6285714285714,99.4803785391158,2.471428571428646,3.2,Severe,0.045397926,False
2021-04-03,2021,4,summer,357.1,118.7,29.3,90.2,2.83,93.7,25.19476184523065,79.58532316539568,9.585448181022628,0.0,323.61428571428576,99.54845434211836,33.485714285714266,251.8,Good,0.044779222,False
2021-04-04,2021,4,summer,302.2,307.0,40.9,28.5,6.05,118.7,25.19476184523065,79.58532316539568,9.585448181022628,0.0,313.42857142857144,97.21378013234084,-11.228571428571456,471.8,Poor,0.043445945,False
2021-04-05,2021,4,summer,446.7,238.0,94.4,52.3,6.61,6.3,25.19476184523065,79.58532316539568,9.585448181022628,0.0,315.5571428571428,100.35011803917445,131.14285714285717,250.9,Good,0.043582875,False
2021-04-06,2021,4,summer,79.8,423.5,23.0,50.2,6.21,125.2,25.19476184523065,79.58532316539568,9.585448181022628,0.0,302.0857142857143,125.64621533723758,-222.28571428571428,353.8,Good,0.041334275,False
2021-04-07,2021,4,summer,161.4,16.7,98.4,32.6,6.56,37.5,25.19476184523065,79.58532316539568,9.585448181022628,0.0,296.0,132.05695740853656,-134.6,322.5,Satisfactory,0.041649476,False
2021-04-08,2021,4,summer,102.6,334.3,82.1,32.6,7.69,129.5,25.19476184523065,79.58532316539568,9.585448181022628,0.0,252.12857142857143,138.82674711411246,-149.52857142857144,35.3,Very Poor,0.040514298,False
2021-04-09,2021,4,summer,406.7,265.0,89.6,39.9,5.57,140.2,25.19476184523065,79.58532316539568,9.585448181022628,0.0,265.2142857142857,149.6470673347954,141.48571428571427,144.0,Good,0.039176438,False
2021-04-10,2021,4,summer,434.8,175.9,141.4,57.0,2.79,138.8,25.19476184523065,79.58532316539568,9.585448181022628,0.0,276.31428571428575,160.11419288090858,158.48571428571427,190.5,Moderate,0.040311404,False
2021-04-11,2021,4,summer,404.5,162.3,11.3,2.6,4.9,82.7,25.19476184523065,79.58532316539568,9.585448181022628,0.0,290.92857142857144,167.37472643030395,113.57142857142856,471.1,Good,0.039138112,False
2021-04-12,2021,4,summer,32.9,219.3,69.3,90.3,4.8,120.7,25.19476184523065,79.58532316539568,9.585448181022628,0.0,231.8142857142857,176.03896754763733,-198.9142857142857,434.5,Moderate,0.03890811,False
2021-04-13,2021,4,summer,69.6,427.9,57.2,42.5,7.82,196.3,25.19476184523065,79.58532316539568,9.585448181022628,0.0,230.3571428571429,177.54275407295432,-160.75714285714287,425.3,Moderate,0.039555997,False
2021-04-14,2021,4,summer,224.3,566.6,132.9,74.9,2.73,23.6,25.19476184523065,79.58532316539568,9.585448181022628,0.0,239.3428571428572,175.0452213681069,-15.042857142857144,112.0,Good,0.039867245,False
2021-04-15,2021,4,summer,476.3,580.5,14.0,57.8,0.65,163.8,25.19476184523065,79.58532316539568,9.585448181022628,0.0,292.7285714285714,183.1869783789751,183.5714285714286,186.9,Good,0.04164857,False
2021-04-16,2021,4,summer,492.7,587.1,124.2,85.5,3.69,46.6,25.19476184523065,79.58532316539568,9.585448181022628,0.0,305.0142857142857,194.6309878425619,187.6857142857143,424.0,Very Poor,0.042701714,False
2021-04-17,2021,4,summer,280.9,278.2,51.8,7.2,4.23,194.9,25.19476184523065,79.58532316539568,9.585448181022628,0.0,283.0285714285714,186.02907222874,-2.128571428571433,406.2,Very Poor,0.043113478,False
2021-04-18,2021,4,summer,202.9,452.9,86.9,28.7,8.68,153.8,25.19476184523065,79.58532316539568,9.585448181022628,0.0,254.22857142857143,179.58289371286384,-51.32857142857145,10.3,Very Poor,0.04163693,False
2021-04-19,2021,4,summer,353.7,483.6,41.9,35.9,5.3,42.6,25.19476184523065,79.58532316539568,9.585448181022628,0.0,300.0571428571429,152.5923311435066,53.64285714285711,231.6,Moderate,0.04069919,False
2021-04-20,2021,4,summer,80.6,58.8,121.6,20.2,0.23,156.1,25.19476184523065,79.58532316539568,9.585448181022628,0.0,301.62857142857143,149.85558285991806,-221.02857142857144,455.2,Good,0.042361125,False
2021-04-21,2021,4,summer,7.6,343.4,139.5,23.8,8.44,90.9,25.19476184523065,79.58532316539568,9.585448181022628,0.0,270.6714285714285,186.4156888451696,-263.0714285714285,333.7,Moderate,0.043192096,False
2021-04-22,2021,4,summer,79.8,287.3,142.4,15.7,0.01,125.2,25.19476184523065,79.58532316539568,9.585448181022628,0.0,214.0285714285714,173.29875662456166,-134.2285714285714,0.6,Poor,0.043245945,False
2021-04-23,2021,4,summer,293.8,599.8,95.3,37.2,7.41,155.1,25.19476184523065,79.58532316539568,9.585448181022628,0.0,185.6142857142857,131.1798184245761,108.18571428571433,291.2,Good,0.042223796,False
2021-04-24,2021,4,summer,478.6,153.2,12.6,71.3,5.98,98.8,25.19476184523065,79.58532316539568,9.585448181022628,0.0,213.8571428571429,170.50245215385084,264.74285714285713,379.4,Satisfactory,0.04263738,False
2021-04-25,2021,4,summer,382.5,272.6,38.2,0.6,2.25,79.1,25.19476184523065,79.58532316539568,9.585448181022628,0.0,239.5142857142857,181.7227047690284,142.9857142857143,294.6,Poor,0.04287284,False
2021-04-26,2021,4,summer,43.2,566.1,11.7,85.2,4.53,80.6,25.19476184523065,79.58532316539568,9.585448181022628,0.0,195.15714285714287,187.0235623047076,-151.95714285714286,157.7,Severe,0.04479323,False
2021-04-27,2021,4,summer,224.0,535.1,73.0,2.6,6.18,12.9,25.19476184523065,79.58532316539568,9.585448181022628,0.0,215.6428571428572,180.11005762350658,8.357142857142861,340.9,Good,0.045884486,False
2021-04-28,2021,4,summer,213.9,171.8,76.9,42.7,4.99,31.3,25.19476184523065,79.58532316539568,9.585448181022628,0.0,245.11428571428573,155.6058313878525,-31.21428571428572,406.2,Very Poor,0.045353625,False
2021-04-29,2021,4,summer,305.0,427.7,21.9,78.3,1.97,150.4,25.19476184523065,79.58532316539568,9.585448181022628,0.0,277.2857142857143,138.01662253235344,27.71428571428572,195.9,Poor,0.04547886,False
2021-04-30,2021,4,summer,174.2,423.2,78.2,20.8,4.55,133.0,25.19476184523065,79.58532316539568,9.585448181022628,0.0,260.2,142.9463885517925,-86.0,432.8,Good,0.044583187,False
2021-05-01,2021,5,summer,60.5,478.1,83.3,20.2,4.75,95.0,25.19476184523065,79.58532316539568,9.585448181022628,0.0,200.47142857142856,122.3458446956239,-139.97142857142856,12.0,Good,0.04387076,False
2021-05-02,2021,5,summer,310.6,501.8,132.8,36.9,2.31,82.2,25.19476184523065,79.58532316539568,9.585448181022628,0.0,190.2,106.51010906638552,120.4,284.1,Satisfactory,0.04390339,False
2021-05-03,2021,5,summer,317.1,511.4,73.9,10.9,3.69,101.0,25.19476184523065,79.58532316539568,9.585448181022628,0.0,229.32857142857145,92.95493019533214,87.7714285714286,322.0,Very Poor,0.04290704,False
2021-05-04,2021,5,summer,85.4,146.6,135.6,54.7,5.69,167.4,25.19476184523065,79.58532316539568,9.585448181022628,0.0,209.52857142857144,107.84748048804414,-124.12857142857143,21.1,Severe,0.044055134,False
2021-05-05,2021,5,summer,447.7,66.5,136.5,99.3,5.42,102.4,25.19476184523065,79.58532316539568,9.585448181022628,0.0,242.92857142857144,140.6438020234773,204.77142857142857,498.2,Moderate,0.045547366,False
2021-05-06,2021,5,summer,109.5,442.0,97.4,28.1,4.04,108.9,25.19476184523065,79.58532316539568,9.585448181022628,0.0,215.0,145.587522359118,-105.5,258.4,Severe,0.04459095,False
2021-05-07,2021,5,summer,243.5,155.1,68.7,73.3,4.08,48.7,25.19476184523065,79.58532316539568,9.585448181022628,0.0,224.90000000000003,144.7042385926089,18.59999999999997,466.0,Moderate,0.04394972,False
2021-05-08,2021,5,summer,312.7,546.8,35.6,38.4,9.69,74.3,25.19476184523065,79.58532316539568,9.585448181022628,0.0,260.92857142857144,127.29949874588044,51.771428571428544,83.9,Severe,0.04465281,False
2021-05-09,2021,5,summer,184.1,453.3,142.5,43.9,1.96,76.4,25.19476184523065,79.58532316539568,9.585448181022628,0.0,242.8571428571429,128.04967600040834,-58.75714285714287,494.5,Severe,0.04484739,False
2021-05-10,2021,5,summer,34.0,423.9,142.8,6.7,7.29,196.4,25.19476184523065,79.58532316539568,9.585448181022628,0.0,202.4142857142857,144.3608029507021,-168.41428571428574,300.5,Good,0.045622315,False
2021-05-11,2021,5,summer,260.0,51.3,111.8,41.0,9.86,84.3,25.19476184523065,79.58532316539568,9.585448181022628,0.0,227.3571428571429,135.59068130643374,32.64285714285714,338.7,Severe,0.045573916,False
2021-05-12,2021,5,summer,75.7,560.5,19.9,26.9,4.7,109.3,25.19476184523065,79.58532316539568,9.585448181022628,0.0,174.21428571428572,104.07430724521508,-98.51428571428572,410.6,Poor,0.04522607,False
2021-05-13,2021,5,summer,104.4,45.7,33.7,28.7,1.74,121.7,25.19476184523065,79.58532316539568,9.585448181022628,0.0,173.4857142857143,104.6192689162538,-69.08571428571429,490.4,Very Poor,0.045400653,False
2021-05-14,2021,5,summer,25.4,488.3,7.5,82.3,0.09,32.3,25.19476184523065,79.58532316539568,9.585448181022628,0.0,142.32857142857142,112.47455585280476,-116.92857142857142,310.3,Satisfactory,0.046593606,False
2021-05-15,2021,5,summer,36.4,16.9,123.8,98.5,9.45,87.7,25.19476184523065,79.58532316539568,9.585448181022628,0.0,102.85714285714285,88.68637357081883,-66.45714285714286,256.5,Satisfactory,0.046939444,False
2021-05-16,2021,5,summer,91.4,574.6,76.8,62.0,3.22,29.1,25.19476184523065,79.58532316539568,9.585448181022628,0.0,89.61428571428571,81.13249305038887,1.7857142857142918,371.9,Satisfactory,0.04529379,False
2021-05-17,2021,5,summer,441.1,305.7,71.5,23.3,0.76,57.1,25.19476184523065,79.58532316539568,9.585448181022628,0.0,147.77142857142857,150.70300499421273,293.3285714285714,105.9,Moderate,0.04614403,False
2021-05-18,2021,5,summer,267.0,140.4,55.5,15.1,3.05,2.5,25.19476184523065,79.58532316539568,9.585448181022628,0.0,148.77142857142857,151.59242191136195,118.22857142857144,461.5,Good,0.04669563,False
2021-05-19,2021,5,summer,188.8,168.2,40.9,22.8,6.33,170.2,25.19476184523065,79.58532316539568,9.585448181022628,0.0,164.92857142857142,148.5019945352667,23.871428571428595,296.7,Good,0.047057625,False
2021-05-20,2021,5,summer,447.1,402.2,133.4,56.7,8.58,128.1,25.19476184523065,79.58532316539568,9.585448181022628,0.0,213.8857142857144,178.6507060212883,233.2142857142857,142.9,Satisfactory,0.046825554,False
2021-05-21,2021,5,summer,475.7,108.5,44.5,10.3,2.12,64.2,25.19476184523065,79.58532316539568,9.585448181022628,0.0,278.2142857142857,180.531229325856,197.48571428571427,415.1,Moderate,0.04696425,False
2021-05-22,2021,5,summer,433.2,258.6,121.4,97.8,6.53,0.3,25.19476184523065,79.58532316539568,9.585448181022628,0.0,334.90000000000003,151.9883109540557,98.29999999999995,391.9,Moderate,0.047404837,False
2021-05-23,2021,5,summer,48.6,235.9,98.7,4.9,2.19,72.2,25.19476184523065,79.58532316539568,9.585448181022628,0.0,328.7857142857143,163.81718905100124,-280.18571428571425,415.9,Very Poor,0.04772676,False
2021-05-24,2021,5,summer,87.3,523.6,64.9,53.7,6.35,75.2,25.19476184523065,79.58532316539568,9.585448181022628,0.0,278.24285714285713,177.40500610319944,-190.94285714285712,495.5,Very Poor,0.046447206,False
2021-05-25,2021,5,summer,26.6,408.8,46.8,19.2,5.55,188.1,25.19476184523065,79.58532316539568,9.585448181022628,0.0,243.9,201.56757345036107,-217.3,125.4,Poor,0.046887316,False
2021-05-26,2021,5,summer,153.1,231.5,40.8,5.7,9.29,4.2,25.19476184523065,79.58532316539568,9.585448181022628,0.0,238.8,203.6350821117685,-85.69999999999999,161.0,Good,0.046676178,False
2021-05-27,2021,5,summer,440.3,63.6,112.5,85.5,6.66,134.6,25.19476184523065,79.58532316539568,9.585448181022628,0.0,237.82857142857145,202.4887792305681,202.47142857142856,352.8,Poor,0.047558457,False
2021-05-28,2021,5,summer,112.5,506.4,46.8,95.8,2.72,175.3,25.19476184523065,79.58532316539568,9.585448181022628,0.0,185.94285714285712,176.2052672041225,-73.44285714285712,187.5,Moderate,0.04916338,False
2021-05-29,2021,5,summer,306.3,551.0,74.7,98.6,0.07,199.7,25.19476184523065,79.58532316539568,9.585448181022628,0.0,167.81428571428572,151.2938688840522,138.4857142857143,451.2,Very Poor,0.050879445,False
2021-05-30,2021,5,summer,400.6,200.4,142.5,88.7,1.28,86.7,25.19476184523065,79.58532316539568,9.585448181022628,0.0,218.1,163.1030247011584,182.50000000000003,20.6,Moderate,0.052565735,False
2021-05-31,2021,5,summer,362.0,299.3,33.9,36.3,2.75,117.7,25.19476184523065,79.58532316539568,9.585448181022628,0.0,257.3428571428571,159.39162312935255,104.6571428571429,110.4,Good,0.052428413,False
2021-06-01,2021,6,monsoon,416.8,404.3,52.0,56.7,6.68,190.8,25.19476184523065,79.58532316539568,9.585448181022628,0.0,313.0857142857143,130.93738234453193,103.71428571428572,323.0,Severe,0.05275194,False
2021-06-02,2021,6,monsoon,17.5,306.7,111.8,22.2,4.64,155.8,25.19476184523065,79.58532316539568,9.585448181022628,0.0,293.7142857142857,164.32503794382075,-276.2142857142857,41.4,Severe,0.053483333,False
2021-06-03,2021,6,monsoon,409.2,228.1,108.2,92.0,4.27,131.6,25.19476184523065,79.58532316539568,9.585448181022628,0.0,289.27142857142854,160.06650403593426,119.92857142857144,173.0,Satisfactory,0.053304043,False
2021-06-04,2021,6,monsoon,415.0,129.4,62.5,75.2,2.7,77.3,25.19476184523065,79.58532316539568,9.585448181022628,0.0,332.4857142857143,144.4616030712134,82.51428571428568,181.8,Very Poor,0.051912036,False
2021-06-05,2021,6,monsoon,223.7,185.6,70.4,22.4,3.31,89.7,25.19476184523065,79.58532316539568,9.585448181022628,0.0,320.6857142857143,150.2158938391834,-96.98571428571432,107.5,Poor,0.05170561,False
2021-06-06,2021,6,monsoon,261.5,36.7,119.5,46.8,6.76,88.5,25.19476184523065,79.58532316539568,9.585448181022628,0.0,300.8142857142857,147.04955432972747,-39.31428571428569,44.7,Very Poor,0.05209748,False
2021-06-07,2021,6,monsoon,285.5,536.1,103.1,39.2,3.0,104.9,25.19476184523065,79.58532316539568,9.585448181022628,0.0,289.8857142857143,144.56614897192037,-4.3857142857143,173.7,Satisfactory,0.051148437,False
2021-06-08,2021,6,monsoon,310.8,195.2,3.0,25.9,1.84,76.0,25.19476184523065,79.58532316539568,9.585448181022628,0.0,274.74285714285713,134.2393739698214,36.05714285714288,146.0,Satisfactory,0.051282387,False
2021-06-09,2021,6,monsoon,129.3,488.3,39.4,99.7,4.46,165.8,25.19476184523065,79.58532316539568,9.585448181022628,0.0,290.7142857142857,101.09021430668486,-161.4142857142857,375.6,Poor,0.050174464,False
2021-06-10,2021,6,monsoon,454.0,594.2,75.3,96.4,3.6,161.9,25.19476184523065,79.58532316539568,9.585448181022628,0.0,297.11428571428576,110.79412482274564,156.88571428571424,85.9,Moderate,0.05089058,False
2021-06-11,2021,6,monsoon,212.2,522.1,109.7,48.3,6.52,125.7,25.19476184523065,79.58532316539568,9.585448181022628,0.0,268.1428571428572,100.9042591955838,-55.94285714285718,272.8,Satisfactory,0.050059713,False
2021-06-12,2021,6,monsoon,319.5,160.4,15.4,39.3,5.96,9.5,25.19476184523065,79.58532316539568,9.585448181022628,0.0,281.8285714285714,100.36708813626316,37.67142857142858,233.4,Moderate,0.05005409,False
2021-06-13,2021,6,monsoon,390.4,5.9,62.4,39.6,6.52,187.6,25.19476184523065,79.58532316539568,9.585448181022628,0.0,300.24285714285713,107.58114545375922,90.15714285714284,19.5,Severe,0.04858995,False
2021-06-14,2021,6,monsoon,347.0,168.2,61.6,95.9,8.12,146.3,25.19476184523065,79.58532316539568,9.585448181022628,0.0,309.0285714285714,108.6820855260229,37.97142857142859,164.0,Moderate,0.046754953,False
2021-06-15,2021,6,monsoon,291.5,492.2,75.9,39.6,4.84,126.1,25.19476184523065,79.58532316539568,9.585448181022628,0.0,306.2714285714286,108.87429623631292,-14.7714285714286,238.3,Good,0.045521937,False
2021-06-16,2021,6,monsoon,262.0,472.7,96.0,99.3,9.86,190.3,25.19476184523065,79.58532316539568,9.585448181022628,0.0,325.2285714285714,80.87761771725907,-63.2285714285714,496.9,Very Poor,0.045770895,False
2021-06-17,2021,6,monsoon,353.3,219.4,101.3,14.0,4.66,177.3,25.19476184523065,79.58532316539568,9.585448181022628,0.0,310.8428571428571,60.55908566964087,42.45714285714291,343.3,Severe,0.045082137,False
2021-06-18,2021,6,monsoon,231.9,93.8,148.6,81.8,8.13,174.3,25.19476184523065,79.58532316539568,9.585448181022628,0.0,313.65714285714284,55.4534897351787,-81.75714285714284,47.7,Very Poor,0.04582365,False
2021-06-19,2021,6,monsoon,274.0,38.3,127.7,54.7,3.03,172.7,25.19476184523065,79.58532316539568,9.585448181022628,0.0,307.15714285714284,57.29068735093775,-33.157142857142844,131.7,Severe,0.04529983,False
2021-06-20,2021,6,monsoon,498.3,128.6,90.9,26.2,5.12,22.5,25.19476184523065,79.58532316539568,9.585448181022628,0.0,322.57142857142856,89.10326807111191,175.72857142857146,270.2,Moderate,0.045208637,False
2021-06-21,2021,6,monsoon,187.3,481.2,7.3,10.3,3.26,63.2,25.19476184523065,79.58532316539568,9.585448181022628,0.0,299.75714285714287,101.40226587118042,-112.45714285714286,406.8,Moderate,0.04492937,False
2021-06-22,2021,6,monsoon,153.9,542.8,12.7,87.3,3.33,133.7,25.19476184523065,79.58532316539568,9.585448181022628,0.0,280.1,115.61128837617905,-126.20000000000002,227.1,Severe,0.044316888,False
2021-06-23,2021,6,monsoon,68.6,479.0,28.4,81.7,1.08,166.4,25.19476184523065,79.58532316539568,9.585448181022628,0.0,252.47142857142856,140.9829152094409,-183.87142857142857,266.6,Satisfactory,0.044899948,False
2021-06-24,2021,6,monsoon,10.0,58.6,107.0,66.6,7.41,169.3,25.19476184523065,79.58532316539568,9.585448181022628,0.0,203.42857142857144,158.66456981407575,-193.42857142857144,132.1,Satisfactory,0.044778056,False
2021-06-25,2021,6,monsoon,386.6,431.7,58.3,42.9,8.86,182.9,25.19476184523065,79.58532316539568,9.585448181022628,0.0,225.5285714285714,173.38250309922392,161.0714285714286,336.2,Good,0.04358455,False
2021-06-26,2021,6,monsoon,292.7,430.2,62.5,59.3,1.3,87.3,25.19476184523065,79.58532316539568,9.585448181022628,0.0,228.2,174.39491582803288,64.5,94.6,Very Poor,0.042784408,False
2021-06-27,2021,6,monsoon,67.9,427.9,52.9,29.6,7.09,151.0,25.19476184523065,79.58532316539568,9.585448181022628,0.0,166.71428571428572,134.63540183982596,-98.81428571428572,15.4,Very Poor,0.042299096,False
2021-06-28,2021,6,monsoon,421.8,36.6,39.0,82.1,0.06,166.3,25.19476184523065,79.58532316539568,9.585448181022628,0.0,200.2142857142857,166.10706816760714,221.5857142857143,183.6,Good,0.04200055,False
2021-06-29,2021,6,monsoon,473.7,346.8,107.3,68.1,5.8,31.3,25.19476184523065,79.58532316539568,9.585448181022628,0.0,245.9,193.0407901627702,227.8,369.3,Very Poor,0.042067852,False
2021-06-30,2021,6,monsoon,497.2,435.2,11.7,95.5,4.88,55.5,25.19476184523065,79.58532316539568,9.585448181022628,0.0,307.12857142857143,195.3894889213656,190.07142857142856,121.1,Very Poor,0.0437446,False
2021-07-01,2021,7,monsoon,458.1,368.6,104.0,6.3,5.93,182.4,25.19476184523065,79.58532316539568,9.585448181022628,0.0,371.1428571428572,149.9358180149413,86.95714285714286,337.9,Good,0.044297032,False
2021-07-02,2021,7,monsoon,180.8,536.1,118.5,45.7,8.73,100.4,25.19476184523065,79.58532316539568,9.585448181022628,0.0,341.7428571428572,165.74350522361223,-160.94285714285718,324.5,Very Poor,0.043861076,False
2021-07-03,2021,7,monsoon,419.5,318.6,61.6,9.1,9.6,86.2,25.19476184523065,79.58532316539568,9.585448181022628,0.0,359.85714285714283,166.41791627448927,59.64285714285717,266.4,Severe,0.04440555,False
2021-07-04,2021,7,monsoon,302.7,391.3,48.6,52.8,4.13,185.0,25.19476184523065,79.58532316539568,9.585448181022628,0.0,393.4,112.78418919925528,-90.70000000000005,321.5,Severe,0.043837566,False
2021-07-05,2021,7,monsoon,391.9,73.0,146.5,54.9,8.12,22.0,25.19476184523065,79.58532316539568,9.585448181022628,0.0,389.1285714285714,112.09342404568515,2.771428571428544,96.0,Moderate,0.045552965,False
2021-07-06,2021,7,monsoon,340.1,280.7,68.8,68.4,1.5,78.4,25.19476184523065,79.58532316539568,9.585448181022628,0.0,370.04285714285714,106.52952418841262,-29.94285714285712,481.4,Satisfactory,0.045202192,False
2021-07-07,2021,7,monsoon,256.7,83.2,26.1,32.0,3.57,92.2,25.19476184523065,79.58532316539568,9.585448181022628,0.0,335.68571428571425,97.0446706173922,-78.98571428571427,352.2,Satisfactory,0.045622308,False
2021-07-08,2021,7,monsoon,430.1,107.1,28.6,31.6,4.9,107.6,25.19476184523065,79.58532316539568,9.585448181022628,0.0,331.6857142857143,91.58130137699948,98.41428571428573,489.4,Severe,0.045337413,False
2021-07-09,2021,7,monsoon,195.0,225.4,31.7,60.0,9.77,194.6,25.19476184523065,79.58532316539568,9.585448181022628,0.0,333.7142857142857,87.75960400570496,-138.71428571428572,182.3,Good,0.044965558,False
2021-07-10,2021,7,monsoon,487.9,299.3,10.9,4.5,1.72,177.7,25.19476184523065,79.58532316539568,9.585448181022628,0.0,343.4857142857143,101.61706596452264,144.41428571428565,332.1,Satisfactory,0.0450456,False
2021-07-11,2021,7,monsoon,266.8,548.5,121.7,97.8,3.81,12.7,25.19476184523065,79.58532316539568,9.585448181022628,0.0,338.35714285714283,104.87236460165715,-71.55714285714282,36.3,Severe,0.047025982,False
2021-07-12,2021,7,monsoon,8.7,159.7,2.4,93.4,5.85,191.7,25.19476184523065,79.58532316539568,9.585448181022628,0.0,283.61428571428576,158.54484569117386,-274.91428571428577,263.2,Very Poor,0.048833754,False
2021-07-13,2021,7,monsoon,430.6,343.0,6.7,96.4,3.31,144.6,25.19476184523065,79.58532316539568,9.585448181022628,0.0,296.54285714285714,167.36334581923714,134.05714285714288,427.4,Poor,0.048947804,False
2021-07-14,2021,7,monsoon,7.3,492.8,132.7,10.3,9.47,146.1,25.19476184523065,79.58532316539568,9.585448181022628,0.0,260.9142857142857,200.52063425469404,-253.6142857142857,181.8,Poor,0.051337015,False
2021-07-15,2021,7,monsoon,154.4,273.3,63.4,28.6,3.2,163.6,25.19476184523065,79.58532316539568,9.585448181022628,0.0,221.52857142857144,188.4648483076328,-67.12857142857143,182.1,Poor,0.05167657,False
2021-07-16,2021,7,monsoon,319.1,106.8,101.8,54.4,9.66,26.9,25.19476184523065,79.58532316539568,9.585448181022628,0.0,239.2571428571429,191.36801245369145,79.84285714285713,323.4,Satisfactory,0.051329993,False
2021-07-17,2021,7,monsoon,86.4,333.2,27.4,52.7,8.95,38.2,25.19476184523065,79.58532316539568,9.585448181022628,0.0,181.9,162.40045155930642,-95.5,10.6,Poor,0.051861554,False
2021-07-18,2021,7,monsoon,249.7,212.9,81.8,84.4,2.2,83.0,25.19476184523065,79.58532316539568,9.585448181022628,0.0,179.45714285714286,161.03338015395903,70.24285714285713,362.4,Very Poor,0.050520077,False
2021-07-19,2021,7,monsoon,389.8,453.9,130.3,32.1,7.99,197.9,25.19476184523065,79.58532316539568,9.585448181022628,0.0,233.9,158.07616307759156,155.9,399.4,Poor,0.05097839,False
2021-07-20,2021,7,monsoon,205.5,142.7,96.6,94.1,8.41,132.6,25.19476184523065,79.58532316539568,9.585448181022628,0.0,201.7428571428572,132.1650086967405,3.75714285714284,497.2,Very Poor,0.050368268,False
2021-07-21,2021,7,monsoon,218.2,510.0,117.3,39.8,0.89,193.1,25.19476184523065,79.58532316539568,9.585448181022628,0.0,231.8714285714286,100.75898163911926,-13.671428571428606,0.4,Very Poor,0.050478995,False
2021-07-22,2021,7,monsoon,254.9,339.6,144.4,63.2,9.49,24.1,25.19476184523065,79.58532316539568,9.585448181022628,0.0,246.22857142857143,94.86818423977756,8.671428571428578,191.3,Severe,0.050622456,False
2021-07-23,2021,7,monsoon,435.3,517.1,67.6,91.8,9.92,52.2,25.19476184523065,79.58532316539568,9.585448181022628,0.0,262.8285714285715,117.26655837998196,172.47142857142853,316.8,Satisfactory,0.05035649,False
2021-07-24,2021,7,monsoon,289.4,202.8,135.3,72.1,6.34,39.3,25.19476184523065,79.58532316539568,9.585448181022628,0.0,291.8285714285714,87.75028422149073,-2.428571428571445,364.0,Poor,0.049232285,False
2021-07-25,2021,7,monsoon,313.7,297.7,79.5,73.7,9.55,52.1,25.19476184523065,79.58532316539568,9.585448181022628,0.0,300.97142857142853,85.9448217227333,12.728571428571456,142.7,Moderate,0.048502535,False
2021-07-26,2021,7,monsoon,263.6,53.2,93.3,27.5,9.32,16.2,25.19476184523065,79.58532316539568,9.585448181022628,0.0,282.9428571428571,76.97399684618311,-19.3428571428571,401.4,Poor,0.04949354,False
2021-07-27,2021,7,monsoon,125.0,261.7,146.6,1.1,6.93,58.9,25.19476184523065,79.58532316539568,9.585448181022628,0.0,271.4428571428571,94.49230757303052,-146.44285714285712,328.0,Good,0.050462317,False
2021-07-28,2021,7,monsoon,390.6,37.1,76.8,81.8,5.4,12.2,25.19476184523065,79.58532316539568,9.585448181022628,0.0,296.07142857142856,100.5737161536373,94.52857142857148,493.1,Moderate,0.049276717,False
2021-07-29,2021,7,monsoon,450.0,380.2,32.5,91.0,0.98,163.9,25.19476184523065,79.58532316539568,9.585448181022628,0.0,323.9428571428571,113.46925952496076,126.05714285714288,468.3,Moderate,0.050313957,False
2021-07-30,2021,7,monsoon,54.0,0.4,104.5,92.1,9.42,2.5,25.19476184523065,79.58532316539568,9.585448181022628,0.0,269.4714285714286,139.61280641218312,-215.4714285714286,384.0,Satisfactory,0.051167417,False
2021-07-31,2021,7,monsoon,392.4,513.9,14.2,29.9,1.95,27.1,25.19476184523065,79.58532316539568,9.585448181022628,0.0,284.18571428571425,147.28041766837657,108.21428571428572,347.6,Poor,0.051691756,False
2021-08-01,2021,8,monsoon,8.3,378.2,117.7,95.6,1.9,7.5,25.19476184523065,79.58532316539568,9.585448181022628,0.0,240.55714285714285,178.9165527757084,-232.25714285714284,459.4,Moderate,0.053284403,False
2021-08-02,2021,8,monsoon,104.8,489.7,88.1,69.1,4.11,162.3,25.19476184523065,79.58532316539568,9.585448181022628,0.0,217.8714285714286,185.4558951546675,-113.0714285714286,224.8,Moderate,0.05292459,False
2021-08-03,2021,8,monsoon,301.5,16.1,135.6,46.6,7.72,45.3,25.19476184523065,79.58532316539568,9.585448181022628,0.0,243.08571428571423,182.70269500449288,58.41428571428574,334.5,Very Poor,0.053364273,False
2021-08-04,2021,8,monsoon,400.3,598.3,98.4,59.8,3.04,109.7,25.19476184523065,79.58532316539568,9.585448181022628,0.0,244.47142857142856,184.0398843936255,155.82857142857145,96.5,Severe,0.052938994,False
2021-08-05,2021,8,monsoon,175.4,177.3,21.3,51.5,3.27,16.1,25.19476184523065,79.58532316539568,9.585448181022628,0.0,205.2428571428571,160.7175457870406,-29.8428571428571,2.8,Severe,0.053457573,False
2021-08-06,2021,8,monsoon,23.1,550.8,30.7,88.9,0.32,24.5,25.19476184523065,79.58532316539568,9.585448181022628,0.0,200.82857142857145,165.90458818535532,-177.72857142857143,426.1,Severe,0.055458058,False
2021-08-07,2021,8,monsoon,454.3,121.8,66.6,44.3,0.91,95.8,25.19476184523065,79.58532316539568,9.585448181022628,0.0,209.67142857142852,178.95379957115284,244.62857142857143,292.9,Satisfactory,0.056105737,False
2021-08-08,2021,8,monsoon,272.0,9.3,78.4,29.9,1.32,156.9,25.19476184523065,79.58532316539568,9.585448181022628,0.0,247.3428571428572,155.74938049253845,24.657142857142844,366.7,Moderate,0.055892203,False
2021-08-09,2021,8,monsoon,37.0,73.8,144.8,46.1,9.84,173.4,25.19476184523065,79.58532316539568,9.585448181022628,0.0,237.65714285714284,167.73797877585596,-200.65714285714284,336.8,Satisfactory,0.055649612,False
2021-08-10,2021,8,monsoon,492.0,220.2,130.5,58.5,9.01,199.3,25.19476184523065,79.58532316539568,9.585448181022628,0.0,264.87142857142857,193.3245260719715,227.12857142857143,341.2,Severe,0.056334484,False
2021-08-11,2021,8,monsoon,176.0,435.1,86.0,14.5,8.04,180.9,25.19476184523065,79.58532316539568,9.585448181022628,0.0,232.82857142857145,185.5695082198376,-56.82857142857142,408.8,Poor,0.054521583,False
2021-08-12,2021,8,monsoon,37.0,178.3,81.0,71.8,5.33,57.0,25.19476184523065,79.58532316539568,9.585448181022628,0.0,213.05714285714288,199.55395141116472,-176.05714285714288,319.1,Satisfactory,0.053203277,False
2021-08-13,2021,8,monsoon,62.9,345.8,0.2,15.8,8.59,5.5,25.19476184523065,79.58532316539568,9.585448181022628,0.0,218.7428571428572,193.7213794529216,-155.84285714285716,309.9,Moderate,0.052941844,False
2021-08-14,2021,8,monsoon,447.3,14.9,4.2,69.0,1.43,71.9,25.19476184523065,79.58532316539568,9.585448181022628,0.0,217.7428571428572,192.31572874783149,229.55714285714285,188.6,Very Poor,0.055107735,False
2021-08-15,2021,8,monsoon,261.1,378.7,88.4,88.7,6.03,157.1,25.19476184523065,79.58532316539568,9.585448181022628,0.0,216.18571428571428,191.84675680145875,44.91428571428574,115.2,Severe,0.054578908,False
2021-08-16,2021,8,monsoon,492.7,357.7,85.6,89.9,0.58,142.8,25.19476184523065,79.58532316539568,9.585448181022628,0.0,281.2857142857143,198.1235425062809,211.4142857142857,433.4,Moderate,0.05552424,False
2021-08-17,2021,8,monsoon,329.5,411.1,85.3,74.8,7.17,21.8,25.19476184523065,79.58532316539568,9.585448181022628,0.0,258.07142857142856,177.7964258572681,71.42857142857144,32.8,Moderate,0.055675518,False
2021-08-18,2021,8,monsoon,383.3,308.5,44.4,79.3,9.19,113.7,25.19476184523065,79.58532316539568,9.585448181022628,0.0,287.68571428571425,179.10743915846928,95.61428571428576,426.8,Good,0.05452444,False
2021-08-19,2021,8,monsoon,488.5,310.2,87.9,58.0,7.89,31.3,25.19476184523065,79.58532316539568,9.585448181022628,0.0,352.1857142857143,153.20908837893663,136.3142857142857,14.0,Good,0.05446695,False
2021-08-20,2021,8,monsoon,330.7,7.5,88.2,34.1,4.17,199.2,25.19476184523065,79.58532316539568,9.585448181022628,0.0,390.4428571428571,88.85221545057989,-59.74285714285713,142.6,Severe,0.05461546,False
2021-08-21,2021,8,monsoon,257.2,574.1,122.8,42.3,0.14,84.2,25.19476184523065,79.58532316539568,9.585448181022628,0.0,363.2857142857143,97.2339520361663,-106.08571428571427,419.0,Severe,0.055230882,False
2021-08-22,2021,8,monsoon,396.1,23.1,69.7,54.8,0.12,132.6,25.19476184523065,79.58532316539568,9.585448181022628,0.0,382.57142857142856,86.36929844734058,13.528571428571468,414.7,Good,0.054542806,False
2021-08-23,2021,8,monsoon,171.6,7.6,135.3,31.2,9.97,5.3,25.19476184523065,79.58532316539568,9.585448181022628,0.0,336.7,101.98795680536686,-165.1,252.6,Poor,0.056462873,False
2021-08-24,2021,8,monsoon,347.8,95.7,2.5,85.2,8.07,83.9,25.19476184523065,79.58532316539568,9.585448181022628,0.0,339.3142857142857,102.0071799527112,8.485714285714323,389.2,Severe,0.057076667,False
2021-08-25,2021,8,monsoon,403.5,461.7,28.2,8.4,7.18,153.8,25.19476184523065,79.58532316539568,9.585448181022628,0.0,342.2,103.73006635815248,61.30000000000001,35.1,Very Poor,0.057452653,False
2021-08-26,2021,8,monsoon,485.5,374.9,62.6,14.6,9.9,125.8,25.19476184523065,79.58532316539568,9.585448181022628,0.0,341.7714285714286,103.02869688078378,143.7285714285714,64.9,Moderate,0.05753095,False
2021-08-27,2021,8,monsoon,265.5,443.6,6.9,90.2,9.54,191.7,25.19476184523065,79.58532316539568,9.585448181022628,0.0,332.45714285714286,107.0645733057527,-66.95714285714286,370.5,Very Poor,0.058533646,False
2021-08-28,2021,8,monsoon,84.0,28.2,58.6,44.6,9.78,193.1,25.19476184523065,79.58532316539568,9.585448181022628,0.0,307.7142857142857,141.7502431340823,-223.7142857142857,121.9,Good,0.058976896,False
2021-08-29,2021,8,monsoon,287.8,476.5,58.7,14.0,2.46,152.2,25.19476184523065,79.58532316539568,9.585448181022628,0.0,292.24285714285713,136.30100093962207,-4.442857142857122,322.8,Satisfactory,0.05673943,False
2021-08-30,2021,8,monsoon,401.5,515.5,63.6,81.8,1.34,72.6,25.19476184523065,79.58532316539568,9.585448181022628,0.0,325.0857142857143,129.93564341077263,76.41428571428571,282.1,Moderate,0.056093898,False
2021-08-31,2021,8,monsoon,286.4,148.3,55.7,14.3,5.91,156.5,25.19476184523065,79.58532316539568,9.585448181022628,0.0,316.3142857142857,130.21885972688997,-29.91428571428571,274.4,Moderate,0.053677645,False
2021-09-01,2021,9,monsoon,365.3,203.7,52.3,83.9,3.09,182.4,25.19476184523065,79.58532316539568,9.585448181022628,0.0,310.85714285714283,126.70931111725584,54.44285714285718,136.8,Very Poor,0.053358622,False
2021-09-02,2021,9,monsoon,455.2,519.7,41.9,34.5,6.63,184.7,25.19476184523065,79.58532316539568,9.585448181022628,0.0,306.5285714285714,120.09376495452372,148.67142857142858,344.0,Moderate,0.053100158,False
2021-09-03,2021,9,monsoon,266.6,166.9,100.2,43.6,3.76,33.4,25.19476184523065,79.58532316539568,9.585448181022628,0.0,306.6857142857143,120.03183506291757,-40.08571428571429,431.4,Good,0.052392554,False
2021-09-04,2021,9,monsoon,374.1,286.4,148.9,95.0,9.91,53.1,25.19476184523065,79.58532316539568,9.585448181022628,0.0,348.12857142857143,69.97503636501928,25.97142857142859,140.4,Satisfactory,0.05326201,False
2021-09-05,2021,9,monsoon,107.4,434.6,131.1,44.7,0.07,85.1,25.19476184523065,79.58532316539568,9.585448181022628,0.0,322.35714285714283,114.77556152687536,-214.95714285714283,153.7,Severe,0.052345257,False
2021-09-06,2021,9,monsoon,349.9,414.8,72.4,30.7,7.34,156.4,25.19476184523065,79.58532316539568,9.585448181022628,0.0,314.9857142857143,110.4198265495745,34.914285714285654,130.7,Poor,0.051374227,False
2021-09-07,2021,9,monsoon,77.6,491.9,67.7,87.8,4.52,97.9,25.19476184523065,79.58532316539568,9.585448181022628,0.0,285.15714285714284,142.86465456441462,-207.55714285714285,64.4,Severe,0.051756322,False
2021-09-08,2021,9,monsoon,424.4,314.9,104.2,19.3,0.95,61.7,25.19476184523065,79.58532316539568,9.585448181022628,0.0,293.6,149.96031697308015,130.8,21.6,Severe,0.050386786,False
2021-09-09,2021,9,monsoon,215.3,255.0,127.3,89.2,8.8,115.2,25.19476184523065,79.58532316539568,9.585448181022628,0.0,259.3285714285714,133.36865841575755,-44.02857142857141,419.4,Moderate,0.04901604,False
2021-09-10,2021,9,monsoon,43.6,170.2,111.1,93.4,8.98,103.4,25.19476184523065,79.58532316539568,9.585448181022628,0.0,227.4714285714286,156.04753244108772,-183.8714285714286,311.3,Moderate,0.049514443,False
2021-09-11,2021,9,monsoon,171.0,548.9,99.3,25.7,1.41,49.9,25.19476184523065,79.58532316539568,9.585448181022628,0.0,198.45714285714288,142.5372916952242,-27.457142857142856,461.8,Satisfactory,0.04998643,False
2021-09-12,2021,9,monsoon,323.6,250.6,96.3,86.7,1.6,132.9,25.19476184523065,79.58532316539568,9.585448181022628,0.0,229.3428571428572,142.94119836658754,94.25714285714288,446.8,Moderate,0.04792263,False
2021-09-13,2021,9,monsoon,152.2,166.1,95.5,45.7,5.67,127.5,25.19476184523065,79.58532316539568,9.585448181022628,0.0,201.1,134.42872956824834,-48.900000000000006,487.9,Poor,0.04593195,False
2021-09-14,2021,9,monsoon,149.7,132.3,19.8,2.0,3.3,113.8,25.19476184523065,79.58532316539568,9.585448181022628,0.0,211.40000000000003,125.87929403466876,-61.700000000000045,195.4,Severe,0.047204033,False
2021-09-15,2021,9,monsoon,343.9,54.3,72.1,8.8,7.58,8.9,25.19476184523065,79.58532316539568,9.585448181022628,0.0,199.9,105.14678628786798,143.99999999999997,174.7,Poor,0.04729281,False
2021-09-16,2021,9,monsoon,385.3,422.3,3.8,59.1,8.74,92.0,25.19476184523065,79.58532316539568,9.585448181022628,0.0,224.18571428571428,126.71655283310348,161.11428571428573,84.0,Moderate,0.047880065,False
2021-09-17,2021,9,monsoon,471.6,538.3,113.9,46.2,7.93,162.5,25.19476184523065,79.58532316539568,9.585448181022628,0.0,285.3285714285714,128.30691997817465,186.2714285714286,22.8,Severe,0.048558783,False
2021-09-18,2021,9,monsoon,190.0,525.8,35.1,87.7,4.0,138.0,25.19476184523065,79.58532316539568,9.585448181022628,0.0,288.04285714285714,125.6588882271214,-98.04285714285714,354.4,Severe,0.048567604,False
2021-09-19,2021,9,monsoon,208.7,139.4,101.0,24.6,7.26,45.9,25.19476184523065,79.58532316539568,9.585448181022628,0.0,271.62857142857143,127.72751875621414,-62.928571428571445,17.6,Severe,0.047924556,False
2021-09-20,2021,9,monsoon,331.2,92.9,101.4,84.6,6.65,197.1,25.19476184523065,79.58532316539568,9.585448181022628,0.0,297.2,117.32731992166194,34.0,240.3,Severe,0.047500223,False
2021-09-21,2021,9,monsoon,365.9,236.0,81.9,45.1,2.35,182.7,25.19476184523065,79.58532316539568,9.585448181022628,0.0,328.0857142857143,99.0623949601368,37.81428571428569,371.7,Poor,0.046651963,False
2021-09-22,2021,9,monsoon,290.3,502.7,65.1,17.6,6.17,39.3,25.19476184523065,79.58532316539568,9.585448181022628,0.0,320.42857142857144,99.70572892744136,-30.12857142857144,242.0,Moderate,0.04483811,False
2021-09-23,2021,9,monsoon,314.9,216.4,86.3,61.6,6.21,5.6,25.19476184523065,79.58532316539568,9.585448181022628,0.0,310.37142857142857,95.5350147726951,4.528571428571411,102.4,Moderate,0.04423423,False
2021-09-24,2021,9,monsoon,286.1,42.3,63.4,37.5,2.51,10.8,25.19476184523065,79.58532316539568,9.585448181022628,0.0,283.87142857142857,63.82310747385343,2.228571428571456,293.8,Poor,0.044401832,False
2021-09-25,2021,9,monsoon,22.3,587.3,55.6,49.0,0.13,120.0,25.19476184523065,79.58532316539568,9.585448181022628,0.0,259.9142857142857,115.49205497307916,-237.6142857142857,351.7,Poor,0.045159437,False
2021-09-26,2021,9,monsoon,152.1,105.4,29.9,24.0,0.42,85.3,25.19476184523065,79.58532316539568,9.585448181022628,0.0,251.82857142857145,121.50024299407394,-99.72857142857144,323.7,Poor,0.044167265,False
2021-09-27,2021,9,monsoon,7.4,344.1,33.2,18.5,7.48,15.7,25.19476184523065,79.58532316539568,9.585448181022628,0.0,205.57142857142856,145.51133649176262,-198.17142857142852,20.0,Moderate,0.04377457,False
2021-09-28,2021,9,monsoon,3.6,44.1,91.0,94.1,4.33,172.6,25.19476184523065,79.58532316539568,9.585448181022628,0.0,153.81428571428572,143.39740151726824,-150.21428571428572,182.5,Poor,0.04513687,False
2021-09-29,2021,9,monsoon,63.7,347.4,81.7,20.3,6.97,164.2,25.19476184523065,79.58532316539568,9.585448181022628,0.0,121.44285714285716,132.6233747263633,-57.74285714285715,468.1,Poor,0.044682775,False
2021-09-30,2021,9,monsoon,158.6,290.0,7.6,73.1,2.65,169.3,25.19476184523065,79.58532316539568,9.585448181022628,0.0,99.11428571428571,104.87992226941212,59.48571428571428,330.0,Moderate,0.045203682,False
2021-10-01,2021,10,post-monsoon,209.1,53.0,69.4,89.4,8.97,117.8,25.19476184523065,79.58532316539568,9.585448181022628,0.0,88.11428571428571,83.94937817064472,120.98571428571428,213.1,Good,0.04538134,False
2021-10-02,2021,10,post-monsoon,217.0,226.7,9.8,62.7,7.16,180.3,25.19476184523065,79.58532316539568,9.585448181022628,0.0,115.92857142857144,90.50741616548464,101.07142857142856,128.6,Moderate,0.044644095,False
2021-10-03,2021,10,post-monsoon,248.7,543.1,90.8,77.9,5.25,101.1,25.19476184523065,79.58532316539568,9.585448181022628,0.0,129.72857142857143,103.38951775181197,118.97142857142856,382.0,Severe,0.044896595,False
2021-10-04,2021,10,post-monsoon,446.6,120.9,55.9,57.9,7.65,35.9,25.19476184523065,79.58532316539568,9.585448181022628,0.0,192.4714285714286,142.60838818580166,254.12857142857143,53.7,Satisfactory,0.044327248,False
2021-10-05,2021,10,post-monsoon,441.7,223.9,79.4,94.9,7.29,156.1,25.19476184523065,79.58532316539568,9.585448181022628,0.0,255.05714285714285,142.03671892792187,186.6428571428572,62.0,Good,0.043987185,False
2021-10-06,2021,10,post-monsoon,265.8,434.8,29.4,19.9,5.02,9.3,25.19476184523065,79.58532316539568,9.585448181022628,0.0,283.92857142857144,114.53493956410138,-18.12857142857144,227.7,Very Poor,0.044619057,False
2021-10-07,2021,10,post-monsoon,152.6,71.3,54.3,53.7,8.51,178.5,25.19476184523065,79.58532316539568,9.585448181022628,0.0,283.07142857142856,115.64623807522815,-130.47142857142856,119.9,Satisfactory,0.044412665,False
2021-10-08,2021,10,post-monsoon,335.2,137.6,44.4,95.8,1.93,178.1,25.19476184523065,79.58532316539568,9.585448181022628,0.0,301.0857142857143,111.96601312558238,34.1142857142857,282.0,Severe,0.04441761,False
2021-10-09,2021,10,post-monsoon,416.7,421.3,75.8,40.0,3.46,122.3,25.19476184523065,79.58532316539568,9.585448181022628,0.0,329.61428571428576,112.41102301481872,87.08571428571423,112.3,Very Poor,0.043897983,False
2021-10-10,2021,10,post-monsoon,120.8,476.4,62.6,83.8,2.21,132.9,25.19476184523065,79.58532316539568,9.585448181022628,0.0,311.3428571428572,135.73061380473277,-190.5428571428572,348.6,Satisfactory,0.0431162,False
2021-10-11,2021,10,post-monsoon,382.9,84.6,109.8,19.1,6.45,67.3,25.19476184523065,79.58532316539568,9.585448181022628,0.0,302.24285714285713,127.00594286807808,80.65714285714284,162.9,Poor,0.042882,False
2021-10-12,2021,10,post-monsoon,457.3,173.1,146.9,4.6,5.26,5.7,25.19476184523065,79.58532316539568,9.585448181022628,0.0,304.4714285714286,129.9632732003637,152.82857142857142,382.3,Good,0.04494688,False
2021-10-13,2021,10,post-monsoon,17.1,242.8,64.1,28.9,5.07,186.0,25.19476184523065,79.58532316539568,9.585448181022628,0.0,268.9428571428571,170.0948838848761,-251.8428571428572,362.0,Good,0.04634214,False
2021-10-14,2021,10,post-monsoon,329.7,592.1,23.7,93.5,8.24,172.5,25.19476184523065,79.58532316539568,9.585448181022628,0.0,294.24285714285713,162.92572803932114,35.457142857142856,151.5,Poor,0.047076005,False
2021-10-15,2021,10,post-monsoon,328.5,449.2,92.5,13.2,7.17,88.7,25.19476184523065,79.58532316539568,9.585448181022628,0.0,293.2857142857143,162.66448525079082,35.21428571428572,474.4,Moderate,0.04611973,False
2021-10-16,2021,10,post-monsoon,10.1,153.3,110.3,34.4,3.36,91.2,25.19476184523065,79.58532316539568,9.585448181022628,0.0,235.2,182.6215668169196,-225.1,242.5,Moderate,0.04610396,False
2021-10-17,2021,10,post-monsoon,397.1,149.6,111.0,11.9,3.97,19.4,25.19476184523065,79.58532316539568,9.585448181022628,0.0,274.67142857142863,183.63102238171075,122.4285714285714,121.8,Good,0.045828253,False
2021-10-18,2021,10,post-monsoon,210.9,83.9,34.1,57.1,6.06,83.7,25.19476184523065,79.58532316539568,9.585448181022628,0.0,250.1,178.16153718839902,-39.19999999999999,72.6,Severe,0.04495158,False
2021-10-19,2021,10,post-monsoon,442.5,192.6,41.3,54.5,9.42,47.4,25.19476184523065,79.58532316539568,9.585448181022628,0.0,247.9857142857143,175.35859857799403,194.5142857142857,292.6,Poor,0.045786344,False
2021-10-20,2021,10,post-monsoon,255.9,63.8,102.1,71.0,0.52,66.6,25.19476184523065,79.58532316539568,9.585448181022628,0.0,282.1,143.2432430052693,-26.200000000000017,100.2,Good,0.04552374,False
2021-10-21,2021,10,post-monsoon,2.7,552.0,129.4,89.3,7.47,39.4,25.19476184523065,79.58532316539568,9.585448181022628,0.0,235.38571428571427,174.94512881254528,-232.68571428571428,246.4,Good,0.047663152,False
2021-10-22,2021,10,post-monsoon,260.1,516.2,136.5,26.6,1.53,17.2,25.19476184523065,79.58532316539568,9.585448181022628,0.0,225.6142857142857,170.73710228078153,34.48571428571432,442.9,Good,0.04875341,False
2021-10-23,2021,10,post-monsoon,100.4,541.7,2.3,30.4,9.57,55.4,25.19476184523065,79.58532316539568,9.585448181022628,0.0,238.51428571428573,154.36660291409555,-138.11428571428573,209.9,Satisfactory,0.05023999,False
2021-10-24,2021,10,post-monsoon,401.4,491.6,55.9,56.4,7.4,23.2,25.19476184523065,79.58532316539568,9.585448181022628,0.0,239.1285714285714,155.1096248280089,162.27142857142857,135.7,Very Poor,0.05032972,False
2021-10-25,2021,10,post-monsoon,132.0,85.9,94.8,23.8,5.16,9.1,25.19476184523065,79.58532316539568,9.585448181022628,0.0,227.8571428571429,160.2832581935581,-95.85714285714286,264.9,Good,0.049034026,False
2021-10-26,2021,10,post-monsoon,161.7,560.3,81.7,56.2,3.98,81.7,25.19476184523065,79.58532316539568,9.585448181022628,0.0,187.7428571428572,129.86239970500625,-26.042857142857173,495.3,Good,0.048337363,False
2021-10-27,2021,10,post-monsoon,123.9,29.2,8.1,31.5,8.98,55.0,25.19476184523065,79.58532316539568,9.585448181022628,0.0,168.88571428571427,127.8846019995033,-44.985714285714266,82.8,Poor,0.048023887,False
2021-10-28,2021,10,post-monsoon,25.1,457.8,45.8,89.5,1.76,143.0,25.19476184523065,79.58532316539568,9.585448181022628,0.0,172.08571428571432,123.22864153774492,-146.98571428571432,136.6,Very Poor,0.047727235,False
2021-10-29,2021,10,post-monsoon,203.8,428.7,25.4,65.7,2.08,127.1,25.19476184523065,79.58532316539568,9.585448181022628,0.0,164.04285714285714,118.26401054621869,39.75714285714287,471.5,Poor,0.047478803,False
2021-10-30,2021,10,post-monsoon,195.1,331.7,103.0,39.8,4.74,66.9,25.19476184523065,79.58532316539568,9.585448181022628,0.0,177.57142857142853,115.1457296108674,17.528571428571468,283.8,Poor,0.04638325,False
2021-10-31,2021,10,post-monsoon,260.8,75.4,53.5,44.7,3.89,110.4,25.19476184523065,79.58532316539568,9.585448181022628,0.0,157.4857142857143,74.7829621542993,103.31428571428572,101.0,Satisfactory,0.045479704,False
2021-11-01,2021,11,post-monsoon,236.9,474.9,129.7,69.6,9.11,147.8,25.19476184523065,79.58532316539568,9.585448181022628,0.0,172.47142857142856,79.20443409905987,64.42857142857144,492.2,Poor,0.045651227,False
2021-11-02,2021,11,post-monsoon,107.0,118.6,19.9,46.8,4.55,57.1,25.19476184523065,79.58532316539568,9.585448181022628,0.0,164.65714285714284,83.04927969069205,-57.65714285714285,269.0,Severe,0.045729104,False
2021-11-03,2021,11,post-monsoon,425.8,298.0,136.8,39.4,2.31,154.3,25.19476184523065,79.58532316539568,9.585448181022628,0.0,207.78571428571428,125.76236093748948,218.01428571428573,375.7,Severe,0.045952335,False
2021-11-04,2021,11,post-monsoon,171.4,440.5,136.0,63.7,5.18,37.6,25.19476184523065,79.58532316539568,9.585448181022628,0.0,228.68571428571428,99.82418592324233,-57.28571428571428,289.1,Very Poor,0.045023542,False
2021-11-05,2021,11,post-monsoon,439.0,13.7,69.9,24.4,5.89,33.5,25.19476184523065,79.58532316539568,9.585448181022628,0.0,262.2857142857143,126.16080253088936,176.71428571428572,111.4,Severe,0.04548635,False
2021-11-06,2021,11,post-monsoon,282.0,240.5,18.1,0.9,4.05,113.2,25.19476184523065,79.58532316539568,9.585448181022628,0.0,274.7,122.67519444995104,7.300000000000011,255.3,Moderate,0.045030802,False
2021-11-07,2021,11,post-monsoon,55.2,4.9,133.8,68.6,3.27,110.6,25.19476184523065,79.58532316539568,9.585448181022628,0.0,245.32857142857145,148.46070988969552,-190.12857142857143,106.3,Satisfactory,0.045056954,False
2021-11-08,2021,11,post-monsoon,285.3,361.7,46.1,82.9,1.14,13.9,25.19476184523065,79.58532316539568,9.585448181022628,0.0,252.2428571428572,149.12831004588907,33.05714285714285,165.4,Severe,0.045645736,False
2021-11-09,2021,11,post-monsoon,425.8,588.8,7.6,62.5,1.11,49.4,25.19476184523065,79.58532316539568,9.585448181022628,0.0,297.7857142857143,146.02685173820396,128.01428571428573,104.7,Poor,0.046743035,False
2021-11-10,2021,11,post-monsoon,456.7,562.8,104.6,60.7,0.13,176.9,25.19476184523065,79.58532316539568,9.585448181022628,0.0,302.19999999999993,150.9264390357103,154.50000000000006,416.3,Very Poor,0.048380278,False
2021-11-11,2021,11,post-monsoon,413.4,372.4,13.3,58.6,9.76,99.8,25.19476184523065,79.58532316539568,9.585448181022628,0.0,336.7714285714286,143.50566439791044,76.62857142857138,54.4,Good,0.04729993,False
2021-11-12,2021,11,post-monsoon,258.2,361.5,125.2,45.4,7.0,35.0,25.19476184523065,79.58532316539568,9.585448181022628,0.0,310.9428571428571,138.21253991760722,-52.74285714285713,49.7,Satisfactory,0.046036478,False
2021-11-13,2021,11,post-monsoon,236.5,446.5,87.9,7.2,2.71,128.1,25.19476184523065,79.58532316539568,9.585448181022628,0.0,304.4428571428571,140.84538635377035,-67.94285714285712,213.3,Satisfactory,0.044472016,False
2021-11-14,2021,11,post-monsoon,415.2,500.7,6.6,39.6,8.32,124.1,25.19476184523065,79.58532316539568,9.585448181022628,0.0,355.8714285714286,91.8834354728082,59.328571428571365,115.8,Poor,0.04539579,False
2021-11-15,2021,11,post-monsoon,147.4,103.8,2.2,78.0,8.21,104.6,25.19476184523065,79.58532316539568,9.585448181022628,0.0,336.1714285714285,120.013036990233,-188.7714285714285,249.7,Satisfactory,0.04585243,False
2021-11-16,2021,11,post-monsoon,66.6,96.0,92.3,54.3,6.25,78.1,25.19476184523065,79.58532316539568,9.585448181022628,0.0,284.85714285714283,148.67310737703318,-218.25714285714284,435.9,Severe,0.045499988,False
2021-11-17,2021,11,post-monsoon,378.8,218.2,83.9,45.3,2.92,135.3,25.19476184523065,79.58532316539568,9.585448181022628,0.0,273.7285714285714,136.04566285241273,105.0714285714286,55.1,Very Poor,0.04563942,False
2021-11-18,2021,11,post-monsoon,214.2,386.3,20.7,33.3,5.34,68.2,25.19476184523065,79.58532316539568,9.585448181022628,0.0,245.2714285714285,122.07744419405392,-31.071428571428555,201.4,Satisfactory,0.044410985,False
2021-11-19,2021,11,post-monsoon,101.3,66.8,147.7,55.4,9.04,38.7,25.19476184523065,79.58532316539568,9.585448181022628,0.0,222.8571428571429,133.20487800305773,-121.55714285714286,435.8,Satisfactory,0.045556903,False
2021-11-20,2021,11,post-monsoon,484.6,342.4,38.6,5.9,9.83,175.5,25.19476184523065,79.58532316539568,9.585448181022628,0.0,258.3,166.3285203044464,226.3,347.3,Severe,0.045642287,False
2021-11-21,2021,11,post-monsoon,190.9,63.7,83.1,85.5,9.64,172.3,25.19476184523065,79.58532316539568,9.585448181022628,0.0,226.25714285714284,152.05755332705274,-35.35714285714283,178.4,Satisfactory,0.045874007,False
2021-11-22,2021,11,post-monsoon,320.2,576.6,126.5,14.6,5.79,81.3,25.19476184523065,79.58532316539568,9.585448181022628,0.0,250.94285714285712,151.14568972951062,69.25714285714287,14.6,Very Poor,0.045032926,False
2021-11-23,2021,11,post-monsoon,256.9,342.6,78.0,57.5,9.45,84.3,25.19476184523065,79.58532316539568,9.585448181022628,0.0,278.12857142857143,127.7692413987773,-21.228571428571456,325.1,Severe,0.04419598,False
2021-11-24,2021,11,post-monsoon,334.2,410.5,71.8,45.8,4.86,39.8,25.19476184523065,79.58532316539568,9.585448181022628,0.0,271.75714285714287,122.93289303712072,62.44285714285712,477.1,Satisfactory,0.043142524,False
2021-11-25,2021,11,post-monsoon,198.0,315.2,60.6,45.4,3.26,148.3,25.19476184523065,79.58532316539568,9.585448181022628,0.0,269.4428571428571,124.34145000954496,-71.44285714285712,405.7,Satisfactory,0.04280093,False
2021-11-26,2021,11,post-monsoon,52.8,285.5,122.1,86.0,3.69,134.5,25.19476184523065,79.58532316539568,9.585448181022628,0.0,262.5142857142857,136.07035470142424,-209.7142857142857,171.5,Satisfactory,0.042436868,False
2021-11-27,2021,11,post-monsoon,209.7,41.1,25.2,22.2,1.41,187.2,25.19476184523065,79.58532316539568,9.585448181022628,0.0,223.2428571428571,94.65940448335188,-13.542857142857116,414.0,Satisfactory,0.042501345,False
2021-11-28,2021,11,post-monsoon,218.6,18.8,134.4,66.7,9.13,148.0,25.19476184523065,79.58532316539568,9.585448181022628,0.0,227.2,93.6556636479252,-8.600000000000023,335.6,Severe,0.043350328,False
2021-11-29,2021,11,post-monsoon,376.0,329.5,18.0,42.1,7.83,38.5,25.19476184523065,79.58532316539568,9.585448181022628,0.0,235.1714285714285,104.62308085512971,140.82857142857145,90.4,Severe,0.04429266,False
2021-11-30,2021,11,post-monsoon,210.5,549.8,73.3,72.1,9.4,55.3,25.19476184523065,79.58532316539568,9.585448181022628,0.0,228.54285714285712,104.48677519416586,-18.04285714285712,181.6,Moderate,0.045072213,False
2021-12-01,2021,12,winter,377.0,599.5,93.0,89.0,0.87,93.9,25.19476184523065,79.58532316539568,9.585448181022628,0.0,234.65714285714284,112.6345988457491,142.34285714285716,135.2,Very Poor,0.045793414,False
2021-12-02,2021,12,winter,377.9,190.9,10.1,37.9,10.0,7.6,25.19476184523065,79.58532316539568,9.585448181022628,0.0,260.35714285714283,122.92996457526604,117.54285714285714,44.0,Poor,0.04673452,False
2021-12-03,2021,12,winter,351.5,414.0,100.3,2.9,5.11,180.3,25.19476184523065,79.58532316539568,9.585448181022628,0.0,303.0285714285714,84.80541873971873,48.47142857142859,323.1,Poor,0.04645445,False
2021-12-04,2021,12,winter,220.1,128.4,125.6,59.7,5.48,165.1,25.19476184523065,79.58532316539568,9.585448181022628,0.0,304.5142857142857,82.96909923924339,-84.41428571428568,51.2,Severe,0.046382222,False
2021-12-05,2021,12,winter,300.3,361.1,101.3,93.8,6.27,53.0,25.19476184523065,79.58532316539568,9.585448181022628,0.0,316.18571428571425,74.14644133001094,-15.885714285714243,213.9,Good,0.04541832,False
2021-12-06,2021,12,winter,88.9,33.7,66.9,13.2,1.54,122.9,25.19476184523065,79.58532316539568,9.585448181022628,0.0,275.1714285714285,107.46473397175016,-186.2714285714285,98.2,Poor,0.046274293,False
2021-12-07,2021,12,winter,458.3,572.7,14.0,35.3,7.02,176.7,25.19476184523065,79.58532316539568,9.585448181022628,0.0,310.57142857142856,122.38843510568732,147.72857142857146,80.6,Severe,0.04598934,False
2021-12-08,2021,12,winter,58.0,95.4,93.1,96.7,6.97,153.3,25.19476184523065,79.58532316539568,9.585448181022628,0.0,265.0,149.84206129566329,-207.0,209.1,Moderate,0.046572767,False
2021-12-09,2021,12,winter,265.8,24.5,136.1,87.1,7.29,43.5,25.19476184523065,79.58532316539568,9.585448181022628,0.0,248.9857142857143,141.52437279577703,16.814285714285717,184.2,Moderate,0.045896593,False
2021-12-10,2021,12,winter,400.2,435.7,128.0,22.1,3.35,170.9,25.19476184523065,79.58532316539568,9.585448181022628,0.0,255.94285714285712,148.43217145824386,144.25714285714287,403.6,Very Poor,0.044989876,False
2021-12-11,2021,12,winter,133.3,62.4,89.7,92.0,2.21,36.5,25.19476184523065,79.58532316539568,9.585448181022628,0.0,243.5428571428572,155.38816833061273,-110.24285714285716,96.2,Satisfactory,0.045493092,False
2021-12-12,2021,12,winter,119.6,459.3,72.0,95.1,1.83,95.2,25.19476184523065,79.58532316539568,9.585448181022628,0.0,217.72857142857143,159.34695598269943,-98.12857142857143,28.3,Moderate,0.04625473,False
2021-12-13,2021,12,winter,319.7,382.3,79.4,13.7,8.67,96.1,25.19476184523065,79.58532316539568,9.585448181022628,0.0,250.7,151.9540939450683,68.99999999999997,345.5,Moderate,0.04604383,False
2021-12-14,2021,12,winter,304.5,353.7,37.5,97.7,6.8,27.2,25.19476184523065,79.58532316539568,9.585448181022628,0.0,228.72857142857143,125.80259290234184,75.77142857142857,370.9,Very Poor,0.045747776,False
2021-12-15,2021,12,winter,305.2,34.2,110.2,6.9,3.13,38.5,25.19476184523065,79.58532316539568,9.585448181022628,0.0,264.04285714285714,102.41069047618764,41.15714285714285,370.1,Poor,0.04573544,False
2021-12-16,2021,12,winter,293.3,64.9,24.5,86.0,7.16,182.5,25.19476184523065,79.58532316539568,9.585448181022628,0.0,267.9714285714286,103.01501046426374,25.328571428571426,162.3,Satisfactory,0.046199303,False
2021-12-17,2021,12,winter,59.7,213.8,30.1,97.4,7.65,106.0,25.19476184523065,79.58532316539568,9.585448181022628,0.0,219.32857142857145,110.3043171455784,-159.62857142857143,300.2,Poor,0.047258165,False
2021-12-18,2021,12,winter,369.3,121.3,111.4,12.6,6.73,130.2,25.19476184523065,79.58532316539568,9.585448181022628,0.0,253.0428571428572,115.56830386028356,116.25714285714288,479.8,Good,0.047865644,False
2021-12-19,2021,12,winter,55.1,528.4,46.3,41.3,7.4,162.5,25.19476184523065,79.58532316539568,9.585448181022628,0.0,243.82857142857145,129.68953587042282,-188.72857142857143,93.7,Very Poor,0.047565196,False
2021-12-20,2021,12,winter,58.9,34.4,118.9,99.9,1.14,10.8,25.19476184523065,79.58532316539568,9.585448181022628,0.0,206.57142857142856,141.21006472965138,-147.67142857142858,448.1,Severe,0.047930595,False
2021-12-21,2021,12,winter,387.3,587.4,83.4,52.8,1.33,122.9,25.19476184523065,79.58532316539568,9.585448181022628,0.0,218.4,153.69618299315903,168.9,22.1,Moderate,0.047951035,False
2021-12-22,2021,12,winter,178.4,351.5,118.3,44.2,8.9,103.4,25.19476184523065,79.58532316539568,9.585448181022628,0.0,200.28571428571428,149.1665559988947,-21.885714285714272,485.8,Moderate,0.047061145,False
2021-12-23,2021,12,winter,452.5,556.4,44.7,65.6,2.14,18.9,25.19476184523065,79.58532316539568,9.585448181022628,0.0,223.02857142857144,175.5200341298746,229.47142857142856,25.9,Moderate,0.04894638,False
2021-12-24,2021,12,winter,17.8,55.2,12.1,58.2,8.29,80.2,25.19476184523065,79.58532316539568,9.585448181022628,0.0,217.0428571428572,182.5903598873979,-199.2428571428572,357.3,Very Poor,0.050559558,False
2021-12-25,2021,12,winter,252.0,24.3,86.9,9.9,4.85,172.9,25.19476184523065,79.58532316539568,9.585448181022628,0.0,200.28571428571428,171.3230810347457,51.71428571428572,253.4,Severe,0.051765718,False
2021-12-26,2021,12,winter,413.7,549.9,110.0,77.5,9.84,60.6,25.19476184523065,79.58532316539568,9.585448181022628,0.0,251.51428571428573,174.26310977533774,162.18571428571423,413.9,Moderate,0.052355874,False
2021-12-27,2021,12,winter,387.1,551.2,9.1,1.5,9.52,118.0,25.19476184523065,79.58532316539568,9.585448181022628,0.0,298.40000000000003,157.1098978422429,88.69999999999999,451.7,Good,0.053038985,False
2021-12-28,2021,12,winter,26.8,7.9,2.2,3.4,6.25,178.2,25.19476184523065,79.58532316539568,9.585448181022628,0.0,246.90000000000003,180.46177803993092,-220.1,124.8,Severe,0.054852728,False
2021-12-29,2021,12,winter,346.7,229.1,120.1,83.1,4.05,102.9,25.19476184523065,79.58532316539568,9.585448181022628,0.0,270.9428571428571,181.02490489011777,75.75714285714287,343.2,Moderate,0.054414287,False
2021-12-30,2021,12,winter,481.8,223.9,30.2,65.6,2.16,54.7,25.19476184523065,79.58532316539568,9.585448181022628,0.0,275.12857142857143,186.1877163356533,206.67142857142852,435.5,Severe,0.054736365,False
2021-12-31,2021,12,winter,78.7,304.4,59.3,40.2,0.44,152.3,25.19476184523065,79.58532316539568,9.585448181022628,0.0,283.8285714285715,173.12401830562308,-205.1285714285715,34.0,Very Poor,0.0542586,False
2022-01-01,2022,1,winter,111.9,265.6,21.3,26.3,2.11,49.2,25.19476184523065,79.58532316539568,9.585448181022628,0.0,263.81428571428575,185.10084124220347,-151.91428571428574,379.3,Good,0.053340286,False
2022-01-02,2022,1,winter,91.6,222.3,69.3,42.7,2.67,69.5,25.19476184523065,79.58532316539568,9.585448181022628,0.0,217.8,181.6336789621718,-126.20000000000002,41.2,Satisfactory,0.052406188,False
2022-01-03,2022,1,winter,128.3,294.0,18.8,43.2,5.84,51.0,25.19476184523065,79.58532316539568,9.585448181022628,0.0,180.82857142857145,167.19465416379887,-52.52857142857141,340.9,Moderate,0.052105293,False
2022-01-04,2022,1,winter,169.1,263.2,20.3,89.0,1.51,71.2,25.19476184523065,79.58532316539568,9.585448181022628,0.0,201.15714285714284,153.4298521273141,-32.05714285714285,492.3,Satisfactory,0.052208543,False
2022-01-05,2022,1,winter,296.2,395.9,14.7,13.7,2.91,106.7,25.19476184523065,79.58532316539568,9.585448181022628,0.0,193.94285714285715,146.4754912052165,102.25714285714284,127.3,Good,0.051615976,False
2022-01-06,2022,1,winter,234.0,0.6,66.1,50.1,9.06,163.3,25.19476184523065,79.58532316539568,9.585448181022628,0.0,158.54285714285714,80.31307193607674,75.45714285714286,26.3,Poor,0.050482165,False
2022-01-07,2022,1,winter,319.7,305.0,37.5,54.3,6.4,108.6,25.19476184523065,79.58532316539568,9.585448181022628,0.0,192.97142857142856,91.28763542206752,126.72857142857144,195.2,Poor,0.04880397,False
2022-01-08,2022,1,winter,98.6,506.1,104.7,41.0,9.61,145.4,25.19476184523065,79.58532316539568,9.585448181022628,0.0,191.07142857142856,93.37086830280084,-92.4714285714286,214.9,Very Poor,0.048557524,False
2022-01-09,2022,1,winter,456.4,72.5,146.9,42.2,6.8,178.4,25.19476184523065,79.58532316539568,9.585448181022628,0.0,243.18571428571423,125.03473422175423,213.2142857142857,384.3,Good,0.049495164,False
2022-01-10,2022,1,winter,355.6,367.4,113.1,39.7,7.17,116.2,25.19476184523065,79.58532316539568,9.585448181022628,0.0,275.65714285714284,119.6241315836518,79.94285714285718,359.8,Very Poor,0.04847718,False
2022-01-11,2022,1,winter,301.1,592.0,33.3,0.3,2.58,133.9,25.19476184523065,79.58532316539568,9.585448181022628,0.0,294.5142857142857,110.04799602251474,6.585714285714346,324.8,Good,0.04897057,False
2022-01-12,2022,1,winter,332.4,524.5,19.0,80.9,1.42,55.0,25.19476184523065,79.58532316539568,9.585448181022628,0.0,299.6857142857143,110.98697263750412,32.714285714285666,20.1,Good,0.04977522,False
2022-01-13,2022,1,winter,162.2,87.3,146.8,58.2,4.23,144.4,25.19476184523065,79.58532316539568,9.585448181022628,0.0,289.42857142857144,120.94068400509002,-127.22857142857146,436.6,Moderate,0.04997682,False
2022-01-14,2022,1,winter,312.1,318.7,118.1,86.0,5.4,128.9,25.19476184523065,79.58532316539568,9.585448181022628,0.0,288.3428571428571,120.65741940362744,23.757142857142924,162.1,Good,0.049188413,False
2022-01-15,2022,1,winter,111.7,311.2,7.8,26.7,5.55,131.4,25.19476184523065,79.58532316539568,9.585448181022628,0.0,290.2142857142857,117.27823652282956,-178.51428571428573,337.1,Poor,0.048484977,False
2022-01-16,2022,1,winter,365.2,363.8,62.7,97.6,0.19,132.6,25.19476184523065,79.58532316539568,9.585448181022628,0.0,277.18571428571425,99.4502124779266,88.01428571428573,293.3,Satisfactory,0.04838733,False
2022-01-17,2022,1,winter,240.9,225.4,52.2,45.0,0.02,72.4,25.19476184523065,79.58532316539568,9.585448181022628,0.0,260.8,93.65760335747784,-19.90000000000001,226.2,Severe,0.04789817,False
2022-01-18,2022,1,winter,193.2,227.3,89.1,93.3,0.94,51.3,25.19476184523065,79.58532316539568,9.585448181022628,0.0,245.3857142857143,94.79183207730188,-52.18571428571431,35.0,Moderate,0.04746715,False
2022-01-19,2022,1,winter,454.9,405.7,33.1,88.7,3.92,186.8,25.19476184523065,79.58532316539568,9.585448181022628,0.0,262.88571428571424,121.17064315214613,192.01428571428573,309.2,Very Poor,0.046117906,False
2022-01-20,2022,1,winter,263.8,193.5,88.4,1.4,0.17,191.2,25.19476184523065,79.58532316539568,9.585448181022628,0.0,277.4,112.90299671251712,-13.599999999999966,1.5,Very Poor,0.046470653,False
2022-01-21,2022,1,winter,150.4,408.2,124.8,55.4,7.53,145.2,25.19476184523065,79.58532316539568,9.585448181022628,0.0,254.3,120.88021619217363,-103.89999999999998,72.7,Good,0.04672377,False
2022-01-22,2022,1,winter,151.7,599.0,116.0,73.1,1.28,81.7,25.19476184523065,79.58532316539568,9.585448181022628,0.0,260.0142857142857,113.75088905984312,-108.31428571428567,386.4,Severe,0.04618709,False
2022-01-23,2022,1,winter,351.8,18.4,120.4,74.4,6.11,147.4,25.19476184523065,79.58532316539568,9.585448181022628,0.0,258.1,111.78142362068326,93.70000000000005,9.7,Very Poor,0.045379434,False
2022-01-24,2022,1,winter,331.9,30.3,116.8,5.5,2.39,23.5,25.19476184523065,79.58532316539568,9.585448181022628,0.0,271.1,114.70114791637144,60.79999999999996,483.9,Satisfactory,0.046282463,False
2022-01-25,2022,1,winter,243.4,56.8,140.3,60.9,6.39,188.3,25.19476184523065,79.58532316539568,9.585448181022628,0.0,278.2714285714286,110.51168436392764,-34.871428571428595,369.5,Good,0.04540701,False
2022-01-26,2022,1,winter,403.9,583.5,91.7,76.0,9.37,65.9,25.19476184523065,79.58532316539568,9.585448181022628,0.0,270.98571428571427,97.88625079774012,132.9142857142857,354.6,Moderate,0.044882935,False
2022-01-27,2022,1,winter,189.5,105.7,122.0,42.1,7.61,55.6,25.19476184523065,79.58532316539568,9.585448181022628,0.0,260.37142857142857,102.70504230214648,-70.87142857142857,176.8,Poor,0.0427191,False
2022-01-28,2022,1,winter,170.1,67.2,113.4,92.4,2.9,122.8,25.19476184523065,79.58532316539568,9.585448181022628,0.0,263.18571428571425,99.40634501163098,-93.08571428571426,112.1,Severe,0.04321907,False
2022-01-29,2022,1,winter,482.0,470.1,130.2,21.6,6.26,158.2,25.19476184523065,79.58532316539568,9.585448181022628,0.0,310.37142857142857,114.85854654437216,171.62857142857143,110.4,Good,0.043527078,False
2022-01-30,2022,1,winter,354.8,389.4,76.6,62.6,3.55,199.9,25.19476184523065,79.58532316539568,9.585448181022628,0.0,310.8,115.0443392783843,44.0,238.9,Moderate,0.04278251,False
2022-01-31,2022,1,winter,377.8,212.6,30.7,39.9,0.39,88.1,25.19476184523065,79.58532316539568,9.585448181022628,0.0,317.35714285714283,117.72426622044776,60.44285714285718,182.9,Poor,0.04231111,False
2022-02-01,2022,2,winter,416.3,288.0,127.1,95.5,6.84,186.5,25.19476184523065,79.58532316539568,9.585448181022628,0.0,342.0571428571429,117.75922974644575,74.24285714285713,336.9,Poor,0.04289749,False
2022-02-02,2022,2,winter,219.1,465.7,1.8,98.1,8.27,21.4,25.19476184523065,79.58532316539568,9.585448181022628,0.0,315.65714285714284,122.21471347786316,-96.55714285714284,270.9,Moderate,0.04466407,False
2022-02-03,2022,2,winter,209.4,323.0,122.9,18.2,2.05,54.1,25.19476184523065,79.58532316539568,9.585448181022628,0.0,318.5,118.97969014359832,-109.1,281.3,Very Poor,0.044460893,False
2022-02-04,2022,2,winter,342.1,345.0,118.2,87.5,1.48,118.4,25.19476184523065,79.58532316539568,9.585448181022628,0.0,343.07142857142856,99.3689373712214,-0.9714285714285325,418.5,Severe,0.04386009,False
2022-02-05,2022,2,winter,76.5,589.3,51.3,21.8,8.72,159.1,25.19476184523065,79.58532316539568,9.585448181022628,0.0,285.1428571428572,120.7713108474422,-208.6428571428572,469.1,Good,0.044885684,False
2022-02-06,2022,2,winter,212.3,356.6,1.7,36.4,9.81,92.8,25.19476184523065,79.58532316539568,9.585448181022628,0.0,264.7857142857143,119.07093724010944,-52.485714285714266,402.9,Severe,0.04644266,False
2022-02-07,2022,2,winter,477.7,46.8,25.7,58.0,1.26,193.4,25.19476184523065,79.58532316539568,9.585448181022628,0.0,279.0571428571429,139.16529568757258,198.6428571428571,13.4,Very Poor,0.047273256,False
2022-02-08,2022,2,winter,257.8,235.8,48.1,63.1,4.42,118.4,25.19476184523065,79.58532316539568,9.585448181022628,0.0,256.4142857142857,125.3190917693898,1.3857142857143003,126.1,Good,0.045167126,False
2022-02-09,2022,2,winter,348.7,132.6,139.6,56.1,5.94,76.5,25.19476184523065,79.58532316539568,9.585448181022628,0.0,274.92857142857144,128.42254104174637,73.77142857142854,285.6,Moderate,0.045576524,False
2022-02-10,2022,2,winter,388.3,199.2,43.6,80.5,0.6,85.5,25.19476184523065,79.58532316539568,9.585448181022628,0.0,300.4857142857143,130.98410117989417,87.81428571428569,34.9,Moderate,0.044650137,False
2022-02-11,2022,2,winter,277.1,326.9,20.8,82.6,8.43,86.3,25.19476184523065,79.58532316539568,9.585448181022628,0.0,291.2,129.84130056855298,-14.099999999999966,58.1,Poor,0.04417343,False
2022-02-12,2022,2,winter,197.1,323.9,123.0,20.2,5.8,41.3,25.19476184523065,79.58532316539568,9.585448181022628,0.0,308.42857142857144,101.51644717787867,-111.32857142857144,429.3,Satisfactory,0.0442428,False
2022-02-13,2022,2,winter,190.0,385.0,139.9,0.5,9.35,90.0,25.19476184523065,79.58532316539568,9.585448181022628,0.0,305.24285714285713,105.31470073297542,-115.24285714285712,200.6,Good,0.04594817,False
2022-02-14,2022,2,winter,326.0,169.0,0.0,3.4,0.88,26.3,25.19476184523065,79.58532316539568,9.585448181022628,0.0,283.57142857142856,75.22073548975061,42.428571428571445,159.3,Moderate,0.04736431,False
2022-02-15,2022,2,winter,210.0,121.4,96.8,77.7,2.14,53.8,25.19476184523065,79.58532316539568,9.585448181022628,0.0,276.74285714285713,79.9699288721048,-66.74285714285713,261.8,Good,0.046593912,False
2022-02-16,2022,2,winter,294.1,157.3,108.0,83.6,1.3,9.8,25.19476184523065,79.58532316539568,9.585448181022628,0.0,268.9428571428571,74.23913741288689,25.1571428571429,464.2,Very Poor,0.0472735,False
2022-02-17,2022,2,winter,464.8,238.6,117.5,53.3,7.84,135.5,25.19476184523065,79.58532316539568,9.585448181022628,0.0,279.87142857142857,96.90764872264911,184.92857142857144,329.8,Severe,0.047172945,False
2022-02-18,2022,2,winter,463.5,291.1,149.0,16.3,5.4,115.5,25.19476184523065,79.58532316539568,9.585448181022628,0.0,306.5,119.0901339322447,157.0,268.4,Poor,0.046430685,False
2022-02-19,2022,2,winter,342.3,22.9,60.2,95.8,2.65,165.4,25.19476184523065,79.58532316539568,9.585448181022628,0.0,327.24285714285713,109.08420076776856,15.057142857142878,51.0,Moderate,0.045966726,False
2022-02-20,2022,2,winter,231.3,55.2,129.2,48.9,7.85,91.4,25.19476184523065,79.58532316539568,9.585448181022628,0.0,333.1428571428572,101.26033868438408,-101.84285714285716,375.4,Good,0.045942906,False
2022-02-21,2022,2,winter,348.8,431.6,61.2,6.4,6.14,25.8,25.19476184523065,79.58532316539568,9.585448181022628,0.0,336.40000000000003,101.35893316986576,12.399999999999975,494.0,Satisfactory,0.045725796,False
2022-02-22,2022,2,winter,106.6,447.8,135.4,16.4,4.47,48.7,25.19476184523065,79.58532316539568,9.585448181022628,0.0,321.62857142857143,127.11249236123764,-215.02857142857144,391.8,Satisfactory,0.046484273,False
2022-02-23,2022,2,winter,406.5,199.9,138.0,94.8,4.42,179.2,25.19476184523065,79.58532316539568,9.585448181022628,0.0,337.6857142857143,130.11919444073092,68.81428571428569,366.6,Very Poor,0.046283685,False
2022-02-24,2022,2,winter,377.1,368.0,82.3,67.4,7.59,129.0,25.19476184523065,79.58532316539568,9.585448181022628,0.0,325.15714285714284,119.64023650292644,51.94285714285718,212.2,Good,0.045235097,False
2022-02-25,2022,2,winter,48.0,470.4,121.1,20.9,1.84,139.7,25.19476184523065,79.58532316539568,9.585448181022628,0.0,265.8,140.7700015391536,-217.8,305.4,Poor,0.045487635,False
2022-02-26,2022,2,winter,83.6,261.8,32.4,55.8,1.5,68.8,25.19476184523065,79.58532316539568,9.585448181022628,0.0,228.8428571428572,150.9309649822599,-145.24285714285716,17.2,Poor,0.046050712,False
2022-02-27,2022,2,winter,131.6,98.5,109.8,82.9,3.91,55.7,25.19476184523065,79.58532316539568,9.585448181022628,0.0,214.6,155.30135221561972,-83.0,487.4,Satisfactory,0.045942936,False
2022-02-28,2022,2,winter,313.5,592.7,149.9,16.8,4.44,184.8,25.19476184523065,79.58532316539568,9.585448181022628,0.0,209.55714285714288,150.723044656337,103.94285714285712,0.7,Severe,0.046338897,False
2022-03-01,2022,3,summer,300.2,374.7,27.0,82.9,9.44,86.7,25.19476184523065,79.58532316539568,9.585448181022628,0.0,237.2142857142857,146.38200513919531,62.985714285714266,83.5,Good,0.046803515,False
2022-03-02,2022,3,summer,129.5,269.0,144.3,42.7,5.25,148.8,25.19476184523065,79.58532316539568,9.585448181022628,0.0,197.6428571428572,129.45370932168314,-68.14285714285714,398.1,Severe,0.046614587,False
2022-03-03,2022,3,summer,98.9,97.1,38.4,8.4,4.36,167.2,25.19476184523065,79.58532316539568,9.585448181022628,0.0,157.9,105.70272781090672,-59.0,149.3,Very Poor,0.04637309,False
2022-03-04,2022,3,summer,66.1,462.1,95.8,18.8,3.12,132.0,25.19476184523065,79.58532316539568,9.585448181022628,0.0,160.4857142857143,102.7463126438352,-94.3857142857143,135.3,Moderate,0.044830304,False
2022-03-05,2022,3,summer,150.0,233.8,68.5,57.4,2.6,176.0,25.19476184523065,79.58532316539568,9.585448181022628,0.0,169.9714285714286,97.39054906724274,-19.97142857142859,216.4,Moderate,0.044623137,False
2022-03-06,2022,3,summer,265.4,293.8,143.9,65.2,2.5,193.1,25.19476184523065,79.58532316539568,9.585448181022628,0.0,189.08571428571423,101.64174714114635,76.31428571428572,368.9,Very Poor,0.044659503,False
2022-03-07,2022,3,summer,103.3,17.4,90.9,23.0,7.29,62.8,25.19476184523065,79.58532316539568,9.585448181022628,0.0,159.05714285714285,89.02671616136449,-55.75714285714285,412.2,Poor,0.043388292,False
2022-03-08,2022,3,summer,360.0,222.7,26.8,62.1,3.77,155.4,25.19476184523065,79.58532316539568,9.585448181022628,0.0,167.6,106.06633144719692,192.4,441.3,Very Poor,0.04286133,False
2022-03-09,2022,3,summer,397.5,151.3,26.4,14.7,6.3,16.2,25.19476184523065,79.58532316539568,9.585448181022628,0.0,205.8857142857143,134.5623948034445,191.6142857142857,200.8,Moderate,0.04217261,False
2022-03-10,2022,3,summer,26.6,360.9,118.7,67.3,7.65,2.5,25.19476184523065,79.58532316539568,9.585448181022628,0.0,195.55714285714285,146.3972319540554,-168.95714285714286,144.3,Satisfactory,0.044014804,False
2022-03-11,2022,3,summer,331.5,89.7,106.4,22.7,9.4,117.0,25.19476184523065,79.58532316539568,9.585448181022628,0.0,233.47142857142856,141.5696261477688,98.02857142857144,222.9,Very Poor,0.044257123,False
2022-03-12,2022,3,summer,384.3,318.2,52.2,13.7,6.64,84.4,25.19476184523065,79.58532316539568,9.585448181022628,0.0,266.9428571428571,146.16838300561503,117.35714285714288,35.4,Poor,0.04364075,False
2022-03-13,2022,3,summer,414.9,293.5,43.5,88.5,2.06,93.5,25.19476184523065,79.58532316539568,9.585448181022628,0.0,288.3,156.46470315484356,126.59999999999997,410.8,Satisfactory,0.04397487,False
2022-03-14,2022,3,summer,409.4,422.5,49.7,94.2,1.38,135.4,25.19476184523065,79.58532316539568,9.585448181022628,0.0,332.0285714285714,137.80548748490517,77.37142857142857,120.6,Poor,0.044941787,False
2022-03-15,2022,3,summer,207.1,206.4,48.6,97.8,8.84,32.9,25.19476184523065,79.58532316539568,9.585448181022628,0.0,310.18571428571425,144.58393673539513,-103.08571428571426,0.6,Severe,0.04479149,False
2022-03-16,2022,3,summer,423.9,217.0,70.1,95.3,3.68,167.3,25.19476184523065,79.58532316539568,9.585448181022628,0.0,313.95714285714286,147.55489212654444,109.94285714285712,349.8,Poor,0.043612063,False
2022-03-17,2022,3,summer,468.6,193.6,23.4,75.0,1.48,91.9,25.19476184523065,79.58532316539568,9.585448181022628,0.0,377.1,85.69891092267919,91.50000000000006,19.1,Poor,0.04444025,False
2022-03-18,2022,3,summer,274.1,117.5,37.5,73.6,0.45,90.0,25.19476184523065,79.58532316539568,9.585448181022628,0.0,368.9,93.20656271600892,-94.8,119.1,Severe,0.04419987,False
2022-03-19,2022,3,summer,329.2,63.3,34.9,28.6,6.63,129.8,25.19476184523065,79.58532316539568,9.585448181022628,0.0,361.0285714285714,94.01240546306828,-31.828571428571426,380.0,Severe,0.043832,False
2022-03-20,2022,3,summer,154.7,149.4,136.0,78.5,5.3,109.8,25.19476184523065,79.58532316539568,9.585448181022628,0.0,323.85714285714283,117.63455922393516,-169.15714285714284,0.7,Very Poor,0.04321193,False
2022-03-21,2022,3,summer,206.9,173.4,34.5,65.1,8.32,30.8,25.19476184523065,79.58532316539568,9.585448181022628,0.0,294.92857142857144,117.9906029349472,-88.02857142857144,415.5,Moderate,0.042736247,False
2022-03-22,2022,3,summer,93.5,407.4,147.5,14.1,6.54,175.8,25.19476184523065,79.58532316539568,9.585448181022628,0.0,278.7,138.17063122579026,-185.2,71.2,Poor,0.04371122,False
2022-03-23,2022,3,summer,131.7,486.3,136.4,48.5,4.87,58.1,25.19476184523065,79.58532316539568,9.585448181022628,0.0,236.95714285714283,130.94237736682578,-105.25714285714284,449.8,Good,0.043543708,False
2022-03-24,2022,3,summer,485.7,515.0,92.6,32.8,8.11,107.6,25.19476184523065,79.58532316539568,9.585448181022628,0.0,239.4,136.0442697555959,246.3,249.6,Good,0.043969028,False
2022-03-25,2022,3,summer,69.0,142.5,5.2,45.7,6.07,41.9,25.19476184523065,79.58532316539568,9.585448181022628,0.0,210.1,148.81246587567864,-141.09999999999997,241.4,Moderate,0.043731153,False
2022-03-26,2022,3,summer,329.4,150.8,103.9,1.7,7.17,34.3,25.19476184523065,79.58532316539568,9.585448181022628,0.0,210.12857142857143,148.839160553551,119.27142857142854,30.9,Satisfactory,0.044567235,False
2022-03-27,2022,3,summer,363.5,9.7,97.8,7.9,6.24,144.1,25.19476184523065,79.58532316539568,9.585448181022628,0.0,239.95714285714283,156.59972176585393,123.54285714285716,38.8,Poor,0.04391176,False
2022-03-28,2022,3,summer,12.2,589.3,104.7,56.2,4.17,180.0,25.19476184523065,79.58532316539568,9.585448181022628,0.0,212.1428571428571,179.12097268924953,-199.94285714285712,370.8,Very Poor,0.045305002,False
2022-03-29,2022,3,summer,367.4,425.8,120.5,6.5,7.79,35.7,25.19476184523065,79.58532316539568,9.585448181022628,0.0,251.2714285714285,178.80029562135996,116.12857142857143,202.9,Very Poor,0.045939036,False
2022-03-30,2022,3,summer,300.8,15.9,134.1,63.0,9.38,118.8,25.19476184523065,79.58532316539568,9.585448181022628,0.0,275.42857142857144,171.21529053880005,25.371428571428567,460.8,Very Poor,0.044817016,False
2022-03-31,2022,3,summer,297.2,349.7,136.2,24.7,9.54,100.7,25.19476184523065,79.58532316539568,9.585448181022628,0.0,248.5,145.52888602152728,48.69999999999999,304.4,Moderate,0.044506453,False
2022-04-01,2022,4,summer,180.5,594.5,42.9,85.7,6.72,170.8,25.19476184523065,79.58532316539568,9.585448181022628,0.0,264.42857142857144,127.6059391810809,-83.92857142857144,438.7,Satisfactory,0.04561086,False
2022-04-02,2022,4,summer,26.5,60.3,28.1,52.9,2.19,68.9,25.19476184523065,79.58532316539568,9.585448181022628,0.0,221.15714285714284,151.09679962574614,-194.65714285714284,401.2,Poor,0.045973565,False
2022-04-03,2022,4,summer,415.0,120.4,87.8,89.9,3.72,110.3,25.19476184523065,79.58532316539568,9.585448181022628,0.0,228.5142857142857,160.1645656668107,186.4857142857143,479.2,Very Poor,0.04584434,False
2022-04-04,2022,4,summer,438.7,468.8,83.2,29.9,0.95,55.3,25.19476184523065,79.58532316539568,9.585448181022628,0.0,289.4428571428571,144.5200430983289,149.25714285714287,249.8,Severe,0.04683117,False
2022-04-05,2022,4,summer,242.9,42.9,61.1,85.0,3.27,89.9,25.19476184523065,79.58532316539568,9.585448181022628,0.0,271.65714285714284,140.9437577799842,-28.75714285714284,450.2,Very Poor,0.04610361,False
2022-04-06,2022,4,summer,481.2,281.2,120.8,42.8,0.87,88.8,25.19476184523065,79.58532316539568,9.585448181022628,0.0,297.42857142857144,162.0702493188855,183.7714285714285,353.7,Good,0.046413068,False
2022-04-07,2022,4,summer,361.1,198.2,24.8,36.8,7.28,99.6,25.19476184523065,79.58532316539568,9.585448181022628,0.0,306.5571428571429,163.84508798600842,54.54285714285714,316.8,Satisfactory,0.046066377,False
2022-04-08,2022,4,summer,196.7,210.8,30.4,51.4,3.8,178.5,25.19476184523065,79.58532316539568,9.585448181022628,0.0,308.87142857142857,161.870305227011,-112.17142857142858,275.9,Poor,0.04531741,False
2022-04-09,2022,4,summer,83.7,57.4,99.5,47.0,4.68,47.0,25.19476184523065,79.58532316539568,9.585448181022628,0.0,317.04285714285714,145.89557746487554,-233.3428571428572,222.6,Severe,0.044702675,False
2022-04-10,2022,4,summer,469.7,79.3,136.9,34.8,5.0,196.2,25.19476184523065,79.58532316539568,9.585448181022628,0.0,324.85714285714283,153.29398615234768,144.84285714285716,125.4,Severe,0.045417584,False
2022-04-11,2022,4,summer,108.8,138.5,131.2,4.8,3.0,97.3,25.19476184523065,79.58532316539568,9.585448181022628,0.0,277.72857142857146,162.87370070380413,-168.92857142857144,231.3,Satisfactory,0.046365853,False
2022-04-12,2022,4,summer,485.7,296.6,82.4,27.2,5.18,82.2,25.19476184523065,79.58532316539568,9.585448181022628,0.0,312.4142857142857,179.25049910271215,173.28571428571428,34.8,Very Poor,0.0459828,False
2022-04-13,2022,4,summer,234.5,234.0,91.0,97.2,5.11,31.2,25.19476184523065,79.58532316539568,9.585448181022628,0.0,277.1714285714286,164.1503651563175,-42.67142857142858,228.2,Very Poor,0.045319986,False
2022-04-14,2022,4,summer,39.5,351.4,123.7,10.8,3.64,186.3,25.19476184523065,79.58532316539568,9.585448181022628,0.0,231.22857142857143,180.89616463859144,-191.72857142857143,391.2,Very Poor,0.04577207,False
2022-04-15,2022,4,summer,27.5,348.3,148.3,5.6,4.04,146.4,25.19476184523065,79.58532316539568,9.585448181022628,0.0,207.05714285714288,196.8772194130381,-179.55714285714288,147.3,Poor,0.04609809,False
2022-04-16,2022,4,summer,316.5,206.2,67.2,82.1,8.23,30.0,25.19476184523065,79.58532316539568,9.585448181022628,0.0,240.3142857142857,192.17280789757456,76.18571428571428,205.0,Satisfactory,0.04545995,False
2022-04-17,2022,4,summer,475.3,180.9,43.5,23.3,9.14,183.2,25.19476184523065,79.58532316539568,9.585448181022628,0.0,241.1142857142857,193.2952528178195,234.1857142857143,160.6,Satisfactory,0.046415724,False
2022-04-18,2022,4,summer,182.8,462.3,137.2,38.9,0.39,132.8,25.19476184523065,79.58532316539568,9.585448181022628,0.0,251.68571428571428,186.7661320883369,-68.88571428571427,495.1,Good,0.047010105,False
2022-04-19,2022,4,summer,493.9,103.9,144.4,13.9,8.41,13.3,25.19476184523065,79.58532316539568,9.585448181022628,0.0,252.8571428571429,188.49624096289784,241.04285714285712,457.3,Good,0.048547387,False
2022-04-20,2022,4,summer,133.8,549.3,149.7,98.1,1.55,168.8,25.19476184523065,79.58532316539568,9.585448181022628,0.0,238.47142857142856,193.89600919294955,-104.67142857142856,74.3,Poor,0.050442908,False
2022-04-21,2022,4,summer,63.3,485.8,69.7,91.8,9.65,179.9,25.19476184523065,79.58532316539568,9.585448181022628,0.0,241.87142857142857,189.9949360227417,-178.57142857142856,118.6,Moderate,0.051439177,False
2022-04-22,2022,4,summer,294.4,576.6,106.1,26.3,0.07,11.7,25.19476184523065,79.58532316539568,9.585448181022628,0.0,280.0,164.93234976801847,14.399999999999975,305.7,Poor,0.05267823,False
2022-04-23,2022,4,summer,306.8,371.2,113.7,54.7,3.9,105.1,25.19476184523065,79.58532316539568,9.585448181022628,0.0,278.6142857142857,164.6150198551297,28.18571428571431,378.0,Satisfactory,0.050863937,False
2022-04-24,2022,4,summer,204.7,268.0,80.0,28.3,6.79,66.3,25.19476184523065,79.58532316539568,9.585448181022628,0.0,239.95714285714288,140.7752683907091,-35.25714285714287,71.8,Good,0.049508147,False
2022-04-25,2022,4,summer,474.1,567.2,21.3,67.2,5.94,130.1,25.19476184523065,79.58532316539568,9.585448181022628,0.0,281.57142857142856,162.4498662591602,192.52857142857147,73.6,Moderate,0.050473798,False
2022-04-26,2022,4,summer,469.2,89.3,64.3,5.7,1.65,191.6,25.19476184523065,79.58532316539568,9.585448181022628,0.0,278.04285714285714,157.25438899166804,191.15714285714284,332.7,Satisfactory,0.051453147,False
2022-04-27,2022,4,summer,183.6,3.6,0.0,56.7,3.46,102.1,25.19476184523065,79.58532316539568,9.585448181022628,0.0,285.15714285714284,150.62802812605244,-101.55714285714284,160.8,Very Poor,0.051236436,False
2022-04-28,2022,4,summer,471.0,159.2,69.3,14.9,1.06,56.2,25.19476184523065,79.58532316539568,9.585448181022628,0.0,343.40000000000003,127.60889467431328,127.59999999999997,409.2,Very Poor,0.05110777,False
2022-04-29,2022,4,summer,353.9,453.2,107.4,56.7,8.59,70.9,25.19476184523065,79.58532316539568,9.585448181022628,0.0,351.90000000000003,125.76941864645256,1.9999999999999432,280.4,Good,0.050336815,False
2022-04-30,2022,4,summer,302.7,345.1,59.0,78.3,8.17,48.5,25.19476184523065,79.58532316539568,9.585448181022628,0.0,351.3142857142857,126.02374681743416,-48.6142857142857,402.7,Good,0.04992596,False
2022-05-01,2022,5,summer,305.2,18.5,81.6,35.1,1.15,103.2,25.19476184523065,79.58532316539568,9.585448181022628,0.0,365.6714285714285,111.41498574078368,-60.47142857142853,27.5,Good,0.04866705,False
2022-05-02,2022,5,summer,414.4,321.8,54.1,11.9,5.65,134.9,25.19476184523065,79.58532316539568,9.585448181022628,0.0,357.1428571428572,103.75319845901704,57.25714285714281,355.0,Moderate,0.047645293,False
2022-05-03,2022,5,summer,367.8,258.0,143.7,42.2,9.41,110.4,25.19476184523065,79.58532316539568,9.585448181022628,0.0,342.65714285714284,91.90237314931632,25.142857142857167,159.7,Satisfactory,0.047494315,False
2022-05-04,2022,5,summer,131.5,399.1,83.3,77.7,1.87,108.7,25.19476184523065,79.58532316539568,9.585448181022628,0.0,335.2142857142857,107.68524238989951,-203.7142857142857,161.5,Satisfactory,0.047344044,False
2022-05-05,2022,5,summer,86.9,200.3,29.0,74.4,9.82,3.7,25.19476184523065,79.58532316539568,9.585448181022628,0.0,280.3428571428572,123.64113200634137,-193.44285714285715,321.2,Satisfactory,0.04938397,False
2022-05-06,2022,5,summer,471.9,550.3,37.7,16.8,9.21,169.4,25.19476184523065,79.58532316539568,9.585448181022628,0.0,297.2,142.01943528968138,174.7,308.1,Severe,0.05042203,False
2022-05-07,2022,5,summer,90.4,258.1,75.7,35.6,0.74,34.9,25.19476184523065,79.58532316539568,9.585448181022628,0.0,266.87142857142857,161.9230034541697,-176.47142857142856,233.3,Moderate,0.051157366,False
2022-05-08,2022,5,summer,19.7,363.1,113.7,91.4,8.47,159.3,25.19476184523065,79.58532316539568,9.585448181022628,0.0,226.08571428571432,184.9750742539062,-206.3857142857144,489.1,Moderate,0.05267546,False
2022-05-09,2022,5,summer,425.7,218.7,129.7,16.3,1.78,170.7,25.19476184523065,79.58532316539568,9.585448181022628,0.0,227.7,186.93136886747143,198.0,7.8,Good,0.053010177,False
2022-05-10,2022,5,summer,251.7,9.3,135.4,98.5,4.44,177.6,25.19476184523065,79.58532316539568,9.585448181022628,0.0,211.11428571428573,177.3332120479357,40.58571428571426,42.6,Good,0.05308492,False
2022-05-11,2022,5,summer,267.2,321.4,59.6,3.5,7.15,69.8,25.19476184523065,79.58532316539568,9.585448181022628,0.0,230.5,174.57517005576713,36.69999999999999,336.8,Severe,0.052343212,False
2022-05-12,2022,5,summer,371.6,376.3,23.5,45.3,5.89,41.8,25.19476184523065,79.58532316539568,9.585448181022628,0.0,271.1714285714286,168.60606665919744,100.42857142857144,187.3,Satisfactory,0.05242184,False
2022-05-13,2022,5,summer,73.8,412.5,77.7,62.3,6.76,31.3,25.19476184523065,79.58532316539568,9.585448181022628,0.0,214.3,156.30687764778625,-140.5,10.7,Satisfactory,0.052562743,False
2022-05-14,2022,5,summer,344.4,486.1,4.6,18.8,8.64,77.5,25.19476184523065,79.58532316539568,9.585448181022628,0.0,250.58571428571423,152.17822258316545,93.81428571428572,474.3,Very Poor,0.05220883,False
2022-05-15,2022,5,summer,320.8,449.8,98.6,80.2,4.86,43.8,25.19476184523065,79.58532316539568,9.585448181022628,0.0,293.6,113.73910204205652,27.200000000000045,281.3,Satisfactory,0.050690725,False
2022-05-16,2022,5,summer,51.4,74.0,71.9,39.4,5.57,57.6,25.19476184523065,79.58532316539568,9.585448181022628,0.0,240.1285714285714,128.33262399309223,-188.7285714285714,63.8,Poor,0.05115179,False
2022-05-17,2022,5,summer,311.9,590.9,142.8,49.8,5.81,170.0,25.19476184523065,79.58532316539568,9.585448181022628,0.0,248.72857142857143,131.2218822489313,63.17142857142855,459.2,Good,0.050322022,False
2022-05-18,2022,5,summer,497.6,289.7,41.6,63.2,2.2,166.0,25.19476184523065,79.58532316539568,9.585448181022628,0.0,281.6428571428572,161.92973637911456,215.95714285714288,312.7,Satisfactory,0.05057271,False
2022-05-19,2022,5,summer,74.3,98.1,103.0,90.7,3.64,145.7,25.19476184523065,79.58532316539568,9.585448181022628,0.0,239.1714285714285,173.01226078215495,-164.87142857142857,93.8,Very Poor,0.049250018,False
2022-05-20,2022,5,summer,485.5,406.0,10.9,33.8,7.27,140.2,25.19476184523065,79.58532316539568,9.585448181022628,0.0,297.9857142857143,177.3488410691523,187.51428571428568,143.5,Very Poor,0.0479177,False
2022-05-21,2022,5,summer,68.5,503.3,77.8,98.1,5.18,115.2,25.19476184523065,79.58532316539568,9.585448181022628,0.0,258.57142857142856,195.08573939241617,-190.07142857142856,461.1,Good,0.047103755,False
2022-05-22,2022,5,summer,182.4,14.8,35.6,91.8,9.96,170.4,25.19476184523065,79.58532316539568,9.585448181022628,0.0,238.8,194.74085344374973,-56.39999999999998,423.4,Severe,0.04722412,False
2022-05-23,2022,5,summer,272.7,111.0,89.6,8.4,7.2,0.9,25.19476184523065,79.58532316539568,9.585448181022628,0.0,270.4142857142857,176.34162326359055,2.2857142857142776,399.0,Good,0.048661664,False
2022-05-24,2022,5,summer,457.2,63.4,145.6,58.9,5.77,77.7,25.19476184523065,79.58532316539568,9.585448181022628,0.0,291.1714285714286,190.05702402424487,166.0285714285714,296.0,Moderate,0.050143965,False
2022-05-25,2022,5,summer,77.0,106.8,15.7,33.9,1.61,162.3,25.19476184523065,79.58532316539568,9.585448181022628,0.0,231.08571428571432,180.14560248653893,-154.08571428571432,104.8,Severe,0.0502129,False
2022-05-26,2022,5,summer,496.9,416.1,54.6,35.7,1.37,119.4,25.19476184523065,79.58532316539568,9.585448181022628,0.0,291.45714285714286,189.41890839391635,205.44285714285712,299.7,Severe,0.04924179,False
2022-05-27,2022,5,summer,306.3,133.6,86.1,12.4,3.99,101.3,25.19476184523065,79.58532316539568,9.585448181022628,0.0,265.85714285714283,169.9300332209589,40.44285714285718,369.1,Moderate,0.04832553,False
2022-05-28,2022,5,summer,391.5,596.7,5.0,81.3,2.82,5.0,25.19476184523065,79.58532316539568,9.585448181022628,0.0,312.0,150.10520754901657,79.5,82.9,Severe,0.049424667,False
2022-05-29,2022,5,summer,429.6,175.3,39.4,62.1,1.31,2.5,25.19476184523065,79.58532316539568,9.585448181022628,0.0,347.3142857142857,143.46506460426093,82.28571428571433,106.0,Poor,0.05034121,False
2022-05-30,2022,5,summer,141.1,352.4,29.3,38.9,0.51,103.4,25.19476184523065,79.58532316539568,9.585448181022628,0.0,328.5142857142858,162.26331921264511,-187.4142857142858,285.3,Good,0.050927214,False
2022-05-31,2022,5,summer,248.7,184.3,29.9,13.9,0.06,90.7,25.19476184523065,79.58532316539568,9.585448181022628,0.0,298.7285714285714,153.61005516442944,-50.02857142857141,78.0,Severe,0.05125989,False
2022-06-01,2022,6,monsoon,292.8,158.9,57.2,4.9,4.73,103.0,25.19476184523065,79.58532316539568,9.585448181022628,0.0,329.5571428571429,119.57917679851089,-36.75714285714287,42.0,Very Poor,0.051054735,False
2022-06-02,2022,6,monsoon,165.7,54.2,133.7,41.1,0.34,103.6,25.19476184523065,79.58532316539568,9.585448181022628,0.0,282.24285714285713,107.2148288428869,-116.54285714285714,300.7,Good,0.051301308,False
2022-06-03,2022,6,monsoon,235.9,388.7,101.0,86.1,5.53,156.9,25.19476184523065,79.58532316539568,9.585448181022628,0.0,272.1857142857143,107.88188647113768,-36.28571428571431,284.5,Moderate,0.051149916,False
2022-06-04,2022,6,monsoon,421.0,190.6,65.2,59.8,4.45,37.3,25.19476184523065,79.58532316539568,9.585448181022628,0.0,276.40000000000003,113.73688935433395,144.59999999999997,469.8,Poor,0.04934555,False
2022-06-05,2022,6,monsoon,343.7,428.6,76.0,68.3,2.01,35.0,25.19476184523065,79.58532316539568,9.585448181022628,0.0,264.12857142857143,97.99780123869648,79.57142857142856,39.4,Very Poor,0.04718756,False
2022-06-06,2022,6,monsoon,405.8,337.4,99.9,25.0,3.12,25.1,25.19476184523065,79.58532316539568,9.585448181022628,0.0,301.9428571428572,93.58306216302996,103.85714285714285,1.9,Severe,0.046795834,False
2022-06-07,2022,6,monsoon,195.5,579.7,38.0,46.0,4.57,157.3,25.19476184523065,79.58532316539568,9.585448181022628,0.0,294.3428571428572,100.530009734123,-98.84285714285716,139.3,Very Poor,0.045585368,False
2022-06-08,2022,6,monsoon,356.9,238.0,135.0,66.9,1.82,198.0,25.19476184523065,79.58532316539568,9.585448181022628,0.0,303.5,103.2486803789763,53.39999999999998,267.6,Severe,0.045278154,False
2022-06-09,2022,6,monsoon,197.6,99.0,29.7,41.4,9.31,188.3,25.19476184523065,79.58532316539568,9.585448181022628,0.0,308.0571428571429,96.64569066342032,-110.45714285714288,100.0,Moderate,0.044923037,False
2022-06-10,2022,6,monsoon,243.4,307.3,48.6,85.2,0.93,47.5,25.19476184523065,79.58532316539568,9.585448181022628,0.0,309.12857142857143,95.74984272024882,-65.72857142857143,441.1,Poor,0.044964056,False
2022-06-11,2022,6,monsoon,132.6,404.8,134.1,46.0,5.5,95.0,25.19476184523065,79.58532316539568,9.585448181022628,0.0,267.92857142857144,101.46693573583002,-135.32857142857145,18.5,Very Poor,0.045163933,False
2022-06-12,2022,6,monsoon,16.1,292.0,113.6,94.0,8.98,64.7,25.19476184523065,79.58532316539568,9.585448181022628,0.0,221.1285714285714,131.73070654793844,-205.0285714285714,147.9,Good,0.046557963,False
2022-06-13,2022,6,monsoon,327.9,565.1,1.9,3.1,7.87,113.7,25.19476184523065,79.58532316539568,9.585448181022628,0.0,210.0,115.86454735307672,117.89999999999998,468.9,Poor,0.04713174,False
2022-06-14,2022,6,monsoon,440.9,149.9,74.6,59.7,5.9,25.7,25.19476184523065,79.58532316539568,9.585448181022628,0.0,245.05714285714285,144.36591076315838,195.8428571428572,183.0,Very Poor,0.047421236,False
2022-06-15,2022,6,monsoon,88.0,110.4,146.7,72.6,3.45,12.8,25.19476184523065,79.58532316539568,9.585448181022628,0.0,206.6428571428572,145.41756951554908,-118.64285714285714,34.3,Moderate,0.04844125,False
2022-06-16,2022,6,monsoon,267.6,26.1,126.8,20.3,2.51,42.5,25.19476184523065,79.58532316539568,9.585448181022628,0.0,216.6428571428572,147.08932498250695,50.95714285714288,308.2,Moderate,0.047886312,False
2022-06-17,2022,6,monsoon,30.0,189.6,57.2,26.3,7.57,137.2,25.19476184523065,79.58532316539568,9.585448181022628,0.0,186.15714285714284,161.9802339499367,-156.15714285714284,277.2,Satisfactory,0.047600262,False
2022-06-18,2022,6,monsoon,76.0,575.5,61.2,73.9,4.11,69.2,25.19476184523065,79.58532316539568,9.585448181022628,0.0,178.07142857142858,166.45026999363026,-102.07142857142858,60.0,Severe,0.04744815,False
2022-06-19,2022,6,monsoon,137.3,492.8,96.5,41.5,4.77,80.1,25.19476184523065,79.58532316539568,9.585448181022628,0.0,195.3857142857143,152.51405868062827,-58.08571428571429,96.7,Satisfactory,0.046035826,False
2022-06-20,2022,6,monsoon,473.2,151.3,37.1,82.8,8.07,70.4,25.19476184523065,79.58532316539568,9.585448181022628,0.0,216.1428571428572,180.81664614688967,257.0571428571428,443.3,Good,0.04629066,False
2022-06-21,2022,6,monsoon,142.7,153.0,45.5,44.6,2.93,98.5,25.19476184523065,79.58532316539568,9.585448181022628,0.0,173.54285714285717,151.8457095996115,-30.842857142857184,158.8,Moderate,0.04399436,False
2022-06-22,2022,6,monsoon,465.8,303.4,2.9,14.8,1.24,193.8,25.19476184523065,79.58532316539568,9.585448181022628,0.0,227.51428571428573,180.7617993250734,238.28571428571428,151.9,Moderate,0.045332078,False
2022-06-23,2022,6,monsoon,430.6,9.3,49.6,78.8,6.6,31.3,25.19476184523065,79.58532316539568,9.585448181022628,0.0,250.8,196.59193777975744,179.80000000000004,87.1,Satisfactory,0.04533598,False
2022-06-24,2022,6,monsoon,344.0,474.7,0.5,83.6,6.02,94.9,25.19476184523065,79.58532316539568,9.585448181022628,0.0,295.65714285714284,172.11372071146116,48.34285714285716,229.2,Satisfactory,0.045091525,False
2022-06-25,2022,6,monsoon,295.0,566.7,31.1,4.5,3.16,51.8,25.19476184523065,79.58532316539568,9.585448181022628,0.0,326.9428571428571,142.96759373068727,-31.94285714285712,310.0,Moderate,0.045189504,False
2022-06-26,2022,6,monsoon,282.4,298.8,110.6,15.0,1.06,159.4,25.19476184523065,79.58532316539568,9.585448181022628,0.0,347.67142857142863,119.47826461028676,-65.27142857142866,303.6,Very Poor,0.04604708,False
2022-06-27,2022,6,monsoon,172.9,590.9,68.0,74.2,6.63,142.6,25.19476184523065,79.58532316539568,9.585448181022628,0.0,304.7714285714286,120.79948557127928,-131.8714285714286,233.1,Moderate,0.04495109,False
2022-06-28,2022,6,monsoon,389.3,151.3,138.3,25.3,2.77,103.6,25.19476184523065,79.58532316539568,9.585448181022628,0.0,340.0,99.78782490865304,49.30000000000001,104.2,Moderate,0.044519525,False
2022-06-29,2022,6,monsoon,327.5,557.7,0.2,40.3,6.52,52.4,25.19476184523065,79.58532316539568,9.585448181022628,0.0,320.24285714285713,83.00989613981488,7.257142857142867,412.6,Satisfactory,0.044846926,False
2022-06-30,2022,6,monsoon,246.3,313.5,101.8,55.3,1.86,88.7,25.19476184523065,79.58532316539568,9.585448181022628,0.0,293.9142857142857,70.45134085715776,-47.6142857142857,381.2,Poor,0.043776404,False
2022-07-01,2022,7,monsoon,463.9,119.8,33.9,20.0,4.97,183.6,25.19476184523065,79.58532316539568,9.585448181022628,0.0,311.04285714285714,94.9677113048229,152.85714285714283,74.8,Satisfactory,0.044918697,False
2022-07-02,2022,7,monsoon,435.0,40.0,2.3,24.5,6.22,94.8,25.19476184523065,79.58532316539568,9.585448181022628,0.0,331.04285714285714,105.21501567651605,103.95714285714286,470.3,Severe,0.044867475,False
2022-07-03,2022,7,monsoon,498.7,477.3,67.4,66.0,3.96,14.7,25.19476184523065,79.58532316539568,9.585448181022628,0.0,361.9428571428571,119.35962266951718,136.75714285714287,484.8,Very Poor,0.04550044,False
2022-07-04,2022,7,monsoon,62.9,475.4,127.3,49.0,2.62,178.7,25.19476184523065,79.58532316539568,9.585448181022628,0.0,346.2285714285714,151.35013175069383,-283.3285714285714,57.1,Poor,0.047309056,False
2022-07-05,2022,7,monsoon,74.2,239.8,116.5,13.0,7.36,10.3,25.19476184523065,79.58532316539568,9.585448181022628,0.0,301.2142857142857,180.4630934436127,-227.01428571428573,292.5,Poor,0.048675746,False
2022-07-06,2022,7,monsoon,368.9,164.8,46.0,2.3,5.8,108.9,25.19476184523065,79.58532316539568,9.585448181022628,0.0,307.12857142857143,182.13874486487595,61.771428571428544,100.9,Moderate,0.048545796,False
2022-07-07,2022,7,monsoon,165.5,120.0,123.3,40.1,7.57,142.3,25.19476184523065,79.58532316539568,9.585448181022628,0.0,295.5857142857143,189.06480748296715,-130.0857142857143,453.6,Good,0.048507366,False
2022-07-08,2022,7,monsoon,92.0,140.8,73.6,55.0,2.07,140.8,25.19476184523065,79.58532316539568,9.585448181022628,0.0,242.45714285714288,186.1146318548764,-150.45714285714286,87.5,Severe,0.047689673,False
2022-07-09,2022,7,monsoon,357.7,469.0,79.8,72.0,5.07,164.5,25.19476184523065,79.58532316539568,9.585448181022628,0.0,231.4142857142857,174.7314551778569,126.28571428571423,45.9,Good,0.04687105,False
2022-07-10,2022,7,monsoon,478.6,470.0,114.3,31.3,6.32,68.9,25.19476184523065,79.58532316539568,9.585448181022628,0.0,228.5428571428572,169.69968431656804,250.05714285714288,251.2,Severe,0.047247622,False
2022-07-11,2022,7,monsoon,202.9,342.2,110.2,71.4,9.88,97.3,25.19476184523065,79.58532316539568,9.585448181022628,0.0,248.5428571428572,154.49266279387786,-45.64285714285714,196.8,Severe,0.04750902,False
2022-07-12,2022,7,monsoon,106.8,369.8,16.5,88.7,8.96,113.2,25.19476184523065,79.58532316539568,9.585448181022628,0.0,253.2,148.74568901316096,-146.40000000000003,95.4,Satisfactory,0.047116272,False
2022-07-13,2022,7,monsoon,241.8,187.0,73.1,95.0,6.38,74.4,25.19476184523065,79.58532316539568,9.585448181022628,0.0,235.0428571428572,139.7541753358715,6.757142857142867,424.8,Poor,0.045682605,False
2022-07-14,2022,7,monsoon,267.3,123.3,66.4,77.0,3.51,107.1,25.19476184523065,79.58532316539568,9.585448181022628,0.0,249.58571428571423,136.57185445241424,17.71428571428575,436.0,Severe,0.044895038,False
2022-07-15,2022,7,monsoon,393.1,225.8,146.2,39.9,1.97,194.2,25.19476184523065,79.58532316539568,9.585448181022628,0.0,292.6,125.64680656506954,100.50000000000006,202.2,Very Poor,0.044572696,False
2022-07-16,2022,7,monsoon,314.2,298.0,103.7,0.9,8.83,104.9,25.19476184523065,79.58532316539568,9.585448181022628,0.0,286.3857142857143,122.9369408622625,27.81428571428569,482.5,Very Poor,0.044070005,False
2022-07-17,2022,7,monsoon,451.2,249.7,106.5,93.8,5.57,194.6,25.19476184523065,79.58532316539568,9.585448181022628,0.0,282.4714285714286,116.03958684124014,168.7285714285714,20.5,Very Poor,0.044450082,False
2022-07-18,2022,7,monsoon,66.0,225.2,134.3,84.3,7.73,184.9,25.19476184523065,79.58532316539568,9.585448181022628,0.0,262.9142857142857,140.61887531636032,-196.9142857142857,373.3,Very Poor,0.045376506,False
2022-07-19,2022,7,monsoon,371.5,248.1,121.0,37.9,6.13,140.5,25.19476184523065,79.58532316539568,9.585448181022628,0.0,300.7285714285714,126.5251979420926,70.7714285714286,223.3,Moderate,0.04517887,False
2022-07-20,2022,7,monsoon,48.4,557.6,7.0,40.8,7.7,89.3,25.19476184523065,79.58532316539568,9.585448181022628,0.0,273.1,158.59041585165227,-224.7,153.1,Severe,0.04565871,False
2022-07-21,2022,7,monsoon,108.5,202.1,31.9,30.6,4.69,126.3,25.19476184523065,79.58532316539568,9.585448181022628,0.0,250.4142857142857,170.47118455007214,-141.91428571428574,59.9,Satisfactory,0.045995012,False
2022-07-22,2022,7,monsoon,163.9,289.9,25.0,62.7,3.74,53.5,25.19476184523065,79.58532316539568,9.585448181022628,0.0,217.67142857142852,160.1995600731133,-53.77142857142857,257.4,Very Poor,0.04387606,False
2022-07-23,2022,7,monsoon,448.7,340.3,130.1,33.0,1.65,75.1,25.19476184523065,79.58532316539568,9.585448181022628,0.0,236.88571428571427,180.48799986491647,211.8142857142857,347.6,Good,0.043457866,False
2022-07-24,2022,7,monsoon,156.9,526.2,119.6,84.4,8.43,100.9,25.19476184523065,79.58532316539568,9.585448181022628,0.0,194.8428571428572,154.67675818884203,-37.94285714285715,155.5,Poor,0.043330867,False
2022-07-25,2022,7,monsoon,450.1,410.1,130.4,38.6,5.8,7.6,25.19476184523065,79.58532316539568,9.585448181022628,0.0,249.7142857142857,168.8337488830499,200.3857142857143,352.6,Very Poor,0.04344146,False
2022-07-26,2022,7,monsoon,190.3,256.6,82.2,53.3,3.79,8.1,25.19476184523065,79.58532316539568,9.585448181022628,0.0,223.82857142857145,160.74659886796684,-33.52857142857144,381.8,Poor,0.043128766,False
2022-07-27,2022,7,monsoon,352.8,543.1,26.0,49.3,9.51,51.2,25.19476184523065,79.58532316539568,9.585448181022628,0.0,267.31428571428575,145.86421115283244,85.48571428571427,59.6,Satisfactory,0.043522157,False
2022-07-28,2022,7,monsoon,385.1,477.0,98.6,80.4,9.01,70.8,25.19476184523065,79.58532316539568,9.585448181022628,0.0,306.8285714285715,132.52676099925017,78.27142857142854,442.3,Poor,0.043374617,False
2022-07-29,2022,7,monsoon,241.9,211.5,16.8,79.7,2.86,28.3,25.19476184523065,79.58532316539568,9.585448181022628,0.0,317.9714285714286,121.31093265222378,-76.07142857142858,276.6,Very Poor,0.043268945,False
2022-07-30,2022,7,monsoon,417.2,535.2,112.0,49.3,4.01,177.0,25.19476184523065,79.58532316539568,9.585448181022628,0.0,313.4714285714286,116.12683747072585,103.7285714285714,152.2,Severe,0.044160765,False
2022-07-31,2022,7,monsoon,98.4,171.3,65.3,31.3,3.09,199.6,25.19476184523065,79.58532316539568,9.585448181022628,0.0,305.11428571428576,130.489379243056,-206.7142857142857,234.8,Good,0.04392536,False
2022-08-01,2022,8,monsoon,170.2,415.3,78.8,0.6,6.04,97.3,25.19476184523065,79.58532316539568,9.585448181022628,0.0,265.12857142857143,121.21184917718386,-94.92857142857144,428.2,Very Poor,0.04276429,False
2022-08-02,2022,8,monsoon,462.8,544.4,143.6,27.5,2.99,80.8,25.19476184523065,79.58532316539568,9.585448181022628,0.0,304.0571428571429,136.02727492605857,158.74285714285713,425.5,Poor,0.042976964,False
2022-08-03,2022,8,monsoon,367.4,345.5,30.4,70.3,4.6,179.9,25.19476184523065,79.58532316539568,9.585448181022628,0.0,306.1428571428572,137.00761362229542,61.25714285714281,494.8,Poor,0.041898813,False
2022-08-04,2022,8,monsoon,120.7,425.2,132.8,4.7,4.89,7.0,25.19476184523065,79.58532316539568,9.585448181022628,0.0,268.37142857142857,147.64516827274,-147.67142857142858,259.2,Very Poor,0.04193518,False
2022-08-05,2022,8,monsoon,166.4,158.6,140.9,29.1,1.61,53.5,25.19476184523065,79.58532316539568,9.585448181022628,0.0,257.5857142857143,152.57658654559276,-91.18571428571428,388.7,Satisfactory,0.04229749,False
2022-08-06,2022,8,monsoon,442.0,544.0,80.3,17.2,8.04,56.3,25.19476184523065,79.58532316539568,9.585448181022628,0.0,261.12857142857143,157.12083157330127,180.87142857142857,375.6,Severe,0.042818386,False
2022-08-07,2022,8,monsoon,34.2,191.9,47.0,27.1,0.78,98.3,25.19476184523065,79.58532316539568,9.585448181022628,0.0,251.95714285714283,169.58228933807578,-217.7571428571428,23.0,Poor,0.04386686,False
2022-08-08,2022,8,monsoon,453.3,131.6,45.8,86.1,2.74,86.1,25.19476184523065,79.58532316539568,9.585448181022628,0.0,292.40000000000003,180.2564192107085,160.89999999999998,371.6,Severe,0.044830702,False
2022-08-09,2022,8,monsoon,145.2,442.9,129.4,21.4,2.1,123.4,25.19476184523065,79.58532316539568,9.585448181022628,0.0,247.0285714285714,169.89014798084193,-101.82857142857142,23.5,Good,0.044490226,False
2022-08-10,2022,8,monsoon,424.6,329.0,99.0,28.8,3.12,65.9,25.19476184523065,79.58532316539568,9.585448181022628,0.0,255.2,177.83461417845513,169.4,91.8,Poor,0.044176575,False
2022-08-11,2022,8,monsoon,229.9,340.1,9.5,36.2,6.11,123.6,25.19476184523065,79.58532316539568,9.585448181022628,0.0,270.8,168.62049104423815,-40.900000000000006,398.3,Moderate,0.043007534,False
2022-08-12,2022,8,monsoon,34.4,176.6,19.5,80.9,7.28,40.0,25.19476184523065,79.58532316539568,9.585448181022628,0.0,251.94285714285712,188.45586448063332,-217.54285714285712,289.8,Good,0.04458311,False
2022-08-13,2022,8,monsoon,118.7,517.3,52.6,95.3,0.32,30.3,25.19476184523065,79.58532316539568,9.585448181022628,0.0,205.75714285714284,173.1058333038188,-87.05714285714284,400.7,Good,0.046256114,False
2022-08-14,2022,8,monsoon,436.1,271.6,123.5,59.6,8.23,183.6,25.19476184523065,79.58532316539568,9.585448181022628,0.0,263.1714285714286,173.37096752614715,172.92857142857144,77.3,Severe,0.046114646,False
2022-08-15,2022,8,monsoon,72.7,252.8,104.1,91.0,1.69,1.8,25.19476184523065,79.58532316539568,9.585448181022628,0.0,208.8,163.18786719606325,-136.10000000000002,495.2,Satisfactory,0.046852376,False
2022-08-16,2022,8,monsoon,160.4,116.7,112.3,97.8,1.59,27.8,25.19476184523065,79.58532316539568,9.585448181022628,0.0,210.9714285714286,162.2992474236578,-50.57142857142858,462.7,Severe,0.046431422,False
2022-08-17,2022,8,monsoon,246.3,526.5,124.7,80.0,3.39,8.4,25.19476184523065,79.58532316539568,9.585448181022628,0.0,185.5,134.85526809633097,60.80000000000001,193.7,Good,0.045104522,False
2022-08-18,2022,8,monsoon,477.6,59.1,130.4,26.1,6.27,140.1,25.19476184523065,79.58532316539568,9.585448181022628,0.0,220.8857142857144,174.9769835204183,256.71428571428567,341.9,Satisfactory,0.046844296,False
2022-08-19,2022,8,monsoon,8.9,301.4,9.5,48.8,2.49,23.0,25.19476184523065,79.58532316539568,9.585448181022628,0.0,217.2428571428572,179.70800257772652,-208.3428571428572,14.8,Good,0.046516966,False
2022-08-20,2022,8,monsoon,458.7,145.6,135.5,66.0,7.06,197.9,25.19476184523065,79.58532316539568,9.585448181022628,0.0,265.81428571428575,194.01304448044573,192.88571428571424,176.0,Good,0.04830075,False
2022-08-21,2022,8,monsoon,329.7,309.1,58.9,93.4,5.31,79.6,25.19476184523065,79.58532316539568,9.585448181022628,0.0,250.61428571428573,182.2604585803096,79.08571428571426,183.3,Satisfactory,0.048467666,False
2022-08-22,2022,8,monsoon,236.6,93.7,95.1,3.0,7.8,141.8,25.19476184523065,79.58532316539568,9.585448181022628,0.0,274.0285714285714,165.33730889997483,-37.428571428571416,92.7,Severe,0.04893911,False
2022-08-23,2022,8,monsoon,48.1,129.3,77.4,32.7,5.12,97.1,25.19476184523065,79.58532316539568,9.585448181022628,0.0,257.98571428571427,182.7335074963121,-209.88571428571427,207.9,Good,0.048767623,False
2022-08-24,2022,8,monsoon,304.6,378.3,53.9,96.1,2.92,108.1,25.19476184523065,79.58532316539568,9.585448181022628,0.0,266.31428571428575,183.43935808663875,38.28571428571428,282.4,Satisfactory,0.047826737,False
2022-08-25,2022,8,monsoon,468.5,6.5,106.4,71.8,3.6,100.7,25.19476184523065,79.58532316539568,9.585448181022628,0.0,265.0142857142857,181.7166148023842,203.48571428571432,246.2,Moderate,0.049037326,False
2022-08-26,2022,8,monsoon,251.4,180.7,100.9,35.6,1.59,189.2,25.19476184523065,79.58532316539568,9.585448181022628,0.0,299.65714285714284,143.94182687394766,-48.25714285714284,194.4,Good,0.048197225,False
2022-08-27,2022,8,monsoon,483.6,19.8,140.3,34.9,7.46,178.0,25.19476184523065,79.58532316539568,9.585448181022628,0.0,303.2142857142857,148.75442210313645,180.3857142857143,434.0,Very Poor,0.049291644,False
2022-08-28,2022,8,monsoon,41.2,23.5,10.8,2.5,7.67,172.7,25.19476184523065,79.58532316539568,9.585448181022628,0.0,262.00000000000006,177.40111799722868,-220.80000000000007,455.7,Moderate,0.05156751,False
2022-08-29,2022,8,monsoon,253.5,178.8,34.5,77.3,8.76,170.0,25.19476184523065,79.58532316539568,9.585448181022628,0.0,264.4142857142857,177.11259534141388,-10.914285714285713,424.0,Satisfactory,0.051398285,False
2022-08-30,2022,8,monsoon,132.5,77.0,30.4,8.3,8.64,193.3,25.19476184523065,79.58532316539568,9.585448181022628,0.0,276.4714285714286,162.17537538403408,-143.9714285714286,81.9,Good,0.05239245,False
2022-08-31,2022,8,monsoon,253.0,233.1,68.1,65.9,5.78,23.8,25.19476184523065,79.58532316539568,9.585448181022628,0.0,269.1,161.85612953072444,-16.100000000000023,330.3,Severe,0.051944103,False
2022-09-01,2022,9,monsoon,484.6,476.3,55.0,32.4,2.71,15.3,25.19476184523065,79.58532316539568,9.585448181022628,0.0,271.4,165.2408847712938,213.20000000000005,264.5,Moderate,0.051907055,False
2022-09-02,2022,9,monsoon,484.1,499.3,43.8,53.6,2.4,84.1,25.19476184523065,79.58532316539568,9.585448181022628,0.0,304.6428571428572,182.99953421746605,179.45714285714286,10.8,Very Poor,0.052335046,False
2022-09-03,2022,9,monsoon,100.2,43.1,71.3,32.3,9.85,48.1,25.19476184523065,79.58532316539568,9.585448181022628,0.0,249.8714285714286,177.8130264658705,-149.67142857142858,462.1,Very Poor,0.0519739,False
2022-09-04,2022,9,monsoon,267.5,372.2,133.2,77.8,6.41,138.2,25.19476184523065,79.58532316539568,9.585448181022628,0.0,282.2,152.29132170503564,-14.699999999999989,478.3,Moderate,0.051473588,False
2022-09-05,2022,9,monsoon,95.3,347.4,13.8,74.8,2.48,113.5,25.19476184523065,79.58532316539568,9.585448181022628,0.0,259.6,168.1707862065624,-164.3,213.7,Very Poor,0.050644998,False
2022-09-06,2022,9,monsoon,76.4,206.7,36.6,16.1,9.5,128.9,25.19476184523065,79.58532316539568,9.585448181022628,0.0,251.58571428571423,176.37399117189798,-175.18571428571423,470.2,Poor,0.050923567,False
2022-09-07,2022,9,monsoon,348.7,321.4,88.3,49.2,1.18,120.3,25.19476184523065,79.58532316539568,9.585448181022628,0.0,265.25714285714287,180.1700757353345,83.44285714285712,149.5,Moderate,0.05010747,False
2022-09-08,2022,9,monsoon,221.5,388.2,10.9,22.5,7.35,190.5,25.19476184523065,79.58532316539568,9.585448181022628,0.0,227.67142857142852,152.03186852636858,-6.171428571428578,202.1,Moderate,0.050322976,False
2022-09-09,2022,9,monsoon,58.0,104.2,110.4,63.2,1.46,134.4,25.19476184523065,79.58532316539568,9.585448181022628,0.0,166.79999999999998,112.38149313832744,-108.79999999999998,100.8,Severe,0.050558552,False
2022-09-10,2022,9,monsoon,130.3,225.4,15.4,96.4,3.35,150.6,25.19476184523065,79.58532316539568,9.585448181022628,0.0,171.09999999999997,109.95821933807376,-40.79999999999996,278.4,Good,0.051060613,False
2022-09-11,2022,9,monsoon,113.9,445.3,100.9,49.4,9.52,123.2,25.19476184523065,79.58532316539568,9.585448181022628,0.0,149.15714285714284,102.5941170688787,-35.25714285714284,44.5,Very Poor,0.050310228,False
2022-09-12,2022,9,monsoon,238.4,391.2,75.3,17.1,4.83,75.9,25.19476184523065,79.58532316539568,9.585448181022628,0.0,169.6,104.31653751922528,68.80000000000001,161.9,Moderate,0.048483454,False
2022-09-13,2022,9,monsoon,77.6,214.4,127.3,68.4,8.1,12.7,25.19476184523065,79.58532316539568,9.585448181022628,0.0,169.77142857142854,104.13868500363184,-92.17142857142856,279.2,Poor,0.048429836,False
2022-09-14,2022,9,monsoon,263.0,276.8,112.6,65.9,5.38,157.6,25.19476184523065,79.58532316539568,9.585448181022628,0.0,157.52857142857144,82.35706232185343,105.47142857142856,290.0,Very Poor,0.046662536,False
2022-09-15,2022,9,monsoon,10.9,491.1,86.9,27.3,9.95,35.7,25.19476184523065,79.58532316539568,9.585448181022628,0.0,127.44285714285716,92.88672056404393,-116.54285714285714,76.6,Moderate,0.04705521,False
2022-09-16,2022,9,monsoon,75.6,77.8,76.4,54.7,0.96,3.2,25.19476184523065,79.58532316539568,9.585448181022628,0.0,129.95714285714286,90.91092448367311,-54.35714285714286,159.1,Moderate,0.04705488,False
2022-09-17,2022,9,monsoon,472.5,515.0,14.8,11.9,5.5,61.0,25.19476184523065,79.58532316539568,9.585448181022628,0.0,178.84285714285716,158.21692763568674,293.65714285714284,264.0,Moderate,0.047829155,False
2022-09-18,2022,9,monsoon,475.2,538.9,132.9,84.4,3.74,133.1,25.19476184523065,79.58532316539568,9.585448181022628,0.0,230.45714285714288,189.3661872065412,244.7428571428572,16.7,Poor,0.048519608,False
2022-09-19,2022,9,monsoon,402.5,469.4,5.7,80.2,3.57,17.4,25.19476184523065,79.58532316539568,9.585448181022628,0.0,253.90000000000003,200.35218990567577,148.59999999999997,189.6,Very Poor,0.048601683,False
2022-09-20,2022,9,monsoon,301.2,520.8,39.6,14.6,1.4,40.7,25.19476184523065,79.58532316539568,9.585448181022628,0.0,285.8428571428572,184.7787763529031,15.357142857142833,333.8,Moderate,0.049637876,False
2022-09-21,2022,9,monsoon,341.6,83.2,60.7,18.0,7.2,38.9,25.19476184523065,79.58532316539568,9.585448181022628,0.0,297.07142857142856,185.5458947204681,44.52857142857147,79.2,Moderate,0.049389742,False
2022-09-22,2022,9,monsoon,143.5,130.7,110.3,81.9,2.55,143.8,25.19476184523065,79.58532316539568,9.585448181022628,0.0,316.0142857142857,155.85353625088126,-172.51428571428568,285.7,Poor,0.049801636,False
2022-09-23,2022,9,monsoon,359.7,379.9,89.9,35.4,3.28,178.7,25.19476184523065,79.58532316539568,9.585448181022628,0.0,356.6,114.25188546948952,3.1000000000000227,451.4,Poor,0.04972658,False
2022-09-24,2022,9,monsoon,221.6,54.0,50.9,64.2,9.9,151.0,25.19476184523065,79.58532316539568,9.585448181022628,0.0,320.75714285714287,111.145683034218,-99.15714285714289,341.5,Moderate,0.04928549,False
2022-09-25,2022,9,monsoon,258.8,566.7,56.3,73.0,6.64,123.3,25.19476184523065,79.58532316539568,9.585448181022628,0.0,289.8428571428572,88.89733511459256,-31.042857142857144,197.2,Poor,0.048956566,False
2022-09-26,2022,9,monsoon,411.1,122.9,136.2,1.6,0.54,1.2,25.19476184523065,79.58532316539568,9.585448181022628,0.0,291.07142857142856,90.75380091738506,120.02857142857148,175.3,Very Poor,0.04961338,False
2022-09-27,2022,9,monsoon,57.1,334.7,88.7,6.8,7.81,34.7,25.19476184523065,79.58532316539568,9.585448181022628,0.0,256.2,126.19128337567524,-199.1,121.6,Poor,0.048081804,False
2022-09-28,2022,9,monsoon,482.3,149.6,4.2,22.5,0.28,180.9,25.19476184523065,79.58532316539568,9.585448181022628,0.0,276.3,150.8561235084608,206.0,30.6,Very Poor,0.049931843,False
2022-09-29,2022,9,monsoon,314.3,427.1,54.1,28.6,3.08,82.2,25.19476184523065,79.58532316539568,9.585448181022628,0.0,300.7,139.1558239289083,13.600000000000025,465.7,Good,0.047777347,False
2022-09-30,2022,9,monsoon,311.9,13.2,8.1,22.2,7.81,85.8,25.19476184523065,79.58532316539568,9.585448181022628,0.0,293.87142857142857,136.93313105655756,18.02857142857141,85.7,Very Poor,0.04895222,False
2022-10-01,2022,10,post-monsoon,352.5,537.9,12.4,4.5,7.5,186.5,25.19476184523065,79.58532316539568,9.585448181022628,0.0,312.57142857142856,134.3319360674112,39.928571428571445,150.4,Good,0.049165588,False
2022-10-02,2022,10,post-monsoon,208.0,382.0,13.3,40.1,7.39,98.4,25.19476184523065,79.58532316539568,9.585448181022628,0.0,305.3142857142857,139.01173126240616,-97.31428571428567,97.3,Satisfactory,0.048245884,False
2022-10-03,2022,10,post-monsoon,138.4,343.8,40.6,77.8,7.62,30.6,25.19476184523065,79.58532316539568,9.585448181022628,0.0,266.35714285714283,142.59015694339786,-127.95714285714284,307.6,Severe,0.047480773,False
2022-10-04,2022,10,post-monsoon,173.1,163.4,51.6,22.9,6.97,0.6,25.19476184523065,79.58532316539568,9.585448181022628,0.0,282.92857142857144,119.00824501248796,-109.82857142857144,425.2,Moderate,0.047581714,False
2022-10-05,2022,10,post-monsoon,89.7,312.0,95.6,34.8,7.07,147.7,25.19476184523065,79.58532316539568,9.585448181022628,0.0,226.8428571428572,100.45466402218206,-137.1428571428571,323.9,Satisfactory,0.047158357,False
2022-10-06,2022,10,post-monsoon,96.7,516.4,80.7,83.4,5.35,26.2,25.19476184523065,79.58532316539568,9.585448181022628,0.0,195.75714285714284,102.52722983258056,-99.05714285714284,290.5,Severe,0.04692717,False
2022-10-07,2022,10,post-monsoon,356.6,353.8,125.6,27.8,3.75,191.0,25.19476184523065,79.58532316539568,9.585448181022628,0.0,202.1428571428572,111.92766796973302,154.45714285714288,308.7,Good,0.047908276,False
2022-10-08,2022,10,post-monsoon,289.1,204.2,97.4,51.8,8.09,154.3,25.19476184523065,79.58532316539568,9.585448181022628,0.0,193.08571428571432,99.62167482650568,96.0142857142857,180.7,Moderate,0.04704998,False
2022-10-09,2022,10,post-monsoon,183.8,344.8,141.9,41.7,0.36,34.6,25.19476184523065,79.58532316539568,9.585448181022628,0.0,189.6285714285714,99.4375803253092,-5.828571428571394,180.6,Severe,0.04712988,False
2022-10-10,2022,10,post-monsoon,183.8,185.7,73.6,99.0,0.1,87.2,25.19476184523065,79.58532316539568,9.585448181022628,0.0,196.11428571428573,96.9898178259177,-12.314285714285717,356.2,Moderate,0.047415007,False
2022-10-11,2022,10,post-monsoon,11.1,486.3,33.4,51.4,5.33,76.0,25.19476184523065,79.58532316539568,9.585448181022628,0.0,172.9714285714286,119.995579283651,-161.8714285714286,90.4,Satisfactory,0.047563706,False
2022-10-12,2022,10,post-monsoon,178.3,557.4,52.0,42.2,3.13,10.4,25.19476184523065,79.58532316539568,9.585448181022628,0.0,185.62857142857143,114.28507797441878,-7.328571428571422,433.7,Satisfactory,0.04826383,False
2022-10-13,2022,10,post-monsoon,127.5,295.1,100.2,90.4,6.18,163.9,25.19476184523065,79.58532316539568,9.585448181022628,0.0,190.02857142857144,110.83139919544004,-62.52857142857144,304.9,Good,0.047909446,False
2022-10-14,2022,10,post-monsoon,200.0,353.8,22.5,58.2,0.38,77.3,25.19476184523065,79.58532316539568,9.585448181022628,0.0,167.65714285714287,84.21363423149552,32.34285714285713,93.8,Very Poor,0.048153844,False
2022-10-15,2022,10,post-monsoon,69.6,596.8,22.5,69.3,0.12,172.0,25.19476184523065,79.58532316539568,9.585448181022628,0.0,136.3,71.33904961519958,-66.70000000000002,360.4,Moderate,0.048308555,False
2022-10-16,2022,10,post-monsoon,370.8,312.6,62.5,8.9,1.66,47.7,25.19476184523065,79.58532316539568,9.585448181022628,0.0,163.0142857142857,114.21762019016454,207.7857142857143,35.2,Satisfactory,0.047794018,False
2022-10-17,2022,10,post-monsoon,170.9,43.2,29.9,8.2,9.57,23.5,25.19476184523065,79.58532316539568,9.585448181022628,0.0,161.17142857142858,113.93006208906834,9.728571428571428,171.6,Good,0.047786094,False
2022-10-18,2022,10,post-monsoon,361.8,127.9,118.1,51.8,1.5,51.1,25.19476184523065,79.58532316539568,9.585448181022628,0.0,211.27142857142857,114.0472667257703,150.52857142857144,380.6,Very Poor,0.04671236,False
2022-10-19,2022,10,post-monsoon,310.6,443.4,46.2,95.1,9.47,69.0,25.19476184523065,79.58532316539568,9.585448181022628,0.0,230.1714285714285,118.54623168881838,80.42857142857147,463.7,Moderate,0.04647793,False
2022-10-20,2022,10,post-monsoon,61.8,42.1,146.7,33.6,8.49,150.2,25.19476184523065,79.58532316539568,9.585448181022628,0.0,220.78571428571428,130.07057608046762,-158.98571428571427,223.7,Good,0.047554098,False
2022-10-21,2022,10,post-monsoon,350.8,472.8,98.5,45.9,9.19,148.9,25.19476184523065,79.58532316539568,9.585448181022628,0.0,242.32857142857145,138.28300346614913,108.4714285714286,207.4,Very Poor,0.047677938,False
2022-10-22,2022,10,post-monsoon,172.0,256.1,2.9,98.7,9.21,55.6,25.19476184523065,79.58532316539568,9.585448181022628,0.0,256.95714285714286,121.3439444601288,-84.95714285714286,345.4,Very Poor,0.048268802,False
2022-10-23,2022,10,post-monsoon,165.2,502.2,124.0,74.5,1.11,120.7,25.19476184523065,79.58532316539568,9.585448181022628,0.0,227.58571428571432,113.8467746369569,-62.38571428571433,440.2,Severe,0.048917446,False
2022-10-24,2022,10,post-monsoon,350.3,177.9,55.3,99.1,2.81,181.5,25.19476184523065,79.58532316539568,9.585448181022628,0.0,253.2142857142857,119.03381072299612,97.08571428571427,488.9,Poor,0.049207214,False
2022-10-25,2022,10,post-monsoon,448.2,310.0,103.7,19.8,3.68,64.3,25.19476184523065,79.58532316539568,9.585448181022628,0.0,265.5571428571429,135.50918612333814,182.6428571428571,303.5,Moderate,0.04961043,False
2022-10-26,2022,10,post-monsoon,439.9,524.5,58.7,25.4,0.79,32.1,25.19476184523065,79.58532316539568,9.585448181022628,0.0,284.0285714285714,150.6401088055647,155.87142857142857,443.2,Satisfactory,0.048378576,False
2022-10-27,2022,10,post-monsoon,385.6,81.8,24.0,18.8,1.11,161.7,25.19476184523065,79.58532316539568,9.585448181022628,0.0,330.2857142857143,116.98134364891168,55.31428571428575,370.3,Severe,0.048597638,False
2022-10-28,2022,10,post-monsoon,32.1,486.6,135.0,91.3,7.74,132.2,25.19476184523065,79.58532316539568,9.585448181022628,0.0,284.75714285714287,161.29255879862998,-252.65714285714287,217.6,Severe,0.048079476,False
2022-10-29,2022,10,post-monsoon,267.6,37.4,123.5,52.8,3.62,61.6,25.19476184523065,79.58532316539568,9.585448181022628,0.0,298.4142857142857,154.03804106530987,-30.81428571428569,482.9,Good,0.048771515,False
2022-10-30,2022,10,post-monsoon,113.6,242.4,72.2,73.9,4.18,156.0,25.19476184523065,79.58532316539568,9.585448181022628,0.0,291.04285714285714,162.47882792477768,-177.44285714285715,80.0,Poor,0.047646254,False
2022-10-31,2022,10,post-monsoon,254.4,143.3,103.7,96.2,8.89,8.6,25.19476184523065,79.58532316539568,9.585448181022628,0.0,277.3428571428572,160.68275013353542,-22.94285714285715,205.0,Poor,0.046926882,False
2022-11-01,2022,11,post-monsoon,267.3,372.9,133.9,89.8,0.12,71.8,25.19476184523065,79.58532316539568,9.585448181022628,0.0,251.5,142.09585966288148,15.800000000000011,233.5,Poor,0.047424793,False
2022-11-02,2022,11,post-monsoon,373.1,31.9,39.9,48.6,8.17,34.5,25.19476184523065,79.58532316539568,9.585448181022628,0.0,241.95714285714288,128.97153248091675,131.14285714285714,198.2,Very Poor,0.048045453,False
2022-11-03,2022,11,post-monsoon,399.4,233.8,125.7,91.2,4.94,198.9,25.19476184523065,79.58532316539568,9.585448181022628,0.0,243.92857142857144,131.61162200816088,155.47142857142856,60.5,Satisfactory,0.048488345,False
2022-11-04,2022,11,post-monsoon,72.3,79.6,12.6,10.1,7.92,174.6,25.19476184523065,79.58532316539568,9.585448181022628,0.0,249.67142857142852,121.30119145177024,-177.37142857142857,98.3,Severe,0.050726954,False
2022-11-05,2022,11,post-monsoon,81.9,293.2,45.3,96.0,0.49,127.8,25.19476184523065,79.58532316539568,9.585448181022628,0.0,223.1428571428572,136.12698553364115,-141.24285714285713,71.3,Good,0.050791174,False
2022-11-06,2022,11,post-monsoon,335.8,371.4,100.8,86.2,7.2,134.2,25.19476184523065,79.58532316539568,9.585448181022628,0.0,254.8857142857143,132.1754317636403,80.91428571428571,30.5,Satisfactory,0.050069023,False
2022-11-07,2022,11,post-monsoon,132.1,15.4,94.2,98.9,1.05,122.3,25.19476184523065,79.58532316539568,9.585448181022628,0.0,237.41428571428568,140.09604358643176,-105.31428571428567,169.9,Satisfactory,0.050988197,False
2022-11-08,2022,11,post-monsoon,379.3,166.6,100.8,86.0,9.53,62.2,25.19476184523065,79.58532316539568,9.585448181022628,0.0,253.4142857142857,150.11540481211358,125.88571428571429,497.4,Very Poor,0.051077582,False
2022-11-09,2022,11,post-monsoon,200.9,210.0,131.9,73.8,0.76,26.9,25.19476184523065,79.58532316539568,9.585448181022628,0.0,228.8142857142857,141.0701767274172,-27.91428571428571,288.8,Very Poor,0.050971553,False
2022-11-10,2022,11,post-monsoon,398.5,19.2,106.3,52.1,0.52,162.1,25.19476184523065,79.58532316539568,9.585448181022628,0.0,228.68571428571428,140.88908673813145,169.81428571428572,476.4,Very Poor,0.051248834,False
2022-11-11,2022,11,post-monsoon,129.2,21.6,65.7,95.9,7.03,195.8,25.19476184523065,79.58532316539568,9.585448181022628,0.0,236.8142857142857,131.70472566276703,-107.61428571428571,39.4,Severe,0.05147786,False
2022-11-12,2022,11,post-monsoon,413.3,550.0,5.9,9.2,6.68,131.6,25.19476184523065,79.58532316539568,9.585448181022628,0.0,284.15714285714284,126.18515307730485,129.14285714285717,166.0,Good,0.053320672,False
2022-11-13,2022,11,post-monsoon,370.6,171.5,47.4,47.7,1.03,75.6,25.19476184523065,79.58532316539568,9.585448181022628,0.0,289.12857142857143,129.20818748936043,81.47142857142859,338.4,Moderate,0.05291092,False
2022-11-14,2022,11,post-monsoon,343.6,159.8,98.2,40.9,9.83,135.6,25.19476184523065,79.58532316539568,9.585448181022628,0.0,319.3428571428572,109.61096139138128,24.257142857142867,236.7,Good,0.050902788,False
2022-11-15,2022,11,post-monsoon,64.2,528.2,77.6,45.4,4.89,24.2,25.19476184523065,79.58532316539568,9.585448181022628,0.0,274.3285714285714,141.07113707022322,-210.12857142857143,499.9,Very Poor,0.0512715,False
2022-11-16,2022,11,post-monsoon,136.9,263.9,70.2,69.4,6.74,73.7,25.19476184523065,79.58532316539568,9.585448181022628,0.0,265.1857142857143,148.50146383758224,-128.2857142857143,462.8,Good,0.049218185,False
2022-11-17,2022,11,post-monsoon,455.8,589.6,58.9,96.2,7.64,171.6,25.19476184523065,79.58532316539568,9.585448181022628,0.0,273.37142857142857,158.3288635960577,182.42857142857144,381.0,Good,0.050641876,False
2022-11-18,2022,11,post-monsoon,359.5,89.3,95.4,86.3,9.14,76.9,25.19476184523065,79.58532316539568,9.585448181022628,0.0,306.2714285714286,146.89227021058343,53.2285714285714,377.8,Good,0.05009545,False
2022-11-19,2022,11,post-monsoon,148.0,309.4,105.5,56.5,1.74,126.4,25.19476184523065,79.58532316539568,9.585448181022628,0.0,268.37142857142857,148.8869225764496,-120.37142857142857,295.0,Good,0.048420347,False
2022-11-20,2022,11,post-monsoon,19.6,185.9,24.8,8.9,2.83,51.9,25.19476184523065,79.58532316539568,9.585448181022628,0.0,218.22857142857143,166.7534578780472,-198.62857142857143,27.7,Severe,0.049768373,False
2022-11-21,2022,11,post-monsoon,484.0,198.4,48.5,24.4,8.51,67.8,25.19476184523065,79.58532316539568,9.585448181022628,0.0,238.28571428571428,191.0238765928788,245.7142857142857,59.4,Poor,0.04971453,False
2022-11-22,2022,11,post-monsoon,305.6,507.3,33.9,77.2,8.35,27.6,25.19476184523065,79.58532316539568,9.585448181022628,0.0,272.7714285714286,175.51887566380347,32.82857142857142,470.2,Poor,0.05008207,False
2022-11-23,2022,11,post-monsoon,65.5,585.1,141.3,59.0,2.09,153.9,25.19476184523065,79.58532316539568,9.585448181022628,0.0,262.57142857142856,186.46419418828296,-197.07142857142856,428.0,Very Poor,0.051079627,False
2022-11-24,2022,11,post-monsoon,100.6,222.6,22.0,28.8,9.95,28.5,25.19476184523065,79.58532316539568,9.585448181022628,0.0,211.82857142857145,172.95807501902203,-111.22857142857144,374.3,Good,0.051880922,False
2022-11-25,2022,11,post-monsoon,340.1,342.2,114.4,85.1,1.25,119.6,25.19476184523065,79.58532316539568,9.585448181022628,0.0,209.05714285714288,170.33296663831538,131.04285714285714,257.8,Severe,0.05068991,False
2022-11-26,2022,11,post-monsoon,209.1,49.3,132.0,26.7,1.22,38.2,25.19476184523065,79.58532316539568,9.585448181022628,0.0,217.78571428571428,168.23526610644006,-8.685714285714283,495.7,Satisfactory,0.0505815,False
2022-11-27,2022,11,post-monsoon,484.1,172.1,143.3,71.4,5.34,48.9,25.19476184523065,79.58532316539568,9.585448181022628,0.0,284.1428571428572,168.64235190824058,199.95714285714288,249.7,Very Poor,0.04976624,False
2022-11-28,2022,11,post-monsoon,357.7,16.5,48.8,73.0,1.07,7.6,25.19476184523065,79.58532316539568,9.585448181022628,0.0,266.1,149.34881988151088,91.59999999999997,397.9,Good,0.05082601,False
2022-11-29,2022,11,post-monsoon,199.5,3.8,59.4,81.1,1.55,109.5,25.19476184523065,79.58532316539568,9.585448181022628,0.0,250.94285714285712,150.05418862467485,-51.44285714285712,322.0,Poor,0.051189493,False
2022-11-30,2022,11,post-monsoon,105.9,152.4,12.3,8.6,4.97,128.4,25.19476184523065,79.58532316539568,9.585448181022628,0.0,256.7142857142857,142.30997187561408,-150.81428571428572,9.3,Satisfactory,0.051432233,False
2022-12-01,2022,12,winter,70.1,519.2,44.1,51.5,0.28,68.9,25.19476184523065,79.58532316539568,9.585448181022628,0.0,252.3571428571429,148.23016851215826,-182.25714285714287,316.5,Moderate,0.05193663,False
2022-12-02,2022,12,winter,302.0,443.0,138.0,70.3,9.56,168.6,25.19476184523065,79.58532316539568,9.585448181022628,0.0,246.9142857142857,145.13862831297322,55.08571428571426,48.2,Very Poor,0.052501783,False
2022-12-03,2022,12,winter,116.3,198.9,77.2,26.8,1.64,143.1,25.19476184523065,79.58532316539568,9.585448181022628,0.0,233.65714285714284,153.18357023674616,-117.35714285714285,113.9,Satisfactory,0.051469874,False
2022-12-04,2022,12,winter,221.0,395.5,16.8,34.5,7.42,70.8,25.19476184523065,79.58532316539568,9.585448181022628,0.0,196.07142857142856,106.7247349381528,24.928571428571416,217.2,Very Poor,0.049973596,False
2022-12-05,2022,12,winter,91.2,576.7,40.2,55.8,3.31,198.0,25.19476184523065,79.58532316539568,9.585448181022628,0.0,158.0,84.72425862762033,-66.8,274.1,Satisfactory,0.05040258,False
2022-12-06,2022,12,winter,64.5,169.4,94.3,99.6,5.93,171.9,25.19476184523065,79.58532316539568,9.585448181022628,0.0,138.71428571428572,88.96219100590606,-74.21428571428572,246.9,Very Poor,0.05111491,False
2022-12-07,2022,12,winter,278.8,62.6,39.1,7.8,4.69,123.5,25.19476184523065,79.58532316539568,9.585448181022628,0.0,163.41428571428574,101.45789649852132,115.38571428571429,223.7,Moderate,0.050525516,False
2022-12-08,2022,12,winter,225.9,40.6,51.1,11.1,4.5,19.8,25.19476184523065,79.58532316539568,9.585448181022628,0.0,185.67142857142852,94.42057887074002,40.22857142857143,487.1,Very Poor,0.050359912,False
2022-12-09,2022,12,winter,307.6,287.3,128.7,74.4,9.91,137.1,25.19476184523065,79.58532316539568,9.585448181022628,0.0,186.4714285714286,95.58698855467884,121.12857142857143,218.6,Severe,0.050453417,False
2022-12-10,2022,12,winter,159.6,478.0,21.8,4.2,8.53,199.4,25.19476184523065,79.58532316539568,9.585448181022628,0.0,192.65714285714287,91.60734790657416,-33.05714285714288,18.3,Satisfactory,0.05089762,False
2022-12-11,2022,12,winter,166.6,540.5,86.4,91.5,0.5,115.6,25.19476184523065,79.58532316539568,9.585448181022628,0.0,184.88571428571427,91.10829505907436,-18.28571428571428,343.5,Satisfactory,0.050348964,False
2022-12-12,2022,12,winter,381.9,252.6,64.9,49.1,7.07,92.3,25.19476184523065,79.58532316539568,9.585448181022628,0.0,226.4142857142857,106.27761489877057,155.48571428571424,154.5,Very Poor,0.048637114,False
2022-12-13,2022,12,winter,246.6,525.7,76.3,80.2,8.21,122.6,25.19476184523065,79.58532316539568,9.585448181022628,0.0,252.42857142857144,78.76506658592808,-5.828571428571422,8.4,Satisfactory,0.048661005,False
2022-12-14,2022,12,winter,18.3,35.0,53.1,0.5,9.27,84.2,25.19476184523065,79.58532316539568,9.585448181022628,0.0,215.2142857142857,116.65478170755812,-196.91428571428568,140.1,Poor,0.05016409,False
2022-12-15,2022,12,winter,406.2,376.5,14.0,24.6,3.08,77.8,25.19476184523065,79.58532316539568,9.585448181022628,0.0,240.97142857142856,137.4574929967528,165.22857142857143,453.3,Severe,0.05006746,False
2022-12-16,2022,12,winter,6.6,328.9,43.3,58.2,2.39,113.6,25.19476184523065,79.58532316539568,9.585448181022628,0.0,197.97142857142853,158.59538364746194,-191.3714285714285,258.9,Very Poor,0.050720647,False
2022-12-17,2022,12,winter,479.8,285.7,39.2,24.8,1.21,176.2,25.19476184523065,79.58532316539568,9.585448181022628,0.0,243.7142857142857,188.9546191423699,236.0857142857143,246.9,Good,0.05007774,False
2022-12-18,2022,12,winter,368.0,130.0,28.7,21.1,9.11,46.5,25.19476184523065,79.58532316539568,9.585448181022628,0.0,272.4857142857143,190.58193713441145,95.51428571428568,279.5,Good,0.05010624,False
2022-12-19,2022,12,winter,144.4,130.1,98.5,44.5,8.45,175.3,25.19476184523065,79.58532316539568,9.585448181022628,0.0,238.55714285714285,188.99086271689472,-94.15714285714284,386.3,Poor,0.050642073,False
2022-12-20,2022,12,winter,192.4,60.4,24.5,44.6,1.56,99.5,25.19476184523065,79.58532316539568,9.585448181022628,0.0,230.8142857142857,189.7153168001239,-38.41428571428571,396.2,Satisfactory,0.049558066,False
2022-12-21,2022,12,winter,41.2,348.0,142.4,68.5,9.23,194.8,25.19476184523065,79.58532316539568,9.585448181022628,0.0,234.08571428571432,185.5926312166103,-192.8857142857143,27.0,Moderate,0.05028692,False
2022-12-22,2022,12,winter,236.9,588.0,100.0,76.5,3.99,116.3,25.19476184523065,79.58532316539568,9.585448181022628,0.0,209.90000000000003,169.7830478385085,26.99999999999997,71.6,Poor,0.0497571,False
2022-12-23,2022,12,winter,411.8,587.4,9.5,21.7,9.95,165.4,25.19476184523065,79.58532316539568,9.585448181022628,0.0,267.78571428571433,157.55164686086724,144.01428571428568,298.0,Severe,0.050199613,False
2022-12-24,2022,12,winter,170.1,584.3,116.4,89.2,8.27,75.6,25.19476184523065,79.58532316539568,9.585448181022628,0.0,223.5428571428572,128.98679334390326,-53.44285714285715,288.6,Very Poor,0.050127525,False
2022-12-25,2022,12,winter,455.0,11.0,142.4,48.2,8.07,63.9,25.19476184523065,79.58532316539568,9.585448181022628,0.0,235.97142857142856,148.01397134826723,219.02857142857144,284.8,Severe,0.051494304,False
2022-12-26,2022,12,winter,468.5,487.4,51.0,51.7,4.14,146.7,25.19476184523065,79.58532316539568,9.585448181022628,0.0,282.2714285714286,164.38126124232969,186.2285714285714,148.9,Very Poor,0.050660867,False
2022-12-27,2022,12,winter,439.3,415.7,29.6,47.3,7.53,88.6,25.19476184523065,79.58532316539568,9.585448181022628,0.0,317.54285714285714,168.32497197527235,121.75714285714288,217.5,Severe,0.049427096,False
2022-12-28,2022,12,winter,272.2,154.6,22.5,62.5,2.59,76.7,25.19476184523065,79.58532316539568,9.585448181022628,0.0,350.54285714285714,121.15236766351804,-78.34285714285716,473.1,Very Poor,0.047927376,False
2022-12-29,2022,12,winter,293.9,414.3,48.0,36.1,5.34,172.9,25.19476184523065,79.58532316539568,9.585448181022628,0.0,358.6857142857143,113.9421992147985,-64.78571428571433,268.6,Severe,0.046837136,False
2022-12-30,2022,12,winter,364.7,246.6,18.3,58.4,1.51,166.9,25.19476184523065,79.58532316539568,9.585448181022628,0.0,351.95714285714286,111.65055391925404,12.742857142857131,436.0,Very Poor,0.046480138,False
2022-12-31,2022,12,winter,165.4,385.6,149.8,85.3,1.76,66.1,25.19476184523065,79.58532316539568,9.585448181022628,0.0,351.2857142857143,112.93321667503982,-185.88571428571427,16.3,Good,0.046934012,False
2023-01-01,2023,1,winter,82.4,127.9,36.8,55.7,4.52,69.3,25.19476184523065,79.58532316539568,9.585448181022628,0.0,298.0571428571429,140.37650393546235,-215.65714285714287,346.5,Very Poor,0.04648789,False
2023-01-02,2023,1,winter,345.1,11.4,134.1,43.1,5.68,45.0,25.19476184523065,79.58532316539568,9.585448181022628,0.0,280.42857142857144,121.94279689381298,64.67142857142858,276.5,Severe,0.047411177,False
2023-01-03,2023,1,winter,113.1,460.6,53.2,73.3,1.74,140.8,25.19476184523065,79.58532316539568,9.585448181022628,0.0,233.82857142857145,113.12093402321996,-120.72857142857144,431.8,Good,0.04791911,False
2023-01-04,2023,1,winter,50.6,238.8,13.8,70.8,0.21,136.4,25.19476184523065,79.58532316539568,9.585448181022628,0.0,202.17142857142852,130.29658110487398,-151.57142857142858,223.6,Poor,0.04802479,False
2023-01-05,2023,1,winter,68.8,408.6,109.4,58.9,2.46,170.7,25.19476184523065,79.58532316539568,9.585448181022628,0.0,170.01428571428573,131.65512306238355,-101.21428571428574,384.5,Poor,0.04751171,False
2023-01-06,2023,1,winter,478.7,220.8,110.2,21.6,1.5,74.8,25.19476184523065,79.58532316539568,9.585448181022628,0.0,186.3,163.05735187350476,292.4,123.0,Very Poor,0.048608832,False
2023-01-07,2023,1,winter,475.3,437.2,45.4,88.5,1.26,185.7,25.19476184523065,79.58532316539568,9.585448181022628,0.0,230.57142857142856,195.3162709921672,244.72857142857143,408.6,Moderate,0.049276203,False
2023-01-08,2023,1,winter,62.8,44.7,3.5,95.0,1.75,54.1,25.19476184523065,79.58532316539568,9.585448181022628,0.0,227.7714285714285,197.91760671455944,-164.97142857142853,271.5,Moderate,0.05066144,False
2023-01-09,2023,1,winter,183.6,126.3,148.7,43.7,3.33,62.3,25.19476184523065,79.58532316539568,9.585448181022628,0.0,204.7,191.26219351107164,-21.100000000000023,399.3,Very Poor,0.049742203,False
2023-01-10,2023,1,winter,286.6,85.7,102.9,6.3,1.78,71.8,25.19476184523065,79.58532316539568,9.585448181022628,0.0,229.4857142857143,188.63725708858453,57.11428571428573,86.4,Very Poor,0.04961889,False
2023-01-11,2023,1,winter,191.0,586.8,133.9,19.6,7.57,110.5,25.19476184523065,79.58532316539568,9.585448181022628,0.0,249.5428571428572,173.2864281773855,-58.54285714285714,179.5,Moderate,0.051002335,False
2023-01-12,2023,1,winter,154.2,292.1,106.1,52.4,1.32,108.6,25.19476184523065,79.58532316539568,9.585448181022628,0.0,261.74285714285713,161.0121719740763,-107.54285714285714,327.2,Severe,0.0503652,False
2023-01-13,2023,1,winter,105.4,118.0,88.3,6.5,0.87,73.4,25.19476184523065,79.58532316539568,9.585448181022628,0.0,208.41428571428568,137.24348713838745,-103.01428571428568,217.7,Satisfactory,0.04906911,False
2023-01-14,2023,1,winter,207.4,531.7,88.7,24.1,4.8,68.5,25.19476184523065,79.58532316539568,9.585448181022628,0.0,170.14285714285714,72.49687021159,37.25714285714287,287.4,Moderate,0.04861206,False
2023-01-15,2023,1,winter,218.3,257.6,54.2,41.3,8.52,113.1,25.19476184523065,79.58532316539568,9.585448181022628,0.0,192.3571428571429,56.09081496831252,25.94285714285715,39.2,Severe,0.04799144,False
2023-01-16,2023,1,winter,229.3,352.6,109.5,67.0,7.83,115.4,25.19476184523065,79.58532316539568,9.585448181022628,0.0,198.8857142857144,57.54246051312643,30.414285714285683,102.7,Very Poor,0.04639421,False
2023-01-17,2023,1,winter,339.6,46.4,100.6,45.1,9.63,72.4,25.19476184523065,79.58532316539568,9.585448181022628,0.0,206.45714285714288,72.5399167618042,133.14285714285717,184.3,Moderate,0.046254463,False
2023-01-18,2023,1,winter,166.2,73.5,7.3,57.8,3.66,81.1,25.19476184523065,79.58532316539568,9.585448181022628,0.0,202.9142857142857,74.0113601318837,-36.71428571428575,453.8,Good,0.04616564,False
2023-01-19,2023,1,winter,42.4,58.8,33.9,45.5,3.09,145.7,25.19476184523065,79.58532316539568,9.585448181022628,0.0,186.94285714285712,95.28224488579252,-144.54285714285712,45.2,Poor,0.046534568,False
2023-01-20,2023,1,winter,443.6,393.2,140.5,85.3,2.58,2.8,25.19476184523065,79.58532316539568,9.585448181022628,0.0,235.2571428571429,127.38131544229516,208.3428571428572,378.6,Very Poor,0.04637719,False
2023-01-21,2023,1,winter,308.9,98.6,23.3,97.8,7.61,84.3,25.19476184523065,79.58532316539568,9.585448181022628,0.0,249.75714285714284,129.44207014649265,59.14285714285714,463.1,Good,0.046872303,False
2023-01-22,2023,1,winter,79.4,407.1,33.1,32.2,3.4,111.7,25.19476184523065,79.58532316539568,9.585448181022628,0.0,229.9142857142857,144.80292847604318,-150.51428571428573,349.6,Good,0.04449762,False
2023-01-23,2023,1,winter,301.9,165.6,92.4,57.0,3.12,107.2,25.19476184523065,79.58532316539568,9.585448181022628,0.0,240.28571428571428,147.3295221441992,61.6142857142857,244.2,Satisfactory,0.04257316,False
2023-01-24,2023,1,winter,110.7,380.5,126.7,75.1,4.6,115.4,25.19476184523065,79.58532316539568,9.585448181022628,0.0,207.58571428571423,147.01475468550106,-96.88571428571426,471.8,Good,0.04087749,False
2023-01-25,2023,1,winter,76.9,156.7,86.2,10.6,8.04,40.4,25.19476184523065,79.58532316539568,9.585448181022628,0.0,194.82857142857145,154.8691890412217,-117.92857142857142,33.1,Severe,0.04096456,False
2023-01-26,2023,1,winter,17.4,314.5,58.4,77.7,5.78,2.1,25.19476184523065,79.58532316539568,9.585448181022628,0.0,191.2571428571429,159.19795703403193,-173.8571428571429,346.2,Good,0.04111481,False
2023-01-27,2023,1,winter,60.8,545.9,114.8,67.7,2.08,141.6,25.19476184523065,79.58532316539568,9.585448181022628,0.0,136.57142857142856,118.65383424463064,-75.77142857142856,159.4,Severe,0.041823782,False
2023-01-28,2023,1,winter,32.7,212.4,19.1,95.3,5.15,67.1,25.19476184523065,79.58532316539568,9.585448181022628,0.0,97.11428571428571,95.45196747704036,-64.41428571428571,493.2,Very Poor,0.042407125,False
2023-01-29,2023,1,winter,477.0,179.2,76.2,71.1,6.89,45.9,25.19476184523065,79.58532316539568,9.585448181022628,0.0,153.91428571428574,171.3097334126251,323.0857142857143,453.4,Moderate,0.043417256,False
2023-01-30,2023,1,winter,374.3,565.4,139.2,61.0,4.36,166.9,25.19476184523065,79.58532316539568,9.585448181022628,0.0,164.25714285714284,183.4863378850756,210.0428571428572,494.4,Poor,0.04409104,False
2023-01-31,2023,1,winter,212.1,489.5,57.1,78.4,3.83,69.2,25.19476184523065,79.58532316539568,9.585448181022628,0.0,178.74285714285716,182.5537076875628,33.35714285714283,186.2,Moderate,0.04377285,False
2023-02-01,2023,2,winter,347.5,2.1,88.1,50.8,8.6,79.9,25.19476184523065,79.58532316539568,9.585448181022628,0.0,217.40000000000003,186.01143334035493,130.09999999999997,335.6,Satisfactory,0.043895658,False
2023-02-02,2023,2,winter,420.2,145.6,24.9,21.5,4.97,106.0,25.19476184523065,79.58532316539568,9.585448181022628,0.0,274.9428571428571,175.85557385861526,145.25714285714287,22.9,Poor,0.044275533,False
2023-02-03,2023,2,winter,287.2,150.8,51.6,99.6,6.94,157.4,25.19476184523065,79.58532316539568,9.585448181022628,0.0,307.2857142857143,148.61681632721832,-20.08571428571429,156.8,Severe,0.043687142,False
2023-02-04,2023,2,winter,293.8,242.0,10.2,74.8,6.8,169.0,25.19476184523065,79.58532316539568,9.585448181022628,0.0,344.5857142857143,89.03863259977759,-50.78571428571428,372.7,Poor,0.043712005,False
2023-02-05,2023,2,winter,318.3,489.4,39.7,13.0,4.35,46.3,25.19476184523065,79.58532316539568,9.585448181022628,0.0,321.9142857142857,67.23926007354748,-3.6142857142857,416.6,Satisfactory,0.042978715,False
2023-02-06,2023,2,winter,416.3,242.5,57.6,0.1,5.28,65.2,25.19476184523065,79.58532316539568,9.585448181022628,0.0,327.9142857142857,74.20591684790479,88.3857142857143,12.5,Good,0.041558247,False
2023-02-07,2023,2,winter,366.2,43.1,76.6,98.0,7.15,92.8,25.19476184523065,79.58532316539568,9.585448181022628,0.0,349.92857142857144,54.31321859626622,16.271428571428544,263.2,Severe,0.0402218,False
2023-02-08,2023,2,winter,93.2,449.9,28.8,16.7,9.54,195.5,25.19476184523065,79.58532316539568,9.585448181022628,0.0,313.6,111.32898694110796,-220.40000000000003,336.0,Poor,0.041915257,False
2023-02-09,2023,2,winter,250.7,265.8,80.0,49.3,1.25,70.7,25.19476184523065,79.58532316539568,9.585448181022628,0.0,289.3857142857143,102.35020645755824,-38.68571428571431,82.6,Very Poor,0.040945806,False
2023-02-10,2023,2,winter,6.8,500.9,43.7,18.4,0.43,146.7,25.19476184523065,79.58532316539568,9.585448181022628,0.0,249.32857142857145,148.0266160108345,-242.5285714285714,208.7,Poor,0.04179933,False
2023-02-11,2023,2,winter,355.5,243.8,69.2,85.1,4.09,176.9,25.19476184523065,79.58532316539568,9.585448181022628,0.0,258.1428571428572,152.87363907426789,97.35714285714285,283.4,Poor,0.042054787,False
2023-02-12,2023,2,winter,361.0,599.3,42.7,9.0,7.26,183.4,25.19476184523065,79.58532316539568,9.585448181022628,0.0,264.24285714285713,156.4834054795466,96.75714285714288,243.8,Poor,0.042697437,False
2023-02-13,2023,2,winter,143.7,70.1,32.2,57.8,6.28,54.7,25.19476184523065,79.58532316539568,9.585448181022628,0.0,225.3,145.89706416968542,-81.6,451.5,Very Poor,0.042666495,False
2023-02-14,2023,2,winter,84.6,399.6,130.0,59.7,8.67,30.3,25.19476184523065,79.58532316539568,9.585448181022628,0.0,185.07142857142856,139.2426145771676,-100.4714285714286,283.3,Good,0.04401467,False
2023-02-15,2023,2,winter,268.8,440.7,35.6,73.8,1.51,132.8,25.19476184523065,79.58532316539568,9.585448181022628,0.0,210.15714285714284,135.70562328244233,58.64285714285717,413.3,Satisfactory,0.04441398,False
2023-02-16,2023,2,winter,465.6,235.2,15.1,56.9,0.61,174.4,25.19476184523065,79.58532316539568,9.585448181022628,0.0,240.8571428571429,167.0858048742507,224.7428571428572,87.7,Very Poor,0.045205794,False
2023-02-17,2023,2,winter,385.4,581.1,81.2,71.8,6.05,39.0,25.19476184523065,79.58532316539568,9.585448181022628,0.0,294.9428571428571,137.3189942814767,90.45714285714286,427.0,Severe,0.045529384,False
2023-02-18,2023,2,winter,465.7,303.5,35.2,93.3,7.91,6.5,25.19476184523065,79.58532316539568,9.585448181022628,0.0,310.6857142857143,151.0491137408784,155.01428571428568,325.5,Poor,0.045902096,False
2023-02-19,2023,2,winter,236.6,196.8,124.0,0.2,8.36,137.7,25.19476184523065,79.58532316539568,9.585448181022628,0.0,292.9142857142857,151.46034055786618,-56.31428571428572,72.3,Poor,0.04537264,False
2023-02-20,2023,2,winter,460.4,306.5,6.3,51.8,0.57,49.6,25.19476184523065,79.58532316539568,9.585448181022628,0.0,338.15714285714284,146.68535324681514,122.24285714285712,177.0,Satisfactory,0.045701947,False
2023-02-21,2023,2,winter,465.2,45.6,131.9,55.0,2.49,82.2,25.19476184523065,79.58532316539568,9.585448181022628,0.0,392.5285714285714,100.21182089763258,72.67142857142858,137.2,Good,0.04646035,False
2023-02-22,2023,2,winter,161.1,100.4,43.6,75.2,1.56,22.2,25.19476184523065,79.58532316539568,9.585448181022628,0.0,377.1428571428572,127.04844033075068,-216.0428571428572,459.3,Good,0.04786001,False
2023-02-23,2023,2,winter,179.9,537.3,70.8,71.3,8.15,134.7,25.19476184523065,79.58532316539568,9.585448181022628,0.0,336.32857142857137,139.20445053093354,-156.42857142857136,112.7,Satisfactory,0.047937352,False
2023-02-24,2023,2,winter,487.1,574.2,69.1,5.2,4.36,171.5,25.19476184523065,79.58532316539568,9.585448181022628,0.0,350.85714285714283,150.06317399840736,136.2428571428572,303.2,Satisfactory,0.048408978,False
2023-02-25,2023,2,winter,380.6,173.0,56.1,2.3,1.99,139.6,25.19476184523065,79.58532316539568,9.585448181022628,0.0,338.7,142.4633988082556,41.900000000000034,430.4,Moderate,0.047700755,False
2023-02-26,2023,2,winter,142.1,435.9,65.4,41.6,5.97,117.9,25.19476184523065,79.58532316539568,9.585448181022628,0.0,325.2,157.44116361358635,-183.1,218.1,Severe,0.04655795,False
2023-02-27,2023,2,winter,271.8,192.5,19.2,43.9,1.38,57.4,25.19476184523065,79.58532316539568,9.585448181022628,0.0,298.25714285714287,146.18334215569695,-26.457142857142856,400.4,Very Poor,0.04571045,False
2023-02-28,2023,2,winter,6.7,558.6,99.2,90.2,4.46,181.9,25.19476184523065,79.58532316539568,9.585448181022628,0.0,232.75714285714284,160.89402161197964,-226.05714285714285,434.1,Poor,0.046945937,False
2023-03-01,2023,3,summer,113.4,389.1,124.1,54.2,9.14,7.9,25.19476184523065,79.58532316539568,9.585448181022628,0.0,225.94285714285715,165.3822124367556,-112.54285714285714,74.7,Severe,0.04726636,False
2023-03-02,2023,3,summer,17.6,362.7,136.5,27.7,3.42,112.3,25.19476184523065,79.58532316539568,9.585448181022628,0.0,202.75714285714284,183.3173101223017,-185.15714285714284,474.1,Moderate,0.0485581,False
2023-03-03,2023,3,summer,285.5,299.7,23.6,67.9,4.52,123.6,25.19476184523065,79.58532316539568,9.585448181022628,0.0,173.95714285714286,142.49026700261356,111.54285714285714,207.2,Very Poor,0.047575623,False
2023-03-04,2023,3,summer,493.3,448.8,74.7,94.9,0.6,55.3,25.19476184523065,79.58532316539568,9.585448181022628,0.0,190.05714285714288,172.8607229066495,303.24285714285713,493.1,Severe,0.049168974,False
2023-03-05,2023,3,summer,32.7,598.0,106.7,83.8,3.84,83.4,25.19476184523065,79.58532316539568,9.585448181022628,0.0,174.42857142857142,182.59088800088657,-141.7285714285714,244.7,Poor,0.04973532,False
2023-03-06,2023,3,summer,180.2,118.9,36.1,39.2,4.94,70.1,25.19476184523065,79.58532316539568,9.585448181022628,0.0,161.34285714285716,177.66544268317747,18.85714285714284,55.8,Poor,0.04921119,False
2023-03-07,2023,3,summer,28.2,94.4,54.3,67.3,1.48,43.4,25.19476184523065,79.58532316539568,9.585448181022628,0.0,164.41428571428568,174.7076742120143,-136.2142857142857,459.0,Poor,0.04988312,False
2023-03-08,2023,3,summer,152.9,257.8,105.5,77.5,4.28,126.0,25.19476184523065,79.58532316539568,9.585448181022628,0.0,170.05714285714288,173.41850013904542,-17.157142857142873,374.1,Satisfactory,0.049160507,False
2023-03-09,2023,3,summer,142.4,233.8,41.6,43.4,6.36,6.6,25.19476184523065,79.58532316539568,9.585448181022628,0.0,187.88571428571427,161.1110324028267,-45.485714285714266,26.5,Moderate,0.048595034,False
2023-03-10,2023,3,summer,328.0,315.9,144.2,0.5,0.39,58.8,25.19476184523065,79.58532316539568,9.585448181022628,0.0,193.95714285714283,166.12546320118855,134.04285714285717,302.8,Poor,0.04806921,False
2023-03-11,2023,3,summer,289.3,549.7,38.0,75.4,8.96,193.7,25.19476184523065,79.58532316539568,9.585448181022628,0.0,164.81428571428572,114.83683248521788,124.4857142857143,107.1,Poor,0.049958378,False
2023-03-12,2023,3,summer,117.6,475.6,126.3,16.8,8.71,64.9,25.19476184523065,79.58532316539568,9.585448181022628,0.0,176.94285714285712,102.36395617505916,-59.34285714285713,457.5,Moderate,0.049143977,False
2023-03-13,2023,3,summer,89.7,25.2,102.3,51.7,6.48,64.8,25.19476184523065,79.58532316539568,9.585448181022628,0.0,164.01428571428573,107.47166182411988,-74.31428571428573,368.7,Poor,0.049422212,False
2023-03-14,2023,3,summer,145.2,7.5,136.3,77.0,3.35,133.3,25.19476184523065,79.58532316539568,9.585448181022628,0.0,180.72857142857143,90.60337952279866,-35.52857142857147,223.9,Moderate,0.04878438,False
2023-03-15,2023,3,summer,342.1,220.4,107.3,53.4,5.01,67.1,25.19476184523065,79.58532316539568,9.585448181022628,0.0,207.75714285714284,107.55334888855296,134.34285714285718,93.2,Severe,0.048239533,False
2023-03-16,2023,3,summer,207.2,229.4,33.7,13.5,7.88,67.0,25.19476184523065,79.58532316539568,9.585448181022628,0.0,217.01428571428573,103.7105174443334,-9.814285714285743,416.2,Severe,0.04775995,False
2023-03-17,2023,3,summer,178.1,283.1,106.8,54.8,4.66,22.5,25.19476184523065,79.58532316539568,9.585448181022628,0.0,195.6,91.76211999875872,-17.49999999999997,8.2,Moderate,0.0472098,False
2023-03-18,2023,3,summer,393.3,284.5,135.2,70.9,1.66,39.8,25.19476184523065,79.58532316539568,9.585448181022628,0.0,210.45714285714283,114.95084249572136,182.8428571428572,25.4,Poor,0.046203054,False
2023-03-19,2023,3,summer,377.2,344.7,147.4,25.6,9.5,192.6,25.19476184523065,79.58532316539568,9.585448181022628,0.0,247.5428571428572,121.67953617519058,129.65714285714284,83.9,Satisfactory,0.047492858,False
2023-03-20,2023,3,summer,470.7,559.4,13.0,20.2,9.83,112.9,25.19476184523065,79.58532316539568,9.585448181022628,0.0,301.9714285714286,124.48755914127496,168.7285714285714,48.7,Poor,0.04809369,False
2023-03-21,2023,3,summer,272.7,363.4,48.6,88.0,8.73,147.5,25.19476184523065,79.58532316539568,9.585448181022628,0.0,320.18571428571425,105.62522471094756,-47.485714285714266,87.5,Very Poor,0.0477621,False
2023-03-22,2023,3,summer,143.8,462.9,20.3,71.1,5.97,1.8,25.19476184523065,79.58532316539568,9.585448181022628,0.0,291.85714285714283,123.79704973790597,-148.05714285714282,47.8,Poor,0.047194757,False
2023-03-23,2023,3,summer,164.2,29.3,89.1,87.1,3.2,149.4,25.19476184523065,79.58532316539568,9.585448181022628,0.0,285.7142857142857,129.62743316355323,-121.51428571428572,350.0,Moderate,0.046940256,False
2023-03-24,2023,3,summer,94.3,292.9,10.2,49.8,2.53,47.6,25.19476184523065,79.58532316539568,9.585448181022628,0.0,273.74285714285713,144.2653903649204,-179.44285714285712,35.7,Poor,0.046456333,False
2023-03-25,2023,3,summer,391.9,120.0,9.2,12.9,3.33,131.6,25.19476184523065,79.58532316539568,9.585448181022628,0.0,273.54285714285714,144.0728618574974,118.35714285714285,284.4,Very Poor,0.047234166,False
2023-03-26,2023,3,summer,49.7,379.5,56.4,97.5,8.21,147.0,25.19476184523065,79.58532316539568,9.585448181022628,0.0,226.75714285714284,157.36392912759942,-177.05714285714282,26.9,Severe,0.04628576,False
2023-03-27,2023,3,summer,129.2,47.3,60.2,15.9,3.67,44.4,25.19476184523065,79.58532316539568,9.585448181022628,0.0,177.97142857142856,116.8541785629377,-48.77142857142857,259.2,Satisfactory,0.04597543,False
2023-03-28,2023,3,summer,129.6,478.7,118.3,11.1,8.01,38.4,25.19476184523065,79.58532316539568,9.585448181022628,0.0,157.5285714285714,109.8258578278308,-27.928571428571416,494.4,Severe,0.04693559,False
2023-03-29,2023,3,summer,313.8,421.1,105.0,68.0,7.47,63.4,25.19476184523065,79.58532316539568,9.585448181022628,0.0,181.8142857142857,124.14643810934724,131.98571428571432,95.0,Very Poor,0.04670588,False
2023-03-30,2023,3,summer,296.6,21.0,41.3,85.1,3.37,119.5,25.19476184523065,79.58532316539568,9.585448181022628,0.0,200.72857142857143,130.91681473726857,95.8714285714286,214.3,Satisfactory,0.045599196,False
2023-03-31,2023,3,summer,374.9,584.6,54.4,38.4,9.8,40.8,25.19476184523065,79.58532316539568,9.585448181022628,0.0,240.8142857142857,135.76687652702603,134.0857142857143,38.3,Good,0.045897033,False
2023-04-01,2023,4,summer,110.9,329.0,94.0,66.3,1.27,132.3,25.19476184523065,79.58532316539568,9.585448181022628,0.0,200.6714285714285,124.74410760012792,-89.77142857142854,372.9,Satisfactory,0.045260295,False
2023-04-02,2023,4,summer,24.7,166.2,145.4,92.7,5.16,143.3,25.19476184523065,79.58532316539568,9.585448181022628,0.0,197.1,130.03258565964626,-172.4,53.9,Moderate,0.046732023,False
2023-04-03,2023,4,summer,21.3,294.9,140.4,95.8,2.12,20.8,25.19476184523065,79.58532316539568,9.585448181022628,0.0,181.68571428571428,144.96141358503414,-160.38571428571427,350.6,Moderate,0.04601465,False
2023-04-04,2023,4,summer,114.1,309.7,38.7,97.4,2.88,155.6,25.19476184523065,79.58532316539568,9.585448181022628,0.0,179.4714285714286,146.0042546672948,-65.3714285714286,54.4,Severe,0.045550626,False
2023-04-05,2023,4,summer,350.0,193.7,65.0,76.3,2.91,102.5,25.19476184523065,79.58532316539568,9.585448181022628,0.0,184.6428571428572,152.07020152046908,165.35714285714286,90.9,Good,0.04587857,False
2023-04-06,2023,4,summer,214.9,488.3,78.0,36.9,5.52,67.6,25.19476184523065,79.58532316539568,9.585448181022628,0.0,172.97142857142856,145.01701870568706,41.928571428571445,352.4,Good,0.044731803,False
2023-04-07,2023,4,summer,57.4,62.5,123.0,75.6,1.61,115.8,25.19476184523065,79.58532316539568,9.585448181022628,0.0,127.61428571428571,118.57510177901844,-70.21428571428572,428.5,Moderate,0.045806844,False
2023-04-08,2023,4,summer,194.4,143.5,131.0,9.4,3.56,168.9,25.19476184523065,79.58532316539568,9.585448181022628,0.0,139.54285714285714,120.7926992432739,54.85714285714286,362.6,Good,0.046461757,False
2023-04-09,2023,4,summer,22.2,268.0,65.8,86.6,7.26,154.4,25.19476184523065,79.58532316539568,9.585448181022628,0.0,139.18571428571428,121.19187855863636,-116.98571428571428,400.7,Severe,0.045209326,False
2023-04-10,2023,4,summer,279.5,329.0,77.0,34.2,7.19,28.5,25.19476184523065,79.58532316539568,9.585448181022628,0.0,176.07142857142858,118.59735402171609,103.42857142857142,144.8,Very Poor,0.043726426,False
2023-04-11,2023,4,summer,413.7,322.9,76.5,67.9,8.52,185.3,25.19476184523065,79.58532316539568,9.585448181022628,0.0,218.8714285714286,143.87262554409824,194.8285714285714,335.2,Severe,0.04391162,False
2023-04-12,2023,4,summer,119.6,42.3,29.4,64.9,1.76,83.9,25.19476184523065,79.58532316539568,9.585448181022628,0.0,185.95714285714283,134.95224905057867,-66.35714285714283,101.1,Very Poor,0.04418411,False
2023-04-13,2023,4,summer,347.5,224.9,99.8,93.8,6.06,42.6,25.19476184523065,79.58532316539568,9.585448181022628,0.0,204.90000000000003,148.33477901917195,142.59999999999997,136.9,Satisfactory,0.04360981,False
2023-04-14,2023,4,summer,380.9,561.0,94.0,39.8,3.45,69.7,25.19476184523065,79.58532316539568,9.585448181022628,0.0,251.1142857142857,145.07967269252916,129.78571428571428,457.4,Moderate,0.044447713,False
2023-04-15,2023,4,summer,263.8,68.8,43.7,74.7,2.04,0.2,25.19476184523065,79.58532316539568,9.585448181022628,0.0,261.0285714285714,142.91316377770227,2.7714285714286007,46.2,Moderate,0.04492242,False
2023-04-16,2023,4,summer,284.8,190.2,10.3,90.0,8.98,169.4,25.19476184523065,79.58532316539568,9.585448181022628,0.0,298.54285714285714,96.79856846639248,-13.742857142857131,165.4,Very Poor,0.046123944,False
2023-04-17,2023,4,summer,414.0,442.4,10.4,84.7,0.44,72.6,25.19476184523065,79.58532316539568,9.585448181022628,0.0,317.75714285714287,105.35905050734634,96.24285714285712,30.2,Severe,0.046472885,False
2023-04-18,2023,4,summer,30.7,261.7,3.4,15.9,6.4,141.5,25.19476184523065,79.58532316539568,9.585448181022628,0.0,263.04285714285714,140.7387515593206,-232.3428571428572,272.0,Poor,0.045934036,False
2023-04-19,2023,4,summer,267.0,538.8,90.5,85.4,2.78,118.1,25.19476184523065,79.58532316539568,9.585448181022628,0.0,284.1,125.94996360989283,-17.100000000000023,183.3,Satisfactory,0.04388645,False
2023-04-20,2023,4,summer,427.9,419.6,2.5,52.4,3.52,31.6,25.19476184523065,79.58532316539568,9.585448181022628,0.0,295.5857142857143,135.96310073657767,132.3142857142857,324.2,Good,0.044621788,False
2023-04-21,2023,4,summer,263.7,169.9,49.0,24.6,3.31,5.2,25.19476184523065,79.58532316539568,9.585448181022628,0.0,278.8428571428572,130.82539072039054,-15.142857142857167,197.4,Poor,0.044185523,False
2023-04-22,2023,4,summer,155.6,229.9,36.8,69.1,8.04,170.9,25.19476184523065,79.58532316539568,9.585448181022628,0.0,263.3857142857143,139.03341838770783,-107.7857142857143,235.1,Satisfactory,0.04394448,False
2023-04-23,2023,4,summer,308.6,590.8,121.1,65.5,0.83,19.8,25.19476184523065,79.58532316539568,9.585448181022628,0.0,266.7857142857143,139.93247691382467,41.81428571428575,34.2,Very Poor,0.044684004,False
2023-04-24,2023,4,summer,103.1,155.8,38.3,76.4,0.02,185.7,25.19476184523065,79.58532316539568,9.585448181022628,0.0,222.3714285714286,134.65954248010914,-119.2714285714286,460.4,Good,0.044683427,False
2023-04-25,2023,4,summer,227.4,577.6,97.4,71.6,6.14,87.5,25.19476184523065,79.58532316539568,9.585448181022628,0.0,250.4714285714286,105.32428833980168,-23.071428571428584,497.7,Very Poor,0.04357647,False
2023-04-26,2023,4,summer,21.1,528.8,75.3,45.2,4.8,165.0,25.19476184523065,79.58532316539568,9.585448181022628,0.0,215.3428571428572,135.56005873342434,-194.2428571428572,13.8,Severe,0.043655314,False
2023-04-27,2023,4,summer,421.3,441.8,38.7,58.1,7.5,117.5,25.19476184523065,79.58532316539568,9.585448181022628,0.0,214.4,133.84740067205863,206.9,6.8,Severe,0.0431144,False
2023-04-28,2023,4,summer,466.7,331.4,113.6,36.1,7.84,4.4,25.19476184523065,79.58532316539568,9.585448181022628,0.0,243.4,164.73643596160898,223.3,469.2,Satisfactory,0.045037895,False
2023-04-29,2023,4,summer,381.8,290.3,14.3,39.9,4.88,161.7,25.19476184523065,79.58532316539568,9.585448181022628,0.0,275.7142857142857,166.81566102109466,106.08571428571427,297.6,Good,0.044982918,False
2023-04-30,2023,4,summer,170.5,468.2,57.7,21.4,3.06,122.6,25.19476184523065,79.58532316539568,9.585448181022628,0.0,255.9857142857143,170.40581395178808,-85.4857142857143,146.3,Poor,0.043881394,False
2023-05-01,2023,5,summer,363.1,47.3,4.5,8.3,1.72,185.7,25.19476184523065,79.58532316539568,9.585448181022628,0.0,293.12857142857143,159.51548215649495,69.97142857142859,393.0,Poor,0.04586853,False
2023-05-02,2023,5,summer,2.0,298.7,118.4,85.6,8.35,161.3,25.19476184523065,79.58532316539568,9.585448181022628,0.0,260.92857142857144,194.01411215240424,-258.92857142857144,143.9,Severe,0.0460808,False
2023-05-03,2023,5,summer,314.1,33.7,97.0,56.1,4.39,117.0,25.19476184523065,79.58532316539568,9.585448181022628,0.0,302.7857142857143,162.73402050146566,11.314285714285743,101.5,Severe,0.044280868,False
2023-05-04,2023,5,summer,25.5,221.0,80.5,78.2,1.52,16.0,25.19476184523065,79.58532316539568,9.585448181022628,0.0,246.2428571428572,182.2801128039192,-220.7428571428572,466.9,Very Poor,0.044971112,False
2023-05-05,2023,5,summer,357.7,317.4,17.2,86.0,8.92,52.3,25.19476184523065,79.58532316539568,9.585448181022628,0.0,230.67142857142852,164.05298650421557,127.0285714285714,211.9,Moderate,0.04578949,False
2023-05-06,2023,5,summer,231.6,461.6,106.7,27.1,8.31,126.3,25.19476184523065,79.58532316539568,9.585448181022628,0.0,209.2142857142857,150.2322915640022,22.385714285714272,495.7,Moderate,0.046415027,False
2023-05-07,2023,5,summer,354.4,37.7,56.3,63.1,0.49,82.8,25.19476184523065,79.58532316539568,9.585448181022628,0.0,235.4857142857143,158.20199565293538,118.91428571428568,182.5,Moderate,0.045855258,False
2023-05-08,2023,5,summer,235.1,556.2,104.7,47.4,3.4,148.1,25.19476184523065,79.58532316539568,9.585448181022628,0.0,217.2,148.06608884773922,17.900000000000006,447.8,Moderate,0.045072757,False
2023-05-09,2023,5,summer,397.2,461.9,59.1,43.8,3.46,170.0,25.19476184523065,79.58532316539568,9.585448181022628,0.0,273.65714285714284,126.04132731162495,123.54285714285714,120.2,Good,0.044393662,False
2023-05-10,2023,5,summer,179.0,123.0,80.3,48.8,7.93,145.6,25.19476184523065,79.58532316539568,9.585448181022628,0.0,254.3571428571429,129.1223045171108,-75.35714285714286,225.1,Very Poor,0.044629812,False
2023-05-11,2023,5,summer,421.4,464.9,68.6,98.2,2.8,5.1,25.19476184523065,79.58532316539568,9.585448181022628,0.0,310.9142857142857,94.1383455093519,110.48571428571428,430.5,Satisfactory,0.04495019,False
2023-05-12,2023,5,summer,299.2,202.8,133.9,58.2,5.7,42.6,25.19476184523065,79.58532316539568,9.585448181022628,0.0,302.5571428571429,91.86185020893892,-3.3571428571428896,135.6,Satisfactory,0.044757526,False
2023-05-13,2023,5,summer,289.2,43.3,8.2,88.5,3.44,102.8,25.19476184523065,79.58532316539568,9.585448181022628,0.0,310.7857142857143,86.89181834464114,-21.58571428571429,280.1,Very Poor,0.045035318,False
2023-05-14,2023,5,summer,159.2,45.7,93.8,76.1,9.67,19.8,25.19476184523065,79.58532316539568,9.585448181022628,0.0,282.9,100.77521189922317,-123.7,80.5,Good,0.046349075,False
2023-05-15,2023,5,summer,399.3,579.9,75.1,96.9,6.72,64.0,25.19476184523065,79.58532316539568,9.585448181022628,0.0,306.35714285714283,106.72887546087456,92.94285714285718,434.7,Good,0.046461932,False
2023-05-16,2023,5,summer,109.6,190.6,143.0,74.5,1.36,199.0,25.19476184523065,79.58532316539568,9.585448181022628,0.0,265.27142857142854,120.40972710272356,-155.67142857142855,426.4,Good,0.047179025,False
2023-05-17,2023,5,summer,267.5,66.7,128.0,65.2,4.48,194.2,25.19476184523065,79.58532316539568,9.585448181022628,0.0,277.9142857142857,114.33454462776368,-10.414285714285713,218.4,Very Poor,0.046758365,False
2023-05-18,2023,5,summer,312.8,67.6,128.6,8.2,8.99,122.0,25.19476184523065,79.58532316539568,9.585448181022628,0.0,262.4,97.7908823289096,50.400000000000034,142.0,Moderate,0.0466745,False
2023-05-19,2023,5,summer,195.9,338.3,70.8,31.5,9.41,153.1,25.19476184523065,79.58532316539568,9.585448181022628,0.0,247.6428571428572,99.09754213472108,-51.74285714285713,146.2,Poor,0.046660256,False
2023-05-20,2023,5,summer,266.0,538.4,97.1,84.2,5.02,125.0,25.19476184523065,79.58532316539568,9.585448181022628,0.0,244.32857142857145,97.85621619304013,21.67142857142855,276.0,Good,0.04562033,False
2023-05-21,2023,5,summer,277.0,134.2,38.0,15.1,2.9,67.4,25.19476184523065,79.58532316539568,9.585448181022628,0.0,261.15714285714284,90.63955827236526,15.842857142857156,334.0,Very Poor,0.045634005,False
2023-05-22,2023,5,summer,136.4,294.8,137.3,61.7,7.38,115.7,25.19476184523065,79.58532316539568,9.585448181022628,0.0,223.6,77.35233243628325,-87.19999999999999,245.7,Severe,0.045249324,False
2023-05-23,2023,5,summer,119.4,547.6,33.5,36.9,0.48,144.2,25.19476184523065,79.58532316539568,9.585448181022628,0.0,225.00000000000003,74.9980221961438,-105.60000000000002,97.6,Moderate,0.045158073,False
2023-05-24,2023,5,summer,453.7,276.5,24.5,93.1,9.15,7.5,25.19476184523065,79.58532316539568,9.585448181022628,0.0,251.6,114.95849975824594,202.1,116.3,Moderate,0.045742866,False
2023-05-25,2023,5,summer,339.4,46.7,9.2,36.7,6.23,0.6,25.19476184523065,79.58532316539568,9.585448181022628,0.0,255.4,117.72500442415212,83.99999999999997,189.3,Moderate,0.04698666,False
2023-05-26,2023,5,summer,494.0,347.8,125.5,77.6,5.76,25.0,25.19476184523065,79.58532316539568,9.585448181022628,0.0,297.9857142857143,143.6720621017581,196.01428571428568,268.2,Very Poor,0.047057737,False
2023-05-27,2023,5,summer,151.8,453.6,140.4,40.8,7.76,102.9,25.19476184523065,79.58532316539568,9.585448181022628,0.0,281.6714285714286,154.0205907693915,-129.87142857142857,164.8,Poor,0.047175847,False
2023-05-28,2023,5,summer,463.0,64.8,117.5,70.6,4.34,13.3,25.19476184523065,79.58532316539568,9.585448181022628,0.0,308.24285714285713,168.44880386577262,154.75714285714287,247.6,Poor,0.046799473,False
2023-05-29,2023,5,summer,300.1,475.8,102.9,39.0,2.09,28.2,25.19476184523065,79.58532316539568,9.585448181022628,0.0,331.62857142857143,151.08391392739028,-31.52857142857141,108.4,Good,0.046599034,False
2023-05-30,2023,5,summer,16.0,64.8,24.9,14.0,2.32,34.7,25.19476184523065,79.58532316539568,9.585448181022628,0.0,316.85714285714283,177.95652893467044,-300.85714285714283,236.4,Moderate,0.048800174,False
2023-05-31,2023,5,summer,207.5,202.7,144.7,54.0,5.52,133.7,25.19476184523065,79.58532316539568,9.585448181022628,0.0,281.6857142857143,170.57987795137134,-74.18571428571431,160.9,Poor,0.04671202,False
2023-06-01,2023,6,monsoon,8.6,42.6,29.4,60.4,2.1,95.8,25.19476184523065,79.58532316539568,9.585448181022628,0.0,234.42857142857144,195.8729070450675,-225.82857142857145,441.3,Very Poor,0.04648873,False
2023-06-02,2023,6,monsoon,347.2,38.6,19.0,3.6,7.29,188.2,25.19476184523065,79.58532316539568,9.585448181022628,0.0,213.45714285714288,169.53791962412456,133.74285714285713,248.0,Severe,0.048731763,False
2023-06-03,2023,6,monsoon,227.5,297.8,41.3,65.6,1.91,143.6,25.19476184523065,79.58532316539568,9.585448181022628,0.0,224.27142857142857,167.34973074657847,3.228571428571428,215.4,Severe,0.04756981,False
2023-06-04,2023,6,monsoon,141.4,150.4,127.9,85.7,5.13,133.8,25.19476184523065,79.58532316539568,9.585448181022628,0.0,178.32857142857145,131.10855189861672,-36.928571428571445,171.0,Good,0.046705537,False
2023-06-05,2023,6,monsoon,407.8,157.7,148.0,48.2,8.0,40.3,25.19476184523065,79.58532316539568,9.585448181022628,0.0,193.7142857142857,152.37482762988776,214.0857142857143,53.6,Very Poor,0.047372855,False
2023-06-06,2023,6,monsoon,347.8,416.1,127.4,35.8,8.11,148.5,25.19476184523065,79.58532316539568,9.585448181022628,0.0,241.1142857142857,138.8891935869672,106.68571428571433,8.5,Poor,0.047182478,False
2023-06-07,2023,6,monsoon,279.5,166.0,16.0,82.3,4.07,174.7,25.19476184523065,79.58532316539568,9.585448181022628,0.0,251.4,138.65077232625364,28.099999999999994,169.8,Satisfactory,0.047487214,False
2023-06-08,2023,6,monsoon,99.4,438.2,101.6,85.5,1.26,56.3,25.19476184523065,79.58532316539568,9.585448181022628,0.0,264.37142857142857,114.25014535783174,-164.97142857142856,324.0,Poor,0.04802301,False
2023-06-09,2023,6,monsoon,476.8,368.7,68.8,82.2,4.76,128.5,25.19476184523065,79.58532316539568,9.585448181022628,0.0,282.8857142857143,137.95195333365675,193.9142857142857,482.6,Good,0.048651893,False
2023-06-10,2023,6,monsoon,452.1,541.3,68.5,77.3,3.9,198.6,25.19476184523065,79.58532316539568,9.585448181022628,0.0,314.9714285714286,148.62923348930738,137.12857142857143,445.5,Good,0.048721373,False
2023-06-11,2023,6,monsoon,355.5,507.5,113.0,73.7,0.59,104.5,25.19476184523065,79.58532316539568,9.585448181022628,0.0,345.5571428571429,127.48268976796896,9.942857142857122,293.3,Very Poor,0.049478255,False
2023-06-12,2023,6,monsoon,258.4,490.7,123.9,13.8,7.83,111.1,25.19476184523065,79.58532316539568,9.585448181022628,0.0,324.2142857142857,127.8310007858218,-65.81428571428575,266.9,Satisfactory,0.049342994,False
2023-06-13,2023,6,monsoon,256.4,36.2,141.7,10.5,2.97,9.9,25.19476184523065,79.58532316539568,9.585448181022628,0.0,311.15714285714284,129.67501503300292,-54.75714285714287,170.6,Very Poor,0.049578764,False
2023-06-14,2023,6,monsoon,6.4,344.1,37.5,49.4,6.43,71.3,25.19476184523065,79.58532316539568,9.585448181022628,0.0,272.1428571428572,174.2190178782907,-265.7428571428572,367.0,Moderate,0.04952877,False
2023-06-15,2023,6,monsoon,168.2,98.0,103.2,36.0,6.95,68.2,25.19476184523065,79.58532316539568,9.585448181022628,0.0,281.9714285714286,164.52021876034684,-113.7714285714286,250.3,Satisfactory,0.048028912,False
2023-06-16,2023,6,monsoon,228.4,480.5,97.4,56.6,8.4,119.7,25.19476184523065,79.58532316539568,9.585448181022628,0.0,246.4857142857143,140.5337969857716,-18.08571428571429,418.8,Very Poor,0.047327474,False
2023-06-17,2023,6,monsoon,400.0,99.0,49.3,11.0,1.02,109.6,25.19476184523065,79.58532316539568,9.585448181022628,0.0,239.0428571428572,128.71163968529092,160.95714285714283,41.2,Satisfactory,0.04730754,False
2023-06-18,2023,6,monsoon,297.2,500.1,142.3,76.1,1.54,49.9,25.19476184523065,79.58532316539568,9.585448181022628,0.0,230.7142857142857,121.61040838913166,66.48571428571427,115.9,Very Poor,0.04772883,False
2023-06-19,2023,6,monsoon,122.0,536.6,142.8,39.5,9.97,99.3,25.19476184523065,79.58532316539568,9.585448181022628,0.0,211.22857142857143,127.23272265532032,-89.22857142857143,475.1,Good,0.04880684,False
2023-06-20,2023,6,monsoon,308.7,581.1,47.1,89.5,5.07,38.0,25.19476184523065,79.58532316539568,9.585448181022628,0.0,218.7,131.78167550915396,90.0,376.2,Poor,0.049399562,False
2023-06-21,2023,6,monsoon,417.6,376.9,86.7,91.4,2.1,189.6,25.19476184523065,79.58532316539568,9.585448181022628,0.0,277.4428571428571,111.45501120994744,140.1571428571429,389.9,Poor,0.05029364,False
2023-06-22,2023,6,monsoon,61.4,450.1,24.9,28.1,1.21,111.3,25.19476184523065,79.58532316539568,9.585448181022628,0.0,262.18571428571425,133.94300315894844,-200.78571428571425,123.8,Satisfactory,0.050469935,False
2023-06-23,2023,6,monsoon,306.6,326.4,88.1,9.2,8.53,4.3,25.19476184523065,79.58532316539568,9.585448181022628,0.0,273.35714285714283,133.91658917827485,33.24285714285719,291.4,Good,0.04922255,False
2023-06-24,2023,6,monsoon,323.7,162.0,57.8,96.9,7.19,76.1,25.19476184523065,79.58532316539568,9.585448181022628,0.0,262.45714285714286,124.67707430455222,61.24285714285713,119.7,Moderate,0.048329715,False
2023-06-25,2023,6,monsoon,160.9,306.7,97.2,33.4,5.76,23.2,25.19476184523065,79.58532316539568,9.585448181022628,0.0,242.9857142857143,128.9179768764028,-82.08571428571429,426.3,Satisfactory,0.047168184,False
2023-06-26,2023,6,monsoon,175.0,275.7,31.6,86.1,4.49,44.5,25.19476184523065,79.58532316539568,9.585448181022628,0.0,250.55714285714288,121.99883684066891,-75.55714285714288,365.2,Moderate,0.04700696,False
2023-06-27,2023,6,monsoon,29.2,366.6,44.1,62.9,7.29,116.0,25.19476184523065,79.58532316539568,9.585448181022628,0.0,210.62857142857143,143.62024827400094,-181.42857142857144,263.6,Good,0.04615158,False
2023-06-28,2023,6,monsoon,415.8,12.8,79.4,61.2,4.63,12.5,25.19476184523065,79.58532316539568,9.585448181022628,0.0,210.3714285714286,143.18888125230137,205.42857142857144,408.3,Moderate,0.046976306,False
2023-06-29,2023,6,monsoon,199.9,90.0,21.0,6.5,9.06,178.5,25.19476184523065,79.58532316539568,9.585448181022628,0.0,230.15714285714287,127.92913216755134,-30.257142857142867,381.0,Poor,0.046546318,False
2023-06-30,2023,6,monsoon,110.8,206.5,30.1,49.1,7.81,173.6,25.19476184523065,79.58532316539568,9.585448181022628,0.0,202.18571428571428,129.82102331763542,-91.38571428571429,404.1,Very Poor,0.04699816,False
2023-07-01,2023,7,monsoon,145.1,203.6,126.4,52.4,0.87,126.2,25.19476184523065,79.58532316539568,9.585448181022628,0.0,176.67142857142858,119.0638444181061,-31.571428571428584,54.1,Very Poor,0.04585035,False
2023-07-02,2023,7,monsoon,158.1,31.6,102.9,94.9,9.33,168.9,25.19476184523065,79.58532316539568,9.585448181022628,0.0,176.27142857142857,119.13034478091204,-18.17142857142857,143.9,Moderate,0.04524647,False
2023-07-03,2023,7,monsoon,318.9,65.0,30.9,61.0,9.31,70.8,25.19476184523065,79.58532316539568,9.585448181022628,0.0,196.82857142857145,130.72576530388207,122.07142857142856,203.6,Poor,0.046148635,False
2023-07-04,2023,7,monsoon,377.0,370.8,94.2,7.0,4.21,137.5,25.19476184523065,79.58532316539568,9.585448181022628,0.0,246.5142857142857,122.2136575642758,130.4857142857143,371.0,Severe,0.04635855,False
2023-07-05,2023,7,monsoon,248.0,484.7,56.8,22.5,9.38,72.4,25.19476184523065,79.58532316539568,9.585448181022628,0.0,222.5428571428572,97.41596134006728,25.457142857142856,251.0,Good,0.04556849,False
2023-07-06,2023,7,monsoon,16.2,43.4,104.2,0.2,7.22,20.7,25.19476184523065,79.58532316539568,9.585448181022628,0.0,196.3,125.28838733098908,-180.1,229.6,Very Poor,0.047144998,False
2023-07-07,2023,7,monsoon,65.9,320.6,109.4,88.2,3.42,74.4,25.19476184523065,79.58532316539568,9.585448181022628,0.0,189.88571428571427,131.39570551799386,-123.98571428571428,24.0,Severe,0.04677205,False
2023-07-08,2023,7,monsoon,406.1,357.5,106.3,72.8,3.53,127.6,25.19476184523065,79.58532316539568,9.585448181022628,0.0,227.17142857142852,151.98699192459097,178.92857142857144,316.7,Severe,0.046190176,False
2023-07-09,2023,7,monsoon,100.5,125.0,110.5,84.2,6.73,101.5,25.19476184523065,79.58532316539568,9.585448181022628,0.0,218.94285714285712,157.79791778456016,-118.44285714285712,202.6,Severe,0.045722995,False
2023-07-10,2023,7,monsoon,364.2,440.8,111.1,64.4,4.18,0.3,25.19476184523065,79.58532316539568,9.585448181022628,0.0,225.4142857142857,163.4095818138318,138.78571428571425,381.4,Severe,0.044767953,False
2023-07-11,2023,7,monsoon,257.2,312.8,99.8,40.9,8.47,61.8,25.19476184523065,79.58532316539568,9.585448181022628,0.0,208.3,150.6640633993387,48.900000000000006,143.0,Poor,0.043573014,False
2023-07-12,2023,7,monsoon,24.7,504.3,1.0,80.4,7.63,199.8,25.19476184523065,79.58532316539568,9.585448181022628,0.0,176.4,163.91438822344605,-151.70000000000002,373.1,Satisfactory,0.045424633,False
2023-07-13,2023,7,monsoon,83.7,515.7,42.0,99.4,8.34,98.9,25.19476184523065,79.58532316539568,9.585448181022628,0.0,186.0428571428572,154.64255405227067,-102.34285714285714,96.5,Very Poor,0.044736557,False
2023-07-14,2023,7,monsoon,145.9,303.5,100.4,34.5,5.99,30.7,25.19476184523065,79.58532316539568,9.585448181022628,0.0,197.4714285714286,147.05371710462015,-51.57142857142858,246.1,Moderate,0.043936897,False
2023-07-15,2023,7,monsoon,193.0,275.2,5.7,45.6,9.38,140.5,25.19476184523065,79.58532316539568,9.585448181022628,0.0,167.02857142857144,115.29347646023008,25.97142857142856,136.1,Good,0.044319257,False
2023-07-16,2023,7,monsoon,230.0,386.5,62.1,64.9,1.86,176.1,25.19476184523065,79.58532316539568,9.585448181022628,0.0,185.52857142857144,113.21006601720084,44.47142857142856,367.9,Poor,0.044678293,False
2023-07-17,2023,7,monsoon,224.2,405.0,20.5,89.3,7.82,51.0,25.19476184523065,79.58532316539568,9.585448181022628,0.0,165.5285714285714,85.31423707458774,58.67142857142858,203.4,Very Poor,0.043575693,False
2023-07-18,2023,7,monsoon,439.9,476.3,23.5,87.9,6.5,80.9,25.19476184523065,79.58532316539568,9.585448181022628,0.0,191.62857142857143,132.77717818819235,248.2714285714285,497.7,Very Poor,0.043651856,False
2023-07-19,2023,7,monsoon,345.9,417.5,104.8,7.9,0.91,65.6,25.19476184523065,79.58532316539568,9.585448181022628,0.0,237.5142857142857,120.39844169217774,108.38571428571429,396.1,Moderate,0.043808647,False
2023-07-20,2023,7,monsoon,96.3,408.2,120.9,65.7,1.1,185.0,25.19476184523065,79.58532316539568,9.585448181022628,0.0,239.3142857142857,117.78134301282492,-143.01428571428568,73.7,Severe,0.044256996,False
2023-07-21,2023,7,monsoon,183.9,578.6,146.0,88.4,9.08,160.1,25.19476184523065,79.58532316539568,9.585448181022628,0.0,244.7428571428572,113.55827956227068,-60.84285714285716,305.3,Moderate,0.04459703,False
2023-07-22,2023,7,monsoon,372.8,263.4,49.8,41.7,3.79,17.6,25.19476184523065,79.58532316539568,9.585448181022628,0.0,270.42857142857144,120.05270667899316,102.37142857142857,286.2,Severe,0.04383615,False
2023-07-23,2023,7,monsoon,490.5,284.6,102.2,19.3,1.63,29.8,25.19476184523065,79.58532316539568,9.585448181022628,0.0,307.6428571428572,143.51455044864335,182.85714285714283,208.1,Very Poor,0.044784345,False
2023-07-24,2023,7,monsoon,300.2,527.2,9.5,87.7,1.61,116.9,25.19476184523065,79.58532316539568,9.585448181022628,0.0,318.5,138.9520900646455,-18.30000000000001,175.2,Good,0.045653827,False
2023-07-25,2023,7,monsoon,154.4,408.6,143.2,63.4,4.48,3.5,25.19476184523065,79.58532316539568,9.585448181022628,0.0,277.71428571428567,139.27947238761146,-123.31428571428566,77.3,Very Poor,0.04659879,False
2023-07-26,2023,7,monsoon,154.6,581.6,125.2,19.5,2.88,65.0,25.19476184523065,79.58532316539568,9.585448181022628,0.0,250.3857142857143,142.4034810970975,-95.7857142857143,366.0,Moderate,0.04743954,False
2023-07-27,2023,7,monsoon,178.6,408.1,112.4,8.8,2.91,21.2,25.19476184523065,79.58532316539568,9.585448181022628,0.0,262.1428571428572,130.4579607529165,-83.54285714285717,196.4,Satisfactory,0.047739584,False
2023-07-28,2023,7,monsoon,354.6,158.2,117.8,60.5,2.92,176.7,25.19476184523065,79.58532316539568,9.585448181022628,0.0,286.5285714285714,129.34412387484937,68.07142857142861,292.3,Satisfactory,0.047091115,False
2023-07-29,2023,7,monsoon,278.2,314.2,45.2,6.4,3.71,28.6,25.19476184523065,79.58532316539568,9.585448181022628,0.0,273.0142857142857,123.64436135642454,5.185714285714312,246.1,Satisfactory,0.04574719,False
2023-07-30,2023,7,monsoon,131.9,280.9,15.9,13.8,8.52,198.9,25.19476184523065,79.58532316539568,9.585448181022628,0.0,221.78571428571428,87.53114547731793,-89.88571428571427,439.2,Poor,0.04675135,False
2023-07-31,2023,7,monsoon,22.0,234.5,47.1,37.6,7.52,132.6,25.19476184523065,79.58532316539568,9.585448181022628,0.0,182.0428571428572,106.98853298590528,-160.04285714285714,370.1,Satisfactory,0.04669202,False
2023-08-01,2023,8,monsoon,29.3,591.8,83.3,2.6,5.72,182.7,25.19476184523065,79.58532316539568,9.585448181022628,0.0,164.17142857142858,121.79888771092692,-134.87142857142857,52.7,Satisfactory,0.046446968,False
2023-08-02,2023,8,monsoon,229.6,448.7,7.2,36.1,5.55,48.0,25.19476184523065,79.58532316539568,9.585448181022628,0.0,174.88571428571427,124.09373377372728,54.71428571428572,222.7,Poor,0.04568161,False
2023-08-03,2023,8,monsoon,227.5,213.5,73.9,74.8,0.93,168.6,25.19476184523065,79.58532316539568,9.585448181022628,0.0,181.87142857142857,125.70361588919783,45.62857142857143,168.0,Satisfactory,0.04600001,False
2023-08-04,2023,8,monsoon,51.0,247.0,55.2,42.6,5.11,71.9,25.19476184523065,79.58532316539568,9.585448181022628,0.0,138.5,107.18597545077088,-87.5,128.3,Good,0.045504473,False
2023-08-05,2023,8,monsoon,190.3,21.2,111.7,66.6,6.17,25.0,25.19476184523065,79.58532316539568,9.585448181022628,0.0,125.94285714285714,92.19216989786123,64.35714285714288,491.6,Good,0.044240296,False
2023-08-06,2023,8,monsoon,461.3,93.5,103.1,70.0,7.59,143.7,25.19476184523065,79.58532316539568,9.585448181022628,0.0,173.0,157.01628365661082,288.3,150.9,Poor,0.045509707,False
2023-08-07,2023,8,monsoon,314.2,20.3,130.5,62.3,8.25,156.3,25.19476184523065,79.58532316539568,9.585448181022628,0.0,214.7428571428572,148.80852190138893,99.45714285714284,474.9,Very Poor,0.046670273,False
2023-08-08,2023,8,monsoon,8.0,248.2,47.6,54.3,0.77,138.0,25.19476184523065,79.58532316539568,9.585448181022628,0.0,211.7,153.38002912156878,-203.7,96.8,Very Poor,0.04715409,False
2023-08-09,2023,8,monsoon,58.0,582.7,116.0,11.3,7.86,56.2,25.19476184523065,79.58532316539568,9.585448181022628,0.0,187.1857142857143,163.4264506189396,-129.1857142857143,308.3,Satisfactory,0.047734637,False
2023-08-10,2023,8,monsoon,430.7,337.0,30.6,1.8,3.61,150.4,25.19476184523065,79.58532316539568,9.585448181022628,0.0,216.2142857142857,187.9825295833934,214.48571428571427,479.6,Severe,0.04930695,False
2023-08-11,2023,8,monsoon,276.0,589.2,136.4,31.0,8.86,182.7,25.19476184523065,79.58532316539568,9.585448181022628,0.0,248.3571428571429,173.7196098808158,27.64285714285714,259.7,Very Poor,0.048301585,False
2023-08-12,2023,8,monsoon,314.9,93.0,62.0,85.8,3.52,53.9,25.19476184523065,79.58532316539568,9.585448181022628,0.0,266.15714285714284,173.1619940705124,48.74285714285713,382.0,Severe,0.047683712,False
2023-08-13,2023,8,monsoon,476.0,273.9,91.5,38.2,6.39,166.9,25.19476184523065,79.58532316539568,9.585448181022628,0.0,268.25714285714287,175.9890513369402,207.7428571428572,467.1,Very Poor,0.048430257,False
2023-08-14,2023,8,monsoon,261.3,65.1,13.5,82.1,4.42,105.5,25.19476184523065,79.58532316539568,9.585448181022628,0.0,260.7,174.8193162477571,0.6000000000000227,81.8,Satisfactory,0.048513856,False
2023-08-15,2023,8,monsoon,355.2,269.6,144.9,10.9,5.89,75.8,25.19476184523065,79.58532316539568,9.585448181022628,0.0,310.3,136.1510190927707,44.89999999999998,116.6,Poor,0.048827488,False
2023-08-16,2023,8,monsoon,95.9,142.5,115.3,22.7,2.47,165.0,25.19476184523065,79.58532316539568,9.585448181022628,0.0,315.7142857142857,124.71933061306672,-219.8142857142857,340.3,Satisfactory,0.048813067,False
2023-08-17,2023,8,monsoon,422.7,354.8,11.1,25.5,9.54,47.4,25.19476184523065,79.58532316539568,9.585448181022628,0.0,314.57142857142856,123.52095253148646,108.12857142857143,263.4,Poor,0.048849463,False
2023-08-18,2023,8,monsoon,217.7,531.3,102.9,46.1,1.55,121.6,25.19476184523065,79.58532316539568,9.585448181022628,0.0,306.2428571428572,128.42333455078509,-88.5428571428572,350.1,Severe,0.04838683,False
2023-08-19,2023,8,monsoon,289.4,67.5,47.5,9.7,5.01,192.1,25.19476184523065,79.58532316539568,9.585448181022628,0.0,302.6,128.49848248131187,-13.199999999999989,434.0,Very Poor,0.04798099,False
2023-08-20,2023,8,monsoon,418.3,241.5,77.2,63.0,5.31,90.4,25.19476184523065,79.58532316539568,9.585448181022628,0.0,294.35714285714283,116.84354007450676,123.94285714285718,210.1,Satisfactory,0.045905095,False
2023-08-21,2023,8,monsoon,87.8,151.6,21.9,95.2,1.43,33.9,25.19476184523065,79.58532316539568,9.585448181022628,0.0,269.57142857142856,140.94161574077063,-181.7714285714285,280.7,Poor,0.047673818,False
2023-08-22,2023,8,monsoon,355.9,593.4,95.3,30.8,1.1,192.9,25.19476184523065,79.58532316539568,9.585448181022628,0.0,269.6714285714286,141.01272654487266,86.2285714285714,239.9,Very Poor,0.04757441,False
2023-08-23,2023,8,monsoon,255.0,422.4,30.2,69.8,6.54,139.1,25.19476184523065,79.58532316539568,9.585448181022628,0.0,292.4,119.51998438197133,-37.39999999999998,482.6,Satisfactory,0.04634485,False
2023-08-24,2023,8,monsoon,409.3,62.5,2.6,89.6,8.99,40.1,25.19476184523065,79.58532316539568,9.585448181022628,0.0,290.48571428571427,117.16941336616578,118.81428571428576,207.2,Severe,0.047607914,False
2023-08-25,2023,8,monsoon,285.7,112.5,83.5,94.7,2.03,186.2,25.19476184523065,79.58532316539568,9.585448181022628,0.0,300.2,112.86909822149434,-14.5,391.3,Severe,0.047542486,False
2023-08-26,2023,8,monsoon,75.3,413.5,56.6,76.1,1.05,47.7,23.889347271482794,81.09507809097131,8.52190902868521,0.0,269.6142857142857,141.62836849270258,-194.3142857142857,265.6,Poor,0.05722703,False
2023-08-27,2023,8,monsoon,316.9,21.8,35.9,44.9,6.86,195.2,23.889347271482794,81.09507809097131,8.52190902868521,0.0,255.12857142857143,128.45960083862565,61.771428571428544,12.0,Severe,0.06685864,False
2023-08-28,2023,8,monsoon,340.7,572.6,99.8,38.3,6.73,136.5,23.889347271482794,81.09507809097131,8.52190902868521,0.0,291.25714285714287,107.39174172382246,49.44285714285712,455.8,Very Poor,0.07665085,False
2023-08-29,2023,8,monsoon,205.5,160.9,12.4,69.6,9.43,195.3,23.889347271482794,81.09507809097131,8.52190902868521,0.0,269.77142857142854,107.3483847772555,-64.27142857142854,277.9,Good,0.08613918,False
2023-08-30,2023,8,monsoon,114.2,353.5,38.4,93.0,8.6,37.1,23.889347271482794,81.09507809097131,8.52190902868521,0.0,249.65714285714284,122.67452679268628,-135.45714285714286,415.5,Moderate,0.09682897,False
2023-08-31,2023,8,monsoon,181.6,499.4,21.4,10.1,3.66,20.6,23.889347271482794,81.09507809097131,8.52190902868521,0.0,217.12857142857143,101.68039329660527,-35.52857142857144,436.2,Good,0.10571559,False
2023-09-01,2023,9,monsoon,75.5,475.7,30.7,53.9,8.75,149.5,23.889347271482794,81.09507809097131,8.52190902868521,0.0,187.1,108.84087773748703,-111.59999999999997,376.0,Severe,0.115942195,False
2023-09-02,2023,9,monsoon,144.0,240.2,139.6,61.7,8.25,142.5,23.889347271482794,81.09507809097131,8.52190902868521,0.0,196.9142857142857,99.80159365079317,-52.91428571428574,137.3,Severe,0.12585174,False
2023-09-03,2023,9,monsoon,39.4,526.9,46.3,92.1,0.46,27.7,23.889347271482794,81.09507809097131,8.52190902868521,0.0,157.27142857142854,99.3104847483502,-117.87142857142854,453.7,Moderate,0.1375503,False
2023-09-04,2023,9,monsoon,471.7,517.7,14.0,32.1,4.27,102.6,23.889347271482794,81.09507809097131,8.52190902868521,0.0,175.9857142857143,142.56176940273303,295.71428571428567,328.7,Good,0.14824556,False
2023-09-05,2023,9,monsoon,8.7,203.1,13.2,51.0,4.39,26.9,23.889347271482794,81.09507809097131,8.52190902868521,0.0,147.8714285714286,154.6628991741468,-139.1714285714286,369.8,Good,0.15592441,False
2023-09-06,2023,9,monsoon,63.2,506.5,97.4,90.0,5.49,180.8,23.889347271482794,81.09507809097131,8.52190902868521,0.0,140.5857142857143,157.68512325275967,-77.38571428571429,306.8,Satisfactory,0.16397305,False
2023-09-07,2023,9,monsoon,55.0,515.8,136.1,54.5,0.97,3.8,23.889347271482794,81.09507809097131,8.52190902868521,0.0,122.5,159.44731627301402,-67.5,462.4,Severe,0.17317353,False
2023-09-08,2023,9,monsoon,209.4,254.9,32.7,55.8,0.35,198.9,23.889347271482794,81.09507809097131,8.52190902868521,0.0,141.62857142857143,160.89436197171617,67.77142857142857,232.8,Good,0.18077935,False
2023-09-09,2023,9,monsoon,291.0,254.6,24.2,8.7,2.63,135.7,23.889347271482794,81.09507809097131,8.52190902868521,0.0,162.62857142857143,170.55848180106915,128.37142857142857,275.9,Poor,0.18843761,False
2023-09-10,2023,9,monsoon,436.1,103.6,48.7,63.3,9.34,94.8,23.889347271482794,81.09507809097131,8.52190902868521,0.0,219.3,187.82126255210468,216.80000000000004,203.1,Good,0.1967298,False
2023-09-11,2023,9,monsoon,238.1,390.7,20.1,43.4,4.22,71.9,23.889347271482794,81.09507809097131,8.52190902868521,0.0,185.92857142857144,153.03217215437303,52.17142857142858,194.1,Poor,0.20451559,False
2023-09-12,2023,9,monsoon,148.0,34.4,2.6,12.9,6.24,100.0,23.889347271482794,81.09507809097131,8.52190902868521,0.0,205.82857142857145,134.0209027762175,-57.82857142857142,427.9,Poor,0.2119394,False
2023-09-13,2023,9,monsoon,18.3,536.6,51.4,52.7,0.65,164.4,23.889347271482794,81.09507809097131,8.52190902868521,0.0,199.4142857142857,142.77352028733495,-181.11428571428573,454.1,Very Poor,0.22024512,False
2023-09-14,2023,9,monsoon,187.5,71.1,87.0,42.5,1.37,153.1,23.889347271482794,81.09507809097131,8.52190902868521,0.0,218.3428571428572,128.50687215272248,-30.84285714285716,142.7,Poor,0.22781774,False
2023-09-15,2023,9,monsoon,46.7,357.1,33.4,46.7,7.61,86.5,23.889347271482794,81.09507809097131,8.52190902868521,0.0,195.1,144.15488198462083,-148.39999999999998,240.9,Good,0.23513736,False
2023-09-16,2023,9,monsoon,225.2,452.7,32.4,2.6,7.51,44.7,23.889347271482794,81.09507809097131,8.52190902868521,0.0,185.7,138.90911897112184,39.5,15.5,Good,0.24225847,False
2023-09-17,2023,9,monsoon,262.0,302.4,118.1,85.7,9.24,154.8,23.889347271482794,81.09507809097131,8.52190902868521,0.0,160.82857142857142,95.36410425811336,101.17142857142858,102.6,Poor,0.25324014,False
2023-09-18,2023,9,monsoon,385.8,270.2,105.1,39.0,4.17,185.9,23.889347271482794,81.09507809097131,8.52190902868521,0.0,181.92857142857144,126.55082923850136,203.8714285714286,91.9,Very Poor,0.2625399,False
2023-09-19,2023,9,monsoon,375.6,66.0,50.2,44.8,1.15,146.7,23.889347271482794,81.09507809097131,8.52190902868521,0.0,214.44285714285712,144.3652180771953,161.1571428571429,241.6,Very Poor,0.27156216,False
2023-09-20,2023,9,monsoon,309.9,168.6,50.2,45.9,9.85,151.5,23.889347271482794,81.09507809097131,8.52190902868521,0.0,256.1,117.99768359308295,53.79999999999996,181.0,Very Poor,0.28089118,False
2023-09-21,2023,9,monsoon,63.2,574.8,69.4,8.9,3.86,50.2,23.889347271482794,81.09507809097131,8.52190902868521,0.0,238.3428571428572,137.74248747987252,-175.14285714285717,433.0,Severe,0.28667444,False
2023-09-22,2023,9,monsoon,439.0,193.1,41.9,97.0,8.3,32.6,23.889347271482794,81.09507809097131,8.52190902868521,0.0,294.38571428571424,126.0877000156562,144.61428571428576,354.1,Very Poor,0.29753247,False
2023-09-23,2023,9,monsoon,329.3,508.7,72.7,10.3,0.12,92.3,23.889347271482794,81.09507809097131,8.52190902868521,0.0,309.25714285714287,122.66001599465714,20.042857142857144,375.0,Good,0.30307022,False
2023-09-24,2023,9,monsoon,11.2,209.7,80.4,71.7,2.59,80.9,23.889347271482794,81.09507809097131,8.52190902868521,0.0,273.42857142857144,167.2781587086383,-262.22857142857146,323.4,Poor,0.30834022,True
2023-09-25,2023,9,monsoon,353.6,423.9,18.7,91.7,0.75,81.4,23.889347271482794,81.09507809097131,8.52190902868521,0.0,268.8285714285714,164.0852899590709,84.7714285714286,333.1,Poor,0.30882236,True
2023-09-26,2023,9,monsoon,294.3,264.7,9.0,12.4,7.55,85.6,23.889347271482794,81.09507809097131,8.52190902868521,0.0,257.2142857142857,158.03391438307818,37.08571428571429,478.8,Poor,0.30795857,False
2023-09-27,2023,9,monsoon,315.5,539.9,87.0,11.7,8.13,144.4,23.889347271482794,81.09507809097131,8.52190902868521,0.0,258.0142857142857,158.35891121722435,57.48571428571432,282.1,Very Poor,0.30929726,True
2023-09-28,2023,9,monsoon,341.0,547.3,71.8,49.0,9.06,26.7,23.889347271482794,81.09507809097131,8.52190902868521,0.0,297.7,134.39655253515008,43.30000000000001,9.5,Very Poor,0.3089536,True
2023-09-29,2023,9,monsoon,70.8,582.4,149.7,59.5,9.04,75.6,23.889347271482794,81.09507809097131,8.52190902868521,0.0,245.1,141.7304954247085,-174.3,166.5,Severe,0.30982503,True
2023-09-30,2023,9,monsoon,424.4,48.3,147.9,88.6,1.92,151.7,23.889347271482794,81.09507809097131,8.52190902868521,0.0,258.68571428571425,155.0763513947396,165.71428571428572,199.7,Good,0.31320846,True
2023-10-01,2023,10,post-monsoon,172.2,283.0,113.5,51.5,1.47,85.0,23.889347271482794,81.09507809097131,8.52190902868521,0.0,281.68571428571425,120.29106961271664,-109.48571428571428,390.2,Moderate,0.31030828,True
2023-10-02,2023,10,post-monsoon,473.7,205.5,20.4,69.9,2.12,102.5,23.889347271482794,81.09507809097131,8.52190902868521,0.0,298.8428571428572,139.31792008619306,174.85714285714283,283.5,Good,0.3106842,True
2023-10-03,2023,10,post-monsoon,198.0,382.8,76.1,42.8,5.38,132.1,23.889347271482794,81.09507809097131,8.52190902868521,0.0,285.0857142857143,144.4995551154793,-87.08571428571429,241.0,Good,0.3087704,True
2023-10-04,2023,10,post-monsoon,134.5,200.9,116.7,17.0,3.06,17.3,23.889347271482794,81.09507809097131,8.52190902868521,0.0,259.2285714285714,154.03009137054693,-124.7285714285714,241.5,Severe,0.30500743,False
2023-10-05,2023,10,post-monsoon,91.9,325.1,145.3,35.9,9.37,197.7,23.889347271482794,81.09507809097131,8.52190902868521,0.0,223.6428571428571,160.62352315422592,-131.7428571428571,65.6,Good,0.30826324,True
2023-10-06,2023,10,post-monsoon,464.3,274.5,93.2,40.0,0.67,197.5,23.889347271482794,81.09507809097131,8.52190902868521,0.0,279.85714285714283,166.95014083195477,184.4428571428572,188.4,Moderate,0.30939263,True
2023-10-07,2023,10,post-monsoon,198.7,210.4,81.9,7.8,1.64,47.0,23.889347271482794,81.09507809097131,8.52190902868521,0.0,247.6142857142857,155.80475419117164,-48.91428571428571,74.1,Moderate,0.30639723,False
2023-10-08,2023,10,post-monsoon,496.4,126.1,127.3,70.9,4.95,169.1,23.889347271482794,81.09507809097131,8.52190902868521,0.0,293.92857142857144,176.46654748408378,202.47142857142853,472.8,Satisfactory,0.30872163,True
2023-10-09,2023,10,post-monsoon,246.9,24.5,24.0,66.9,1.41,9.8,23.889347271482794,81.09507809097131,8.52190902868521,0.0,261.5285714285714,157.7911353053535,-14.628571428571403,315.5,Good,0.30722815,False
2023-10-10,2023,10,post-monsoon,366.2,262.3,4.3,67.2,9.29,137.9,23.889347271482794,81.09507809097131,8.52190902868521,0.0,285.5571428571428,159.30415203987266,80.64285714285717,264.9,Satisfactory,0.30715808,False
2023-10-11,2023,10,post-monsoon,274.1,411.6,136.3,12.8,3.43,54.4,23.889347271482794,81.09507809097131,8.52190902868521,0.0,305.5,145.37071002555277,-31.399999999999977,413.6,Severe,0.30609137,False
2023-10-12,2023,10,post-monsoon,415.4,448.7,54.3,32.9,1.53,121.3,23.889347271482794,81.09507809097131,8.52190902868521,0.0,351.7142857142857,114.23556697414692,63.685714285714255,445.7,Satisfactory,0.30593094,False
2023-10-13,2023,10,post-monsoon,7.9,211.2,136.7,63.7,3.59,165.4,23.889347271482794,81.09507809097131,8.52190902868521,0.0,286.5142857142857,160.24669969114737,-278.6142857142857,48.6,Good,0.30599013,False
2023-10-14,2023,10,post-monsoon,317.0,388.9,128.6,21.8,9.48,132.3,23.889347271482794,81.09507809097131,8.52190902868521,0.0,303.4142857142857,155.61318954993752,13.585714285714287,474.2,Poor,0.3073228,False
2023-10-15,2023,10,post-monsoon,133.9,188.0,127.4,57.5,9.09,56.7,23.889347271482794,81.09507809097131,8.52190902868521,0.0,251.6285714285714,140.24506781922508,-117.7285714285714,206.3,Very Poor,0.30732492,False
2023-10-16,2023,10,post-monsoon,497.9,544.9,147.6,74.8,6.56,181.4,23.889347271482794,81.09507809097131,8.52190902868521,0.0,287.4857142857143,168.14635914951626,210.41428571428565,329.6,Severe,0.3109465,True
2023-10-17,2023,10,post-monsoon,367.4,142.4,114.7,31.9,1.65,24.8,23.889347271482794,81.09507809097131,8.52190902868521,0.0,287.65714285714284,168.24057038600864,79.74285714285713,216.8,Very Poor,0.30892858,True
2023-10-18,2023,10,post-monsoon,205.7,492.9,72.0,0.3,0.83,82.3,23.889347271482794,81.09507809097131,8.52190902868521,0.0,277.8857142857143,171.1208873727521,-72.18571428571431,258.9,Poor,0.30678222,False
2023-10-19,2023,10,post-monsoon,358.8,46.9,46.2,54.4,9.97,41.4,23.889347271482794,81.09507809097131,8.52190902868521,0.0,269.8,164.75913732880898,89.0,225.1,Good,0.30840945,True
2023-10-20,2023,10,post-monsoon,79.4,360.9,109.3,33.1,8.65,90.3,23.889347271482794,81.09507809097131,8.52190902868521,0.0,280.0142857142857,147.0848216571131,-200.61428571428567,172.5,Moderate,0.30696127,False
2023-10-21,2023,10,post-monsoon,110.4,331.9,30.2,36.5,4.66,137.2,23.889347271482794,81.09507809097131,8.52190902868521,0.0,250.5,158.6962927523303,-140.09999999999997,97.2,Very Poor,0.30642608,False
2023-10-22,2023,10,post-monsoon,173.0,216.6,90.0,0.3,9.45,116.9,23.889347271482794,81.09507809097131,8.52190902868521,0.0,256.0857142857143,154.5419946009436,-83.08571428571429,453.9,Poor,0.30528378,False
2023-10-23,2023,10,post-monsoon,340.2,449.4,46.7,27.4,3.54,61.2,23.889347271482794,81.09507809097131,8.52190902868521,0.0,233.55714285714285,121.34501579027808,106.64285714285714,364.2,Satisfactory,0.30457327,False
2023-10-24,2023,10,post-monsoon,140.6,201.1,22.4,76.2,8.71,92.7,23.889347271482794,81.09507809097131,8.52190902868521,0.0,201.15714285714284,109.33623762112362,-60.55714285714285,369.4,Satisfactory,0.30585572,False
2023-10-25,2023,10,post-monsoon,186.3,394.4,5.0,95.8,4.2,27.2,23.889347271482794,81.09507809097131,8.52190902868521,0.0,198.3857142857143,109.447710933447,-12.085714285714287,225.8,Moderate,0.30469057,False
2023-10-26,2023,10,post-monsoon,107.7,554.0,71.1,35.0,6.94,28.5,23.889347271482794,81.09507809097131,8.52190902868521,0.0,162.5142857142857,86.94504832692513,-54.8142857142857,357.5,Satisfactory,0.30355316,False
2023-10-27,2023,10,post-monsoon,62.3,368.7,114.7,74.3,0.14,167.7,23.889347271482794,81.09507809097131,8.52190902868521,0.0,160.07142857142858,89.8608130070368,-97.7714285714286,444.2,Good,0.30362132,False
2023-10-28,2023,10,post-monsoon,388.5,50.3,50.8,40.8,2.87,127.9,23.889347271482794,81.09507809097131,8.52190902868521,0.0,199.8,120.4945641927467,188.7,137.4,Moderate,0.30382293,False
2023-10-29,2023,10,post-monsoon,293.3,582.4,119.0,51.1,3.07,168.7,23.889347271482794,81.09507809097131,8.52190902868521,0.0,216.9857142857143,124.54598118193697,76.31428571428572,328.4,Moderate,0.30360252,False
2023-10-30,2023,10,post-monsoon,291.6,281.6,12.4,28.6,5.33,111.5,23.889347271482794,81.09507809097131,8.52190902868521,0.0,210.0428571428572,117.69899259187744,81.55714285714288,441.5,Severe,0.30192012,False
2023-10-31,2023,10,post-monsoon,42.3,176.9,64.4,54.6,5.69,13.6,23.889347271482794,81.09507809097131,8.52190902868521,0.0,196.0,132.321111946154,-153.7,360.6,Good,0.30164227,False
2023-11-01,2023,11,post-monsoon,480.6,337.3,78.5,47.7,2.47,62.4,23.889347271482794,81.09507809097131,8.52190902868521,0.0,238.0428571428572,170.0897396194418,242.55714285714288,165.6,Satisfactory,0.30153763,False
2023-11-02,2023,11,post-monsoon,435.5,465.5,14.1,42.5,6.67,139.5,23.889347271482794,81.09507809097131,8.52190902868521,0.0,284.87142857142857,173.31703815345375,150.62857142857143,493.4,Severe,0.30440572,False
2023-11-03,2023,11,post-monsoon,415.1,301.3,55.8,84.7,4.21,162.2,23.889347271482794,81.09507809097131,8.52190902868521,0.0,335.2714285714286,147.12415068331163,79.82857142857142,87.4,Satisfactory,0.30706048,False
2023-11-04,2023,11,post-monsoon,377.1,429.7,63.8,37.2,8.24,143.6,23.889347271482794,81.09507809097131,8.52190902868521,0.0,333.6428571428572,146.4985080372593,43.457142857142856,361.7,Severe,0.30636856,False
2023-11-05,2023,11,post-monsoon,293.0,260.8,2.7,21.1,6.65,154.4,23.889347271482794,81.09507809097131,8.52190902868521,0.0,333.6,146.51232030105888,-40.599999999999966,217.8,Very Poor,0.30596834,False
2023-11-06,2023,11,post-monsoon,260.8,386.9,44.3,83.2,6.86,141.6,23.889347271482794,81.09507809097131,8.52190902868521,0.0,329.2,148.43375626857951,-68.39999999999998,359.1,Satisfactory,0.30793223,False
2023-11-07,2023,11,post-monsoon,204.6,277.4,38.9,72.8,6.33,164.2,23.889347271482794,81.09507809097131,8.52190902868521,0.0,352.38571428571424,101.36237679026434,-147.78571428571425,21.0,Severe,0.30620116,False
2023-11-08,2023,11,post-monsoon,346.9,180.2,130.5,15.6,9.96,151.4,23.889347271482794,81.09507809097131,8.52190902868521,0.0,333.2857142857143,84.34404599755791,13.6142857142857,283.4,Satisfactory,0.3078625,False
2023-11-09,2023,11,post-monsoon,279.6,18.2,32.0,45.3,7.45,156.1,23.889347271482794,81.09507809097131,8.52190902868521,0.0,311.0142857142857,72.62436295925869,-31.41428571428565,182.2,Good,0.30757812,False
2023-11-10,2023,11,post-monsoon,1.1,445.4,81.8,17.6,8.78,69.1,23.889347271482794,81.09507809097131,8.52190902868521,0.0,251.8714285714286,124.07905697962238,-250.7714285714286,302.0,Satisfactory,0.3073087,False
2023-11-11,2023,11,post-monsoon,229.7,227.7,2.1,16.2,2.39,2.3,23.889347271482794,81.09507809097131,8.52190902868521,0.0,230.8142857142857,111.11497691687684,-1.114285714285728,241.0,Moderate,0.30674627,False
2023-11-12,2023,11,post-monsoon,343.7,232.3,40.6,40.7,9.56,179.1,23.889347271482794,81.09507809097131,8.52190902868521,0.0,238.05714285714288,117.32301361544336,105.64285714285712,349.7,Good,0.30892628,True
2023-11-13,2023,11,post-monsoon,167.5,39.6,114.3,92.8,7.26,63.8,23.889347271482794,81.09507809097131,8.52190902868521,0.0,224.72857142857143,119.58654765880796,-57.22857142857143,360.3,Moderate,0.30889103,True
2023-11-14,2023,11,post-monsoon,102.9,445.5,124.0,96.9,2.85,89.4,23.889347271482794,81.09507809097131,8.52190902868521,0.0,210.2,128.29987009606293,-107.29999999999998,314.2,Poor,0.30875885,True
2023-11-15,2023,11,post-monsoon,48.1,533.2,117.9,56.1,3.34,67.8,23.889347271482794,81.09507809097131,8.52190902868521,0.0,167.51428571428573,124.90007243888216,-119.41428571428574,156.9,Poor,0.30409935,False
2023-11-16,2023,11,post-monsoon,351.2,217.4,55.7,98.3,0.82,86.2,23.889347271482794,81.09507809097131,8.52190902868521,0.0,177.74285714285716,137.8677126468562,173.45714285714283,289.5,Moderate,0.304982,False
2023-11-17,2023,11,post-monsoon,166.7,40.4,121.0,45.9,6.29,30.0,23.889347271482794,81.09507809097131,8.52190902868521,0.0,201.40000000000003,114.77997792878897,-34.700000000000045,381.3,Poor,0.3035592,False
2023-11-18,2023,11,post-monsoon,216.9,72.6,45.5,5.3,2.07,89.2,23.889347271482794,81.09507809097131,8.52190902868521,0.0,199.57142857142856,114.35515896081088,17.328571428571422,297.7,Severe,0.30117127,False
2023-11-19,2023,11,post-monsoon,160.9,213.6,17.8,51.0,5.13,125.6,23.889347271482794,81.09507809097131,8.52190902868521,0.0,173.45714285714286,95.22898468328562,-12.55714285714285,418.8,Very Poor,0.3002207,False
2023-11-20,2023,11,post-monsoon,384.7,79.5,108.9,11.7,8.68,173.5,23.889347271482794,81.09507809097131,8.52190902868521,0.0,204.4857142857143,124.00269390314892,180.2142857142857,51.7,Very Poor,0.30376634,False
2023-11-21,2023,11,post-monsoon,206.0,227.9,135.3,39.4,3.67,138.9,23.889347271482794,81.09507809097131,8.52190902868521,0.0,219.2142857142857,115.77573765073316,-13.214285714285722,217.1,Severe,0.30286402,False
2023-11-22,2023,11,post-monsoon,488.9,508.4,20.8,92.1,8.69,56.8,23.889347271482794,81.09507809097131,8.52190902868521,0.0,282.18571428571425,126.5679057340556,206.7142857142857,195.3,Severe,0.30622083,False
2023-11-23,2023,11,post-monsoon,435.0,213.3,79.6,31.2,4.51,80.7,23.889347271482794,81.09507809097131,8.52190902868521,0.0,294.15714285714284,137.6605953924708,140.84285714285716,458.9,Severe,0.30587852,False
2023-11-24,2023,11,post-monsoon,397.5,232.3,15.4,63.4,4.44,25.6,23.889347271482794,81.09507809097131,8.52190902868521,0.0,327.12857142857143,129.4393386144739,70.37142857142857,119.6,Moderate,0.3052944,False
2023-11-25,2023,11,post-monsoon,192.0,254.2,132.8,56.1,4.57,110.4,23.889347271482794,81.09507809097131,8.52190902868521,0.0,323.57142857142856,133.25919248199142,-131.57142857142856,337.3,Severe,0.30460295,False
2023-11-26,2023,11,post-monsoon,383.5,481.4,100.5,96.9,5.59,75.6,23.889347271482794,81.09507809097131,8.52190902868521,0.0,355.37142857142857,112.98881529139275,28.12857142857144,394.3,Severe,0.30506924,False
2023-11-27,2023,11,post-monsoon,318.0,492.3,77.0,66.9,2.97,5.1,23.889347271482794,81.09507809097131,8.52190902868521,0.0,345.8428571428572,112.91570391436376,-27.84285714285716,363.9,Good,0.3041131,False
2023-11-28,2023,11,post-monsoon,323.4,218.3,102.5,88.0,8.65,164.6,23.889347271482794,81.09507809097131,8.52190902868521,0.0,362.61428571428576,96.15822773899724,-39.21428571428578,121.5,Satisfactory,0.30499405,False
2023-11-29,2023,11,post-monsoon,483.0,95.6,113.9,29.8,0.89,46.8,23.889347271482794,81.09507809097131,8.52190902868521,0.0,361.7714285714286,94.88422268367808,121.2285714285714,317.1,Moderate,0.30493695,False
2023-11-30,2023,11,post-monsoon,263.5,330.7,3.4,80.0,3.22,45.7,23.889347271482794,81.09507809097131,8.52190902868521,0.0,337.2714285714286,94.96595379899286,-73.7714285714286,419.4,Moderate,0.30468985,False
2023-12-01,2023,12,winter,175.8,556.5,77.1,40.4,0.9,184.8,23.889347271482794,81.09507809097131,8.52190902868521,0.0,305.6,107.65313124413376,-129.79999999999995,24.6,Severe,0.3045802,False
2023-12-02,2023,12,winter,387.9,307.7,44.8,9.1,8.21,178.0,23.889347271482794,81.09507809097131,8.52190902868521,0.0,333.5857142857143,98.25231852347382,54.31428571428569,148.8,Satisfactory,0.30554083,False
2023-12-03,2023,12,winter,314.1,341.1,101.3,53.0,2.99,172.0,23.889347271482794,81.09507809097131,8.52190902868521,0.0,323.6714285714285,95.84824314657918,-9.571428571428498,498.0,Good,0.3052152,False
2023-12-04,2023,12,winter,286.4,141.4,41.6,66.9,7.83,78.0,23.889347271482794,81.09507809097131,8.52190902868521,0.0,319.15714285714284,96.898277541328,-32.75714285714287,29.5,Good,0.303794,False
2023-12-05,2023,12,winter,406.3,219.0,41.0,17.3,7.62,124.6,23.889347271482794,81.09507809097131,8.52190902868521,0.0,331.0,102.41236904462951,75.30000000000001,377.0,Poor,0.30375504,False
2023-12-06,2023,12,winter,307.5,465.5,35.9,30.9,7.25,186.1,23.889347271482794,81.09507809097131,8.52190902868521,0.0,305.92857142857144,77.4359674028747,1.5714285714285552,333.5,Moderate,0.30503282,False
2023-12-07,2023,12,winter,346.8,452.0,106.4,42.3,1.83,27.2,23.889347271482794,81.09507809097131,8.52190902868521,0.0,317.82857142857137,76.22006984790218,28.97142857142865,77.4,Moderate,0.30437744,False
2023-12-08,2023,12,winter,164.7,97.6,50.5,89.7,6.66,134.8,23.889347271482794,81.09507809097131,8.52190902868521,0.0,316.2428571428572,79.70323826844322,-151.5428571428572,423.8,Very Poor,0.3032806,False
2023-12-09,2023,12,winter,361.1,255.3,72.4,69.9,9.58,44.3,23.889347271482794,81.09507809097131,8.52190902868521,0.0,312.4142857142857,76.25663749408834,48.68571428571431,126.5,Very Poor,0.30254355,False
2023-12-10,2023,12,winter,410.6,55.7,118.2,98.9,1.75,109.2,23.889347271482794,81.09507809097131,8.52190902868521,0.0,326.2,84.85057454136685,84.40000000000003,258.6,Very Poor,0.30233276,False
2023-12-11,2023,12,winter,306.0,323.4,69.7,6.1,5.87,132.7,23.889347271482794,81.09507809097131,8.52190902868521,0.0,329.0,83.63296798113403,-23.0,223.1,Very Poor,0.30169705,False
2023-12-12,2023,12,winter,154.5,306.6,18.0,71.6,7.12,92.6,23.889347271482794,81.09507809097131,8.52190902868521,0.0,293.0285714285714,97.79587098110224,-138.5285714285714,330.1,Poor,0.3007876,False
2023-12-13,2023,12,winter,69.9,259.4,52.2,27.3,0.62,123.8,23.889347271482794,81.09507809097131,8.52190902868521,0.0,259.0857142857143,128.3850384399914,-189.18571428571428,378.3,Severe,0.29977503,False
2023-12-14,2023,12,winter,76.1,73.7,17.2,86.3,8.69,89.6,23.889347271482794,81.09507809097131,8.52190902868521,0.0,220.4142857142857,137.97217628410218,-144.31428571428577,145.8,Poor,0.30062714,False
2023-12-15,2023,12,winter,61.3,49.6,46.1,93.5,0.54,130.5,23.889347271482794,81.09507809097131,8.52190902868521,0.0,205.6428571428572,149.94656667340797,-144.34285714285716,455.2,Satisfactory,0.30058932,False
2023-12-16,2023,12,winter,374.0,138.3,108.3,80.5,9.4,192.8,23.889347271482794,81.09507809097131,8.52190902868521,0.0,207.4857142857143,152.23735227785377,166.5142857142857,470.5,Very Poor,0.30279097,False
2023-12-17,2023,12,winter,402.5,323.7,121.3,92.6,5.64,65.7,23.889347271482794,81.09507809097131,8.52190902868521,0.0,206.32857142857145,150.4565575649185,196.1714285714285,259.4,Very Poor,0.30324522,False
2023-12-18,2023,12,winter,92.0,251.6,146.6,52.6,2.35,183.2,23.889347271482794,81.09507809097131,8.52190902868521,0.0,175.7571428571429,148.55829223061255,-83.7571428571429,494.8,Poor,0.30357355,False
2023-12-19,2023,12,winter,410.8,399.2,61.9,70.4,8.43,146.1,23.889347271482794,81.09507809097131,8.52190902868521,0.0,212.3714285714286,172.15614728385094,198.42857142857144,336.9,Moderate,0.30593795,False
2023-12-20,2023,12,winter,241.5,500.3,36.0,54.8,2.88,44.5,23.889347271482794,81.09507809097131,8.52190902868521,0.0,236.8857142857143,160.29667732646462,4.6142857142857,16.3,Satisfactory,0.30319425,False
2023-12-21,2023,12,winter,94.8,360.3,134.8,23.8,3.23,139.9,23.889347271482794,81.09507809097131,8.52190902868521,0.0,239.55714285714285,157.29828201162746,-144.75714285714287,351.1,Moderate,0.30384034,False
2023-12-22,2023,12,winter,378.6,147.8,10.1,54.4,0.37,96.7,23.889347271482794,81.09507809097131,8.52190902868521,0.0,284.8857142857143,142.37921698257594,93.71428571428572,400.4,Moderate,0.3014502,False
2023-12-23,2023,12,winter,73.6,348.4,144.3,46.5,4.52,177.6,23.889347271482794,81.09507809097131,8.52190902868521,0.0,241.97142857142856,155.69194706519775,-168.37142857142857,134.0,Poor,0.3019262,False
2023-12-24,2023,12,winter,56.0,505.1,11.8,24.2,5.83,141.5,23.889347271482794,81.09507809097131,8.52190902868521,0.0,192.47142857142856,151.16442167703445,-136.47142857142856,139.5,Moderate,0.3022909,False
2023-12-25,2023,12,winter,104.7,567.0,23.7,67.1,1.15,28.3,23.889347271482794,81.09507809097131,8.52190902868521,0.0,194.28571428571428,149.82788379305322,-89.58571428571427,369.2,Satisfactory,0.30296466,False
2023-12-26,2023,12,winter,432.1,380.7,137.9,94.7,0.69,117.2,23.889347271482794,81.09507809097131,8.52190902868521,0.0,197.32857142857145,155.08210421457065,234.77142857142857,159.9,Moderate,0.30494574,False
2023-12-27,2023,12,winter,57.2,599.4,139.0,88.7,1.32,159.6,23.889347271482794,81.09507809097131,8.52190902868521,0.0,171.0,161.8308273063774,-113.8,356.8,Severe,0.30625373,False
2023-12-28,2023,12,winter,458.4,458.7,90.0,74.7,3.38,148.6,23.889347271482794,81.09507809097131,8.52190902868521,0.0,222.94285714285715,189.3150800221933,235.45714285714283,476.2,Severe,0.3070738,False
2023-12-29,2023,12,winter,317.9,163.0,29.7,1.9,5.1,31.7,23.889347271482794,81.09507809097131,8.52190902868521,0.0,214.2714285714285,182.25556886128967,103.62857142857143,440.4,Very Poor,0.30607146,False
2023-12-30,2023,12,winter,299.7,235.7,104.2,33.7,2.88,145.7,23.889347271482794,81.09507809097131,8.52190902868521,0.0,246.57142857142856,172.96874201509843,53.128571428571405,473.8,Poor,0.3060069,False
2023-12-31,2023,12,winter,194.0,187.4,116.7,19.2,7.02,85.8,23.889347271482794,81.09507809097131,8.52190902868521,0.0,266.2857142857143,154.5071889219767,-72.28571428571428,111.3,Poor,0.30472544,False
2024-01-01,2024,1,winter,475.7,396.7,85.5,36.0,0.5,133.3,23.889347271482794,81.09507809097131,8.52190902868521,914.0,319.2857142857143,153.46890486969932,156.4142857142857,342.9,Satisfactory,0.30445784,False
2024-01-02,2024,1,winter,461.8,491.1,49.8,20.7,8.82,91.1,23.889347271482794,81.09507809097131,8.52190902868521,1083.0,323.5285714285714,157.46612031678148,138.2714285714286,64.9,Very Poor,0.30660626,False
2024-01-03,2024,1,winter,15.2,125.4,28.2,0.7,3.46,57.9,23.889347271482794,81.09507809097131,8.52190902868521,1127.0,317.5285714285714,169.63542981234522,-302.3285714285714,279.9,Severe,0.30603796,False
2024-01-04,2024,1,winter,331.2,300.1,62.2,39.6,3.93,158.0,23.889347271482794,81.09507809097131,8.52190902868521,1276.0,299.35714285714283,158.47597985334,31.84285714285716,484.8,Good,0.30593053,False
2024-01-05,2024,1,winter,189.7,22.7,129.9,16.7,0.76,97.8,23.889347271482794,81.09507809097131,8.52190902868521,1372.0,281.04285714285714,163.30991863267073,-91.34285714285716,450.6,Poor,0.30458745,False
2024-01-06,2024,1,winter,256.8,425.7,81.9,29.0,9.22,193.0,23.889347271482794,81.09507809097131,8.52190902868521,951.0,274.9142857142857,163.29803457248985,-18.1142857142857,458.9,Good,0.30668432,False
2024-01-07,2024,1,winter,242.9,494.5,71.9,8.5,5.86,159.0,23.889347271482794,81.09507809097131,8.52190902868521,980.0,281.9,160.27771731175446,-38.99999999999997,394.9,Severe,0.3068804,False
2024-01-08,2024,1,winter,432.6,189.8,24.1,38.7,0.04,4.6,23.889347271482794,81.09507809097131,8.52190902868521,1028.0,275.74285714285713,152.21714595869128,156.8571428571429,53.5,Poor,0.30699974,False
2024-01-09,2024,1,winter,447.8,501.6,125.6,78.8,9.01,45.9,23.889347271482794,81.09507809097131,8.52190902868521,911.0,273.74285714285713,149.43156579900665,174.05714285714288,406.6,Good,0.30852428,True
2024-01-10,2024,1,winter,334.5,599.8,73.6,26.1,0.63,48.7,23.889347271482794,81.09507809097131,8.52190902868521,1065.0,319.35714285714283,96.83416850717649,15.142857142857167,174.7,Poor,0.3076092,False
2024-01-11,2024,1,winter,136.5,586.5,1.8,59.9,2.96,11.5,23.889347271482794,81.09507809097131,8.52190902868521,1152.0,291.54285714285714,118.42168800720673,-155.04285714285714,190.6,Severe,0.30715546,False
2024-01-12,2024,1,winter,3.4,40.1,37.5,81.4,3.81,72.1,23.889347271482794,81.09507809097131,8.52190902868521,1336.0,264.92857142857144,159.07978830643142,-261.52857142857147,216.3,Poor,0.30765384,False
2024-01-13,2024,1,winter,256.2,13.5,122.8,84.1,2.75,52.8,23.889347271482794,81.09507809097131,8.52190902868521,1645.0,264.8428571428571,159.0850596079851,-8.64285714285711,12.6,Moderate,0.30629352,False
2024-01-14,2024,1,winter,244.6,432.5,35.7,77.0,3.41,29.3,23.889347271482794,81.09507809097131,8.52190902868521,1644.0,265.0857142857143,159.04727209828135,-20.48571428571429,424.4,Very Poor,0.30481458,False
2024-01-15,2024,1,winter,434.7,470.3,135.6,15.0,4.94,45.7,23.889347271482794,81.09507809097131,8.52190902868521,1334.0,265.3857142857143,159.41745438283962,169.3142857142857,123.8,Poor,0.3036256,False
2024-01-16,2024,1,winter,228.1,417.1,106.8,69.8,3.49,161.6,23.889347271482794,81.09507809097131,8.52190902868521,796.0,234.0,137.6610329759295,-5.899999999999977,273.6,Severe,0.30390987,False
2024-01-17,2024,1,winter,70.0,93.1,143.0,86.6,5.07,10.6,23.889347271482794,81.09507809097131,8.52190902868521,590.0,196.2142857142857,141.71849360112225,-126.2142857142857,349.5,Poor,0.30401468,False
2024-01-18,2024,1,winter,448.3,543.0,72.8,13.7,9.72,31.3,23.889347271482794,81.09507809097131,8.52190902868521,570.0,240.7571428571428,166.63219834056525,207.5428571428572,224.0,Good,0.3043585,False
2024-01-19,2024,1,winter,371.4,35.2,51.8,77.9,9.25,68.8,23.889347271482794,81.09507809097131,8.52190902868521,841.0,293.3285714285715,134.1520246372962,78.0714285714285,237.2,Moderate,0.3076455,False
2024-01-20,2024,1,winter,415.1,271.9,1.9,98.4,0.11,160.0,23.889347271482794,81.09507809097131,8.52190902868521,775.0,316.0285714285714,140.13286212598058,99.0714285714286,127.2,Moderate,0.3098947,True
2024-01-21,2024,1,winter,212.8,302.2,91.6,30.9,7.74,160.8,23.889347271482794,81.09507809097131,8.52190902868521,791.0,311.4857142857143,143.31372844882932,-98.68571428571433,174.2,Moderate,0.3100149,True
2024-01-22,2024,1,winter,344.1,61.0,19.9,13.2,2.32,81.5,23.889347271482794,81.09507809097131,8.52190902868521,728.0,298.54285714285714,134.1282080342394,45.55714285714288,44.8,Satisfactory,0.3090798,True
2024-01-23,2024,1,winter,312.0,560.8,115.1,32.7,1.0,3.9,23.889347271482794,81.09507809097131,8.52190902868521,882.0,310.52857142857147,130.48343080363017,1.4714285714285325,258.8,Moderate,0.30745825,False
2024-01-24,2024,1,winter,215.7,471.7,88.7,97.7,3.84,141.5,23.889347271482794,81.09507809097131,8.52190902868521,1053.0,331.3428571428572,91.52538549755604,-115.64285714285715,307.3,Satisfactory,0.30925977,True
2024-01-25,2024,1,winter,447.5,244.3,91.3,48.3,3.75,146.5,23.889347271482794,81.09507809097131,8.52190902868521,1079.0,331.2285714285714,91.35534493185988,116.2714285714286,76.6,Good,0.3086904,True
2024-01-26,2024,1,winter,200.3,592.0,7.7,72.6,6.54,64.4,23.889347271482794,81.09507809097131,8.52190902868521,1043.0,306.7857142857143,101.17737607079684,-106.48571428571428,298.9,Very Poor,0.30761036,False
2024-01-27,2024,1,winter,351.9,376.9,7.0,1.3,4.34,2.4,23.889347271482794,81.09507809097131,8.52190902868521,925.0,297.75714285714287,92.33442581440684,54.14285714285711,88.5,Poor,0.30559835,False
2024-01-28,2024,1,winter,42.4,518.6,35.6,27.2,7.59,171.7,23.889347271482794,81.09507809097131,8.52190902868521,688.0,273.4142857142857,132.284673193476,-231.0142857142857,292.9,Poor,0.3077998,False
2024-01-29,2024,1,winter,21.6,320.2,13.4,61.2,5.87,110.1,23.889347271482794,81.09507809097131,8.52190902868521,1239.0,227.3428571428572,157.3485182341293,-205.7428571428572,363.0,Poor,0.30877143,True
2024-01-30,2024,1,winter,255.4,164.1,64.0,4.5,1.3,24.0,23.889347271482794,81.09507809097131,8.52190902868521,1273.0,219.25714285714284,153.6847732334256,36.14285714285717,117.6,Very Poor,0.3080339,False
2024-01-31,2024,1,winter,160.2,372.8,102.7,53.4,9.77,45.4,23.889347271482794,81.09507809097131,8.52190902868521,407.0,211.32857142857145,155.3217704668354,-51.12857142857143,412.4,Severe,0.30779132,False
2024-02-01,2024,2,winter,154.5,186.1,63.0,49.8,6.76,79.0,23.889347271482794,81.09507809097131,8.52190902868521,717.0,169.47142857142856,115.42494984889063,-14.97142857142856,294.9,Severe,0.3050009,False
2024-02-02,2024,2,winter,189.1,129.9,97.7,6.6,3.58,177.2,23.889347271482794,81.09507809097131,8.52190902868521,769.0,167.87142857142857,115.00324219032082,21.228571428571428,234.7,Severe,0.3055742,False
2024-02-03,2024,2,winter,314.4,206.9,125.1,59.6,0.32,150.1,23.889347271482794,81.09507809097131,8.52190902868521,1243.0,162.5142857142857,105.48118992773684,151.88571428571427,313.2,Moderate,0.30695683,False
2024-02-04,2024,2,winter,435.9,61.4,133.4,74.8,9.15,188.4,23.889347271482794,81.09507809097131,8.52190902868521,1707.0,218.72857142857143,132.25585953352808,217.1714285714285,338.9,Satisfactory,0.31174606,True
2024-02-05,2024,2,winter,216.2,144.7,130.9,79.1,1.58,164.0,23.889347271482794,81.09507809097131,8.52190902868521,1191.0,246.5285714285714,100.57046806900628,-30.328571428571426,344.6,Satisfactory,0.3105485,True
2024-02-06,2024,2,winter,132.2,316.1,17.9,68.4,1.45,111.0,23.889347271482794,81.09507809097131,8.52190902868521,996.0,228.92857142857144,109.17151206985729,-96.72857142857144,114.8,Very Poor,0.3082972,True
2024-02-07,2024,2,winter,87.6,541.9,79.3,3.1,1.07,13.4,23.889347271482794,81.09507809097131,8.52190902868521,1032.0,218.55714285714285,119.72725750837245,-130.95714285714286,155.7,Good,0.30627683,False
2024-02-08,2024,2,winter,236.4,177.0,26.9,67.1,4.03,199.2,23.889347271482794,81.09507809097131,8.52190902868521,1474.0,230.25714285714284,116.37906250901035,6.142857142857167,342.0,Severe,0.30606693,False
2024-02-09,2024,2,winter,192.9,481.1,9.7,95.2,2.97,188.4,23.889347271482794,81.09507809097131,8.52190902868521,2167.0,230.8,116.16374936556848,-37.89999999999998,296.0,Moderate,0.3073299,False
2024-02-10,2024,2,winter,165.8,157.6,27.8,11.2,9.64,39.3,23.889347271482794,81.09507809097131,8.52190902868521,2009.0,209.57142857142856,111.83736278313091,-43.77142857142857,260.5,Good,0.3066126,False
2024-02-11,2024,2,winter,20.8,277.3,17.3,70.4,7.03,76.9,23.889347271482794,81.09507809097131,8.52190902868521,1478.0,150.27142857142854,76.20167789678631,-129.47142857142853,289.7,Severe,0.30661452,False
2024-02-12,2024,2,winter,411.3,450.0,105.3,73.5,2.7,73.2,23.889347271482794,81.09507809097131,8.52190902868521,1109.0,178.14285714285714,124.62730916807952,233.15714285714287,295.7,Poor,0.3078568,False
2024-02-13,2024,2,winter,288.9,302.8,124.6,81.0,5.65,92.9,23.889347271482794,81.09507809097131,8.52190902868521,833.0,200.52857142857144,128.9963528461908,88.37142857142854,328.6,Severe,0.30898702,True
2024-02-14,2024,2,winter,129.6,543.5,87.9,30.5,5.43,109.4,23.889347271482794,81.09507809097131,8.52190902868521,1285.0,206.52857142857144,123.73786424380762,-76.92857142857144,330.3,Good,0.30749786,False
2024-02-15,2024,2,winter,210.6,103.0,127.3,15.4,0.3,195.6,23.889347271482794,81.09507809097131,8.52190902868521,1688.0,202.8428571428572,123.08231469417572,7.7571428571428385,116.8,Severe,0.30946344,True
2024-02-16,2024,2,winter,161.8,523.6,59.1,70.0,6.33,179.0,23.889347271482794,81.09507809097131,8.52190902868521,1971.0,198.4,124.0584673987763,-36.6,299.9,Poor,0.3097844,True
2024-02-17,2024,2,winter,143.9,167.9,21.1,68.8,5.84,175.6,23.889347271482794,81.09507809097131,8.52190902868521,1686.0,195.2714285714285,125.28766518544016,-51.37142857142854,167.2,Moderate,0.30765054,False
2024-02-18,2024,2,winter,292.3,202.6,27.4,7.1,4.11,195.8,23.889347271482794,81.09507809097131,8.52190902868521,1640.0,234.05714285714288,102.1648481155634,58.24285714285713,271.0,Moderate,0.30733475,False
2024-02-19,2024,2,winter,213.4,129.8,145.6,46.9,5.29,178.2,23.889347271482794,81.09507809097131,8.52190902868521,1880.0,205.78571428571428,65.88210249051974,7.614285714285728,164.8,Satisfactory,0.30661532,False
2024-02-20,2024,2,winter,441.5,274.9,76.2,44.1,3.14,160.2,23.889347271482794,81.09507809097131,8.52190902868521,2061.0,227.58571428571423,109.06364240771548,213.9142857142857,43.4,Poor,0.30763218,False
2024-02-21,2024,2,winter,329.4,419.0,68.3,77.7,1.62,11.2,23.889347271482794,81.09507809097131,8.52190902868521,1839.0,256.12857142857143,105.22306011969218,73.27142857142854,177.1,Satisfactory,0.3072682,False
2024-02-22,2024,2,winter,207.5,453.9,92.7,78.2,3.89,105.7,23.889347271482794,81.09507809097131,8.52190902868521,1653.0,255.6857142857143,105.45288724625512,-48.18571428571431,416.9,Poor,0.30631983,False
2024-02-23,2024,2,winter,392.0,431.9,34.4,34.6,0.11,112.2,23.889347271482794,81.09507809097131,8.52190902868521,1261.0,288.57142857142856,107.1748060302376,103.42857142857144,65.0,Satisfactory,0.30608892,False
2024-02-24,2024,2,winter,163.7,347.6,15.0,50.8,4.32,184.1,23.889347271482794,81.09507809097131,8.52190902868521,999.0,291.4,102.8961288549445,-127.7,121.3,Satisfactory,0.30597937,False
2024-02-25,2024,2,winter,357.3,362.2,106.2,87.4,8.18,94.6,23.889347271482794,81.09507809097131,8.52190902868521,1588.0,300.6857142857143,105.88052116373804,56.6142857142857,46.7,Very Poor,0.30646035,False
2024-02-26,2024,2,winter,66.4,4.1,14.7,19.6,2.72,44.2,23.889347271482794,81.09507809097131,8.52190902868521,1032.0,279.68571428571425,136.28897520307635,-213.28571428571425,51.2,Good,0.3037973,False
2024-02-27,2024,2,winter,476.9,285.2,41.6,57.0,4.16,86.3,23.889347271482794,81.09507809097131,8.52190902868521,1182.0,284.74285714285713,143.7467084509283,192.15714285714284,287.3,Severe,0.3034234,False
2024-02-28,2024,2,winter,221.7,437.1,78.9,95.5,8.87,25.3,23.889347271482794,81.09507809097131,8.52190902868521,1565.0,269.35714285714283,143.93389521053118,-47.65714285714285,77.9,Very Poor,0.30409175,False
2024-02-29,2024,2,winter,317.7,489.5,62.7,87.2,7.31,120.9,23.889347271482794,81.09507809097131,8.52190902868521,1813.0,285.1,142.05495415507335,32.599999999999966,146.1,Satisfactory,0.30572367,False
2024-03-01,2024,3,summer,150.2,320.8,141.8,24.5,7.83,96.0,23.889347271482794,81.09507809097131,8.52190902868521,2060.0,250.55714285714285,141.1238210124103,-100.35714285714286,312.0,Good,0.30545965,False
2024-03-02,2024,3,summer,277.8,114.2,115.2,46.5,9.6,4.2,23.889347271482794,81.09507809097131,8.52190902868521,2338.0,266.85714285714283,135.91282570263988,10.94285714285718,406.2,Poor,0.3074438,False
2024-03-03,2024,3,summer,62.0,190.6,42.7,88.6,2.29,60.1,23.889347271482794,81.09507809097131,8.52190902868521,2111.0,224.6714285714285,148.41544971560623,-162.67142857142855,26.4,Very Poor,0.3066518,False
2024-03-04,2024,3,summer,489.3,354.5,67.6,50.0,8.64,115.0,23.889347271482794,81.09507809097131,8.52190902868521,1640.0,285.0857142857143,158.95078303856016,204.2142857142857,472.5,Poor,0.3090525,True
2024-03-05,2024,3,summer,383.5,116.9,25.5,32.9,0.08,33.2,23.889347271482794,81.09507809097131,8.52190902868521,2409.0,271.74285714285713,143.31697802589954,111.75714285714288,254.8,Severe,0.3061396,False
2024-03-06,2024,3,summer,156.7,89.4,141.0,43.0,2.22,40.4,23.889347271482794,81.09507809097131,8.52190902868521,2350.0,262.45714285714286,149.08919988989643,-105.75714285714288,50.4,Good,0.3046961,False
2024-03-07,2024,3,summer,217.4,291.1,24.6,62.3,1.03,165.0,23.889347271482794,81.09507809097131,8.52190902868521,3012.0,248.12857142857143,147.70847091806323,-30.728571428571428,63.7,Moderate,0.30502892,False
2024-03-08,2024,3,summer,42.1,580.4,147.1,65.2,9.76,181.3,23.889347271482794,81.09507809097131,8.52190902868521,4125.0,232.68571428571428,164.3650148153129,-190.5857142857143,88.9,Severe,0.3083653,True
2024-03-09,2024,3,summer,32.1,68.2,43.7,13.3,3.63,77.1,23.889347271482794,81.09507809097131,8.52190902868521,3625.0,197.58571428571423,178.73183290963587,-165.48571428571427,271.3,Good,0.30691195,False
2024-03-10,2024,3,summer,263.0,108.6,145.3,38.3,8.74,162.7,23.889347271482794,81.09507809097131,8.52190902868521,2214.0,226.3,169.2111008966805,36.70000000000002,433.4,Severe,0.30717126,False
2024-03-11,2024,3,summer,222.7,279.9,102.4,1.1,5.67,146.4,23.889347271482794,81.09507809097131,8.52190902868521,3420.0,188.2142857142857,124.15359343130044,34.485714285714266,266.8,Very Poor,0.30658686,False
2024-03-12,2024,3,summer,160.7,367.7,119.0,58.5,7.38,38.9,23.889347271482794,81.09507809097131,8.52190902868521,4424.0,156.3857142857143,89.45558355167819,4.314285714285688,234.4,Poor,0.30737063,False
2024-03-13,2024,3,summer,177.6,169.0,81.3,53.6,7.99,188.9,23.889347271482794,81.09507809097131,8.52190902868521,4732.0,159.37142857142857,89.8158804496857,18.228571428571428,453.7,Good,0.30883446,True
2024-03-14,2024,3,summer,72.2,35.6,103.4,50.2,0.35,34.0,23.889347271482794,81.09507809097131,8.52190902868521,6148.0,138.62857142857143,90.94048812796316,-66.42857142857143,483.7,Very Poor,0.30849767,True
2024-03-15,2024,3,summer,486.1,426.6,135.6,14.5,3.76,141.0,23.889347271482794,81.09507809097131,8.52190902868521,4829.0,202.05714285714288,148.81609295976503,284.04285714285714,322.6,Satisfactory,0.3122121,True
2024-03-16,2024,3,summer,487.2,148.0,14.5,65.3,1.83,88.8,23.889347271482794,81.09507809097131,8.52190902868521,3447.0,267.07142857142856,161.09541390415913,220.12857142857143,175.4,Poor,0.3134912,True
2024-03-17,2024,3,summer,421.3,56.6,81.3,29.4,6.57,11.7,23.889347271482794,81.09507809097131,8.52190902868521,2691.0,289.6857142857143,171.2213132038126,131.6142857142857,376.9,Moderate,0.31251174,True
2024-03-18,2024,3,summer,471.0,130.8,46.6,27.3,3.46,57.6,23.889347271482794,81.09507809097131,8.52190902868521,2523.0,325.15714285714284,180.4996108688591,145.84285714285716,137.1,Poor,0.3122265,True
2024-03-19,2024,3,summer,226.3,101.5,12.6,46.7,0.36,5.6,23.889347271482794,81.09507809097131,8.52190902868521,2190.0,334.5285714285714,172.0428601084211,-108.2285714285714,24.0,Poor,0.31051537,True
2024-03-20,2024,3,summer,436.8,148.6,90.5,80.3,5.43,132.9,23.889347271482794,81.09507809097131,8.52190902868521,2187.0,371.5571428571429,160.11846507240486,65.24285714285713,93.3,Satisfactory,0.31178313,True
2024-03-21,2024,3,summer,199.0,230.3,70.8,17.6,7.57,33.8,23.889347271482794,81.09507809097131,8.52190902868521,1488.0,389.67142857142863,123.62032888763,-190.67142857142863,355.0,Moderate,0.30952922,True
2024-03-22,2024,3,summer,115.2,319.4,51.4,15.8,9.48,124.9,23.889347271482794,81.09507809097131,8.52190902868521,2140.0,336.6857142857143,151.69904887167706,-221.48571428571432,398.7,Poor,0.31033835,True
2024-03-23,2024,3,summer,265.6,225.9,147.5,99.3,5.62,124.7,23.889347271482794,81.09507809097131,8.52190902868521,3480.0,305.0285714285714,137.51303834286304,-39.42857142857139,486.7,Good,0.3131426,True
2024-03-24,2024,3,summer,54.2,450.5,1.2,6.4,3.4,75.9,23.889347271482794,81.09507809097131,8.52190902868521,3966.0,252.58571428571423,154.70572526112724,-198.38571428571424,184.0,Very Poor,0.31181166,True
2024-03-25,2024,3,summer,322.8,129.4,34.5,6.2,3.87,23.4,23.889347271482794,81.09507809097131,8.52190902868521,3676.0,231.4142857142857,127.6001623375588,91.38571428571429,458.5,Satisfactory,0.312239,True
2024-03-26,2024,3,summer,383.1,209.2,57.0,16.6,6.43,20.5,23.889347271482794,81.09507809097131,8.52190902868521,3380.0,253.8142857142857,139.73837970258822,129.2857142857143,132.8,Very Poor,0.31121665,True
2024-03-27,2024,3,summer,247.3,580.9,111.7,40.2,5.25,29.9,23.889347271482794,81.09507809097131,8.52190902868521,3360.0,226.7428571428572,114.44759873908576,20.55714285714285,9.6,Satisfactory,0.31247976,True
2024-03-28,2024,3,summer,285.3,6.8,81.4,49.2,9.49,88.8,23.889347271482794,81.09507809097131,8.52190902868521,4739.0,239.07142857142856,115.60336953401914,46.22857142857143,377.4,Satisfactory,0.31472144,True
2024-03-29,2024,3,summer,192.1,17.1,123.0,53.1,5.01,48.8,23.889347271482794,81.09507809097131,8.52190902868521,5254.0,250.05714285714288,105.0414340017443,-57.95714285714288,246.1,Moderate,0.31418717,True
2024-03-30,2024,3,summer,357.8,179.9,112.1,34.5,5.4,116.3,23.889347271482794,81.09507809097131,8.52190902868521,5669.0,263.22857142857146,112.80865383893358,94.57142857142856,386.7,Satisfactory,0.31463146,True
2024-03-31,2024,3,summer,191.4,567.1,19.8,58.4,1.87,10.6,23.889347271482794,81.09507809097131,8.52190902868521,3742.0,282.8285714285715,76.52018719017245,-91.42857142857147,340.0,Severe,0.3142095,True
2024-04-01,2024,4,summer,397.2,264.0,121.3,37.6,4.62,2.4,23.889347271482794,81.09507809097131,8.52190902868521,3919.0,293.45714285714286,87.39219753774466,103.74285714285712,32.6,Poor,0.31360045,True
2024-04-02,2024,4,summer,14.6,160.7,147.0,70.6,4.5,18.6,23.889347271482794,81.09507809097131,8.52190902868521,5847.0,240.8142857142857,126.5905134488285,-226.2142857142857,401.7,Very Poor,0.31521565,True
2024-04-03,2024,4,summer,238.2,46.6,40.4,97.9,4.73,28.8,23.889347271482794,81.09507809097131,8.52190902868521,7813.0,239.51428571428573,126.55953050602191,-1.3142857142857451,485.9,Severe,0.31558007,True
2024-04-04,2024,4,summer,440.7,391.6,112.6,46.4,2.16,197.3,23.889347271482794,81.09507809097131,8.52190902868521,8788.0,261.7142857142857,147.7798861885633,178.98571428571427,451.5,Poor,0.32132375,True
2024-04-05,2024,4,summer,209.7,16.6,66.3,25.3,4.47,178.4,23.889347271482794,81.09507809097131,8.52190902868521,8713.0,264.2285714285714,146.54262991004475,-54.52857142857141,124.0,Severe,0.32526383,True
2024-04-06,2024,4,summer,72.1,424.4,56.3,63.0,0.82,94.6,23.889347271482794,81.09507809097131,8.52190902868521,6267.0,223.4142857142857,155.64146221975903,-151.31428571428577,262.7,Moderate,0.32562622,True
2024-04-07,2024,4,summer,57.7,78.9,61.8,46.9,6.08,144.9,23.889347271482794,81.09507809097131,8.52190902868521,5245.0,204.3142857142857,167.9425638779659,-146.6142857142857,327.8,Poor,0.32183868,True
2024-04-08,2024,4,summer,286.0,206.0,139.8,51.9,1.77,117.8,23.889347271482794,81.09507809097131,8.52190902868521,4428.0,188.42857142857144,151.0680830429962,97.57142857142858,14.8,Satisfactory,0.3230071,True
2024-04-09,2024,4,summer,368.5,283.9,89.0,88.9,9.45,185.2,23.889347271482794,81.09507809097131,8.52190902868521,5503.0,238.9857142857143,142.15400602364804,129.5142857142857,239.5,Very Poor,0.3264651,True
2024-04-10,2024,4,summer,443.1,231.9,35.0,4.1,1.67,116.1,23.889347271482794,81.09507809097131,8.52190902868521,4496.0,268.25714285714287,161.7152214763435,174.84285714285716,382.7,Poor,0.32726222,True
2024-04-11,2024,4,summer,85.4,549.9,103.5,96.1,0.19,134.5,23.889347271482794,81.09507809097131,8.52190902868521,2023.0,217.5,154.15201371806094,-132.1,337.9,Good,0.32831466,True
2024-04-12,2024,4,summer,178.6,32.2,2.5,20.7,9.77,119.0,23.889347271482794,81.09507809097131,8.52190902868521,2585.0,213.05714285714288,154.86082845728322,-34.457142857142884,295.7,Poor,0.32782406,True
2024-04-13,2024,4,summer,116.1,476.7,12.7,23.2,1.03,104.2,23.889347271482794,81.09507809097131,8.52190902868521,2935.0,219.3428571428572,148.96669490351226,-103.24285714285712,72.3,Satisfactory,0.3266899,True
2024-04-14,2024,4,summer,375.2,101.8,124.1,72.5,9.2,51.4,23.889347271482794,81.09507809097131,8.52190902868521,4105.0,264.7,139.58784569820764,110.5,438.1,Good,0.3266993,True
2024-04-15,2024,4,summer,323.4,303.5,53.3,61.1,6.71,172.5,23.889347271482794,81.09507809097131,8.52190902868521,5503.0,270.04285714285714,141.24492742682654,53.35714285714283,262.9,Moderate,0.32750657,True
2024-04-16,2024,4,summer,355.1,210.5,78.2,78.9,4.66,192.5,23.889347271482794,81.09507809097131,8.52190902868521,5241.0,268.12857142857143,139.7712621188121,86.97142857142859,470.6,Poor,0.3296171,True
2024-04-17,2024,4,summer,408.6,36.8,3.4,3.7,1.91,139.6,23.889347271482794,81.09507809097131,8.52190902868521,4627.0,263.2,133.01830701072677,145.40000000000003,358.3,Satisfactory,0.33052742,True
2024-04-18,2024,4,summer,385.1,182.5,37.0,2.9,4.62,176.0,23.889347271482794,81.09507809097131,8.52190902868521,6178.0,306.0142857142857,112.97385285353172,79.08571428571435,65.6,Very Poor,0.33342135,True
2024-04-19,2024,4,summer,311.2,14.3,122.7,24.5,1.06,161.7,23.889347271482794,81.09507809097131,8.52190902868521,7296.0,324.95714285714286,98.19981088140082,-13.757142857142869,125.9,Very Poor,0.33542988,True
2024-04-20,2024,4,summer,336.4,453.3,58.9,25.9,6.9,160.6,23.889347271482794,81.09507809097131,8.52190902868521,7184.0,356.42857142857144,35.20344274289723,-20.028571428571468,9.1,Severe,0.33823603,True
2024-04-21,2024,4,summer,205.3,381.9,12.5,98.0,2.48,156.1,23.889347271482794,81.09507809097131,8.52190902868521,3842.0,332.1571428571429,65.57369536490651,-126.85714285714288,15.9,Good,0.33971685,True
2024-04-22,2024,4,summer,52.7,520.1,91.4,74.9,5.25,109.6,23.889347271482794,81.09507809097131,8.52190902868521,2872.0,293.4857142857143,124.73352167148748,-240.7857142857144,41.2,Severe,0.3377446,True
2024-04-23,2024,4,summer,251.7,459.5,47.1,19.0,6.01,22.8,23.889347271482794,81.09507809097131,8.52190902868521,4309.0,278.7142857142857,122.31998240368614,-27.014285714285734,151.0,Very Poor,0.33610424,True
2024-04-24,2024,4,summer,58.3,264.6,69.8,26.3,9.02,18.1,23.889347271482794,81.09507809097131,8.52190902868521,3772.0,228.67142857142852,131.62776700840516,-170.37142857142857,353.0,Severe,0.33592817,True
2024-04-25,2024,4,summer,439.2,413.8,91.3,58.9,0.65,66.3,23.889347271482794,81.09507809097131,8.52190902868521,6886.0,236.4,143.40471865783667,202.8,320.3,Very Poor,0.33890408,True
2024-04-26,2024,4,summer,208.0,171.2,103.9,9.5,2.64,38.1,23.889347271482794,81.09507809097131,8.52190902868521,4447.0,221.65714285714284,139.68985714960172,-13.657142857142844,308.5,Poor,0.3374928,True
2024-04-27,2024,4,summer,325.0,52.7,3.7,1.6,8.99,104.6,23.889347271482794,81.09507809097131,8.52190902868521,3344.0,220.02857142857144,138.18755026274613,104.97142857142856,84.2,Moderate,0.33852345,True
2024-04-28,2024,4,summer,433.4,371.7,143.4,6.3,3.72,183.8,23.889347271482794,81.09507809097131,8.52190902868521,4636.0,252.61428571428573,159.40118599068848,180.78571428571425,344.4,Moderate,0.3420374,True
2024-04-29,2024,4,summer,459.6,150.1,113.0,93.0,5.14,132.2,23.889347271482794,81.09507809097131,8.52190902868521,4843.0,310.74285714285713,148.1425423608724,148.8571428571429,483.2,Very Poor,0.34498495,True
2024-04-30,2024,4,summer,347.4,581.7,129.6,99.0,4.35,91.3,23.889347271482794,81.09507809097131,8.52190902868521,6843.0,324.4142857142857,146.18858173117167,22.985714285714263,178.7,Moderate,0.34751624,True
2024-05-01,2024,5,summer,212.3,407.9,100.6,77.2,1.12,9.4,23.889347271482794,81.09507809097131,8.52190902868521,7798.0,346.41428571428565,105.34974179008766,-134.11428571428564,3.3,Satisfactory,0.34778827,True
2024-05-02,2024,5,summer,141.2,358.4,55.6,75.1,9.28,0.1,23.889347271482794,81.09507809097131,8.52190902868521,6694.0,303.8428571428572,120.69854814292314,-162.64285714285717,201.2,Satisfactory,0.34777677,True
2024-05-03,2024,5,summer,1.3,214.3,67.6,79.4,3.57,106.0,23.889347271482794,81.09507809097131,8.52190902868521,4402.0,274.31428571428575,165.1522573119668,-273.01428571428573,168.0,Good,0.34528452,True
2024-05-04,2024,5,summer,406.8,230.4,126.1,79.5,0.53,105.5,23.889347271482794,81.09507809097131,8.52190902868521,4893.0,286.0,172.0848337303436,120.8,328.8,Good,0.3422694,True
2024-05-05,2024,5,summer,471.3,149.5,145.4,34.4,3.84,0.2,23.889347271482794,81.09507809097131,8.52190902868521,6038.0,291.4142857142857,177.99029401038914,179.8857142857143,169.3,Very Poor,0.34102172,True
2024-05-06,2024,5,summer,201.1,165.8,144.0,9.1,9.19,147.3,23.889347271482794,81.09507809097131,8.52190902868521,3916.0,254.4857142857143,163.50711940230022,-53.3857142857143,374.6,Satisfactory,0.34179235,True
2024-05-07,2024,5,summer,320.2,229.1,12.5,77.3,7.96,155.3,23.889347271482794,81.09507809097131,8.52190902868521,3436.0,250.6,161.23847762450075,69.60000000000002,420.4,Good,0.3438688,True
2024-05-08,2024,5,summer,184.1,493.8,84.4,20.1,8.41,95.1,23.889347271482794,81.09507809097131,8.52190902868521,3045.0,246.57142857142856,162.70056048137124,-62.47142857142859,415.9,Very Poor,0.3432602,True
2024-05-09,2024,5,summer,290.6,170.0,131.4,87.0,8.69,180.8,23.889347271482794,81.09507809097131,8.52190902868521,2469.0,267.9142857142857,156.24531383448937,22.68571428571431,274.8,Good,0.34310898,True
2024-05-10,2024,5,summer,408.0,102.7,57.8,43.3,6.93,127.9,23.889347271482794,81.09507809097131,8.52190902868521,3256.0,326.0142857142857,109.07730330017394,81.98571428571432,62.5,Satisfactory,0.34207213,True
2024-05-11,2024,5,summer,239.2,550.7,40.2,57.5,4.94,14.0,23.889347271482794,81.09507809097131,8.52190902868521,1578.0,302.07142857142856,106.75885153443905,-62.87142857142857,493.8,Moderate,0.3391377,True
2024-05-12,2024,5,summer,452.8,425.2,21.3,62.7,7.85,190.4,23.889347271482794,81.09507809097131,8.52190902868521,2365.0,299.42857142857144,101.99396574120972,153.37142857142857,334.7,Poor,0.34071848,True
2024-05-13,2024,5,summer,85.4,488.0,2.6,44.3,3.65,68.2,23.889347271482794,81.09507809097131,8.52190902868521,4735.0,282.9,126.9146563640307,-197.5,238.0,Good,0.34054023,True
2024-05-14,2024,5,summer,99.7,496.3,2.1,45.3,5.03,35.5,23.889347271482794,81.09507809097131,8.52190902868521,3905.0,251.4,142.51852511164984,-151.7,43.6,Poor,0.3385829,True
2024-05-15,2024,5,summer,131.9,541.1,101.3,85.3,8.17,189.4,23.889347271482794,81.09507809097131,8.52190902868521,3210.0,243.94285714285712,147.89121967562107,-112.04285714285712,103.7,Good,0.34054148,True
2024-05-16,2024,5,summer,340.7,4.0,49.8,15.5,2.96,47.8,23.889347271482794,81.09507809097131,8.52190902868521,2794.0,251.1,151.68902399316823,89.6,415.5,Poor,0.3381631,True
2024-05-17,2024,5,summer,423.2,597.0,7.1,24.0,3.76,122.0,23.889347271482794,81.09507809097131,8.52190902868521,2269.0,253.2714285714285,154.39405984132188,169.92857142857144,227.1,Poor,0.33749008,True
2024-05-18,2024,5,summer,113.6,78.5,77.9,43.0,7.23,156.0,23.889347271482794,81.09507809097131,8.52190902868521,3395.0,235.32857142857145,163.34096969515127,-121.72857142857144,254.9,Very Poor,0.3366704,True
2024-05-19,2024,5,summer,327.5,62.5,67.7,21.8,6.51,6.9,23.889347271482794,81.09507809097131,8.52190902868521,1962.0,217.42857142857144,140.85483915821155,110.07142857142858,132.0,Severe,0.334197,True
2024-05-20,2024,5,summer,179.1,20.6,30.4,17.1,3.03,132.6,23.889347271482794,81.09507809097131,8.52190902868521,1572.0,230.8142857142857,130.271388884531,-51.71428571428572,375.2,Poor,0.3315896,True
2024-05-21,2024,5,summer,240.3,455.3,60.0,70.6,5.66,121.9,23.889347271482794,81.09507809097131,8.52190902868521,1834.0,250.9,116.83234426590366,-10.599999999999994,199.3,Poor,0.33053207,True
2024-05-22,2024,5,summer,99.6,446.5,137.7,11.3,5.72,102.6,23.889347271482794,81.09507809097131,8.52190902868521,1702.0,246.28571428571428,122.80094229512814,-146.68571428571428,366.9,Very Poor,0.32940337,True
2024-05-23,2024,5,summer,403.4,352.5,121.7,1.5,5.58,105.1,23.889347271482794,81.09507809097131,8.52190902868521,1369.0,255.2428571428572,132.72129767728626,148.15714285714282,452.8,Satisfactory,0.33007804,True
2024-05-24,2024,5,summer,366.0,575.1,98.5,69.5,9.42,57.8,23.889347271482794,81.09507809097131,8.52190902868521,1176.0,247.07142857142856,121.98346492162648,118.92857142857142,25.6,Very Poor,0.33192328,True
2024-05-25,2024,5,summer,47.8,44.5,92.3,57.5,0.54,197.2,23.889347271482794,81.09507809097131,8.52190902868521,1164.0,237.67142857142852,135.74225225632216,-189.87142857142857,415.5,Severe,0.3305204,True
2024-05-26,2024,5,summer,258.3,277.3,69.4,49.8,2.5,136.9,23.889347271482794,81.09507809097131,8.52190902868521,1043.0,227.78571428571428,130.52970834987988,30.514285714285734,341.8,Satisfactory,0.32894108,True
2024-05-27,2024,5,summer,492.3,409.3,66.0,61.1,7.37,120.8,23.889347271482794,81.09507809097131,8.52190902868521,1035.0,272.5285714285714,161.14800354835003,219.7714285714286,252.6,Poor,0.32914987,True
2024-05-28,2024,5,summer,186.1,318.1,6.7,28.7,9.28,134.9,23.889347271482794,81.09507809097131,8.52190902868521,1800.0,264.7857142857143,164.2272960317643,-78.68571428571428,43.6,Very Poor,0.32777405,True
2024-05-29,2024,5,summer,78.2,523.4,93.5,9.6,5.27,9.1,23.889347271482794,81.09507809097131,8.52190902868521,1661.0,261.72857142857146,167.9712843939474,-183.52857142857147,268.7,Satisfactory,0.3255802,True
2024-05-30,2024,5,summer,359.1,548.9,55.2,13.6,2.64,147.0,23.889347271482794,81.09507809097131,8.52190902868521,0.0,255.40000000000003,162.48905604173257,103.7,370.8,Good,0.32389843,True
2024-05-31,2024,5,summer,76.8,43.4,111.7,98.5,3.7,164.0,23.889347271482794,81.09507809097131,8.52190902868521,0.0,214.08571428571432,166.39995421244774,-137.2857142857143,58.6,Severe,0.3237039,True
2024-06-01,2024,6,monsoon,149.6,550.7,125.5,67.0,8.02,162.7,23.889347271482794,81.09507809097131,8.52190902868521,0.0,228.62857142857143,153.3844159216281,-79.02857142857144,426.1,Poor,0.32187763,True
2024-06-02,2024,6,monsoon,427.5,315.4,90.4,59.9,5.26,120.6,23.889347271482794,81.09507809097131,8.52190902868521,0.0,252.8,171.14337069642312,174.70000000000002,485.1,Severe,0.32221457,True
2024-06-03,2024,6,monsoon,254.2,230.4,111.5,74.3,1.78,85.1,23.889347271482794,81.09507809097131,8.52190902868521,0.0,218.78571428571428,135.57484315033537,35.41428571428571,267.9,Moderate,0.31997174,True
2024-06-04,2024,6,monsoon,361.8,158.9,105.5,6.3,1.71,196.4,23.889347271482794,81.09507809097131,8.52190902868521,874.0,243.8857142857143,144.48638261754886,117.91428571428573,189.2,Severe,0.3180655,True
2024-06-05,2024,6,monsoon,25.6,598.6,113.8,28.3,9.4,11.2,23.889347271482794,81.09507809097131,8.52190902868521,492.0,236.37142857142857,155.48822800334116,-210.77142857142857,326.7,Poor,0.31655768,True
2024-06-06,2024,6,monsoon,97.0,403.7,99.0,74.5,2.23,81.8,23.889347271482794,81.09507809097131,8.52190902868521,735.0,198.92857142857144,152.53844012014034,-101.92857142857142,275.3,Poor,0.31417334,True
2024-06-07,2024,6,monsoon,294.9,341.4,103.3,37.9,8.18,70.2,23.889347271482794,81.09507809097131,8.52190902868521,685.0,230.08571428571423,145.54930926861653,64.81428571428572,165.4,Poor,0.3136672,True
2024-06-08,2024,6,monsoon,346.0,551.8,10.6,71.2,1.54,191.4,23.889347271482794,81.09507809097131,8.52190902868521,638.0,258.1428571428572,146.37586159316987,87.85714285714283,289.6,Good,0.31378895,True
2024-06-09,2024,6,monsoon,162.7,215.3,89.5,44.8,4.21,122.5,23.889347271482794,81.09507809097131,8.52190902868521,938.0,220.3142857142857,128.43016816635426,-57.61428571428573,342.1,Poor,0.31182843,True
2024-06-10,2024,6,monsoon,301.9,257.6,10.5,44.5,6.84,44.4,23.889347271482794,81.09507809097131,8.52190902868521,808.0,227.1285714285714,131.75026520258822,74.77142857142857,478.7,Moderate,0.31144673,True
2024-06-11,2024,6,monsoon,173.5,205.3,43.5,65.8,1.33,56.2,23.889347271482794,81.09507809097131,8.52190902868521,1294.0,200.22857142857143,118.19697844820584,-26.728571428571428,467.0,Moderate,0.30714515,False
2024-06-12,2024,6,monsoon,192.8,52.0,103.3,9.4,9.88,188.2,23.889347271482794,81.09507809097131,8.52190902868521,1221.0,224.11428571428573,90.7280814406692,-31.31428571428572,137.4,Severe,0.30833477,True
2024-06-13,2024,6,monsoon,372.1,31.0,139.0,80.2,4.5,194.8,23.889347271482794,81.09507809097131,8.52190902868521,1171.0,263.4142857142857,85.94553369375708,108.68571428571433,323.2,Good,0.31077945,True
2024-06-14,2024,6,monsoon,392.3,47.4,63.1,4.8,9.56,142.7,23.889347271482794,81.09507809097131,8.52190902868521,1025.0,277.3285714285714,98.81357386995153,114.9714285714286,295.5,Very Poor,0.3098741,True
2024-06-15,2024,6,monsoon,11.2,240.1,66.9,82.0,0.87,91.3,23.889347271482794,81.09507809097131,8.52190902868521,1126.0,229.5,134.58601958103455,-218.3,49.9,Moderate,0.308391,True
2024-06-16,2024,6,monsoon,129.5,33.0,54.9,36.6,1.76,199.6,23.889347271482794,81.09507809097131,8.52190902868521,1185.0,224.75714285714284,137.87716582938162,-95.25714285714284,55.1,Severe,0.30608842,False
2024-06-17,2024,6,monsoon,459.8,333.6,54.5,71.5,5.34,16.7,23.889347271482794,81.09507809097131,8.52190902868521,917.0,247.3142857142857,163.19366234192856,212.4857142857143,131.3,Poor,0.30639994,False
2024-06-18,2024,6,monsoon,481.4,86.0,122.9,65.6,2.8,134.6,23.889347271482794,81.09507809097131,8.52190902868521,555.0,291.3,180.5535008430096,190.1,355.1,Very Poor,0.30734193,False
2024-06-19,2024,6,monsoon,13.0,196.3,79.9,0.9,0.45,20.3,23.889347271482794,81.09507809097131,8.52190902868521,371.0,265.61428571428576,207.6566671902721,-252.61428571428576,279.6,Good,0.30542588,False
2024-06-20,2024,6,monsoon,213.6,476.8,19.9,32.0,0.79,189.9,23.889347271482794,81.09507809097131,8.52190902868521,106.0,242.97142857142856,202.69235073780908,-29.371428571428567,311.2,Severe,0.306492,False
2024-06-21,2024,6,monsoon,9.0,530.8,144.1,31.9,3.01,118.8,23.889347271482794,81.09507809097131,8.52190902868521,130.0,188.2142857142857,207.34847020230947,-179.21428571428572,234.1,Satisfactory,0.30641127,False
2024-06-22,2024,6,monsoon,128.9,424.6,27.2,59.3,4.35,175.5,23.889347271482794,81.09507809097131,8.52190902868521,249.0,205.02857142857144,195.006587190328,-76.12857142857143,404.8,Moderate,0.30643412,False
2024-06-23,2024,6,monsoon,164.9,269.2,71.4,73.5,4.17,77.0,23.889347271482794,81.09507809097131,8.52190902868521,455.0,210.08571428571423,193.17182703982664,-45.185714285714255,65.1,Very Poor,0.30330428,False
2024-06-24,2024,6,monsoon,34.8,125.2,121.0,48.6,8.3,184.0,23.889347271482794,81.09507809097131,8.52190902868521,375.0,149.3714285714286,166.5615073007134,-114.5714285714286,262.5,Satisfactory,0.30377087,False
2024-06-25,2024,6,monsoon,266.1,103.1,141.4,40.7,5.45,14.6,23.889347271482794,81.09507809097131,8.52190902868521,176.0,118.61428571428571,102.64582194081072,147.48571428571432,25.8,Moderate,0.30480602,False
2024-06-26,2024,6,monsoon,361.7,550.8,17.0,19.9,3.62,1.4,23.889347271482794,81.09507809097131,8.52190902868521,147.0,168.42857142857142,125.02202091745924,193.27142857142857,353.7,Moderate,0.30364898,False
2024-06-27,2024,6,monsoon,478.4,278.0,15.2,85.2,1.15,97.4,23.889347271482794,81.09507809097131,8.52190902868521,42.0,206.25714285714284,172.14715465886383,272.1428571428571,294.4,Satisfactory,0.30553305,False
2024-06-28,2024,6,monsoon,15.3,116.0,20.2,57.8,7.15,5.5,23.889347271482794,81.09507809097131,8.52190902868521,163.0,207.15714285714284,170.95634781178146,-191.85714285714283,450.6,Severe,0.30439043,False
2024-06-29,2024,6,monsoon,11.9,509.9,92.5,29.7,9.95,188.7,23.889347271482794,81.09507809097131,8.52190902868521,106.0,190.44285714285712,185.0234386696528,-178.54285714285712,59.4,Severe,0.3064556,False
2024-06-30,2024,6,monsoon,15.6,81.7,12.2,69.5,4.95,77.0,23.889347271482794,81.09507809097131,8.52190902868521,19.0,169.1142857142857,196.69573312243287,-153.5142857142857,497.9,Very Poor,0.3056897,False
2024-07-01,2024,7,monsoon,328.3,191.7,111.8,88.9,8.41,29.2,23.889347271482794,81.09507809097131,8.52190902868521,11.0,211.0428571428572,194.56318474249645,117.25714285714288,213.5,Good,0.30590853,False
2024-07-02,2024,7,monsoon,135.5,564.3,79.0,19.3,2.39,155.4,23.889347271482794,81.09507809097131,8.52190902868521,66.0,192.3857142857143,194.66544316314773,-56.8857142857143,127.6,Poor,0.30576494,False
2024-07-03,2024,7,monsoon,247.9,415.7,20.3,1.9,8.51,175.8,23.889347271482794,81.09507809097131,8.52190902868521,20.0,176.1285714285714,182.54326166953493,71.7714285714286,56.8,Good,0.30953956,True
2024-07-04,2024,7,monsoon,388.7,343.1,21.9,10.9,4.07,48.4,23.889347271482794,81.09507809097131,8.52190902868521,26.0,163.31428571428572,159.47905221450876,225.38571428571427,64.0,Severe,0.3097795,True
2024-07-05,2024,7,monsoon,482.6,223.0,19.3,80.4,7.39,47.9,23.889347271482794,81.09507809097131,8.52190902868521,19.0,230.07142857142856,183.230698977052,252.52857142857144,263.1,Good,0.3111196,True
2024-07-06,2024,7,monsoon,9.5,452.0,49.1,2.4,0.63,128.5,23.889347271482794,81.09507809097131,8.52190902868521,55.0,229.72857142857143,183.70859818641867,-220.22857142857143,296.5,Poor,0.3110782,True
2024-07-07,2024,7,monsoon,379.7,238.2,100.8,78.9,0.81,21.4,23.889347271482794,81.09507809097131,8.52190902868521,122.0,281.74285714285713,163.3988357480235,97.95714285714286,295.3,Severe,0.3118058,True
2024-07-08,2024,7,monsoon,183.4,169.1,95.6,32.2,1.14,179.0,23.889347271482794,81.09507809097131,8.52190902868521,120.0,261.04285714285714,165.68011203463598,-77.64285714285714,303.9,Moderate,0.30957133,True
2024-07-09,2024,7,monsoon,441.2,162.1,85.1,36.2,6.01,127.0,23.889347271482794,81.09507809097131,8.52190902868521,264.0,304.7142857142857,167.35422939154586,136.48571428571427,125.0,Satisfactory,0.31151432,True
2024-07-10,2024,7,monsoon,185.7,155.3,137.3,54.8,5.5,123.7,23.889347271482794,81.09507809097131,8.52190902868521,0.0,295.8285714285715,172.4473225295745,-110.12857142857148,486.6,Poor,0.31095716,True
2024-07-11,2024,7,monsoon,488.0,135.6,119.4,64.1,0.92,37.3,23.889347271482794,81.09507809097131,8.52190902868521,0.0,310.0142857142857,184.98855305641163,177.98571428571432,293.9,Very Poor,0.3122507,True
2024-07-12,2024,7,monsoon,144.2,454.4,5.8,21.5,5.5,196.9,23.889347271482794,81.09507809097131,8.52190902868521,0.0,261.6714285714286,176.3868448825452,-117.4714285714286,493.3,Severe,0.31172028,True
2024-07-13,2024,7,monsoon,473.0,294.8,131.2,73.9,4.93,173.6,23.889347271482794,81.09507809097131,8.52190902868521,0.0,327.88571428571424,151.1362126093705,145.11428571428576,217.7,Good,0.3129326,True
2024-07-14,2024,7,monsoon,152.4,271.4,102.8,47.0,8.35,136.2,23.889347271482794,81.09507809097131,8.52190902868521,0.0,295.4142857142857,162.1638515881539,-143.0142857142857,199.7,Moderate,0.31095192,True
2024-07-15,2024,7,monsoon,394.2,173.8,47.7,73.2,2.44,94.6,23.889347271482794,81.09507809097131,8.52190902868521,0.0,325.5285714285714,157.39865219971165,68.67142857142858,437.4,Satisfactory,0.3106436,True
2024-07-16,2024,7,monsoon,244.2,547.0,43.7,45.7,6.04,168.9,23.889347271482794,81.09507809097131,8.52190902868521,66.0,297.3857142857143,150.74057658298736,-53.18571428571431,484.8,Very Poor,0.31089163,True
2024-07-17,2024,7,monsoon,300.2,301.6,88.7,71.2,5.62,158.8,23.889347271482794,81.09507809097131,8.52190902868521,113.0,313.74285714285713,142.59362838900944,-13.542857142857144,358.9,Poor,0.3109811,True
2024-07-18,2024,7,monsoon,35.9,581.2,61.3,44.0,8.47,109.1,23.889347271482794,81.09507809097131,8.52190902868521,60.0,249.15714285714287,152.55029615553963,-213.25714285714287,143.5,Very Poor,0.30979577,True
2024-07-19,2024,7,monsoon,173.4,233.3,123.2,11.6,3.79,68.4,23.889347271482794,81.09507809097131,8.52190902868521,87.0,253.32857142857145,149.57210874453068,-79.92857142857142,227.6,Moderate,0.30845812,True
2024-07-20,2024,7,monsoon,169.4,278.1,122.4,78.6,3.55,119.1,23.889347271482794,81.09507809097131,8.52190902868521,68.0,209.95714285714288,115.36304805761162,-40.55714285714285,370.6,Poor,0.30764163,False
2024-07-21,2024,7,monsoon,231.4,501.2,15.7,4.2,5.42,139.9,23.889347271482794,81.09507809097131,8.52190902868521,70.0,221.2428571428571,112.62563143948547,10.1571428571429,19.5,Satisfactory,0.30719253,False
2024-07-22,2024,7,monsoon,34.6,263.1,57.5,58.4,6.24,184.7,23.889347271482794,81.09507809097131,8.52190902868521,25.0,169.8714285714286,102.10730816622429,-135.2714285714286,163.8,Moderate,0.30794016,False
2024-07-23,2024,7,monsoon,11.9,290.1,43.1,10.3,8.87,79.3,23.889347271482794,81.09507809097131,8.52190902868521,33.0,136.68571428571428,111.26290829339597,-124.78571428571428,280.1,Satisfactory,0.30863112,True
2024-07-24,2024,7,monsoon,421.3,359.1,6.8,82.1,0.62,26.2,23.889347271482794,81.09507809097131,8.52190902868521,0.0,153.9857142857143,145.17228188800823,267.3142857142857,97.0,Very Poor,0.30960977,True
2024-07-25,2024,7,monsoon,252.1,18.6,98.7,99.8,4.97,174.8,23.889347271482794,81.09507809097131,8.52190902868521,0.0,184.87142857142857,138.7171187980019,67.22857142857143,388.9,Satisfactory,0.31118542,True
2024-07-26,2024,7,monsoon,252.6,510.6,14.3,64.7,8.82,79.6,23.889347271482794,81.09507809097131,8.52190902868521,0.0,196.1857142857143,140.8392159943554,56.41428571428568,275.9,Good,0.3102964,True
2024-07-27,2024,7,monsoon,426.6,152.9,102.3,48.5,7.03,133.9,23.889347271482794,81.09507809097131,8.52190902868521,0.0,232.92857142857144,164.28487163344963,193.6714285714286,409.6,Very Poor,0.31009415,True
2024-07-28,2024,7,monsoon,134.5,188.8,63.6,62.7,4.85,47.6,23.889347271482794,81.09507809097131,8.52190902868521,0.0,219.08571428571423,168.46443174125727,-84.58571428571426,335.6,Severe,0.3077468,False
2024-07-29,2024,7,monsoon,228.5,569.1,71.7,3.1,2.42,10.2,23.889347271482794,81.09507809097131,8.52190902868521,14.0,246.78571428571428,147.74088159760686,-18.28571428571428,480.2,Severe,0.30424508,False
2024-07-30,2024,7,monsoon,98.8,94.0,41.7,29.0,7.63,23.9,23.889347271482794,81.09507809097131,8.52190902868521,65.0,259.2,126.89489088743224,-160.39999999999998,61.7,Moderate,0.3042019,False
2024-07-31,2024,7,monsoon,426.5,319.9,144.0,90.7,1.21,101.7,23.889347271482794,81.09507809097131,8.52190902868521,99.0,259.9428571428571,128.01230223618953,166.55714285714288,435.8,Good,0.30526832,False
2024-08-01,2024,8,monsoon,69.6,169.1,17.9,1.1,5.17,86.3,23.889347271482794,81.09507809097131,8.52190902868521,9.0,233.8714285714286,147.0452052293864,-164.2714285714286,346.9,Poor,0.3035761,False
2024-08-02,2024,8,monsoon,261.4,127.2,94.7,16.0,3.26,72.1,23.889347271482794,81.09507809097131,8.52190902868521,16.0,235.1285714285714,147.26945501682405,26.27142857142857,440.2,Moderate,0.30110434,False
2024-08-03,2024,8,monsoon,466.4,10.0,36.6,21.1,7.37,51.4,23.889347271482794,81.09507809097131,8.52190902868521,35.0,240.8142857142857,156.38021431297315,225.5857142857143,115.2,Satisfactory,0.30275494,False
2024-08-04,2024,8,monsoon,156.4,34.3,33.2,85.8,7.01,160.3,23.889347271482794,81.09507809097131,8.52190902868521,102.0,243.94285714285712,154.10124223101786,-87.54285714285712,101.6,Very Poor,0.30201745,False
2024-08-05,2024,8,monsoon,260.6,155.9,137.6,1.4,6.09,49.1,23.889347271482794,81.09507809097131,8.52190902868521,17.0,248.5285714285714,154.0427074362357,12.071428571428612,396.4,Satisfactory,0.30104834,False
2024-08-06,2024,8,monsoon,370.8,164.1,80.2,78.8,9.51,37.8,23.889347271482794,81.09507809097131,8.52190902868521,26.0,287.3857142857143,143.9545348199845,83.41428571428571,453.2,Good,0.30214015,False
2024-08-07,2024,8,monsoon,481.2,70.3,144.0,76.6,0.25,7.2,23.889347271482794,81.09507809097131,8.52190902868521,12.0,295.2,153.90538218875488,186.0,345.6,Satisfactory,0.30394235,False
2024-08-08,2024,8,monsoon,403.1,520.7,48.3,54.5,2.66,45.5,23.889347271482794,81.09507809097131,8.52190902868521,13.0,342.8428571428571,120.40165914060164,60.25714285714293,481.5,Severe,0.30313167,False
2024-08-09,2024,8,monsoon,286.5,591.0,72.2,48.1,3.38,102.4,23.889347271482794,81.09507809097131,8.52190902868521,41.0,346.42857142857144,117.92012429727936,-59.928571428571445,373.1,Poor,0.30367807,False
2024-08-10,2024,8,monsoon,320.9,406.4,115.2,4.5,2.64,179.7,23.889347271482794,81.09507809097131,8.52190902868521,48.0,325.6428571428572,105.40807776040192,-4.74285714285719,489.7,Moderate,0.30411544,False
2024-08-11,2024,8,monsoon,38.2,492.3,109.6,4.3,0.98,37.3,23.889347271482794,81.09507809097131,8.52190902868521,48.0,308.75714285714287,140.62333681556174,-270.5571428571429,101.5,Good,0.30261463,False
2024-08-12,2024,8,monsoon,490.8,539.5,60.8,99.7,6.1,80.8,23.889347271482794,81.09507809097131,8.52190902868521,57.0,341.6428571428572,153.78542255518337,149.15714285714284,361.8,Moderate,0.30426568,False
2024-08-13,2024,8,monsoon,90.3,268.1,109.8,36.2,5.87,39.0,23.889347271482794,81.09507809097131,8.52190902868521,59.0,301.57142857142856,179.34268607227645,-211.2714285714285,431.5,Severe,0.30276656,False
2024-08-14,2024,8,monsoon,464.8,580.4,25.6,2.4,5.27,9.5,23.889347271482794,81.09507809097131,8.52190902868521,52.0,299.22857142857146,176.6925362910172,165.57142857142856,271.6,Satisfactory,0.30445042,False
2024-08-15,2024,8,monsoon,257.4,398.2,83.5,93.6,7.32,126.2,23.889347271482794,81.09507809097131,8.52190902868521,81.0,278.4142857142857,170.9040805888051,-21.014285714285734,408.1,Severe,0.30634344,False
2024-08-16,2024,8,monsoon,42.3,39.8,43.7,78.8,3.25,139.0,23.889347271482794,81.09507809097131,8.52190902868521,144.0,243.52857142857144,192.53342319612725,-201.22857142857143,111.7,Satisfactory,0.3067078,False
2024-08-17,2024,8,monsoon,244.1,65.1,132.2,91.8,6.31,157.7,23.889347271482794,81.09507809097131,8.52190902868521,85.0,232.55714285714288,189.5547841403012,11.542857142857116,125.1,Very Poor,0.30709875,False
2024-08-18,2024,8,monsoon,330.2,139.7,2.3,86.4,8.05,125.1,23.889347271482794,81.09507809097131,8.52190902868521,47.0,274.2714285714286,170.8629832574015,55.92857142857139,448.7,Poor,0.3089422,True
2024-08-19,2024,8,monsoon,118.8,463.9,132.6,11.3,3.63,34.9,23.889347271482794,81.09507809097131,8.52190902868521,68.0,221.1285714285714,148.7069569576992,-102.3285714285714,392.5,Moderate,0.30753577,False
2024-08-20,2024,8,monsoon,395.2,139.4,2.3,15.5,1.53,137.3,23.889347271482794,81.09507809097131,8.52190902868521,73.0,264.68571428571425,148.6532478462482,130.51428571428573,41.1,Very Poor,0.30813357,False
2024-08-21,2024,8,monsoon,393.3,403.1,124.1,45.4,0.44,186.7,23.889347271482794,81.09507809097131,8.52190902868521,66.0,254.47142857142856,134.38273344302473,138.82857142857145,396.7,Severe,0.30954885,True
2024-08-22,2024,8,monsoon,199.3,499.2,30.9,38.4,0.41,62.4,23.889347271482794,81.09507809097131,8.52190902868521,8.0,246.17142857142852,135.95672981118796,-46.87142857142857,406.2,Poor,0.30777177,False
2024-08-23,2024,8,monsoon,216.5,468.4,138.0,83.7,4.23,153.8,23.889347271482794,81.09507809097131,8.52190902868521,18.0,271.0571428571428,104.791171020318,-54.55714285714282,25.1,Satisfactory,0.30780602,False
2024-08-24,2024,8,monsoon,311.5,521.6,46.8,34.9,0.38,106.9,23.889347271482794,81.09507809097131,8.52190902868521,32.0,280.68571428571425,104.99770519034269,30.814285714285745,12.4,Poor,0.30593362,False
2024-08-25,2024,8,monsoon,274.2,438.2,93.0,2.2,0.1,149.3,23.889347271482794,81.09507809097131,8.52190902868521,61.0,272.68571428571425,102.70468065561296,1.5142857142857338,495.9,Poor,0.30546704,False
2024-08-26,2024,8,monsoon,127.3,111.5,101.0,38.7,3.17,166.3,23.889347271482794,81.09507809097131,8.52190902868521,45.0,273.9,100.61095036492472,-146.59999999999997,105.3,Severe,0.3050688,False
2024-08-27,2024,8,monsoon,371.8,347.1,36.9,69.9,0.63,27.0,23.889347271482794,81.09507809097131,8.52190902868521,22.0,270.5571428571429,96.20107167010252,101.24285714285712,293.1,Satisfactory,0.30502737,False
2024-08-28,2024,8,monsoon,443.2,410.6,120.8,13.2,1.24,107.0,23.889347271482794,81.09507809097131,8.52190902868521,40.0,277.68571428571425,107.94435956503136,165.51428571428573,166.6,Moderate,0.30477566,False
2024-08-29,2024,8,monsoon,173.1,150.1,33.9,45.2,3.27,1.4,23.889347271482794,81.09507809097131,8.52190902868521,176.0,273.9428571428572,111.51061021479616,-100.84285714285718,56.0,Very Poor,0.3037676,False
2024-08-30,2024,8,monsoon,356.6,502.5,53.7,14.8,3.98,93.9,23.889347271482794,81.09507809097131,8.52190902868521,126.0,293.95714285714286,112.05372010993756,62.64285714285717,211.2,Good,0.30164212,False
2024-08-31,2024,8,monsoon,107.6,224.6,40.9,60.9,9.34,131.0,23.889347271482794,81.09507809097131,8.52190902868521,107.0,264.8285714285714,131.540953246327,-157.22857142857143,44.6,Severe,0.30323586,False
2024-09-01,2024,9,monsoon,124.6,591.9,128.9,55.6,3.93,24.5,23.889347271482794,81.09507809097131,8.52190902868521,122.0,243.45714285714288,141.5375080693318,-118.85714285714286,457.7,Moderate,0.30298167,False
2024-09-02,2024,9,monsoon,157.2,394.9,149.0,20.0,6.72,5.1,23.889347271482794,81.09507809097131,8.52190902868521,164.0,247.72857142857143,137.85094261902006,-90.52857142857144,86.3,Severe,0.30096275,False
2024-09-03,2024,9,monsoon,197.1,130.2,146.1,34.6,8.39,47.8,23.889347271482794,81.09507809097131,8.52190902868521,57.0,222.7714285714285,127.03465031617291,-25.67142857142855,307.2,Poor,0.30122873,False
2024-09-04,2024,9,monsoon,407.6,351.3,136.3,35.5,1.68,68.0,23.889347271482794,81.09507809097131,8.52190902868521,119.0,217.6857142857143,117.06024700371762,189.9142857142857,133.4,Good,0.30154195,False
2024-09-05,2024,9,monsoon,99.5,176.8,99.5,15.7,8.09,153.1,23.889347271482794,81.09507809097131,8.52190902868521,92.0,207.1714285714285,124.78296777853534,-107.67142857142856,435.5,Good,0.3020038,False
2024-09-06,2024,9,monsoon,389.7,352.9,49.0,55.2,1.52,153.7,23.889347271482794,81.09507809097131,8.52190902868521,189.0,211.9,131.81805642627245,177.79999999999998,92.3,Satisfactory,0.30096278,False
2024-09-07,2024,9,monsoon,97.1,129.6,11.4,93.9,1.86,126.6,23.889347271482794,81.09507809097131,8.52190902868521,119.0,210.40000000000003,133.2546434462977,-113.30000000000004,318.6,Severe,0.30110964,False
2024-09-08,2024,9,monsoon,324.9,196.0,145.2,63.9,2.45,171.6,23.889347271482794,81.09507809097131,8.52190902868521,108.0,239.0142857142857,133.26537970745215,85.88571428571427,259.0,Good,0.30205444,False
2024-09-09,2024,9,monsoon,429.8,267.8,112.0,42.8,9.64,159.5,23.889347271482794,81.09507809097131,8.52190902868521,82.0,277.95714285714286,144.7110668094976,151.84285714285716,102.0,Satisfactory,0.30386403,False
2024-09-10,2024,9,monsoon,151.9,482.9,138.2,37.5,3.44,151.4,23.889347271482794,81.09507809097131,8.52190902868521,58.0,271.5,149.83792354852406,-119.6,207.4,Satisfactory,0.30320412,False
2024-09-11,2024,9,monsoon,159.8,502.4,114.8,3.8,5.93,140.5,23.889347271482794,81.09507809097131,8.52190902868521,154.0,236.1,141.35651146421694,-76.29999999999998,414.5,Very Poor,0.30111888,False
2024-09-12,2024,9,monsoon,197.2,240.3,144.8,48.6,8.61,192.9,23.889347271482794,81.09507809097131,8.52190902868521,201.0,250.05714285714285,129.98718984503628,-52.85714285714286,372.4,Moderate,0.30394796,False
2024-09-13,2024,9,monsoon,455.0,252.6,10.7,74.5,9.21,193.2,23.889347271482794,81.09507809097131,8.52190902868521,79.0,259.3857142857143,143.33661347298798,195.6142857142857,313.4,Moderate,0.30599958,False
2024-09-14,2024,9,monsoon,335.3,348.1,74.0,9.3,3.53,160.0,23.889347271482794,81.09507809097131,8.52190902868521,82.0,293.4142857142857,125.5607612349686,41.8857142857143,185.7,Poor,0.30488828,False
2024-09-15,2024,9,monsoon,437.0,214.5,144.9,75.0,7.47,104.0,23.889347271482794,81.09507809097131,8.52190902868521,189.0,309.42857142857144,136.8839741567742,127.57142857142856,18.4,Severe,0.30667594,False
2024-09-16,2024,9,monsoon,23.3,459.1,53.8,56.6,2.04,123.2,23.889347271482794,81.09507809097131,8.52190902868521,120.0,251.3571428571429,161.34723277394474,-228.05714285714285,79.4,Satisfactory,0.30420652,False
2024-09-17,2024,9,monsoon,255.6,365.3,72.4,65.1,1.59,94.4,23.889347271482794,81.09507809097131,8.52190902868521,298.0,266.1714285714286,155.34242513756195,-10.571428571428584,251.3,Severe,0.30155382,False
2024-09-18,2024,9,monsoon,7.4,253.4,78.9,17.9,6.72,141.9,23.889347271482794,81.09507809097131,8.52190902868521,276.0,244.4,181.2536988128333,-237.0,206.0,Satisfactory,0.30103898,False
2024-09-19,2024,9,monsoon,407.2,246.2,58.9,61.1,6.28,199.7,23.889347271482794,81.09507809097131,8.52190902868521,349.0,274.4,189.3380662553976,132.8,261.6,Severe,0.30306613,False
2024-09-20,2024,9,monsoon,200.8,273.0,121.9,49.1,2.53,134.8,23.889347271482794,81.09507809097131,8.52190902868521,301.0,238.08571428571423,172.56058287426106,-37.28571428571425,384.8,Severe,0.3008679,False
2024-09-21,2024,9,monsoon,302.9,173.1,101.5,15.2,8.81,199.4,23.889347271482794,81.09507809097131,8.52190902868521,217.0,233.45714285714288,169.93294615958422,69.44285714285712,229.3,Satisfactory,0.30354705,False
2024-09-22,2024,9,monsoon,407.9,178.1,89.4,32.8,5.87,185.5,23.889347271482794,81.09507809097131,8.52190902868521,352.0,229.3,164.38921294699747,178.6,371.2,Poor,0.30466452,False
2024-09-23,2024,9,monsoon,52.6,475.6,23.5,94.4,9.85,139.0,23.889347271482794,81.09507809097131,8.52190902868521,71.0,233.4857142857143,158.53870640500188,-180.8857142857143,431.6,Severe,0.30689687,False
2024-09-24,2024,9,monsoon,173.1,46.9,70.2,4.5,3.61,171.9,23.889347271482794,81.09507809097131,8.52190902868521,59.0,221.7,159.68312371694117,-48.6,375.4,Satisfactory,0.30642503,False
2024-09-25,2024,9,monsoon,490.4,334.7,148.4,64.7,8.01,99.0,23.889347271482794,81.09507809097131,8.52190902868521,111.0,290.7,155.95961015596322,199.7,264.9,Severe,0.3094053,True
2024-09-26,2024,9,monsoon,134.8,105.8,122.7,63.2,0.29,32.2,23.889347271482794,81.09507809097131,8.52190902868521,0.0,251.78571428571428,156.03029009961946,-116.98571428571428,117.8,Very Poor,0.30804652,False
2024-09-27,2024,9,monsoon,407.2,104.1,89.6,96.9,0.81,115.8,23.889347271482794,81.09507809097131,8.52190902868521,109.0,281.27142857142854,164.08377651153,125.92857142857144,128.6,Satisfactory,0.30787653,False
2024-09-28,2024,9,monsoon,54.7,381.1,76.6,98.3,3.46,138.9,23.889347271482794,81.09507809097131,8.52190902868521,140.0,245.8142857142857,184.21331320484063,-191.1142857142857,467.7,Severe,0.30766258,False
2024-09-29,2024,9,monsoon,189.4,37.6,112.6,75.8,4.81,139.9,23.889347271482794,81.09507809097131,8.52190902868521,217.0,214.6,170.14588838209775,-25.19999999999999,283.7,Moderate,0.30707264,False
2024-09-30,2024,9,monsoon,346.8,46.3,83.6,75.9,5.42,22.5,23.889347271482794,81.09507809097131,8.52190902868521,244.0,256.62857142857143,159.460430977779,90.17142857142858,414.9,Good,0.3065985,False
2024-10-01,2024,10,post-monsoon,316.0,203.0,79.8,97.9,8.8,152.7,23.889347271482794,81.09507809097131,8.52190902868521,355.0,277.04285714285714,156.09640031235887,38.957142857142856,37.7,Good,0.3075534,False
2024-10-02,2024,10,post-monsoon,230.8,178.8,39.2,24.2,1.93,170.4,23.889347271482794,81.09507809097131,8.52190902868521,247.0,239.95714285714288,124.62356461417244,-9.157142857142844,109.3,Severe,0.3066017,False
2024-10-03,2024,10,post-monsoon,133.0,272.7,60.0,46.8,6.52,26.7,23.889347271482794,81.09507809097131,8.52190902868521,231.0,239.7,124.87830075717702,-106.70000000000002,454.5,Very Poor,0.30524546,False
2024-10-04,2024,10,post-monsoon,210.4,166.0,95.5,11.2,3.25,138.2,23.889347271482794,81.09507809097131,8.52190902868521,153.0,211.58571428571423,100.69499207294947,-1.1857142857142549,397.8,Poor,0.30402675,False
2024-10-05,2024,10,post-monsoon,432.6,546.9,11.7,51.4,6.56,43.5,23.889347271482794,81.09507809097131,8.52190902868521,250.0,265.57142857142856,103.81865141173992,167.02857142857147,211.0,Good,0.30615687,False
2024-10-06,2024,10,post-monsoon,141.1,373.7,1.5,14.9,5.19,122.0,23.889347271482794,81.09507809097131,8.52190902868521,387.0,258.6714285714286,111.0762908138022,-117.57142857142858,34.8,Good,0.3056414,False
2024-10-07,2024,10,post-monsoon,425.0,451.2,26.3,66.5,0.62,176.1,23.889347271482794,81.09507809097131,8.52190902868521,367.0,269.8428571428572,124.53419687168731,155.15714285714284,52.8,Good,0.3082772,True
2024-10-08,2024,10,post-monsoon,4.4,553.3,21.8,79.3,5.68,62.8,23.889347271482794,81.09507809097131,8.52190902868521,477.0,225.32857142857145,156.79677626666623,-220.92857142857144,287.9,Good,0.3081323,False
2024-10-09,2024,10,post-monsoon,452.6,564.2,109.7,64.7,2.43,40.4,23.889347271482794,81.09507809097131,8.52190902868521,261.0,257.0142857142857,178.93474069775104,195.58571428571435,258.3,Severe,0.3081441,False
2024-10-10,2024,10,post-monsoon,49.6,257.0,109.2,24.0,0.69,177.0,23.889347271482794,81.09507809097131,8.52190902868521,349.0,245.1,190.94211164643585,-195.5,63.3,Moderate,0.30780506,False
2024-10-11,2024,10,post-monsoon,478.3,9.1,24.1,47.7,4.31,35.6,23.889347271482794,81.09507809097131,8.52190902868521,366.0,283.37142857142857,208.8374863722644,194.92857142857144,116.0,Satisfactory,0.30917433,True
2024-10-12,2024,10,post-monsoon,385.4,189.8,136.0,27.4,6.4,10.1,23.889347271482794,81.09507809097131,8.52190902868521,687.0,276.62857142857143,203.9203170708738,108.77142857142854,229.0,Severe,0.30814672,False
2024-10-13,2024,10,post-monsoon,17.6,595.8,81.1,45.7,3.82,192.3,23.889347271482794,81.09507809097131,8.52190902868521,514.0,258.9857142857143,222.12980010623983,-241.3857142857144,35.6,Poor,0.30632812,False
2024-10-14,2024,10,post-monsoon,273.4,319.6,4.9,36.7,1.38,28.8,23.889347271482794,81.09507809097131,8.52190902868521,273.0,237.32857142857145,210.32264669855613,36.07142857142853,21.7,Satisfactory,0.30615193,False
2024-10-15,2024,10,post-monsoon,456.1,551.5,115.6,49.8,7.14,80.6,23.889347271482794,81.09507809097131,8.52190902868521,380.0,301.85714285714283,195.7342403800185,154.2428571428572,467.2,Very Poor,0.30677113,False
2024-10-16,2024,10,post-monsoon,120.4,436.6,17.6,49.5,2.77,60.2,23.889347271482794,81.09507809097131,8.52190902868521,394.0,254.40000000000003,193.3517433763312,-134.00000000000003,93.3,Very Poor,0.30573866,False
2024-10-17,2024,10,post-monsoon,335.5,304.3,40.6,5.9,9.15,175.1,23.889347271482794,81.09507809097131,8.52190902868521,589.0,295.24285714285713,171.8849310550798,40.25714285714287,178.2,Severe,0.30885443,True
2024-10-18,2024,10,post-monsoon,410.4,49.9,65.0,55.8,1.75,118.3,23.889347271482794,81.09507809097131,8.52190902868521,642.0,285.54285714285714,161.43068540545872,124.85714285714285,428.8,Satisfactory,0.30961794,True
2024-10-19,2024,10,post-monsoon,310.3,53.3,6.1,68.1,4.98,130.9,23.889347271482794,81.09507809097131,8.52190902868521,425.0,274.81428571428575,156.09556291549336,35.485714285714266,357.1,Poor,0.30889785,True
2024-10-20,2024,10,post-monsoon,291.1,416.4,77.5,4.8,9.11,189.9,23.889347271482794,81.09507809097131,8.52190902868521,237.0,313.8857142857143,107.71486168849432,-22.78571428571428,313.3,Very Poor,0.3113794,True
2024-10-21,2024,10,post-monsoon,232.8,451.3,91.2,78.3,0.0,33.8,23.889347271482794,81.09507809097131,8.52190902868521,480.0,308.0857142857143,111.29185996845466,-75.28571428571428,290.9,Satisfactory,0.30933663,True
2024-10-22,2024,10,post-monsoon,328.8,583.5,31.3,10.1,8.55,92.9,23.889347271482794,81.09507809097131,8.52190902868521,1351.0,289.90000000000003,91.76153878395895,38.89999999999998,30.3,Moderate,0.30970034,True
2024-10-23,2024,10,post-monsoon,440.2,212.8,66.7,47.4,6.17,164.7,23.889347271482794,81.09507809097131,8.52190902868521,956.0,335.5857142857143,70.43984262171155,104.6142857142857,200.6,Moderate,0.30968878,True
2024-10-24,2024,10,post-monsoon,228.3,531.4,99.5,13.1,3.65,115.2,23.889347271482794,81.09507809097131,8.52190902868521,543.0,320.2714285714286,81.2805371185855,-91.9714285714286,171.9,Poor,0.3095184,True
2024-10-25,2024,10,post-monsoon,258.0,458.8,39.7,25.8,1.75,74.6,23.889347271482794,81.09507809097131,8.52190902868521,515.0,298.5,73.11607210456546,-40.5,278.3,Poor,0.30678964,False
2024-10-26,2024,10,post-monsoon,77.3,122.1,58.7,52.7,2.66,10.0,23.889347271482794,81.09507809097131,8.52190902868521,586.0,265.2142857142857,110.3859808214102,-187.9142857142857,112.7,Moderate,0.3059719,False
2024-10-27,2024,10,post-monsoon,278.7,172.0,78.2,77.2,6.36,19.8,23.889347271482794,81.09507809097131,8.52190902868521,839.0,263.4428571428572,110.00016450204136,15.25714285714281,34.0,Very Poor,0.30479574,False
2024-10-28,2024,10,post-monsoon,367.2,18.3,129.1,47.8,8.18,168.6,23.889347271482794,81.09507809097131,8.52190902868521,1476.0,282.6428571428572,115.35907502436116,84.55714285714282,99.1,Severe,0.307377,False
2024-10-29,2024,10,post-monsoon,471.7,578.6,48.3,91.2,5.55,144.4,23.889347271482794,81.09507809097131,8.52190902868521,1025.0,303.0571428571429,135.73332748620072,168.6428571428571,165.2,Satisfactory,0.3100948,True
2024-10-30,2024,10,post-monsoon,392.9,573.1,19.1,93.7,5.82,87.5,23.889347271482794,81.09507809097131,8.52190902868521,846.0,296.3,128.7667011821509,96.59999999999997,246.2,Good,0.3114744,True
2024-10-31,2024,10,post-monsoon,425.0,131.1,80.2,85.7,8.29,110.0,23.889347271482794,81.09507809097131,8.52190902868521,1126.0,324.4,132.85179712747603,100.60000000000002,285.1,Severe,0.3121232,True
2024-11-01,2024,11,post-monsoon,117.6,561.1,136.1,21.5,9.29,157.6,23.889347271482794,81.09507809097131,8.52190902868521,1691.0,304.3428571428572,153.53547751950646,-186.7428571428572,65.0,Very Poor,0.31385753,True
2024-11-02,2024,11,post-monsoon,131.4,498.0,140.8,38.2,7.39,191.4,23.889347271482794,81.09507809097131,8.52190902868521,2377.0,312.07142857142856,141.05643922777531,-180.6714285714285,441.6,Severe,0.31680757,True
2024-11-03,2024,11,post-monsoon,461.5,297.8,136.3,43.4,1.9,136.8,23.889347271482794,81.09507809097131,8.52190902868521,0.0,338.18571428571425,150.4565654773435,123.31428571428576,66.7,Very Poor,0.31823754,True
2024-11-04,2024,11,post-monsoon,79.6,444.0,12.9,63.2,5.59,87.7,23.889347271482794,81.09507809097131,8.52190902868521,0.0,297.1,177.96608291094873,-217.50000000000003,425.1,Severe,0.3155642,True
2024-11-05,2024,11,post-monsoon,161.8,524.7,92.8,29.0,2.71,39.1,23.889347271482794,81.09507809097131,8.52190902868521,0.0,252.82857142857145,165.39486806111103,-91.0285714285714,120.9,Poor,0.31376714,True
2024-11-06,2024,11,post-monsoon,3.8,308.1,76.8,70.9,1.2,196.4,23.889347271482794,81.09507809097131,8.52190902868521,337.0,197.2428571428572,175.54657366012418,-193.44285714285715,287.3,Very Poor,0.3132361,True
2024-11-07,2024,11,post-monsoon,56.7,375.8,73.6,59.5,5.0,153.8,23.889347271482794,81.09507809097131,8.52190902868521,2242.0,144.62857142857143,149.10887201734684,-87.92857142857143,145.8,Poor,0.31214,True
2024-11-08,2024,11,post-monsoon,47.7,373.4,57.8,85.3,9.17,181.6,23.889347271482794,81.09507809097131,8.52190902868521,2543.0,134.64285714285714,153.49665422133037,-86.94285714285714,349.3,Moderate,0.31289616,True
2024-11-09,2024,11,post-monsoon,281.5,229.5,43.4,81.1,4.35,65.6,23.889347271482794,81.09507809097131,8.52190902868521,1977.0,156.08571428571426,163.1488423553921,125.41428571428574,328.3,Moderate,0.31212574,True
2024-11-10,2024,11,post-monsoon,127.3,108.5,41.6,6.4,1.22,92.3,23.889347271482794,81.09507809097131,8.52190902868521,1489.0,108.34285714285714,92.46651388733088,18.957142857142856,390.0,Poor,0.30958682,True
2024-11-11,2024,11,post-monsoon,82.9,218.4,59.0,99.0,9.97,132.2,23.889347271482794,81.09507809097131,8.52190902868521,1638.0,108.81428571428572,92.30381769951082,-25.91428571428571,399.7,Moderate,0.31092992,True
2024-11-12,2024,11,post-monsoon,117.9,498.6,110.0,17.9,3.88,174.6,23.889347271482794,81.09507809097131,8.52190902868521,1723.0,102.54285714285712,89.55418950078557,15.357142857142875,81.0,Severe,0.30941093,True
2024-11-13,2024,11,post-monsoon,492.3,411.6,141.9,87.4,4.76,170.5,23.889347271482794,81.09507809097131,8.52190902868521,2932.0,172.32857142857145,161.34325431912413,319.97142857142853,61.6,Poor,0.31455946,True
2024-11-14,2024,11,post-monsoon,180.3,31.7,96.8,64.6,5.88,82.1,23.889347271482794,81.09507809097131,8.52190902868521,2052.0,189.9857142857143,153.13448804423942,-9.685714285714283,352.1,Good,0.31226325,True
2024-11-15,2024,11,post-monsoon,161.0,117.9,30.5,20.6,2.94,37.0,23.889347271482794,81.09507809097131,8.52190902868521,1409.0,206.17142857142852,141.10405987881998,-45.17142857142858,480.2,Moderate,0.31049517,True
2024-11-16,2024,11,post-monsoon,36.2,12.3,124.4,79.3,1.01,110.9,23.889347271482794,81.09507809097131,8.52190902868521,1294.0,171.12857142857143,149.4891380032417,-134.92857142857144,173.0,Poor,0.3086536,True
2024-11-17,2024,11,post-monsoon,182.5,323.2,48.0,9.6,3.16,69.9,23.889347271482794,81.09507809097131,8.52190902868521,2151.0,179.0142857142857,148.24253133037752,3.485714285714294,172.2,Severe,0.3063663,False
2024-11-18,2024,11,post-monsoon,22.2,294.9,77.9,98.1,8.54,152.2,23.889347271482794,81.09507809097131,8.52190902868521,3325.0,170.34285714285713,156.35509646466932,-148.14285714285714,142.6,Poor,0.30782935,False
2024-11-19,2024,11,post-monsoon,158.6,296.2,78.0,6.1,2.26,189.5,23.889347271482794,81.09507809097131,8.52190902868521,2859.0,176.15714285714287,154.82920543987404,-17.55714285714288,215.4,Very Poor,0.3065117,False
2024-11-20,2024,11,post-monsoon,132.7,155.5,104.8,38.1,1.07,12.2,23.889347271482794,81.09507809097131,8.52190902868521,1773.0,124.78571428571428,67.455600918218,7.914285714285697,244.4,Severe,0.30515304,False
2024-11-21,2024,11,post-monsoon,317.8,299.2,52.4,90.6,6.1,101.6,23.889347271482794,81.09507809097131,8.52190902868521,1412.0,144.42857142857142,98.97249978799938,173.3714285714286,205.5,Severe,0.30478644,False
2024-11-22,2024,11,post-monsoon,404.9,384.1,74.7,35.9,1.45,125.4,23.889347271482794,81.09507809097131,8.52190902868521,1388.0,179.27142857142857,140.14630110811194,225.6285714285714,463.0,Poor,0.3049229,False
2024-11-23,2024,11,post-monsoon,478.3,181.6,54.4,37.8,5.36,84.9,23.889347271482794,81.09507809097131,8.52190902868521,2231.0,242.42857142857144,162.72307472395858,235.8714285714286,309.0,Good,0.30665243,False
2024-11-24,2024,11,post-monsoon,123.6,564.4,97.6,0.6,7.1,118.5,23.889347271482794,81.09507809097131,8.52190902868521,2891.0,234.0142857142857,167.78259175265484,-110.41428571428573,404.2,Severe,0.30783796,False
2024-11-25,2024,11,post-monsoon,120.2,285.9,24.2,73.0,4.48,100.3,23.889347271482794,81.09507809097131,8.52190902868521,1982.0,248.0142857142857,150.34537381832337,-127.8142857142857,105.5,Moderate,0.30821985,False
2024-11-26,2024,11,post-monsoon,186.9,239.2,8.4,26.0,5.3,132.4,23.889347271482794,81.09507809097131,8.52190902868521,1279.0,252.05714285714288,147.90087735983684,-65.15714285714287,395.9,Satisfactory,0.30812612,False
2024-11-27,2024,11,post-monsoon,133.9,388.4,147.1,31.5,0.42,82.0,23.889347271482794,81.09507809097131,8.52190902868521,945.0,252.22857142857143,147.74008386674333,-118.32857142857142,353.7,Severe,0.30592617,False
2024-11-28,2024,11,post-monsoon,409.3,88.3,130.5,19.9,8.91,123.1,23.889347271482794,81.09507809097131,8.52190902868521,1548.0,265.3,158.18690421987105,144.0,278.9,Good,0.30656892,False
2024-11-29,2024,11,post-monsoon,168.4,490.0,131.6,81.7,4.08,32.4,23.889347271482794,81.09507809097131,8.52190902868521,1723.0,231.5142857142857,148.35189503981644,-63.1142857142857,292.6,Severe,0.30459836,False
2024-11-30,2024,11,post-monsoon,308.5,400.4,18.6,38.2,9.93,158.0,23.889347271482794,81.09507809097131,8.52190902868521,1207.0,207.25714285714284,110.26820117547987,101.24285714285716,322.3,Very Poor,0.3059932,False
2024-12-01,2024,12,winter,222.7,19.5,68.7,70.2,1.55,100.8,23.889347271482794,81.09507809097131,8.52190902868521,721.0,221.4142857142857,103.91619104790502,1.2857142857142492,41.4,Moderate,0.30374166,False
2024-12-02,2024,12,winter,231.5,207.5,57.7,92.5,1.04,152.4,23.889347271482794,81.09507809097131,8.52190902868521,576.0,237.3142857142857,93.87861717081648,-5.814285714285717,71.0,Poor,0.30202624,False
2024-12-03,2024,12,winter,39.9,194.2,132.5,67.2,4.94,183.6,23.889347271482794,81.09507809097131,8.52190902868521,755.0,216.3142857142857,119.87699846886676,-176.4142857142857,492.4,Satisfactory,0.3009639,False
2024-12-04,2024,12,winter,15.1,115.1,12.8,79.7,2.48,187.2,23.889347271482794,81.09507809097131,8.52190902868521,1190.0,199.3428571428572,140.17954982976687,-184.2428571428572,497.9,Satisfactory,0.30084842,False
2024-12-05,2024,12,winter,30.8,195.2,119.6,29.5,4.6,131.2,23.889347271482794,81.09507809097131,8.52190902868521,1647.0,145.27142857142857,116.7336671557048,-114.47142857142858,91.2,Good,0.30009517,False
2024-12-06,2024,12,winter,277.0,140.0,105.1,54.4,1.45,27.9,23.889347271482794,81.09507809097131,8.52190902868521,1571.0,160.78571428571428,127.0781443124844,116.21428571428572,442.3,Poor,0.29881242,False
2024-12-07,2024,12,winter,257.3,99.0,145.2,79.2,8.07,88.4,23.889347271482794,81.09507809097131,8.52190902868521,1176.0,153.47142857142856,118.33154995302628,103.82857142857144,91.9,Poor,0.3004266,False
2024-12-08,2024,12,winter,374.7,372.8,145.5,85.5,7.47,74.0,23.889347271482794,81.09507809097131,8.52190902868521,834.0,175.18571428571428,144.2584766841726,199.5142857142857,383.2,Poor,0.3005928,False
2024-12-09,2024,12,winter,332.0,294.6,148.3,51.0,3.59,29.0,23.889347271482794,81.09507809097131,8.52190902868521,966.0,189.5428571428572,155.37029807466232,142.45714285714286,60.9,Poor,0.30025584,False
2024-12-10,2024,12,winter,121.7,124.5,72.5,66.1,6.05,183.6,23.889347271482794,81.09507809097131,8.52190902868521,1939.0,201.22857142857143,144.9674413363875,-79.52857142857145,142.2,Poor,0.301236,False
2024-12-11,2024,12,winter,15.6,123.6,139.4,29.9,9.84,60.0,23.889347271482794,81.09507809097131,8.52190902868521,2252.0,201.3,144.86053062630015,-185.7,322.6,Severe,0.30031613,False
2024-12-12,2024,12,winter,326.4,438.9,87.2,42.4,5.66,139.6,23.889347271482794,81.09507809097131,8.52190902868521,1946.0,243.52857142857144,129.1023071609709,82.87142857142854,469.2,Satisfactory,0.3013241,False
2024-12-13,2024,12,winter,79.3,387.1,111.3,59.4,2.05,84.3,23.889347271482794,81.09507809097131,8.52190902868521,1504.0,215.28571428571428,141.58125380350097,-135.98571428571427,105.5,Very Poor,0.29650936,False
2024-12-14,2024,12,winter,465.9,102.5,75.0,19.5,4.72,190.9,23.889347271482794,81.09507809097131,8.52190902868521,2460.0,245.08571428571423,170.8301049636882,220.8142857142857,214.6,Very Poor,0.29979125,False
2024-12-15,2024,12,winter,365.2,317.7,122.3,37.6,5.39,38.6,23.889347271482794,81.09507809097131,8.52190902868521,2849.0,243.72857142857143,169.66252497517638,121.47142857142856,160.4,Poor,0.30075005,False
2024-12-16,2024,12,winter,153.3,114.7,50.5,31.9,1.13,85.5,23.889347271482794,81.09507809097131,8.52190902868521,3013.0,218.2,167.59860779055794,-64.9,184.3,Satisfactory,0.29888487,False
2024-12-17,2024,12,winter,194.0,360.3,48.6,41.8,3.57,118.9,23.889347271482794,81.09507809097131,8.52190902868521,2392.0,228.5285714285714,162.82014324898194,-34.52857142857141,450.6,Poor,0.29883006,False
2024-12-18,2024,12,winter,252.9,32.0,79.0,87.5,9.7,167.1,23.889347271482794,81.09507809097131,8.52190902868521,1563.0,262.42857142857144,133.08726102681294,-9.52857142857144,5.8,Severe,0.29968724,False
2024-12-19,2024,12,winter,90.8,360.6,106.1,27.2,7.62,35.8,23.889347271482794,81.09507809097131,8.52190902868521,1227.0,228.7714285714285,143.58952740695378,-137.97142857142853,125.1,Severe,0.29770282,False
2024-12-20,2024,12,winter,41.1,236.1,63.3,90.3,5.8,163.9,23.889347271482794,81.09507809097131,8.52190902868521,949.0,223.3142857142857,150.76367189049455,-182.2142857142857,251.5,Poor,0.298903,False
2024-12-21,2024,12,winter,92.8,391.6,58.9,92.8,5.24,48.3,23.889347271482794,81.09507809097131,8.52190902868521,1221.0,170.01428571428573,111.56315742770084,-77.21428571428574,405.2,Severe,0.29739857,False
2024-12-22,2024,12,winter,228.6,235.0,16.8,8.5,4.13,3.5,23.889347271482794,81.09507809097131,8.52190902868521,1451.0,150.5,78.8957117550325,78.1,101.5,Satisfactory,0.29604262,False
2024-12-23,2024,12,winter,391.9,90.1,142.7,49.8,1.22,77.6,23.889347271482794,81.09507809097131,8.52190902868521,940.0,184.58571428571423,120.74799416652014,207.3142857142857,190.3,Severe,0.29665485,False
2024-12-24,2024,12,winter,263.4,219.3,133.1,32.1,7.37,35.5,23.889347271482794,81.09507809097131,8.52190902868521,600.0,194.5,124.44240970558724,68.89999999999998,421.3,Very Poor,0.29489654,False
2024-12-25,2024,12,winter,450.6,333.4,144.7,93.2,5.84,26.9,23.889347271482794,81.09507809097131,8.52190902868521,759.0,222.7428571428571,157.85463626538225,227.8571428571429,406.0,Poor,0.29757372,False
2024-12-26,2024,12,winter,249.8,303.4,144.3,28.3,8.35,185.8,23.889347271482794,81.09507809097131,8.52190902868521,1072.0,245.45714285714283,146.75382853771197,4.342857142857184,215.1,Severe,0.29984516,False
2024-12-27,2024,12,winter,319.0,527.9,54.3,7.0,7.45,156.0,23.889347271482794,81.09507809097131,8.52190902868521,1407.0,285.15714285714284,116.78626998557188,33.84285714285716,53.7,Satisfactory,0.3022597,False
2024-12-28,2024,12,winter,377.0,567.7,93.8,18.4,0.66,187.7,23.889347271482794,81.09507809097131,8.52190902868521,953.0,325.75714285714287,83.39616012628892,51.24285714285713,364.0,Severe,0.30350286,False
2024-12-29,2024,12,winter,70.4,96.5,125.6,6.6,1.2,4.4,23.889347271482794,81.09507809097131,8.52190902868521,854.0,303.1571428571429,125.11458557582158,-232.7571428571429,83.1,Poor,0.30205342,False
2024-12-30,2024,12,winter,85.7,338.0,49.6,88.4,9.73,2.7,23.889347271482794,81.09507809097131,8.52190902868521,900.0,259.4142857142857,141.38611941030405,-173.71428571428572,478.9,Moderate,0.30098516,False
2024-12-31,2024,12,winter,371.2,61.7,130.7,76.4,7.02,40.0,23.889347271482794,81.09507809097131,8.52190902868521,1320.0,274.81428571428575,147.62579301024866,96.38571428571424,61.5,Poor,0.30249834,False
