date,City,PM2.5,PM10,NO,NO2,NOx,NH3,CO,SO2,O3,Benzene,Toluene,Xylene,AQI,AQI_Bucket,fire_count_all_india,temperature_celsius,wind_kph,humidity,z_score_pm25,is_anomaly_pm25,iforest_score,iforest_label
2015-01-01,Delhi,153.3,241.7,182.9,33.0,81.3,38.5,1.87,64.5,83.6,18.93,20.81,8.32,204.5,Severe,0.0,,,,-0.702151630992957,False,-0.1303078918375352,False
2015-01-02,Delhi,344.2,173.2,179.8,128.4,156.1,15.6,6.28,7.5,9.4,0.55,15.6,2.45,238.5,Satisfactory,0.0,,,,0.643559844019966,False,-0.0896392202066875,False
2015-01-03,Delhi,473.9,20.1,12.7,102.7,244.7,42.5,0.04,29.8,42.0,1.87,15.11,2.41,77.6,Satisfactory,0.0,,,,1.5578541253671432,False,-0.0517003540498831,False
2015-01-04,Delhi,32.4,414.8,198.1,25.6,218.2,13.2,2.47,50.4,80.2,7.7,12.46,0.57,85.4,Satisfactory,0.0,,,,-1.554412067499308,False,-0.0807658457984032,False
2015-01-05,Delhi,312.8,155.8,143.1,106.8,6.1,4.9,4.04,2.0,101.3,13.41,1.66,4.46,396.8,Poor,0.0,,,,0.4222118067470181,False,-0.1006461647936223,False
2015-01-06,Delhi,390.7,91.4,170.3,131.8,83.5,46.0,1.17,84.1,177.5,1.81,9.02,9.85,360.3,Moderate,0.0,,,,0.971352319599332,False,-0.0691932128933305,False
2015-01-07,Delhi,282.3,420.9,165.9,134.7,165.5,25.8,1.15,15.7,85.2,6.33,2.35,0.27,370.3,Moderate,0.0,,,,0.2072081399691545,False,-0.1034543822244943,False
2015-01-08,Delhi,315.2,354.9,161.9,45.6,152.4,37.1,6.81,84.6,28.8,17.48,20.33,4.75,230.7,Severe,0.0,,,,0.4391301280672433,False,-0.1133267681934019,False
2015-01-09,Delhi,226.8,103.0,72.6,100.6,32.9,23.4,9.29,56.6,118.8,8.73,28.38,6.88,53.6,Very Poor,0.0,,,,-0.1840280405610561,False,-0.0965538880299792,False
2015-01-10,Delhi,316.8,209.1,68.0,100.0,30.2,36.8,3.37,11.2,4.4,16.25,13.2,8.95,29.9,Very Poor,0.0,,,,0.4504090089473937,False,-0.0793434908227312,False
2015-01-11,Delhi,439.9,495.3,135.7,93.8,140.1,22.8,9.87,79.3,119.7,0.76,1.67,7.5,450.2,Poor,0.0,,,,1.318177906663951,False,-0.062482698010958,False
2015-01-12,Delhi,59.0,239.1,175.8,118.4,153.6,32.1,0.1,90.7,191.8,9.01,16.71,0.62,467.8,Severe,0.0,,,,-1.3669006728668107,False,-0.0271199679179546,False
2015-01-13,Delhi,15.9,408.7,182.4,33.6,112.6,31.7,9.49,12.3,25.7,3.1,18.05,9.06,265.3,Moderate,0.0,,,,-1.6707255265758572,False,-0.0521898638638874,False
2015-01-14,Delhi,33.1,568.6,154.4,145.7,96.1,16.7,2.65,13.5,89.5,1.33,27.5,8.33,361.0,Moderate,0.0,,,,-1.5494775571142425,False,-0.0466354287812114,False
2015-01-15,Delhi,67.7,597.1,17.2,34.8,180.1,38.8,5.05,13.3,48.5,16.55,7.68,5.84,481.7,Good,0.0,,,,-1.3055717580809938,False,-0.0396774926498587,False
2015-01-16,Delhi,283.3,260.2,137.0,12.5,158.5,1.9,1.88,91.3,167.1,14.94,7.51,0.64,240.1,Poor,0.0,,,,0.2142574405192484,False,-0.081575093548903,False
2015-01-17,Delhi,378.5,185.2,124.3,129.2,116.2,37.9,6.57,98.7,81.2,12.36,6.02,8.84,257.4,Good,0.0,,,,0.8853508528881865,False,-0.0892378718259848,False
2015-01-18,Delhi,486.5,401.3,97.5,1.0,67.5,21.3,2.88,63.0,171.9,19.79,26.21,3.38,439.8,Good,0.0,,,,1.6466753122983264,False,-0.0440568609329059,False
2015-01-19,Delhi,176.7,498.0,108.8,98.2,224.1,44.6,7.15,95.7,100.2,19.03,17.88,8.97,102.0,Satisfactory,0.0,,,,-0.5371979981207601,False,-0.0922864750563454,False
2015-01-20,Delhi,187.7,42.5,138.5,4.3,82.5,33.2,1.87,60.7,172.3,3.39,19.37,6.2,374.5,Very Poor,0.0,,,,-0.4596556920697273,False,-0.0562470740876346,False
2015-01-21,Delhi,3.5,506.4,143.5,146.1,53.1,2.6,3.92,81.4,53.8,19.79,13.28,8.16,192.3,Good,0.0,,,,-1.7581368533970214,False,-0.0576098552426228,False
2015-01-22,Delhi,403.8,423.9,106.4,41.3,106.2,23.0,8.67,68.2,135.0,7.14,8.6,6.4,126.7,Severe,0.0,,,,1.063698156805562,False,-0.0969235272494404,False
2015-01-23,Delhi,157.5,365.1,151.9,57.5,103.4,41.2,4.1,37.0,139.6,12.89,16.09,8.7,362.2,Good,0.0,,,,-0.6725445686825626,False,-0.1404321721769549,False
2015-01-24,Delhi,188.3,442.6,191.0,82.8,181.5,13.7,0.53,3.6,37.1,1.62,24.86,7.97,288.8,Good,0.0,,,,-0.4554261117396708,False,-0.0765252474095233,False
2015-01-25,Delhi,397.3,457.0,112.9,100.4,87.4,21.1,7.67,76.0,2.7,14.55,25.88,5.98,148.4,Severe,0.0,,,,1.0178777032299515,False,-0.0796566767342511,False
2015-01-26,Delhi,336.2,576.0,52.7,6.6,157.1,0.4,4.15,96.1,165.4,5.0,12.88,4.31,260.0,Satisfactory,0.0,,,,0.587165439619215,False,-0.0501090942419831,False
2015-01-27,Delhi,125.9,443.0,35.0,120.4,103.5,41.6,4.44,30.5,91.4,10.42,5.67,8.6,225.8,Moderate,0.0,,,,-0.8953024660655294,False,-0.1168523276340327,False
2015-01-28,Delhi,67.1,557.4,141.8,141.9,20.8,39.4,5.7,58.0,4.3,2.02,19.5,5.32,260.7,Very Poor,0.0,,,,-1.30980133841105,False,-0.0624181506383954,False
2015-01-29,Delhi,122.3,457.2,137.7,46.7,110.1,13.7,0.77,95.0,127.3,12.55,28.07,3.73,44.1,Severe,0.0,,,,-0.9206799480458674,False,-0.0646910673026329,False
2015-01-30,Delhi,485.5,128.0,37.5,103.7,79.1,10.8,1.14,6.5,133.6,10.55,27.99,7.05,337.9,Moderate,0.0,,,,1.6396260117482324,False,-0.0675005219838871,False
2015-01-31,Delhi,405.9,355.9,116.2,88.1,125.4,26.6,6.87,87.6,109.2,3.89,18.54,9.64,489.9,Good,0.0,,,,1.078501687960759,False,-0.1017734633029282,False
2015-02-01,Delhi,4.2,172.2,85.1,0.9,146.2,47.1,2.99,91.0,36.4,5.4,21.36,2.36,447.5,Moderate,0.0,,,,-1.7532023430119557,False,-0.004617288747211,False
2015-02-02,Delhi,334.2,286.2,108.7,139.7,54.2,32.4,2.99,14.9,76.3,10.1,7.9,5.83,266.8,Poor,0.0,,,,0.5730668385190272,False,-0.1098691325711606,False
2015-02-03,Delhi,292.7,5.6,160.1,110.9,97.6,34.1,4.79,49.8,55.2,18.51,2.22,2.72,40.7,Good,0.0,,,,0.2805208656901308,False,-0.0983024560081959,False
2015-02-04,Delhi,413.1,254.3,156.9,44.4,239.4,23.1,5.08,39.5,28.9,9.07,26.36,0.11,365.4,Severe,0.0,,,,1.129256651921435,False,-0.1233462225064168,False
2015-02-05,Delhi,172.9,328.3,79.4,28.6,207.0,13.3,8.51,85.2,189.5,14.27,1.24,2.89,37.6,Satisfactory,0.0,,,,-0.5639853402111168,False,-0.0683661735302981,False
2015-02-06,Delhi,23.8,436.9,190.1,88.6,221.6,1.1,0.46,71.2,144.9,0.55,18.71,0.03,52.3,Moderate,0.0,,,,-1.6150360522301157,False,-0.06853598897562,False
2015-02-07,Delhi,207.1,288.6,197.7,66.6,80.7,49.8,0.73,71.2,51.0,18.91,5.7,0.75,261.6,Satisfactory,0.0,,,,-0.3228992613979058,False,-0.112181156579463,False
2015-02-08,Delhi,21.0,132.5,140.7,105.3,139.7,27.5,1.86,26.8,18.6,19.33,15.96,1.9,311.0,Moderate,0.0,,,,-1.6347740937703783,False,-0.0802865937772574,False
2015-02-09,Delhi,476.6,581.6,20.3,73.0,193.8,12.6,6.1,29.9,106.4,0.85,22.7,6.18,326.7,Moderate,0.0,,,,1.576887236852397,False,-0.0925298180786088,False
2015-02-10,Delhi,262.9,178.7,75.4,34.7,188.0,39.8,1.08,2.5,142.6,5.22,27.63,0.9,437.3,Very Poor,0.0,,,,0.0704517092973329,False,-0.0786719855962652,False
2015-02-11,Delhi,87.9,210.8,30.8,149.5,197.5,9.6,6.64,34.9,72.4,12.5,10.86,7.25,26.7,Severe,0.0,,,,-1.1631758869690971,False,-0.0695557128768948,False
2015-02-12,Delhi,416.1,398.4,145.2,127.7,247.4,45.7,3.24,8.0,27.4,19.31,8.2,3.46,413.9,Satisfactory,0.0,,,,1.150404553571717,False,-0.0791050265346397,False
2015-02-13,Delhi,64.2,531.8,24.7,50.7,168.3,18.3,1.17,7.3,122.4,10.75,19.5,3.53,205.5,Poor,0.0,,,,-1.3302443100063224,False,-0.0732537476354834,False
2015-02-14,Delhi,381.0,226.1,56.2,137.1,89.2,48.1,8.28,88.5,134.2,5.89,14.48,4.03,493.5,Poor,0.0,,,,0.9029741042634212,False,-0.068741530227806,False
2015-02-15,Delhi,389.3,412.5,71.4,85.3,167.1,27.1,9.15,60.6,41.6,2.33,15.98,9.75,9.8,Severe,0.0,,,,0.9614832988292006,False,-0.0719414569054296,False
2015-02-16,Delhi,65.4,70.3,49.0,43.2,80.0,22.6,4.59,30.2,31.9,2.72,19.29,6.46,118.1,Poor,0.0,,,,-1.3217851493462096,False,-0.0938845780898031,False
2015-02-17,Delhi,355.9,417.6,182.8,5.5,64.6,6.8,0.31,22.2,140.9,13.53,26.99,8.83,464.4,Severe,0.0,,,,0.7260366604560645,False,-0.0596328402439081,False
2015-02-18,Delhi,252.3,553.2,103.6,11.2,4.9,20.0,0.78,82.4,7.8,17.96,20.74,2.09,208.6,Very Poor,0.0,,,,-0.004270876533662,False,-0.0531174091840546,False
2015-02-19,Delhi,450.2,576.9,82.2,74.7,74.8,3.1,7.77,81.9,163.1,7.9,4.41,3.08,456.4,Good,0.0,,,,1.3907857023299182,False,-0.0691380238681168,False
2015-02-20,Delhi,318.0,329.0,6.1,64.2,16.6,41.1,1.94,5.8,60.0,7.13,21.31,8.33,16.1,Severe,0.0,,,,0.4588681696075063,False,-0.0826686944399947,False
2015-02-21,Delhi,121.9,212.9,158.9,49.6,103.8,41.1,0.08,9.6,178.5,6.04,27.27,1.74,412.8,Moderate,0.0,,,,-0.923499668265905,False,-0.0669802375571314,False
2015-02-22,Delhi,190.3,388.7,135.2,75.4,65.5,22.8,1.79,28.6,34.3,19.66,16.12,9.09,136.1,Very Poor,0.0,,,,-0.441327510639483,False,-0.1190593875822906,False
2015-02-23,Delhi,318.1,553.9,184.9,62.7,13.2,15.4,7.9,62.8,166.5,9.97,24.42,9.87,305.5,Good,0.0,,,,0.4595730996625158,False,-0.1084331724518927,False
2015-02-24,Delhi,199.8,131.5,21.7,148.8,68.4,32.5,1.49,40.6,77.0,0.24,29.6,9.84,286.3,Severe,0.0,,,,-0.3743591554135911,False,-0.0909451667383512,False
2015-02-25,Delhi,169.2,458.8,166.7,47.3,182.0,38.4,5.76,5.3,39.1,7.33,18.4,8.45,110.8,Poor,0.0,,,,-0.5900677522464642,False,-0.0949999888245842,False
2015-02-26,Delhi,92.3,572.9,17.0,87.6,210.2,34.5,5.96,84.7,113.8,12.44,15.04,7.92,465.8,Severe,0.0,,,,-1.132158964548684,False,-0.0794943815848859,False
2015-02-27,Delhi,60.5,74.8,163.2,55.4,85.8,33.9,1.28,79.0,168.7,3.97,27.22,8.75,335.7,Severe,0.0,,,,-1.3563267220416697,False,-0.0709619877710333,False
2015-02-28,Delhi,109.0,169.7,137.1,88.7,56.3,40.5,4.54,54.7,147.9,19.78,0.14,9.9,295.8,Severe,0.0,,,,-1.0144356453621162,False,-0.1329717603214636,False
2015-03-01,Delhi,382.8,305.1,36.5,149.4,185.2,37.7,5.45,89.7,145.9,3.82,17.77,4.1,353.7,Very Poor,0.0,,,,0.9156628452535904,False,-0.0959243357240828,False
2015-03-02,Delhi,343.1,439.0,35.9,141.3,121.0,44.3,9.66,55.8,18.8,10.98,14.44,4.54,108.5,Very Poor,0.0,,,,0.6358056134148631,False,-0.0617704936033687,False
2015-03-03,Delhi,154.6,531.1,139.3,53.0,14.4,19.5,2.57,76.5,62.9,1.9,0.36,4.09,142.4,Satisfactory,0.0,,,,-0.692987540277835,False,-0.1071168588276061,False
2015-03-04,Delhi,104.3,431.4,53.8,105.2,0.1,20.7,2.37,84.6,12.1,15.7,23.99,5.73,19.2,Very Poor,0.0,,,,-1.0475673579475575,False,-0.0555184244471766,False
2015-03-05,Delhi,267.4,418.6,8.2,134.9,68.7,32.1,5.79,29.5,167.7,17.66,22.3,9.05,103.7,Good,0.0,,,,0.1021735617727554,False,-0.1030546499038605,False
2015-03-06,Delhi,217.0,150.5,38.3,94.6,66.1,5.2,3.37,49.2,112.6,17.53,14.95,2.77,497.7,Poor,0.0,,,,-0.2531111859519763,False,-0.1031097704670527,False
2015-03-07,Delhi,341.0,103.3,21.2,134.5,21.0,28.7,8.73,72.7,50.8,13.47,13.07,7.85,172.7,Good,0.0,,,,0.6210020822596657,False,-0.0912338276309011,False
2015-03-08,Delhi,186.3,353.5,189.4,35.7,143.4,25.9,4.94,43.2,172.5,7.19,20.43,7.14,68.1,Good,0.0,,,,-0.4695247128398586,False,-0.1140938357024164,False
2015-03-09,Delhi,454.9,369.8,55.5,142.0,83.2,5.0,2.34,36.1,4.7,19.86,14.62,9.4,368.9,Moderate,0.0,,,,1.4239174149153593,False,-0.0761062565336029,False
2015-03-10,Delhi,59.5,293.3,10.3,145.1,23.5,40.8,5.14,27.4,62.6,7.75,19.09,9.32,20.8,Very Poor,0.0,,,,-1.3633760225917635,False,-0.0681469293457296,False
2015-03-11,Delhi,392.8,507.7,50.0,132.2,222.8,3.3,2.96,5.9,43.5,1.04,5.99,2.08,246.4,Poor,0.0,,,,0.9861558507545292,False,-0.0776320571065272,False
2015-03-12,Delhi,351.1,45.8,191.9,147.7,93.6,49.6,8.38,82.6,107.6,6.47,1.77,3.83,376.3,Moderate,0.0,,,,0.6922000178156141,False,-0.0651294188330916,False
2015-03-13,Delhi,134.0,114.7,139.8,96.8,115.8,4.2,2.91,92.0,174.9,10.97,8.94,7.47,176.3,Poor,0.0,,,,-0.838203131609769,False,-0.0800617936520433,False
2015-03-14,Delhi,130.0,235.0,56.6,4.6,170.8,25.2,3.19,60.5,189.6,12.6,29.97,7.22,74.1,Moderate,0.0,,,,-0.8664003338101446,False,-0.0687546688275209,False
2015-03-15,Delhi,429.2,20.0,99.7,45.4,69.3,41.4,7.73,93.0,67.2,8.42,2.81,3.1,467.3,Satisfactory,0.0,,,,1.2427503907779465,False,-0.0522281560912541,False
2015-03-16,Delhi,155.4,358.4,114.2,62.8,232.0,25.3,0.82,9.7,89.1,18.77,20.97,1.22,436.1,Poor,0.0,,,,-0.6873480998377598,False,-0.0931574922825233,False
2015-03-17,Delhi,348.1,361.7,91.9,139.4,88.6,49.4,1.82,60.5,67.7,11.5,16.82,3.59,42.4,Severe,0.0,,,,0.6710521161653324,False,-0.0845016503885323,False
2015-03-18,Delhi,441.6,289.1,92.1,131.6,47.9,34.0,3.31,54.3,185.5,3.76,12.83,3.21,403.6,Poor,0.0,,,,1.330161717599111,False,-0.0935660298848992,False
2015-03-19,Delhi,134.6,542.3,104.6,94.3,185.4,9.6,4.72,36.9,102.4,15.63,28.78,8.94,280.8,Very Poor,0.0,,,,-0.8339735512797127,False,-0.1233894046911467,False
2015-03-20,Delhi,102.7,348.6,108.7,130.1,151.2,17.7,4.24,91.3,151.7,10.58,22.24,2.27,295.2,Satisfactory,0.0,,,,-1.0588462388277078,False,-0.0945080631525303,False
2015-03-21,Delhi,117.6,424.2,191.5,83.7,172.2,19.8,8.62,70.2,18.7,7.77,12.65,3.11,104.5,Very Poor,0.0,,,,-0.9538116606313088,False,-0.0831488181278187,False
2015-03-22,Delhi,301.5,144.0,49.9,55.6,177.7,14.1,3.54,60.7,61.7,11.73,13.54,3.58,216.1,Satisfactory,0.0,,,,0.3425547105309571,False,-0.137051606931167,False
2015-03-23,Delhi,439.1,540.0,184.2,68.6,182.8,41.2,6.0,93.0,134.5,3.45,24.75,9.44,271.9,Severe,0.0,,,,1.3125384662238762,False,-0.0907297532818646,False
2015-03-24,Delhi,437.8,293.9,76.3,47.2,161.6,25.7,2.92,41.0,19.5,18.69,18.77,7.72,34.5,Satisfactory,0.0,,,,1.303374375508754,False,-0.088576658563922,False
2015-03-25,Delhi,450.7,234.8,125.4,94.8,6.9,38.7,4.21,99.7,193.7,7.14,8.62,1.34,251.1,Good,0.0,,,,1.3943103526049652,False,-0.0629988245647494,False
2015-03-26,Delhi,285.7,577.6,5.9,81.0,211.1,10.3,6.68,88.4,156.5,2.92,14.51,6.18,359.0,Moderate,0.0,,,,0.2311757618394736,False,-0.0993154759677693,False
2015-03-27,Delhi,73.3,306.6,124.4,43.7,159.1,31.9,5.43,49.4,50.1,8.33,29.22,8.15,35.4,Severe,0.0,,,,-1.266095675000468,False,-0.1048926778316502,False
2015-03-28,Delhi,158.3,529.7,198.0,131.3,233.4,15.9,8.72,59.1,141.7,15.14,23.72,0.49,376.7,Moderate,0.0,,,,-0.6669051282424875,False,-0.0972767452731862,False
2015-03-29,Delhi,383.4,137.4,2.9,19.1,248.7,29.1,0.78,24.4,101.9,9.15,16.22,0.84,405.4,Severe,0.0,,,,0.9198924255836464,False,-0.0903810320408031,False
2015-03-30,Delhi,483.8,272.3,131.7,125.1,96.8,29.9,8.06,52.0,184.7,1.57,22.11,1.24,239.5,Very Poor,0.0,,,,1.6276422008130729,False,-0.0898029753698131,False
2015-03-31,Delhi,407.3,518.9,26.4,147.8,101.4,44.5,6.17,56.8,61.3,10.35,13.6,4.64,220.9,Poor,0.0,,,,1.0883707087308905,False,-0.0890118160212328,False
2015-04-01,Delhi,497.0,199.0,138.6,15.1,45.1,32.2,4.71,49.5,91.8,16.35,21.71,3.05,155.8,Satisfactory,0.0,,,,1.7206929680743122,False,-0.0882586711966503,False
2015-04-02,Delhi,341.5,588.2,47.7,100.0,28.3,37.1,5.71,25.8,75.1,18.46,25.34,1.86,420.4,Severe,0.0,,,,0.6245267325347127,False,-0.105088464983428,False
2015-04-03,Delhi,157.0,337.3,149.0,100.6,206.0,36.2,9.88,33.1,169.7,6.52,20.29,7.22,87.4,Very Poor,0.0,,,,-0.6760692189576096,False,-0.0851450218863724,False
2015-04-04,Delhi,419.1,31.5,178.9,83.8,161.1,29.6,8.36,48.7,2.9,1.44,24.85,3.62,400.4,Very Poor,0.0,,,,1.1715524552219985,False,-0.0665515880712669,False
2015-04-05,Delhi,376.9,236.2,30.2,42.6,162.2,20.9,6.27,74.8,7.7,3.21,4.94,6.33,315.7,Moderate,0.0,,,,0.8740719720080361,False,-0.1063737702268772,False
2015-04-06,Delhi,131.4,175.9,6.5,50.1,150.4,15.8,8.33,32.0,5.2,12.34,6.86,5.63,467.2,Poor,0.0,,,,-0.8565313130400131,False,-0.0693263746249784,False
2015-04-07,Delhi,202.9,410.3,142.8,19.1,218.4,8.1,7.79,88.5,173.7,0.68,15.79,8.39,479.2,Satisfactory,0.0,,,,-0.3525063237083001,False,-0.0616830173938713,False
2015-04-08,Delhi,190.5,148.9,156.4,59.0,243.5,16.7,7.91,79.1,19.8,2.12,16.34,1.58,134.2,Severe,0.0,,,,-0.4399176505294644,False,-0.0999740198236082,False
2015-04-09,Delhi,263.4,131.5,113.2,72.8,123.1,42.5,7.04,16.0,113.1,3.88,17.2,1.99,198.1,Poor,0.0,,,,0.0739763595723798,False,-0.1229441321537454,False
2015-04-10,Delhi,279.6,426.9,31.7,15.6,8.0,34.7,8.84,44.2,35.1,2.47,26.87,8.1,37.9,Good,0.0,,,,0.1881750284839011,False,-0.0664829192993229,False
2015-04-11,Delhi,155.6,59.2,149.4,34.3,208.8,28.1,3.88,82.3,150.2,18.53,1.77,7.06,452.2,Severe,0.0,,,,-0.6859382397277412,False,-0.0817618451880514,False
2015-04-12,Delhi,435.4,494.1,102.9,97.2,198.6,41.5,1.58,33.2,71.0,14.86,25.47,8.39,397.7,Poor,0.0,,,,1.2864560541885286,False,-0.1021679343817959,False
2015-04-13,Delhi,483.8,448.7,0.3,37.3,116.5,41.8,0.89,17.1,164.8,13.12,22.92,0.61,165.5,Very Poor,0.0,,,,1.6276422008130729,False,-0.0691427781250034,False
2015-04-14,Delhi,451.6,290.0,83.5,79.5,102.9,31.0,1.71,48.2,45.8,11.55,1.63,9.99,75.9,Severe,0.0,,,,1.40065472310005,False,-0.1083465243468498,False
2015-04-15,Delhi,351.3,443.6,55.4,94.1,193.6,45.3,6.09,18.2,198.2,1.63,27.48,0.33,458.0,Very Poor,0.0,,,,0.6936098779256329,False,-0.0811332326204488,False
2015-04-16,Delhi,181.7,45.7,39.8,138.3,232.7,14.0,6.46,34.2,170.9,7.3,19.52,1.23,105.8,Satisfactory,0.0,,,,-0.5019514953702907,False,-0.0791718489859641,False
2015-04-17,Delhi,489.6,493.6,22.9,116.3,16.3,37.9,9.67,44.1,60.3,13.47,3.07,8.28,37.1,Severe,0.0,,,,1.6685281440036177,False,-0.0536174594484982,False
2015-04-18,Delhi,137.9,554.0,168.7,12.7,146.3,5.3,2.43,63.2,119.7,13.9,11.85,6.97,379.0,Severe,0.0,,,,-0.8107108594644028,False,-0.0791004052064366,False
2015-04-19,Delhi,262.0,498.8,143.0,113.0,85.2,1.8,4.19,1.4,195.1,13.54,6.33,5.52,118.1,Moderate,0.0,,,,0.0641073388022485,False,-0.0602045318135684,False
2015-04-20,Delhi,188.2,460.0,90.9,96.9,164.1,14.0,5.18,100.0,37.3,6.62,2.66,8.73,269.1,Very Poor,0.0,,,,-0.4561310417946804,False,-0.0916358990506735,False
2015-04-21,Delhi,338.0,277.2,3.8,105.4,82.8,42.1,0.61,15.9,135.2,9.31,27.34,3.13,198.4,Moderate,0.0,,,,0.599854180609384,False,-0.1070518273438039,False
2015-04-22,Delhi,398.5,464.4,64.5,18.8,105.5,6.3,1.28,76.1,68.3,18.53,2.55,4.58,40.4,Poor,0.0,,,,1.0263368638900645,False,-0.0770092379855804,False
2015-04-23,Delhi,124.2,242.7,20.9,87.0,128.4,46.3,3.85,80.9,98.8,1.26,3.57,9.74,252.3,Satisfactory,0.0,,,,-0.9072862770006892,False,-0.1248210851847002,False
2015-04-24,Delhi,287.7,513.2,48.5,108.1,178.3,22.0,2.97,61.1,6.3,6.7,2.33,9.09,256.2,Satisfactory,0.0,,,,0.2452743629396614,False,-0.0984300918682227,False
2015-04-25,Delhi,204.1,11.7,127.3,10.2,242.0,18.0,6.0,51.3,42.1,5.17,25.51,0.73,181.9,Good,0.0,,,,-0.3440471630481875,False,-0.0877743741232154,False
2015-04-26,Delhi,106.1,41.4,179.2,16.0,2.1,0.1,8.81,59.1,195.2,15.71,1.59,8.04,12.9,Very Poor,0.0,,,,-1.0348786169573885,False,-0.0144211152512188,False
2015-04-27,Delhi,354.9,508.9,67.4,68.5,186.3,49.5,9.3,51.0,12.5,10.04,25.16,4.17,149.5,Good,0.0,,,,0.7189873599059706,False,-0.0816066579795094,False
2015-04-28,Delhi,173.6,196.2,58.0,145.9,235.4,0.4,8.03,78.5,45.2,10.77,19.67,8.96,149.9,Very Poor,0.0,,,,-0.5590508298260511,False,-0.0871040793555486,False
2015-04-29,Delhi,82.8,532.4,56.9,5.9,123.9,30.1,8.95,99.6,13.4,3.75,9.24,3.14,392.8,Very Poor,0.0,,,,-1.199127319774576,False,-0.0032734151189242,False
2015-04-30,Delhi,334.1,351.2,25.0,68.0,47.4,0.0,1.69,19.9,27.9,12.24,27.05,3.66,106.3,Severe,0.0,,,,0.572361908464018,False,-0.1114982723028036,False
2015-05-01,Delhi,176.8,97.0,57.0,133.9,193.2,48.1,5.01,4.5,66.4,18.83,0.97,6.23,139.2,Moderate,0.0,,,,-0.5364930680657506,False,-0.0869366982107725,False
2015-05-02,Delhi,117.2,560.8,172.4,92.5,122.5,36.3,9.82,19.9,148.1,19.88,14.51,9.19,288.3,Good,0.0,,,,-0.9566313808513464,False,-0.0685427851025474,False
2015-05-03,Delhi,179.5,469.2,176.0,21.5,237.8,20.7,9.15,46.6,167.0,12.32,12.96,3.96,481.3,Good,0.0,,,,-0.5174599565804971,False,-0.0641640880208848,False
2015-05-04,Delhi,404.1,486.1,55.7,124.6,73.6,40.2,0.11,83.1,99.4,11.23,20.27,9.09,339.7,Severe,0.0,,,,1.06581294697059,False,-0.0756617287823519,False
2015-05-05,Delhi,175.1,295.2,72.9,76.2,3.9,36.9,5.23,11.7,193.2,0.59,18.82,0.03,420.3,Poor,0.0,,,,-0.5484768790009102,False,-0.0873881068054486,False
2015-05-06,Delhi,20.7,343.3,59.7,18.5,89.4,35.6,3.94,18.4,37.6,9.52,22.75,2.52,482.3,Severe,0.0,,,,-1.6368888839354063,False,-0.0514038405216171,False
2015-05-07,Delhi,415.6,50.8,17.4,146.9,94.9,15.7,0.43,56.0,127.8,7.86,2.54,8.5,356.1,Very Poor,0.0,,,,1.14687990329667,False,-0.0584683266922998,False
2015-05-08,Delhi,124.7,197.1,81.6,26.0,117.4,12.2,9.5,93.5,38.1,13.31,12.09,2.13,278.3,Poor,0.0,,,,-0.9037616267256424,False,-0.059929688961166,False
2015-05-09,Delhi,87.0,122.6,182.4,66.2,20.7,40.5,8.11,51.7,162.3,9.99,25.19,6.46,81.5,Severe,0.0,,,,-1.169520257464182,False,-0.0912762587374799,False
2015-05-10,Delhi,23.0,330.4,45.4,135.5,157.2,14.3,0.06,55.3,25.3,17.58,24.68,3.2,440.0,Poor,0.0,,,,-1.6206754926701905,False,-0.0544393041064673,False
2015-05-11,Delhi,65.1,95.2,177.9,107.8,67.9,15.8,1.13,20.1,47.5,6.71,11.03,2.98,193.1,Good,0.0,,,,-1.323899939511238,False,-0.0862133624848257,False
2015-05-12,Delhi,83.8,431.4,8.9,118.0,8.9,6.9,1.34,62.5,16.5,10.06,5.45,9.6,18.5,Poor,0.0,,,,-1.1920780192244822,False,-0.0623753619020017,False
2015-05-13,Delhi,336.9,380.5,183.2,70.8,30.1,1.2,2.63,49.2,195.2,10.95,18.35,7.43,442.7,Moderate,0.0,,,,0.5920999500042806,False,-0.0976874555637598,False
2015-05-14,Delhi,315.5,17.8,93.0,52.9,186.7,16.1,3.63,36.0,172.2,6.63,9.35,2.73,43.9,Moderate,0.0,,,,0.4412449182322716,False,-0.0897780135823207,False
2015-05-15,Delhi,151.4,186.4,66.0,46.6,179.9,15.2,7.97,28.0,132.7,9.93,23.71,8.17,28.9,Satisfactory,0.0,,,,-0.7155453020381354,False,-0.0981114854207018,False
2015-05-16,Delhi,373.4,507.4,30.2,4.5,130.2,47.5,9.97,7.7,123.4,0.6,6.58,5.67,272.4,Moderate,0.0,,,,0.8493994200827075,False,-0.0343424816521046,False
2015-05-17,Delhi,26.8,70.1,170.8,143.8,148.2,20.5,6.43,40.9,156.6,14.26,14.0,8.06,125.7,Poor,0.0,,,,-1.5938881505798337,False,-0.0645101676109316,False
2015-05-18,Delhi,379.6,191.1,151.0,93.5,241.2,34.3,8.24,11.6,97.4,13.86,12.98,5.48,47.8,Moderate,0.0,,,,0.89310508349329,False,-0.1047268648610852,False
2015-05-19,Delhi,259.9,594.2,65.0,45.2,212.0,47.3,4.35,7.9,24.0,8.95,21.1,0.87,331.4,Good,0.0,,,,0.0493038076470512,False,-0.0731314430948436,False
2015-05-20,Delhi,243.1,95.7,116.2,121.4,135.7,20.4,8.6,4.7,41.4,7.28,17.33,4.19,404.5,Good,0.0,,,,-0.0691244415945259,False,-0.0704588073903074,False
2015-05-21,Delhi,55.1,590.8,68.9,60.4,82.4,3.8,6.13,51.0,185.9,5.08,28.4,0.85,225.0,Severe,0.0,,,,-1.3943929450121768,False,-0.0757064390924773,False
2015-05-22,Delhi,202.6,27.3,51.8,26.6,214.7,20.0,9.05,7.5,31.6,9.07,23.89,0.23,463.8,Very Poor,0.0,,,,-0.3546211138733284,False,-0.0333307629173653,False
2015-05-23,Delhi,315.6,534.9,14.6,13.3,162.4,47.4,7.84,30.3,166.5,9.12,28.78,8.68,407.5,Satisfactory,0.0,,,,0.4419498482872811,False,-0.077827510365307,False
2015-05-24,Delhi,293.9,406.7,72.7,98.9,101.1,7.0,7.48,12.2,177.4,12.93,16.52,4.14,409.6,Moderate,0.0,,,,0.2889800263502434,False,-0.104445401964243,False
2015-05-25,Delhi,98.2,87.4,17.7,118.3,167.1,27.9,0.11,2.3,130.2,10.84,4.33,2.25,85.2,Severe,0.0,,,,-1.0905680913031304,False,-0.0488554457321877,False
2015-05-26,Delhi,435.5,477.0,138.2,33.3,51.9,6.2,7.02,27.9,125.9,18.93,1.75,1.16,311.9,Satisfactory,0.0,,,,1.287160984243538,False,-0.1156005697728254,False
2015-05-27,Delhi,285.5,493.1,43.6,79.8,31.4,11.0,5.25,47.2,5.3,8.57,8.19,0.76,120.3,Severe,0.0,,,,0.2297659017294549,False,-0.1027741826330774,False
2015-05-28,Delhi,265.1,107.5,136.1,85.7,208.5,15.3,8.04,10.9,178.1,5.19,18.05,0.36,254.0,Good,0.0,,,,0.0859601705075397,False,-0.1020021994079039,False
2015-05-29,Delhi,101.5,257.0,120.0,116.7,29.6,34.9,2.01,8.5,22.0,19.05,8.15,5.99,45.2,Very Poor,0.0,,,,-1.0673053994878203,False,-0.0742114625251906,False
2015-05-30,Delhi,277.1,569.3,109.5,129.0,138.2,14.4,9.01,29.1,182.4,4.05,4.5,2.25,44.8,Poor,0.0,,,,0.1705517771086664,False,-0.0507361584313519,False
2015-05-31,Delhi,182.1,575.3,97.1,90.2,64.3,8.0,4.79,99.1,187.6,11.32,10.84,0.87,497.6,Good,0.0,,,,-0.4991317751502531,False,-0.0344718135685816,False
2015-06-01,Delhi,220.4,318.5,104.7,128.6,221.9,1.3,4.55,71.7,29.2,6.34,7.44,9.96,458.9,Moderate,0.0,,,,-0.2291435640816571,False,-0.0968541567506402,False
2015-06-02,Delhi,198.1,120.4,72.6,98.3,185.4,31.9,2.8,10.1,115.9,17.05,11.77,9.34,489.9,Moderate,0.0,,,,-0.3863429663487508,False,-0.0801642823582642,False
2015-06-03,Delhi,275.8,27.8,18.5,90.8,172.8,23.3,8.05,49.0,56.9,11.98,15.75,7.31,287.1,Good,0.0,,,,0.1613876863935443,False,-0.1173630380839296,False
2015-06-04,Delhi,447.8,308.8,123.1,140.2,141.8,4.9,2.5,27.6,178.5,5.83,21.14,3.0,14.4,Satisfactory,0.0,,,,1.373867381009693,False,-0.0566554436456407,False
2015-06-05,Delhi,258.3,148.4,183.2,34.5,188.7,40.2,3.84,74.6,148.0,8.99,22.04,9.89,221.9,Good,0.0,,,,0.0380249267669012,False,-0.1290600491026768,False
2015-06-06,Delhi,6.6,11.2,192.0,145.1,83.1,4.3,2.19,82.1,21.6,7.78,14.19,1.23,360.4,Very Poor,0.0,,,,-1.7362840216917304,False,-0.0197813683655891,False
2015-06-07,Delhi,268.8,27.5,167.5,51.8,99.7,25.6,6.59,86.2,100.7,11.93,13.54,9.38,210.0,Poor,0.0,,,,0.1120425825428871,False,-0.1036487332631043,False
2015-06-08,Delhi,456.1,195.8,27.6,148.4,201.9,22.9,6.08,36.0,51.8,5.41,11.9,4.85,123.2,Very Poor,0.0,,,,1.4323765755754725,False,-0.0854539061714973,False
2015-06-09,Delhi,126.9,455.1,156.2,51.4,84.6,24.5,9.03,24.5,172.6,10.9,5.7,4.72,299.2,Good,0.0,,,,-0.8882531655154356,False,-0.0922346946288438,False
2015-06-10,Delhi,424.1,388.5,162.5,144.3,86.2,14.2,6.82,27.1,75.6,6.83,10.36,4.15,87.7,Very Poor,0.0,,,,1.2067989579724678,False,-0.0889017812635201,False
2015-06-11,Delhi,16.5,443.1,91.5,3.2,213.9,49.9,7.55,6.1,110.2,12.25,21.61,5.28,255.6,Very Poor,0.0,,,,-1.6664959462458009,False,-0.0457170992446618,False
2015-06-12,Delhi,341.6,326.1,137.2,70.5,19.8,49.1,5.43,98.8,139.8,1.89,1.28,9.47,152.9,Moderate,0.0,,,,0.6252316625897222,False,-0.1112720720658706,False
2015-06-13,Delhi,323.6,149.8,45.7,7.8,159.7,40.8,3.26,51.9,95.6,15.02,8.68,9.34,366.6,Good,0.0,,,,0.4983442526880322,False,-0.1078905848879964,False
2015-06-14,Delhi,150.5,432.0,104.5,125.8,154.5,9.4,8.0,40.6,158.4,1.82,8.74,8.41,295.6,Poor,0.0,,,,-0.7218896725332199,False,-0.1151201466480636,False
2015-06-15,Delhi,181.0,94.7,59.1,55.7,161.9,46.6,5.51,62.9,154.0,4.01,3.82,2.74,188.5,Satisfactory,0.0,,,,-0.5068860057553564,False,-0.1253171114517954,False
2015-06-16,Delhi,335.7,3.7,131.3,17.4,47.1,33.3,7.7,22.9,156.7,0.53,23.55,5.48,50.7,Good,0.0,,,,0.5836407893441681,False,-0.0669599375936792,False
2015-06-17,Delhi,109.8,327.5,92.0,82.0,6.3,13.6,8.14,38.3,2.5,2.54,12.24,3.64,399.3,Very Poor,0.0,,,,-1.0087962049220411,False,-0.0846909529670592,False
2015-06-18,Delhi,464.1,28.3,16.5,16.8,68.4,18.9,5.1,8.8,105.8,4.61,14.22,5.33,290.1,Good,0.0,,,,1.4887709799762234,False,-0.0714792571218737,False
2015-06-19,Delhi,220.1,172.7,18.1,53.5,41.5,49.3,3.37,22.4,118.8,12.05,18.09,9.56,352.2,Good,0.0,,,,-0.2312583542466853,False,-0.1284791452892976,False
2015-06-20,Delhi,332.9,513.6,95.8,137.6,67.5,38.1,1.66,1.0,77.7,18.71,11.79,6.7,190.1,Satisfactory,0.0,,,,0.563902747803905,False,-0.0642015553100001,False
2015-06-21,Delhi,309.8,310.3,43.6,30.1,107.8,43.6,4.89,5.1,49.4,2.41,13.86,2.05,184.5,Poor,0.0,,,,0.4010639050967365,False,-0.1047092964898785,False
2015-06-22,Delhi,36.8,330.2,17.6,4.6,131.8,7.2,5.53,0.6,53.6,8.56,19.07,4.41,182.5,Good,0.0,,,,-1.523395145078895,False,-0.0547177681870598,False
2015-06-23,Delhi,63.6,515.0,197.4,49.7,207.5,2.7,7.15,0.7,96.5,0.52,27.61,1.45,232.7,Severe,0.0,,,,-1.3344738903363789,False,-0.0813833766560402,False
2015-06-24,Delhi,172.0,62.6,138.2,67.5,222.0,30.2,0.79,27.1,85.8,18.89,28.19,2.46,149.5,Very Poor,0.0,,,,-0.5703297107062013,False,-0.0965468198226496,False
2015-06-25,Delhi,405.8,582.9,128.4,109.7,245.6,24.5,6.76,42.8,56.1,16.21,8.19,4.22,98.8,Poor,0.0,,,,1.0777967579057497,False,-0.0971792369730378,False
2015-06-26,Delhi,11.5,189.9,132.8,135.4,11.0,49.1,5.44,83.4,159.5,2.36,10.55,9.07,288.2,Severe,0.0,,,,-1.7017424489962705,False,-0.0783344933280027,False
2015-06-27,Delhi,489.2,479.0,88.9,68.3,1.7,33.2,3.21,34.0,178.9,7.5,26.52,6.99,34.8,Poor,0.0,,,,1.6657084237835798,False,-0.0717444837968336,False
2015-06-28,Delhi,270.3,112.9,118.1,80.4,226.4,27.9,5.15,42.4,171.0,9.28,7.59,9.77,362.3,Poor,0.0,,,,0.1226165333680279,False,-0.1249357190736341,False
2015-06-29,Delhi,429.1,300.0,60.5,132.0,174.9,2.4,5.31,31.5,89.0,14.15,15.35,9.84,484.0,Severe,0.0,,,,1.2420454607229374,False,-0.1008482283581745,False
2015-06-30,Delhi,121.3,237.7,187.2,111.3,117.5,48.6,8.79,48.0,167.1,8.9,3.24,6.03,47.5,Poor,0.0,,,,-0.9277292485959612,False,-0.0884401880523934,False
2015-07-01,Delhi,196.1,523.1,80.7,117.8,24.3,5.9,5.38,0.8,145.2,9.36,21.39,4.05,401.2,Severe,0.0,,,,-0.4004415674489386,False,-0.0788632765699453,False
2015-07-02,Delhi,210.4,104.2,160.8,16.6,139.2,48.4,4.71,84.7,111.4,18.43,29.06,2.02,301.3,Severe,0.0,,,,-0.299636569582596,False,-0.1033484738494617,False
2015-07-03,Delhi,352.0,95.2,16.7,139.6,201.2,40.8,6.53,3.2,174.6,16.93,8.97,9.73,409.4,Good,0.0,,,,0.6985443883106984,False,-0.0654284756868779,False
2015-07-04,Delhi,182.2,197.9,52.5,40.0,67.6,26.7,8.14,19.6,31.9,14.55,24.7,6.89,493.2,Good,0.0,,,,-0.4984268450952437,False,-0.0765328379266954,False
2015-07-05,Delhi,285.8,150.8,1.4,142.5,31.9,3.7,7.31,65.5,198.9,4.61,26.03,3.15,204.1,Good,0.0,,,,0.2318806918944831,False,-0.0870279197305157,False
2015-07-06,Delhi,199.0,167.9,161.9,10.8,78.7,46.4,7.47,92.6,96.7,13.72,28.97,6.93,335.2,Very Poor,0.0,,,,-0.3799985958536663,False,-0.0864394641074806,False
2015-07-07,Delhi,262.3,406.3,137.0,12.3,5.1,12.0,5.39,55.3,133.9,1.82,7.03,2.72,242.6,Good,0.0,,,,0.0662221289672768,False,-0.122594311662696,False
2015-07-08,Delhi,101.2,250.7,192.5,22.9,168.2,45.1,1.83,93.4,145.5,15.28,25.72,2.93,83.6,Good,0.0,,,,-1.0694201896528486,False,-0.0738938872151617,False
2015-07-09,Delhi,343.1,112.2,11.7,81.4,52.8,46.1,9.79,69.6,120.9,11.62,16.51,0.13,133.6,Good,0.0,,,,0.6358056134148631,False,-0.0889157783899321,False
2015-07-10,Delhi,50.2,175.3,50.1,26.1,162.6,14.2,4.44,87.7,131.8,4.32,19.62,4.97,289.9,Moderate,0.0,,,,-1.428934517707637,False,-0.0993865316182604,False
2015-07-11,Delhi,116.1,254.8,162.1,79.1,234.9,3.1,3.2,96.5,48.9,0.57,3.1,4.18,253.7,Good,0.0,,,,-0.9643856114564496,False,-0.094360338265525,False
2015-07-12,Delhi,425.2,591.1,56.0,144.8,59.7,33.6,1.83,74.8,180.2,9.09,2.32,2.14,282.0,Good,0.0,,,,1.2145531885775709,False,-0.0466843512632593,False
2015-07-13,Delhi,315.0,294.8,14.5,125.0,182.4,31.1,7.75,18.8,117.5,15.79,22.87,9.89,157.9,Good,0.0,,,,0.4377202679572246,False,-0.1175599173460681,False
2015-07-14,Delhi,354.0,237.8,119.6,77.9,117.6,41.6,1.52,11.3,104.0,11.71,5.05,7.82,285.4,Very Poor,0.0,,,,0.7126429894108862,False,-0.1253641981176271,False
2015-07-15,Delhi,494.5,316.2,194.4,6.4,98.3,2.7,2.35,79.4,35.0,13.55,11.59,8.37,44.9,Good,0.0,,,,1.7030697166990774,False,-0.0447673025184227,False
2015-07-16,Delhi,181.6,269.3,1.8,41.6,102.4,15.5,2.46,86.1,54.2,19.08,22.81,3.98,3.8,Good,0.0,,,,-0.5026564254253,False,-0.0668781908424608,False
2015-07-17,Delhi,416.8,23.5,151.8,118.0,36.1,41.6,3.98,89.5,177.5,11.15,7.63,3.77,112.5,Good,0.0,,,,1.1553390639567824,False,-0.0672982873226241,False
2015-07-18,Delhi,295.7,184.3,146.9,74.2,144.1,11.9,2.0,34.0,165.0,13.9,15.65,7.5,426.0,Moderate,0.0,,,,0.3016687673404125,False,-0.1169033957220671,False
2015-07-19,Delhi,388.0,325.5,50.4,143.3,221.4,25.2,3.59,99.5,58.8,10.85,28.94,7.89,48.8,Very Poor,0.0,,,,0.9523192081140784,False,-0.0547425814716375,False
2015-07-20,Delhi,468.6,120.6,181.9,26.9,35.0,11.8,8.59,81.7,56.4,0.13,18.81,8.27,103.1,Severe,0.0,,,,1.520492832451646,False,-0.0733836125661012,False
2015-07-21,Delhi,408.1,394.5,114.2,18.5,80.9,15.5,7.08,34.4,101.4,9.59,26.07,7.54,301.0,Severe,0.0,,,,1.0940101491709655,False,-0.1168490881434337,False
2015-07-22,Delhi,387.4,17.6,9.3,66.6,147.3,41.3,2.4,67.0,199.4,2.82,18.83,9.14,181.1,Moderate,0.0,,,,0.948089627784022,False,-0.0799253863231136,False
2015-07-23,Delhi,473.2,120.1,150.0,14.4,129.8,46.7,8.7,15.7,81.8,11.21,22.0,7.96,36.5,Severe,0.0,,,,1.5529196149820776,False,-0.0574576098309983,False
2015-07-24,Delhi,117.6,457.1,147.6,102.9,207.5,43.9,1.58,36.2,194.3,5.92,17.68,6.04,390.8,Poor,0.0,,,,-0.9538116606313088,False,-0.0867415038726807,False
2015-07-25,Delhi,98.1,136.3,76.9,19.9,123.0,36.6,10.0,32.3,58.3,11.95,13.73,7.18,476.4,Moderate,0.0,,,,-1.0912730213581396,False,-0.0408271097294431,False
2015-07-26,Delhi,347.7,159.1,28.3,125.8,201.7,11.5,6.09,3.9,55.4,15.55,15.57,2.89,9.0,Very Poor,0.0,,,,0.6682323959452947,False,-0.071359996966792,False
2015-07-27,Delhi,125.6,267.0,156.5,44.1,102.0,19.0,4.75,65.2,73.8,12.03,6.63,9.66,100.0,Severe,0.0,,,,-0.8974172562305578,False,-0.1254936268322017,False
2015-07-28,Delhi,301.5,459.2,76.4,67.8,189.0,45.6,2.12,26.8,89.3,8.7,22.42,4.81,412.6,Moderate,0.0,,,,0.3425547105309571,False,-0.1262221126976753,False
2015-07-29,Delhi,444.5,166.7,167.3,119.6,215.1,47.4,4.53,81.3,7.2,17.44,7.85,1.05,258.7,Moderate,0.0,,,,1.350604689194383,False,-0.0818474970013615,False
2015-07-30,Delhi,276.7,314.8,129.3,46.3,130.1,38.3,2.74,59.1,64.2,18.11,4.27,7.68,132.0,Good,0.0,,,,0.1677320568886286,False,-0.1410443865432451,False
2015-07-31,Delhi,26.4,168.6,142.1,126.6,157.2,15.2,0.15,62.5,101.9,9.57,7.85,4.7,383.1,Good,0.0,,,,-1.5967078707998714,False,-0.0725240176353903,False
2015-08-01,Delhi,361.4,542.4,165.6,12.5,206.3,9.2,4.73,0.9,63.6,1.92,13.49,3.06,277.3,Satisfactory,0.0,,,,0.7648078134815809,False,-0.0742156537158131,False
2015-08-02,Delhi,469.7,134.2,65.0,40.4,16.1,45.8,2.34,73.4,82.8,13.28,8.89,7.87,283.4,Poor,0.0,,,,1.528247063056749,False,-0.1084131091050599,False
2015-08-03,Delhi,152.4,567.3,132.0,136.3,52.8,43.3,7.47,49.1,118.5,1.36,15.53,6.58,134.2,Poor,0.0,,,,-0.7084960014880415,False,-0.0952531882916951,False
2015-08-04,Delhi,217.7,223.0,62.4,114.5,211.5,25.7,0.79,87.0,64.8,14.7,7.69,9.09,38.5,Severe,0.0,,,,-0.2481766755669107,False,-0.0816905091605567,False
2015-08-05,Delhi,35.7,316.1,83.5,92.7,0.1,15.7,1.12,62.0,51.9,9.31,8.24,5.49,207.5,Severe,0.0,,,,-1.5311493756839982,False,-0.1130808643549521,False
2015-08-06,Delhi,110.5,589.1,80.9,53.8,62.1,47.8,5.58,92.6,191.1,8.56,2.93,1.99,349.3,Poor,0.0,,,,-1.0038616945369754,False,-0.0554083960452786,False
2015-08-07,Delhi,401.4,80.8,187.9,25.7,94.9,45.2,7.52,88.0,45.1,7.91,12.77,1.88,406.4,Severe,0.0,,,,1.0467798354853364,False,-0.0841099579560923,False
2015-08-08,Delhi,454.1,440.9,97.3,95.4,8.8,33.1,9.36,45.6,38.6,17.68,26.7,7.55,127.2,Severe,0.0,,,,1.4182779744752845,False,-0.0849849778220152,False
2015-08-09,Delhi,219.3,592.3,45.1,12.6,36.5,25.5,8.58,10.7,191.1,1.79,12.61,2.19,47.4,Satisfactory,0.0,,,,-0.2368977946867603,False,-0.0039133886800781,False
2015-08-10,Delhi,414.2,250.6,11.2,68.3,74.4,12.4,3.24,17.3,92.1,1.03,18.4,7.5,200.2,Satisfactory,0.0,,,,1.137010882526538,False,-0.1268930603817434,False
2015-08-11,Delhi,216.7,150.3,4.6,146.7,168.3,47.8,1.89,99.9,122.1,7.18,18.48,1.87,64.6,Good,0.0,,,,-0.2552259761170046,False,-0.0485155159526349,False
2015-08-12,Delhi,133.7,526.2,109.3,143.4,140.5,29.6,7.0,77.3,134.4,0.17,11.21,9.96,99.4,Severe,0.0,,,,-0.8403179217747972,False,-0.0815079578827339,False
2015-08-13,Delhi,101.3,80.8,193.2,141.8,189.4,21.6,6.45,48.8,12.1,11.27,20.0,1.33,250.0,Satisfactory,0.0,,,,-1.068715259597839,False,-0.0798124225996257,False
2015-08-14,Delhi,137.5,103.3,26.2,114.5,69.4,22.6,1.76,71.1,120.0,15.89,13.91,0.56,289.0,Satisfactory,0.0,,,,-0.8135305796844404,False,-0.1054200992808367,False
2015-08-15,Delhi,283.7,544.1,13.6,82.4,96.6,29.4,8.9,35.1,43.1,7.46,20.82,7.24,207.4,Moderate,0.0,,,,0.2170771607392858,False,-0.1025821700451046,False
2015-08-16,Delhi,371.7,140.0,45.3,56.6,229.1,32.9,2.47,33.9,16.6,2.5,22.34,1.89,151.2,Poor,0.0,,,,0.837415609147548,False,-0.1071698799825058,False
2015-08-17,Delhi,464.5,150.6,187.2,19.7,111.3,32.3,6.81,65.2,195.9,19.71,20.49,5.59,195.6,Poor,0.0,,,,1.491590700196261,False,-0.074724452203835,False
2015-08-18,Delhi,178.8,110.4,17.3,10.6,11.2,37.4,6.94,11.4,195.9,4.99,17.8,6.55,334.1,Poor,0.0,,,,-0.5223944669655628,False,-0.0522205311934492,False
2015-08-19,Delhi,198.1,107.7,169.1,11.5,194.6,44.0,1.33,4.9,50.9,12.01,8.23,6.07,83.4,Satisfactory,0.0,,,,-0.3863429663487508,False,-0.0618411404648346,False
2015-08-20,Delhi,439.2,64.7,100.9,116.3,58.7,48.8,1.15,13.8,17.5,15.03,21.89,2.77,464.9,Moderate,0.0,,,,1.3132433962788854,False,-0.0495541856929251,False
2015-08-21,Delhi,117.9,251.7,56.1,43.7,35.9,28.2,4.04,2.4,24.8,2.58,7.96,7.66,453.9,Good,0.0,,,,-0.9516968704662806,False,-0.0701252649142417,False
2015-08-22,Delhi,100.9,564.1,140.9,79.7,170.1,39.9,3.81,36.0,104.8,18.6,7.57,7.18,470.6,Satisfactory,0.0,,,,-1.0715349798178766,False,-0.0949384221552943,False
2015-08-23,Delhi,286.9,358.6,99.7,38.3,197.4,41.2,0.86,27.5,122.6,9.9,29.48,0.79,317.8,Severe,0.0,,,,0.2396349224995862,False,-0.1207260659775444,False
2015-08-24,Delhi,246.1,35.8,28.8,106.1,85.6,47.7,7.45,22.9,41.1,5.64,19.21,2.11,114.4,Severe,0.0,,,,-0.0479765399442442,False,-0.1097964884301149,False
2015-08-25,Delhi,217.9,540.4,108.5,85.5,73.7,45.0,9.14,6.4,73.0,8.92,15.36,2.77,62.5,Good,0.0,,,,-0.2467668154568918,False,-0.0603351226518019,False
2015-08-26,Delhi,326.0,560.3,94.4,66.6,223.6,35.1,1.02,87.5,115.1,5.46,26.07,4.16,139.1,Severe,0.0,,,,0.5152625740082574,False,-0.0826125202843203,False
2015-08-27,Delhi,321.7,107.3,170.5,83.4,3.2,9.1,0.09,31.9,70.2,2.5,23.19,0.07,402.4,Satisfactory,0.0,,,,0.4849505816428536,False,-0.0872773955416681,False
2015-08-28,Delhi,17.2,148.2,152.9,116.3,69.5,45.1,8.53,78.1,0.4,19.58,28.68,8.05,342.9,Very Poor,0.0,,,,-1.6615614358607351,False,-0.0400927239616826,False
2015-08-29,Delhi,480.2,151.9,173.6,11.1,130.0,33.0,4.64,77.4,56.0,2.9,2.24,5.77,184.3,Moderate,0.0,,,,1.6022647188327348,False,-0.0871735415963211,False
2015-08-30,Delhi,216.9,272.3,36.1,128.2,89.1,22.0,2.15,50.7,37.8,8.64,26.06,8.83,128.0,Satisfactory,0.0,,,,-0.2538161160069857,False,-0.1031614247564446,False
2015-08-31,Delhi,353.4,244.8,24.0,141.4,47.2,30.2,6.84,82.1,137.9,8.26,25.53,8.75,448.0,Severe,0.0,,,,0.7084134090808297,False,-0.0895241868511583,False
2015-09-01,Delhi,142.8,167.1,141.1,62.6,123.0,38.9,3.41,9.2,10.4,15.18,24.53,3.04,469.1,Poor,0.0,,,,-0.7761692867689427,False,-0.0729784312839725,False
2015-09-02,Delhi,275.0,479.6,105.0,118.9,146.2,44.7,7.8,38.0,101.3,12.06,20.09,6.71,245.3,Severe,0.0,,,,0.1557482459534691,False,-0.1289364505918538,False
2015-09-03,Delhi,460.6,4.8,77.2,74.2,196.6,3.5,3.53,19.2,186.6,19.13,18.23,9.1,363.2,Moderate,0.0,,,,1.4640984280508949,False,-0.06544008010744,False
2015-09-04,Delhi,69.6,255.2,16.5,3.3,88.2,38.5,6.88,40.7,137.8,0.81,28.28,1.54,208.0,Moderate,0.0,,,,-1.2921780870358155,False,-0.0866891916122069,False
2015-09-05,Delhi,364.4,190.7,77.1,87.8,145.0,12.0,3.2,98.0,70.5,2.39,20.65,2.47,34.4,Severe,0.0,,,,0.7859557151318626,False,-0.0744502126200265,False
2015-09-06,Delhi,409.2,343.7,184.8,37.6,75.7,37.7,9.56,63.4,123.7,7.56,17.86,1.26,332.0,Moderate,0.0,,,,1.1017643797760688,False,-0.1021994782528368,False
2015-09-07,Delhi,123.5,403.6,22.9,135.6,17.0,22.6,6.39,20.2,188.1,14.34,2.79,1.48,437.8,Severe,0.0,,,,-0.9122207873857548,False,-0.0709984689120054,False
2015-09-08,Delhi,85.6,20.3,13.3,23.8,4.0,47.7,0.5,35.4,19.4,6.7,20.63,4.45,132.9,Moderate,0.0,,,,-1.1793892782343132,False,-0.0504296598508685,False
2015-09-09,Delhi,326.1,271.6,134.8,56.6,130.0,28.1,2.29,79.5,71.9,0.28,28.65,3.59,180.1,Poor,0.0,,,,0.515967504063267,False,-0.1242115149401392,False
2015-09-10,Delhi,131.4,382.8,148.0,54.4,163.3,14.1,8.56,73.4,79.1,12.15,15.23,9.32,147.6,Good,0.0,,,,-0.8565313130400131,False,-0.113314461895263,False
2015-09-11,Delhi,88.6,350.0,3.0,63.8,227.3,22.9,7.86,81.1,35.8,5.26,27.88,9.43,145.8,Poor,0.0,,,,-1.1582413765840316,False,-0.1006659474313698,False
2015-09-12,Delhi,124.2,596.3,93.5,95.9,230.1,8.7,9.5,80.3,166.9,3.58,24.01,5.98,155.9,Severe,0.0,,,,-0.9072862770006892,False,-0.0502741378276893,False
2015-09-13,Delhi,216.1,318.7,28.7,81.0,68.9,39.3,6.04,97.6,57.3,17.68,28.22,0.27,355.4,Good,0.0,,,,-0.2594555564470609,False,-0.1109120289967726,False
2015-09-14,Delhi,376.6,190.9,163.5,19.6,204.2,28.8,0.28,15.7,141.1,15.92,26.09,5.37,193.2,Good,0.0,,,,0.8719571818430083,False,-0.0946208775310966,False
2015-09-15,Delhi,133.4,450.0,74.1,27.9,119.4,25.9,3.35,73.0,109.0,1.33,29.77,8.27,221.8,Poor,0.0,,,,-0.8424327119398254,False,-0.1178683970849391,False
2015-09-16,Delhi,457.1,407.5,171.9,121.9,1.3,21.5,7.6,66.7,99.8,11.15,12.36,5.35,350.2,Severe,0.0,,,,1.4394258761255665,False,-0.111109396598074,False
2015-09-17,Delhi,96.8,120.8,101.1,54.1,94.6,18.9,6.97,44.1,62.4,2.79,7.38,2.94,316.5,Severe,0.0,,,,-1.1004371120732617,False,-0.1170083034140047,False
2015-09-18,Delhi,258.8,536.2,87.2,20.2,236.3,38.7,2.64,96.6,90.0,15.78,0.67,0.39,180.1,Moderate,0.0,,,,0.0415495770419482,False,-0.0808051391245949,False
2015-09-19,Delhi,95.9,569.8,192.5,4.9,238.0,4.7,5.32,99.0,30.5,2.13,18.12,6.56,330.1,Severe,0.0,,,,-1.1067814825683462,False,-0.0369094335133828,False
2015-09-20,Delhi,311.2,126.8,129.7,81.6,5.7,30.3,4.71,8.7,198.5,14.24,8.44,2.7,322.1,Good,0.0,,,,0.4109329258668678,False,-0.0881328057300691,False
2015-09-21,Delhi,294.2,20.1,14.7,42.5,172.0,38.1,0.46,90.2,43.4,13.77,27.49,5.06,406.5,Severe,0.0,,,,0.2910948165152717,False,-0.0564925984720103,False
2015-09-22,Delhi,400.1,577.8,8.6,0.9,20.8,33.8,1.92,3.4,22.7,2.95,25.7,7.23,122.6,Severe,0.0,,,,1.0376157447702146,False,-0.0285083041816156,False
2015-09-23,Delhi,263.9,206.6,168.0,102.9,209.4,26.4,4.4,55.7,47.1,13.65,20.45,1.75,207.4,Severe,0.0,,,,0.0775010098474268,False,-0.1412871246192341,False
2015-09-24,Delhi,272.3,74.5,23.8,108.9,173.1,40.7,9.84,72.9,150.3,3.32,20.38,3.46,141.7,Satisfactory,0.0,,,,0.1367151344682157,False,-0.0889064525653071,False
2015-09-25,Delhi,75.1,396.0,115.0,65.1,188.6,39.1,5.04,59.5,132.4,10.73,16.92,0.63,283.9,Very Poor,0.0,,,,-1.2534069340102991,False,-0.1293788625421505,False
2015-09-26,Delhi,150.9,179.5,162.3,86.7,236.6,26.3,5.3,99.3,193.0,16.3,1.61,9.85,96.4,Very Poor,0.0,,,,-0.7190699523131823,False,-0.0642296266196853,False
2015-09-27,Delhi,107.4,7.4,86.0,129.0,150.5,20.4,2.47,82.1,28.2,1.96,13.95,3.84,366.6,Moderate,0.0,,,,-1.0257145262422664,False,-0.0552681610567912,False
2015-09-28,Delhi,391.2,12.6,84.9,41.5,143.7,10.8,1.98,68.4,162.7,16.61,28.67,3.96,197.3,Moderate,0.0,,,,0.9748769698743788,False,-0.0925743591592617,False
2015-09-29,Delhi,102.3,117.7,130.5,106.0,73.4,37.0,9.49,29.1,49.8,7.61,6.1,7.6,26.8,Severe,0.0,,,,-1.0616659590477453,False,-0.0628865550595126,False
2015-09-30,Delhi,116.5,50.6,166.3,61.8,137.7,42.1,10.0,23.6,3.4,8.07,21.88,8.69,186.2,Satisfactory,0.0,,,,-0.961565891236412,False,-0.0510283670211779,False
2015-10-01,Delhi,120.8,581.9,5.9,129.4,214.2,3.9,5.35,46.4,17.4,2.73,9.6,4.66,109.1,Poor,0.0,,,,-0.9312538988710084,False,-0.0673756561687325,False
2015-10-02,Delhi,358.0,293.5,84.2,83.8,58.7,39.7,5.11,64.5,119.7,3.87,1.39,4.48,203.4,Satisfactory,0.0,,,,0.7408401916112618,False,-0.1462503437330807,False
2015-10-03,Delhi,8.3,273.9,149.1,136.1,61.6,9.1,2.21,63.7,25.4,17.1,11.98,5.34,365.3,Poor,0.0,,,,-1.7243002107565706,False,-0.0781103281896214,False
2015-10-04,Delhi,14.6,272.6,117.3,100.7,75.1,5.9,7.95,73.6,142.6,6.4,10.32,6.66,293.0,Poor,0.0,,,,-1.6798896172909792,False,-0.0993156041489555,False
2015-10-05,Delhi,37.6,542.5,32.2,94.4,231.5,11.3,0.69,68.3,17.9,19.97,8.51,1.95,49.3,Very Poor,0.0,,,,-1.51775570463882,False,-0.0516385101857129,False
2015-10-06,Delhi,197.6,458.2,132.2,113.8,201.0,31.0,5.98,65.3,71.5,17.09,24.62,7.22,392.2,Moderate,0.0,,,,-0.3898676166237978,False,-0.1289202964150732,False
2015-10-07,Delhi,448.9,40.3,88.0,23.7,129.1,8.4,4.38,63.6,17.0,0.7,6.29,6.67,379.0,Severe,0.0,,,,1.381621611614796,False,-0.08001693384966,False
2015-10-08,Delhi,131.7,580.9,79.9,98.8,18.0,5.4,4.84,81.7,173.6,7.81,2.77,3.92,359.2,Severe,0.0,,,,-0.854416522874985,False,-0.0918541379575325,False
2015-10-09,Delhi,489.1,428.2,157.6,119.4,69.1,22.6,4.58,76.6,114.7,13.57,22.7,9.99,224.9,Satisfactory,0.0,,,,1.6650034937285707,False,-0.0972989546831445,False
2015-10-10,Delhi,482.7,235.3,16.6,34.5,75.0,36.4,8.8,44.4,163.6,3.56,9.92,3.57,102.4,Poor,0.0,,,,1.6198879702079696,False,-0.0734550321269872,False
2015-10-11,Delhi,156.0,349.6,181.4,139.1,134.9,34.6,3.7,26.2,134.5,10.42,27.08,3.38,179.7,Severe,0.0,,,,-0.6831185195077035,False,-0.106226904005409,False
2015-10-12,Delhi,33.1,163.1,68.1,112.6,142.4,15.1,4.85,53.3,193.6,11.82,22.46,4.03,21.1,Poor,0.0,,,,-1.5494775571142425,False,-0.0624436956920555,False
2015-10-13,Delhi,453.7,272.2,62.1,41.5,65.1,48.0,4.51,66.2,185.3,17.7,25.04,1.45,241.2,Very Poor,0.0,,,,1.4154582542552467,False,-0.1126002355263727,False
2015-10-14,Delhi,174.5,437.6,31.7,3.4,76.7,21.2,3.77,41.7,109.6,7.8,12.3,6.44,191.2,Satisfactory,0.0,,,,-0.5527064593309666,False,-0.0997020314064118,False
2015-10-15,Delhi,361.0,89.6,117.9,67.5,195.9,47.2,5.2,33.9,40.3,16.84,21.64,9.96,470.1,Severe,0.0,,,,0.7619880932615435,False,-0.1056402609862842,False
2015-10-16,Delhi,72.1,397.9,76.2,71.3,81.8,13.0,2.88,31.6,106.7,9.79,3.52,9.12,37.3,Poor,0.0,,,,-1.2745548356605807,False,-0.0962721722629845,False
2015-10-17,Delhi,187.7,175.0,99.4,115.2,28.9,11.5,4.52,39.6,157.8,5.67,25.12,8.22,30.3,Satisfactory,0.0,,,,-0.4596556920697273,False,-0.1051160299334432,False
2015-10-18,Delhi,317.0,4.9,141.1,87.9,137.4,20.1,0.5,81.4,146.1,18.28,27.08,6.64,280.5,Moderate,0.0,,,,0.4518188690574124,False,-0.0702697344020403,False
2015-10-19,Delhi,49.1,366.2,173.4,15.3,203.4,19.1,4.02,9.2,124.1,17.88,25.93,9.71,57.5,Very Poor,0.0,,,,-1.4366887483127402,False,-0.0678769961006138,False
2015-10-20,Delhi,266.4,220.7,183.3,135.0,154.1,28.4,1.96,16.7,89.7,3.72,16.9,1.47,224.3,Moderate,0.0,,,,0.0951242612226615,False,-0.1138101908681921,False
2015-10-21,Delhi,370.4,584.1,58.6,65.8,180.8,24.2,2.08,83.4,23.2,18.65,25.54,1.41,45.7,Severe,0.0,,,,0.8282515184324258,False,-0.0598153596467098,False
2015-10-22,Delhi,435.4,427.8,76.3,99.4,97.9,24.5,1.52,23.2,135.6,0.56,1.83,9.88,195.3,Very Poor,0.0,,,,1.2864560541885286,False,-0.1071901224947392,False
2015-10-23,Delhi,492.2,276.0,17.8,32.1,83.9,39.2,3.61,69.2,178.8,0.99,14.6,3.29,294.0,Satisfactory,0.0,,,,1.6868563254338615,False,-0.0955170557275717,False
2015-10-24,Delhi,424.2,419.6,114.5,41.5,118.1,39.6,0.43,75.0,62.7,16.99,29.25,3.82,314.4,Satisfactory,0.0,,,,1.207503888027477,False,-0.0957503570257642,False
2015-10-25,Delhi,48.5,280.5,187.9,45.5,76.0,26.4,5.3,93.3,132.4,5.51,22.23,9.32,212.1,Good,0.0,,,,-1.4409183286427965,False,-0.0999197733739056,False
2015-10-26,Delhi,217.4,362.6,148.6,5.0,70.9,45.7,3.27,7.9,123.2,16.59,5.88,4.39,48.5,Moderate,0.0,,,,-0.2502914657319388,False,-0.0690166452922309,False
2015-10-27,Delhi,179.0,423.5,36.9,93.8,206.8,47.7,0.72,55.8,0.5,8.05,23.55,6.77,112.5,Moderate,0.0,,,,-0.520984606855544,False,-0.0720438736680405,False
2015-10-28,Delhi,157.1,598.5,86.7,111.1,176.3,39.9,6.16,73.0,22.7,6.66,8.01,8.1,225.2,Severe,0.0,,,,-0.6753642889026003,False,-0.0804869539360565,False
2015-10-29,Delhi,171.1,229.7,76.5,141.7,139.5,41.4,6.22,60.3,79.2,8.4,20.26,9.65,428.8,Satisfactory,0.0,,,,-0.5766740812012858,False,-0.1124030658181639,False
2015-10-30,Delhi,38.1,252.8,55.6,108.4,49.4,25.2,9.22,22.9,171.5,15.23,29.16,5.27,181.4,Moderate,0.0,,,,-1.514231054363773,False,-0.0694280684551373,False
2015-10-31,Delhi,302.1,231.2,88.4,5.6,83.2,44.0,0.44,12.6,73.5,5.53,11.3,9.32,342.4,Moderate,0.0,,,,0.3467842908610136,False,-0.0817779585665907,False
2015-11-01,Delhi,294.9,348.1,192.5,111.1,198.8,22.6,3.77,48.7,7.6,6.82,18.37,4.88,221.9,Moderate,0.0,,,,0.2960293269003373,False,-0.1191240465916686,False
2015-11-02,Delhi,323.7,96.9,35.2,38.6,34.6,39.5,6.93,58.3,96.7,14.82,13.89,0.01,352.9,Satisfactory,0.0,,,,0.4990491827430414,False,-0.1209412743525967,False
2015-11-03,Delhi,110.4,133.7,59.1,29.3,83.7,11.8,5.89,61.6,19.8,0.6,13.55,6.14,409.1,Good,0.0,,,,-1.0045666245919846,False,-0.0985085474882037,False
2015-11-04,Delhi,387.3,270.2,195.7,114.2,213.7,2.4,4.89,63.2,7.0,5.85,5.36,0.01,134.5,Good,0.0,,,,0.9473846977290128,False,-0.1080574916270672,False
2015-11-05,Delhi,235.1,31.5,63.3,88.1,194.3,44.6,9.77,0.1,117.8,6.91,2.6,3.48,430.3,Severe,0.0,,,,-0.125518845995277,False,-0.0485987739038105,False
2015-11-06,Delhi,275.5,596.0,93.6,115.5,204.6,6.7,9.69,91.6,39.0,5.6,25.74,2.61,337.0,Poor,0.0,,,,0.159272896228516,False,-0.0452122299099094,False
2015-11-07,Delhi,331.0,111.2,145.0,103.5,216.2,9.3,3.74,58.0,44.7,19.68,15.31,1.73,447.7,Moderate,0.0,,,,0.5505090767587268,False,-0.1084126090962123,False
2015-11-08,Delhi,126.8,172.1,120.7,97.6,203.6,12.6,8.36,37.5,30.6,0.26,22.94,6.04,368.7,Poor,0.0,,,,-0.888958095570445,False,-0.1056532463370701,False
2015-11-09,Delhi,24.2,546.8,168.0,12.8,91.6,8.6,0.86,88.4,60.7,11.27,12.07,2.79,199.9,Good,0.0,,,,-1.612216332010078,False,-0.0428526110027057,False
2015-11-10,Delhi,348.1,96.7,27.5,69.9,44.3,20.9,9.62,79.7,138.8,16.46,22.14,9.66,174.9,Severe,0.0,,,,0.6710521161653324,False,-0.0898182463031308,False
2015-11-11,Delhi,426.4,14.8,48.8,144.2,146.3,27.8,3.39,20.2,109.9,13.64,4.29,8.96,212.0,Very Poor,0.0,,,,1.2230123492376836,False,-0.0709333483776112,False
2015-11-12,Delhi,292.6,540.6,176.1,18.3,151.5,48.1,1.54,85.9,119.6,3.07,3.46,5.34,405.3,Satisfactory,0.0,,,,0.2798159356351217,False,-0.0797747823626236,False
2015-11-13,Delhi,328.3,295.0,168.2,143.0,206.2,44.6,1.92,79.9,67.6,8.63,4.13,7.38,303.9,Poor,0.0,,,,0.5314759652734734,False,-0.100859323296291,False
2015-11-14,Delhi,318.1,558.1,194.3,143.7,114.7,10.0,8.82,30.5,41.1,13.21,14.43,9.51,478.7,Poor,0.0,,,,0.4595730996625158,False,-0.0526411860141916,False
2015-11-15,Delhi,464.9,264.9,99.0,81.6,126.4,0.2,1.69,42.1,162.7,1.16,21.27,8.99,150.8,Satisfactory,0.0,,,,1.4944104204162982,False,-0.1174688397723648,False
2015-11-16,Delhi,284.3,423.1,29.5,140.7,248.7,2.2,0.79,23.3,160.4,3.61,28.35,9.45,498.7,Poor,0.0,,,,0.2213067410693423,False,-0.0583910016224984,False
2015-11-17,Delhi,365.8,59.1,133.4,40.1,157.1,16.9,6.84,49.9,4.8,11.66,29.45,2.63,187.3,Severe,0.0,,,,0.7958247359019942,False,-0.0928486482730633,False
2015-11-18,Delhi,409.8,182.2,70.6,23.8,8.2,5.5,0.35,40.8,124.8,0.8,20.86,5.26,176.2,Severe,0.0,,,,1.1059939601061253,False,-0.1016893599822988,False
2015-11-19,Delhi,133.7,563.7,133.1,121.5,48.5,34.4,7.61,46.4,142.6,7.69,25.23,9.6,125.8,Very Poor,0.0,,,,-0.8403179217747972,False,-0.0944755075624597,False
2015-11-20,Delhi,75.8,350.8,123.0,23.6,223.5,36.6,0.39,46.0,116.4,12.95,29.24,2.93,158.1,Poor,0.0,,,,-1.2484724236252331,False,-0.0944860706271334,False
2015-11-21,Delhi,112.3,110.5,126.5,0.8,38.9,2.4,9.28,58.9,191.2,18.81,9.37,5.27,415.1,Very Poor,0.0,,,,-0.9911729535468063,False,-0.0248501870962679,False
2015-11-22,Delhi,123.3,53.2,11.8,90.3,122.9,24.3,5.16,81.7,94.6,9.47,27.42,0.51,108.5,Good,0.0,,,,-0.9136306474957736,False,-0.1032123633077366,False
2015-11-23,Delhi,133.7,532.2,89.4,43.1,143.7,25.7,5.9,52.1,118.6,2.58,24.52,1.9,418.2,Satisfactory,0.0,,,,-0.8403179217747972,False,-0.1143319634576718,False
2015-11-24,Delhi,341.0,282.3,43.4,18.2,151.2,26.3,9.08,86.4,134.7,10.5,0.22,8.28,104.9,Poor,0.0,,,,0.6210020822596657,False,-0.0761165608736532,False
2015-11-25,Delhi,407.0,563.2,117.9,125.3,32.6,43.1,9.97,44.4,134.4,4.97,16.98,1.3,18.4,Poor,0.0,,,,1.0862559185658622,False,-0.0403435522800355,False
2015-11-26,Delhi,42.1,596.7,76.9,8.9,42.2,4.5,1.2,62.8,83.5,1.8,29.93,8.43,476.4,Severe,0.0,,,,-1.4860338521633971,False,-0.0301785995019092,False
2015-11-27,Delhi,196.1,126.5,188.4,26.8,193.4,18.4,2.12,1.0,186.7,16.38,19.18,8.16,185.5,Very Poor,0.0,,,,-0.4004415674489386,False,-0.0691515456426589,False
2015-11-28,Delhi,195.1,220.4,7.0,142.1,87.0,40.4,4.54,13.4,123.7,19.65,23.24,2.7,91.2,Satisfactory,0.0,,,,-0.4074908679990325,False,-0.0910271623917612,False
2015-11-29,Delhi,254.6,22.5,107.6,36.4,73.7,14.9,4.8,60.5,56.8,12.91,23.42,2.08,65.8,Very Poor,0.0,,,,0.0119425147315537,False,-0.109959805872129,False
2015-11-30,Delhi,196.6,305.7,139.8,103.5,52.9,44.9,3.21,94.6,111.9,19.63,7.31,3.45,110.6,Severe,0.0,,,,-0.3969169171738917,False,-0.1087754089541397,False
2015-12-01,Delhi,197.6,260.4,177.0,52.3,135.9,5.3,7.89,1.1,12.9,7.69,16.59,0.37,101.5,Severe,0.0,,,,-0.3898676166237978,False,-0.0737937355236785,False
2015-12-02,Delhi,370.9,3.5,49.5,11.6,228.4,8.6,5.93,44.5,122.4,14.24,22.13,6.32,450.6,Severe,0.0,,,,0.8317761687074728,False,-0.0711996917436613,False
2015-12-03,Delhi,394.8,555.9,50.0,5.3,229.3,18.7,9.27,76.9,17.5,17.14,8.5,3.12,76.9,Very Poor,0.0,,,,1.000254451854717,False,-0.0355571625894388,False
2015-12-04,Delhi,438.5,13.9,115.5,96.9,37.1,17.7,4.55,24.2,121.0,10.62,10.28,2.44,323.9,Moderate,0.0,,,,1.3083088858938197,False,-0.1050753094729525,False
2015-12-05,Delhi,411.3,396.3,97.2,80.6,140.4,6.3,4.48,11.5,132.3,4.84,0.74,7.69,484.9,Moderate,0.0,,,,1.116567910931266,False,-0.1014646826859648,False
2015-12-06,Delhi,241.4,22.2,102.0,112.9,74.6,4.3,7.13,13.8,62.7,12.05,17.03,7.49,476.2,Severe,0.0,,,,-0.0811082525296854,False,-0.0780014294202917,False
2015-12-07,Delhi,11.1,297.6,143.5,85.6,246.0,49.8,6.48,46.1,124.6,9.57,24.64,3.17,257.6,Satisfactory,0.0,,,,-1.7045621692163078,False,-0.1095342791312888,False
2015-12-08,Delhi,363.8,331.2,4.8,105.2,194.2,4.7,4.89,48.4,55.3,6.07,14.5,5.15,342.8,Satisfactory,0.0,,,,0.7817261348018064,False,-0.1424458044307341,False
2015-12-09,Delhi,404.3,22.6,178.8,89.9,27.5,33.4,4.57,12.4,175.1,9.55,6.18,8.97,118.7,Good,0.0,,,,1.067222807080609,False,-0.0825438335376576,False
2015-12-10,Delhi,50.3,539.3,192.8,91.1,18.5,0.8,6.58,47.6,40.2,14.18,6.87,0.82,267.2,Satisfactory,0.0,,,,-1.4282295876526274,False,-0.1057933546775601,False
2015-12-11,Delhi,163.1,573.4,123.6,113.6,63.3,15.2,5.3,67.7,74.3,7.0,2.91,3.59,89.2,Satisfactory,0.0,,,,-0.633068485602037,False,-0.099947262883292,False
2015-12-12,Delhi,393.4,145.0,152.4,70.0,9.0,28.1,7.48,79.4,33.7,9.66,22.88,4.88,254.2,Good,0.0,,,,0.9903854310845852,False,-0.1115170300312808,False
2015-12-13,Delhi,455.1,381.2,110.2,109.1,28.9,45.5,5.65,13.6,8.8,14.19,0.78,3.23,492.1,Severe,0.0,,,,1.4253272750253785,False,-0.0694694826051451,False
2015-12-14,Delhi,264.9,15.5,136.3,130.5,167.4,8.3,5.13,69.7,146.8,1.95,20.54,5.92,314.9,Severe,0.0,,,,0.0845503103975207,False,-0.0979859686672967,False
2015-12-15,Delhi,216.9,514.4,191.7,61.9,194.4,42.2,9.78,64.1,144.6,7.02,12.96,1.67,367.8,Poor,0.0,,,,-0.2538161160069857,False,-0.0914743821773905,False
2015-12-16,Delhi,135.8,374.0,143.6,102.1,202.3,16.5,8.64,90.9,40.4,14.27,8.64,8.87,390.6,Poor,0.0,,,,-0.8255143906196,False,-0.090461148165737,False
2015-12-17,Delhi,246.6,0.7,60.7,30.4,109.9,47.3,7.54,81.0,185.1,6.19,9.96,0.7,207.4,Satisfactory,0.0,,,,-0.0444518896691973,False,-0.0829606642435378,False
2015-12-18,Delhi,444.0,205.9,41.4,34.0,68.7,40.6,2.57,6.7,178.6,2.48,17.01,0.15,305.2,Very Poor,0.0,,,,1.3470800389193365,False,-0.0921304385259145,False
2015-12-19,Delhi,374.7,316.5,184.6,32.0,219.7,31.4,1.11,1.9,157.1,5.68,18.6,5.56,169.2,Severe,0.0,,,,0.8585635107978297,False,-0.0831763741516066,False
2015-12-20,Delhi,139.8,86.5,12.0,72.7,125.7,5.7,2.47,29.9,173.9,9.84,10.54,5.8,387.6,Good,0.0,,,,-0.7973171884192244,False,-0.0924201142607885,False
2015-12-21,Delhi,46.8,2.7,49.3,2.8,189.9,17.3,7.53,73.2,193.0,9.46,15.84,4.52,349.6,Good,0.0,,,,-1.452902139577956,False,-0.0214423916831082,False
2015-12-22,Delhi,392.9,544.6,102.0,55.0,124.3,24.6,8.8,42.3,71.1,17.38,20.84,6.75,297.3,Good,0.0,,,,0.9868607808095384,False,-0.1003715088950391,False
2015-12-23,Delhi,420.7,244.4,9.7,37.7,72.8,35.7,5.98,4.1,120.7,18.94,5.03,9.46,288.3,Very Poor,0.0,,,,1.1828313361021483,False,-0.1058011272466499,False
2015-12-24,Delhi,114.4,84.9,10.7,22.8,17.2,14.9,1.47,46.0,145.7,2.42,13.81,1.42,144.5,Severe,0.0,,,,-0.9763694223916092,False,-0.0905689758217054,False
2015-12-25,Delhi,398.4,38.6,153.1,125.4,20.3,43.5,7.75,95.8,89.9,15.59,17.24,2.63,360.8,Poor,0.0,,,,1.0256319338350548,False,-0.0680010898076208,False
2015-12-26,Delhi,323.5,151.3,167.5,30.0,34.6,2.8,7.36,59.6,193.8,16.84,12.99,7.69,272.6,Satisfactory,0.0,,,,0.4976393226330227,False,-0.1037067817751803,False
2015-12-27,Delhi,99.7,303.4,99.1,115.7,88.5,1.6,7.64,65.7,61.0,4.53,24.72,6.11,423.2,Satisfactory,0.0,,,,-1.0799941404779894,False,-0.1167647409744283,False
2015-12-28,Delhi,242.9,254.4,154.2,43.4,4.6,4.0,9.9,3.6,75.7,5.1,27.79,8.82,329.5,Poor,0.0,,,,-0.0705343017045446,False,-0.0753801935549501,False
2015-12-29,Delhi,176.2,378.8,26.8,102.2,219.6,20.9,7.29,22.8,195.1,1.21,7.29,2.11,246.4,Poor,0.0,,,,-0.5407226483958071,False,-0.1010867629474329,False
2015-12-30,Delhi,356.6,403.6,184.0,14.5,91.6,42.6,0.64,78.2,92.6,16.21,27.38,5.17,40.0,Severe,0.0,,,,0.7309711708411305,False,-0.068848308014596,False
2015-12-31,Delhi,199.2,353.6,118.1,87.2,114.5,33.9,4.65,99.5,158.7,18.91,28.68,4.52,448.2,Good,0.0,,,,-0.3785887357436476,False,-0.0938498283489498,False
2016-01-01,Delhi,195.4,42.3,157.9,73.6,80.9,6.1,4.02,97.2,94.1,11.91,5.46,1.08,380.6,Very Poor,0.0,,,,-0.4053760778340043,False,-0.0927405753628857,False
2016-01-02,Delhi,294.0,360.0,137.4,92.8,189.7,45.1,9.02,31.7,167.7,1.38,24.28,9.94,245.5,Very Poor,0.0,,,,0.289684956405253,False,-0.1171977790567127,False
2016-01-03,Delhi,420.7,169.1,0.8,54.1,40.4,46.9,7.29,62.8,118.6,3.21,9.56,4.58,320.0,Poor,0.0,,,,1.1828313361021483,False,-0.1268339808239844,False
2016-01-04,Delhi,2.8,582.8,59.9,23.6,170.4,5.8,6.05,69.3,16.4,16.26,12.92,0.17,376.5,Very Poor,0.0,,,,-1.763071363782087,False,-0.0515231811627899,False
2016-01-05,Delhi,53.1,286.2,106.3,72.2,226.3,29.1,6.37,77.1,167.6,10.67,8.32,4.28,53.6,Good,0.0,,,,-1.4084915461123646,False,-0.0892919947363985,False
2016-01-06,Delhi,303.7,367.8,182.6,26.2,227.1,7.8,5.12,0.7,11.6,5.09,29.75,6.86,55.6,Satisfactory,0.0,,,,0.3580631717411636,False,-0.0666918513283978,False
2016-01-07,Delhi,184.9,26.4,47.0,77.8,136.5,31.7,0.19,7.1,93.8,10.01,2.14,4.13,153.5,Very Poor,0.0,,,,-0.4793937336099901,False,-0.0655129331775367,False
2016-01-08,Delhi,49.0,504.4,78.5,96.8,52.5,26.2,1.65,98.9,80.2,0.51,18.75,5.81,471.3,Satisfactory,0.0,,,,-1.4373936783677494,False,-0.0428911448747385,False
2016-01-09,Delhi,455.4,162.7,196.2,71.0,88.0,15.3,6.21,13.3,106.7,9.37,18.17,9.77,359.7,Severe,0.0,,,,1.4274420651904065,False,-0.1144285630125834,False
2016-01-10,Delhi,64.1,548.9,92.0,0.9,246.6,16.3,3.24,18.0,64.5,0.41,11.08,9.34,335.4,Very Poor,0.0,,,,-1.330949240061332,False,-0.0511024026303621,False
2016-01-11,Delhi,13.9,353.0,48.7,109.1,232.5,48.9,7.23,97.3,49.6,5.84,18.74,5.68,80.4,Satisfactory,0.0,,,,-1.684824127676045,False,-0.0570452010409693,False
2016-01-12,Delhi,135.4,183.8,76.1,43.0,241.0,9.4,2.17,33.9,75.0,8.3,3.02,5.9,220.1,Good,0.0,,,,-0.8283341108396376,False,-0.1223401341947391,False
2016-01-13,Delhi,67.3,417.2,9.5,75.8,198.2,24.1,7.86,24.5,95.0,2.07,21.38,3.68,472.0,Satisfactory,0.0,,,,-1.3083914783010313,False,-0.0885010410304584,False
2016-01-14,Delhi,244.0,409.8,79.7,31.1,129.4,13.7,0.25,28.7,161.7,8.16,28.37,9.77,423.5,Satisfactory,0.0,,,,-0.0627800710994413,False,-0.0869894067538792,False
2016-01-15,Delhi,195.0,278.0,187.8,45.3,243.0,22.4,3.1,5.6,89.9,10.92,26.95,8.03,119.1,Moderate,0.0,,,,-0.4081957980540419,False,-0.1024160457046403,False
2016-01-16,Delhi,125.9,297.1,10.4,76.5,76.2,7.5,1.88,17.6,81.3,14.19,6.21,5.31,174.6,Satisfactory,0.0,,,,-0.8953024660655294,False,-0.1244161764673158,False
2016-01-17,Delhi,157.9,217.6,175.7,42.2,141.3,4.5,4.28,49.5,171.0,8.16,8.83,5.76,95.7,Severe,0.0,,,,-0.6697248484625251,False,-0.1143769215939676,False
2016-01-18,Delhi,28.8,265.2,116.7,140.2,74.4,29.9,5.33,34.7,29.9,17.97,20.55,9.45,406.8,Poor,0.0,,,,-1.579789549479646,False,-0.0840849244269041,False
2016-01-19,Delhi,92.4,339.1,95.7,147.3,82.2,27.5,3.06,94.2,82.8,19.33,20.42,3.4,421.7,Severe,0.0,,,,-1.1314540344936748,False,-0.0695842911353714,False
2016-01-20,Delhi,368.1,87.2,164.0,122.0,167.1,40.1,1.94,83.3,102.8,2.36,5.38,6.42,292.4,Good,0.0,,,,0.8120381271672102,False,-0.0995885427100207,False
2016-01-21,Delhi,247.4,203.7,35.3,6.3,180.9,46.3,2.88,28.9,122.1,14.69,21.27,2.88,212.5,Poor,0.0,,,,-0.0388124492291221,False,-0.109832192470922,False
2016-01-22,Delhi,200.5,33.8,57.6,135.5,202.7,10.4,0.46,20.9,135.7,2.55,9.55,3.86,134.5,Very Poor,0.0,,,,-0.3694246450285255,False,-0.0644520730886923,False
2016-01-23,Delhi,401.0,212.8,22.9,95.3,52.3,26.5,6.82,49.3,115.1,16.95,15.88,0.9,162.2,Satisfactory,0.0,,,,1.043960115265299,False,-0.1369294499243561,False
2016-01-24,Delhi,216.5,471.4,22.4,75.4,99.1,3.7,8.67,53.3,105.5,9.87,12.61,0.94,354.1,Poor,0.0,,,,-0.2566358362270233,False,-0.1212701785655298,False
2016-01-25,Delhi,224.8,501.0,144.2,117.2,230.3,47.9,8.05,2.6,105.9,7.8,7.3,5.32,16.2,Satisfactory,0.0,,,,-0.1981266416612439,False,-0.0617082668518733,False
2016-01-26,Delhi,435.9,76.4,177.4,129.4,152.0,3.6,0.76,48.3,61.9,8.46,19.87,3.41,460.2,Satisfactory,0.0,,,,1.2899807044635756,False,-0.0631753649206913,False
2016-01-27,Delhi,33.7,226.0,196.4,77.8,172.4,40.7,2.42,58.9,105.1,4.47,0.92,1.63,255.5,Good,0.0,,,,-1.545247976784186,False,-0.1169706128734378,False
2016-01-28,Delhi,203.7,8.0,151.4,11.7,44.3,17.1,1.62,42.9,196.6,17.14,26.24,6.85,125.0,Very Poor,0.0,,,,-0.3468668832682251,False,-0.0444054303168763,False
2016-01-29,Delhi,128.1,153.9,162.1,80.2,69.4,11.2,9.46,18.0,102.0,2.08,13.57,4.67,222.3,Poor,0.0,,,,-0.879794004855323,False,-0.0932791694631155,False
2016-01-30,Delhi,143.5,381.1,110.4,117.7,200.8,9.0,8.47,75.3,133.4,16.93,28.52,7.53,253.3,Satisfactory,0.0,,,,-0.771234776383877,False,-0.1101186919694861,False
2016-01-31,Delhi,185.6,594.4,11.6,106.9,245.6,3.3,9.28,33.7,141.2,2.6,15.59,7.48,143.5,Satisfactory,0.0,,,,-0.4744592232249244,False,-0.0710612448662026,False
2016-02-01,Delhi,202.5,539.9,37.9,101.0,161.4,34.5,9.67,96.7,54.8,17.58,26.03,6.64,457.8,Satisfactory,0.0,,,,-0.3553260439283377,False,-0.0456436344792969,False
2016-02-02,Delhi,252.1,239.3,57.3,1.9,157.2,41.6,7.82,61.8,134.7,19.17,26.21,2.38,19.3,Very Poor,0.0,,,,-0.0056807366436809,False,-0.0711910876714145,False
2016-02-03,Delhi,478.2,474.4,146.7,115.9,135.8,43.5,9.67,25.1,97.6,14.77,29.09,0.1,158.5,Moderate,0.0,,,,1.588166117732547,False,-0.0700671137439662,False
2016-02-04,Delhi,446.5,82.0,91.1,129.3,9.2,16.8,8.8,40.2,83.6,18.89,16.2,5.52,245.7,Good,0.0,,,,1.3647032902945708,False,-0.0871301756731655,False
2016-02-05,Delhi,486.9,87.5,68.0,20.0,242.7,6.4,3.92,93.6,152.3,8.22,17.69,4.78,108.5,Good,0.0,,,,1.6494950325183635,False,-0.0539143999517043,False
2016-02-06,Delhi,437.0,175.3,113.3,104.8,45.1,8.1,5.79,54.1,176.5,3.45,27.64,4.73,173.5,Very Poor,0.0,,,,1.2977349350686789,False,-0.1149355679419558,False
2016-02-07,Delhi,39.5,240.2,196.5,62.1,84.5,2.4,9.89,8.3,55.0,13.38,16.75,3.5,349.0,Moderate,0.0,,,,-1.5043620335936414,False,-0.0678841780685873,False
2016-02-08,Delhi,64.2,212.9,82.8,74.6,182.0,33.6,0.81,79.8,70.1,10.23,1.95,5.73,292.8,Satisfactory,0.0,,,,-1.3302443100063224,False,-0.0939150634382742,False
2016-02-09,Delhi,442.4,368.4,27.2,89.0,230.5,23.4,9.64,66.4,20.3,3.41,6.93,8.88,37.4,Good,0.0,,,,1.3358011580391858,False,-0.0730395933026694,False
2016-02-10,Delhi,317.1,233.1,56.3,62.1,72.7,36.8,0.5,61.3,3.5,4.78,29.09,2.91,197.1,Very Poor,0.0,,,,0.4525237991124219,False,-0.0969346104685579,False
2016-02-11,Delhi,87.0,339.8,99.0,136.1,190.7,34.0,9.57,79.7,169.8,14.42,17.9,6.27,288.2,Moderate,0.0,,,,-1.169520257464182,False,-0.0745493971218196,False
2016-02-12,Delhi,255.9,403.4,127.1,118.2,130.1,39.4,9.64,72.5,99.5,3.16,13.2,5.54,358.0,Very Poor,0.0,,,,0.0211066054466759,False,-0.1084848889239858,False
2016-02-13,Delhi,275.3,41.9,42.2,3.7,3.3,4.9,5.72,88.7,94.5,0.68,20.6,4.81,50.1,Severe,0.0,,,,0.1578630361184973,False,-0.0702429081095901,False
2016-02-14,Delhi,43.7,272.8,122.1,51.6,180.5,26.6,4.72,81.7,149.8,1.81,19.44,8.29,31.8,Very Poor,0.0,,,,-1.4747549712832473,False,-0.0878944977410155,False
2016-02-15,Delhi,118.8,107.9,43.8,143.9,173.7,23.8,5.14,68.2,8.5,16.61,5.99,5.05,146.1,Poor,0.0,,,,-0.945352499971196,False,-0.0623380117596986,False
2016-02-16,Delhi,375.3,522.5,12.6,53.8,12.5,24.8,1.81,49.9,111.1,2.48,15.01,6.27,6.6,Poor,0.0,,,,0.8627930911278862,False,-0.0737348533506488,False
2016-02-17,Delhi,37.6,424.4,35.0,128.7,140.7,0.5,8.19,82.0,137.7,5.54,0.14,9.94,48.1,Very Poor,0.0,,,,-1.51775570463882,False,-0.0692840832700185,False
2016-02-18,Delhi,202.4,60.0,94.1,41.9,239.3,29.6,4.51,94.8,130.9,4.65,22.06,8.2,288.0,Poor,0.0,,,,-0.3560309739833471,False,-0.0959908241071422,False
2016-02-19,Delhi,92.5,99.8,20.1,127.9,198.1,41.9,5.03,22.2,162.9,11.46,9.7,9.33,279.3,Moderate,0.0,,,,-1.1307491044386653,False,-0.0883522962362464,False
2016-02-20,Delhi,89.5,405.6,196.3,90.8,56.3,14.5,3.33,80.8,60.3,15.62,29.13,8.85,121.4,Satisfactory,0.0,,,,-1.151897006088947,False,-0.1068497102895625,False
2016-02-21,Delhi,452.0,527.8,89.7,62.2,238.5,29.9,2.23,81.2,180.1,16.21,29.03,2.32,278.3,Poor,0.0,,,,1.4034744433200872,False,-0.0837655778895055,False
2016-02-22,Delhi,109.1,148.4,152.4,118.8,115.6,24.8,2.25,6.6,39.1,12.97,15.0,8.07,465.6,Severe,0.0,,,,-1.013730715307107,False,-0.0671787289302796,False
2016-02-23,Delhi,371.6,492.9,193.7,28.3,175.3,33.8,9.64,1.4,78.3,11.57,17.22,8.74,238.4,Satisfactory,0.0,,,,0.8367106790925388,False,-0.0636540983545803,False
2016-02-24,Delhi,57.4,88.0,31.2,68.3,100.6,21.4,1.86,1.2,99.0,1.37,12.59,2.24,316.9,Good,0.0,,,,-1.3781795537469608,False,-0.0753201451282857,False
2016-02-25,Delhi,169.3,459.5,142.7,32.1,73.5,16.4,3.32,17.2,42.0,15.53,20.06,5.51,325.7,Moderate,0.0,,,,-0.5893628221914547,False,-0.1077005927274089,False
2016-02-26,Delhi,470.5,17.4,193.4,43.4,29.8,10.7,7.28,76.1,99.4,9.29,18.2,2.57,25.2,Satisfactory,0.0,,,,1.533886503496824,False,-0.0691385253709405,False
2016-02-27,Delhi,75.9,394.2,29.1,98.7,96.4,33.2,7.19,86.7,136.3,9.25,26.49,2.12,476.6,Poor,0.0,,,,-1.247767493570224,False,-0.0940398995563086,False
2016-02-28,Delhi,199.9,524.4,110.7,58.7,69.3,4.0,0.28,92.9,130.5,14.62,9.89,8.69,103.2,Moderate,0.0,,,,-0.3736542253585818,False,-0.0703147752064839,False
2016-02-29,Delhi,222.1,57.8,20.7,58.0,115.2,20.5,1.07,4.3,128.1,18.87,14.82,6.55,109.7,Severe,0.0,,,,-0.2171597531464975,False,-0.0806369936836715,False
2016-03-01,Delhi,316.5,164.6,103.8,129.9,186.2,38.8,9.4,52.7,87.1,7.38,26.29,6.62,421.5,Good,0.0,,,,0.4482942187823655,False,-0.0979364155166716,False
2016-03-02,Delhi,190.1,424.4,140.6,107.0,111.3,39.5,5.84,14.3,83.6,6.57,29.6,6.06,224.6,Satisfactory,0.0,,,,-0.442737370749502,False,-0.1225149633625008,False
2016-03-03,Delhi,257.8,467.4,59.0,123.6,8.8,27.5,6.97,87.4,36.8,6.72,15.12,5.09,324.2,Very Poor,0.0,,,,0.0345002764918543,False,-0.0964372777478571,False
2016-03-04,Delhi,389.7,422.7,103.4,92.6,153.3,11.1,6.7,55.4,162.4,2.63,22.26,1.76,58.2,Moderate,0.0,,,,0.964303019049238,False,-0.1100316076685023,False
2016-03-05,Delhi,461.7,576.2,0.6,90.4,239.7,29.8,5.27,55.6,137.4,16.78,15.92,0.91,298.2,Satisfactory,0.0,,,,1.471852658655998,False,-0.105371578263229,False
2016-03-06,Delhi,113.9,85.4,191.9,37.3,179.1,5.5,5.18,76.0,176.9,18.62,27.12,7.5,431.7,Moderate,0.0,,,,-0.9798940726666562,False,-0.0832258194217892,False
2016-03-07,Delhi,99.8,95.8,72.7,30.0,107.2,46.0,0.33,38.8,84.4,7.43,7.22,8.99,229.0,Severe,0.0,,,,-1.07928921042298,False,-0.0915410922572184,False
2016-03-08,Delhi,322.5,253.1,124.9,21.8,151.7,34.5,4.92,75.9,25.3,6.1,27.29,0.28,308.6,Good,0.0,,,,0.4905900220829288,False,-0.1059527132205589,False
2016-03-09,Delhi,157.1,326.7,2.8,26.2,38.6,25.1,4.95,53.7,12.7,6.51,29.93,0.68,322.4,Very Poor,0.0,,,,-0.6753642889026003,False,-0.1098706275242107,False
2016-03-10,Delhi,125.5,393.1,47.6,13.1,42.3,3.5,0.68,83.2,37.3,18.19,26.15,0.95,414.0,Moderate,0.0,,,,-0.8981221862855671,False,-0.0610754203759463,False
2016-03-11,Delhi,253.2,258.1,91.3,125.5,78.6,3.3,6.63,8.4,111.8,4.76,10.73,3.71,444.2,Good,0.0,,,,0.0020734939614222,False,-0.0981817083488775,False
2016-03-12,Delhi,150.4,205.1,57.1,147.2,98.3,41.3,1.66,66.8,158.6,15.13,13.44,8.63,258.3,Poor,0.0,,,,-0.7225946025882293,False,-0.0918781064044575,False
2016-03-13,Delhi,0.4,468.2,5.4,82.5,119.0,35.3,9.45,60.6,135.8,19.47,17.84,6.02,246.8,Good,0.0,,,,-1.7799896851023125,False,-0.0713089251717107,False
2016-03-14,Delhi,157.8,229.1,161.2,106.6,203.0,28.8,1.43,56.1,89.8,4.41,23.53,8.6,416.5,Good,0.0,,,,-0.6704297785175344,False,-0.1238812296396398,False
2016-03-15,Delhi,387.6,13.4,62.9,110.6,149.8,5.6,9.54,14.0,194.5,0.69,23.21,2.06,52.1,Very Poor,0.0,,,,0.949499487894041,False,-0.0338600912946397,False
2016-03-16,Delhi,299.5,26.0,129.8,22.7,110.4,38.2,1.89,92.5,160.8,0.86,13.27,6.25,303.9,Moderate,0.0,,,,0.3284561094307693,False,-0.0679249529994839,False
2016-03-17,Delhi,144.3,591.3,52.1,46.1,163.8,8.6,7.17,79.2,94.9,15.73,6.08,1.63,163.9,Satisfactory,0.0,,,,-0.7655953359438019,False,-0.0928292650321802,False
2016-03-18,Delhi,234.2,237.7,8.6,134.6,106.8,16.1,2.23,28.2,75.1,0.94,6.48,0.56,262.1,Very Poor,0.0,,,,-0.1318632164903615,False,-0.122299846126765,False
2016-03-19,Delhi,107.4,494.2,163.3,73.5,53.1,48.7,4.88,37.1,26.0,0.19,22.91,0.19,248.4,Moderate,0.0,,,,-1.0257145262422664,False,-0.1191628744570309,False
2016-03-20,Delhi,174.7,398.9,189.1,32.2,47.7,7.3,3.76,82.6,89.7,4.12,17.6,0.78,60.1,Very Poor,0.0,,,,-0.5512965992209479,False,-0.1060490633213229,False
2016-03-21,Delhi,3.8,487.1,130.5,88.3,48.5,39.7,2.05,40.1,182.6,1.14,16.85,5.59,280.6,Severe,0.0,,,,-1.7560220632319932,False,-0.0917984105454735,False
2016-03-22,Delhi,223.4,552.9,18.8,147.2,137.9,19.2,1.93,85.4,153.5,11.35,21.83,6.92,136.8,Very Poor,0.0,,,,-0.2079956624313754,False,-0.0660558952228262,False
2016-03-23,Delhi,338.7,581.4,84.6,121.8,132.9,42.9,9.57,90.9,65.3,3.7,2.68,2.51,20.7,Severe,0.0,,,,0.6047886909944497,False,-0.0313414285360352,False
2016-03-24,Delhi,450.7,86.4,157.4,19.8,210.4,15.8,5.92,68.3,32.4,10.87,10.29,1.63,177.9,Good,0.0,,,,1.3943103526049652,False,-0.0922608749523026,False
2016-03-25,Delhi,467.8,355.3,18.7,48.6,212.9,7.7,1.45,26.8,171.1,11.54,24.98,2.28,138.5,Severe,0.0,,,,1.5148533920115708,False,-0.1035667984054278,False
2016-03-26,Delhi,337.6,82.2,11.1,66.9,206.2,45.8,7.56,63.3,35.0,18.43,18.5,0.12,441.3,Good,0.0,,,,0.5970344603893466,False,-0.1078296503506733,False
2016-03-27,Delhi,39.6,292.1,81.8,143.9,97.8,22.9,8.45,73.3,57.3,17.34,28.61,5.18,404.1,Moderate,0.0,,,,-1.503657103538632,False,-0.0656758271824871,False
2016-03-28,Delhi,19.7,564.3,80.4,108.6,106.3,10.4,8.42,4.1,56.6,4.49,1.84,7.53,301.2,Satisfactory,0.0,,,,-1.6439381844855006,False,-0.0454332387036153,False
2016-03-29,Delhi,361.4,402.9,33.6,71.5,85.8,48.1,4.14,31.5,130.0,10.66,15.85,4.82,377.5,Good,0.0,,,,0.7648078134815809,False,-0.1363479578927227,False
2016-03-30,Delhi,91.5,316.5,102.8,146.0,21.1,37.9,8.01,35.4,98.3,3.35,18.41,5.13,58.5,Good,0.0,,,,-1.1377984049887593,False,-0.0769316837443193,False
2016-03-31,Delhi,473.5,176.9,40.4,37.5,58.4,39.0,4.13,94.0,189.3,15.7,19.13,9.8,145.6,Poor,0.0,,,,1.555034405147106,False,-0.0642979391632655,False
2016-04-01,Delhi,410.4,296.4,186.5,105.7,237.8,46.5,5.58,17.4,68.0,2.92,11.56,4.82,347.0,Satisfactory,0.0,,,,1.110223540436181,False,-0.1247495250044145,False
2016-04-02,Delhi,182.1,269.3,87.2,66.4,161.0,15.8,4.22,6.8,186.1,0.7,26.05,8.52,391.4,Poor,0.0,,,,-0.4991317751502531,False,-0.0889081123041239,False
2016-04-03,Delhi,151.7,490.0,60.5,93.3,75.6,33.4,2.75,46.3,95.2,6.09,19.8,1.25,365.2,Very Poor,0.0,,,,-0.7134305118731074,False,-0.1263455319100423,False
2016-04-04,Delhi,490.2,147.7,28.1,102.7,241.2,6.0,1.14,56.9,44.6,8.51,16.19,7.58,19.4,Moderate,0.0,,,,1.6727577243336738,False,-0.0602979741473649,False
2016-04-05,Delhi,178.6,464.0,69.2,21.1,41.2,45.4,5.81,45.0,77.2,5.81,6.43,7.99,140.9,Moderate,0.0,,,,-0.5238043270755817,False,-0.1168366189201205,False
2016-04-06,Delhi,415.6,487.5,16.1,38.6,235.3,16.3,4.28,77.0,13.9,9.04,1.79,1.21,133.4,Good,0.0,,,,1.14687990329667,False,-0.0917025654112917,False
2016-04-07,Delhi,143.9,353.8,121.7,40.9,236.4,35.9,9.41,60.5,69.5,8.35,14.07,8.42,85.0,Poor,0.0,,,,-0.7684150561638395,False,-0.0975029576276547,False
2016-04-08,Delhi,418.6,509.5,28.9,103.7,202.7,37.6,7.39,78.5,68.1,19.8,8.32,3.17,326.7,Severe,0.0,,,,1.1680278049469517,False,-0.1028833620207027,False
2016-04-09,Delhi,152.9,563.1,75.2,8.8,66.8,20.5,6.12,83.6,98.9,11.97,27.87,2.41,140.3,Very Poor,0.0,,,,-0.7049713512129945,False,-0.0837310693027383,False
2016-04-10,Delhi,252.9,169.6,140.1,97.8,83.7,2.9,2.64,72.4,79.7,16.6,22.64,6.08,78.5,Very Poor,0.0,,,,-4.129620360575332e-05,False,-0.1290614169160058,False
2016-04-11,Delhi,477.8,525.2,139.7,25.6,50.2,0.4,1.79,40.8,166.1,7.26,21.52,0.44,479.9,Poor,0.0,,,,1.5853463975125095,False,-0.0547923230550558,False
2016-04-12,Delhi,184.3,76.9,8.6,68.0,160.3,47.0,6.07,22.2,61.4,4.75,2.72,9.78,319.5,Very Poor,0.0,,,,-0.4836233139400464,False,-0.1214576963029587,False
2016-04-13,Delhi,353.0,5.2,77.4,144.4,125.2,36.0,5.68,49.6,194.4,0.38,4.62,3.82,379.6,Good,0.0,,,,0.7055936888607923,False,-0.0569902151490671,False
2016-04-14,Delhi,61.9,379.0,151.1,37.3,7.3,32.8,8.85,66.8,113.4,11.63,23.21,0.76,130.7,Moderate,0.0,,,,-1.3464577012715384,False,-0.0884939469471168,False
2016-04-15,Delhi,462.0,14.2,146.9,123.3,163.0,26.7,5.98,0.0,128.6,15.43,3.42,1.97,38.8,Very Poor,0.0,,,,1.473967448821026,False,-0.0447066144947373,False
2016-04-16,Delhi,355.0,413.8,166.8,126.6,49.4,23.3,5.87,40.3,175.7,14.79,25.82,8.07,481.0,Poor,0.0,,,,0.7196922899609801,False,-0.0982719981642351,False
2016-04-17,Delhi,301.7,344.1,64.3,125.4,236.6,31.6,5.99,58.9,120.1,5.14,9.45,7.51,375.3,Good,0.0,,,,0.3439645706409758,False,-0.1355544580156387,False
2016-04-18,Delhi,273.3,588.1,108.9,55.0,189.3,44.6,1.8,88.6,64.3,6.99,1.84,1.45,41.7,Poor,0.0,,,,0.1437644350183096,False,-0.0679061510088433,False
2016-04-19,Delhi,130.4,237.8,108.4,3.5,34.3,44.1,8.23,80.9,113.8,18.56,11.26,6.42,72.5,Satisfactory,0.0,,,,-0.863580613590107,False,-0.0732816290174793,False
2016-04-20,Delhi,316.3,242.4,44.5,0.7,68.9,34.0,1.96,0.7,186.0,9.78,12.85,4.85,207.3,Severe,0.0,,,,0.4468843586723467,False,-0.0590976991428273,False
2016-04-21,Delhi,182.2,12.4,163.9,137.6,246.9,38.0,7.6,80.0,168.2,16.11,8.8,4.72,483.9,Moderate,0.0,,,,-0.4984268450952437,False,-0.0526218067398064,False
2016-04-22,Delhi,380.5,462.0,51.0,146.0,111.0,37.4,4.1,44.7,117.0,0.52,6.59,0.26,63.1,Moderate,0.0,,,,0.8994494539883743,False,-0.0797964103866349,False
2016-04-23,Delhi,43.2,368.4,9.5,8.5,200.4,27.2,5.3,36.3,198.3,3.96,8.86,6.92,425.7,Moderate,0.0,,,,-1.478279621558294,False,-0.0511667339011903,False
2016-04-24,Delhi,351.4,346.8,192.2,46.0,2.3,42.0,4.16,97.9,184.0,9.53,14.06,8.39,455.7,Moderate,0.0,,,,0.6943148079806419,False,-0.0702394120933853,False
2016-04-25,Delhi,260.8,575.2,132.1,57.7,249.7,44.0,4.25,83.3,126.4,12.04,29.4,1.56,78.0,Poor,0.0,,,,0.055648178142136,False,-0.0948815606288171,False
2016-04-26,Delhi,499.8,489.6,10.8,49.7,245.8,23.1,8.97,53.7,172.0,11.93,4.46,6.72,54.9,Poor,0.0,,,,1.7404310096145752,False,-0.0565781497947833,False
2016-04-27,Delhi,34.2,6.3,69.3,85.7,243.9,23.4,1.09,80.9,160.2,4.18,14.93,6.21,124.2,Satisfactory,0.0,,,,-1.541723326509139,False,-0.0431484285471561,False
2016-04-28,Delhi,104.8,512.0,77.2,96.2,214.3,48.9,3.83,54.6,20.4,14.38,26.58,1.82,113.6,Very Poor,0.0,,,,-1.0440427076725105,False,-0.0979345132548545,False
2016-04-29,Delhi,218.4,89.2,115.0,9.6,187.1,18.3,4.01,74.8,83.9,5.16,0.85,7.18,180.9,Moderate,0.0,,,,-0.2432421651818448,False,-0.1029792389627728,False
2016-04-30,Delhi,499.0,225.0,131.8,136.6,157.2,26.8,3.88,6.1,12.2,9.27,12.89,1.2,496.6,Good,0.0,,,,1.7347915691745,False,-0.0281409895864893,False
2016-05-01,Delhi,104.7,31.7,6.6,139.4,139.6,37.3,3.33,14.7,143.3,9.58,4.85,5.17,376.5,Very Poor,0.0,,,,-1.04474763772752,False,-0.0660546261801527,False
2016-05-02,Delhi,416.3,565.2,71.5,141.2,0.4,42.6,6.51,18.1,93.6,2.72,5.36,4.17,276.5,Severe,0.0,,,,1.1518144136817354,False,-0.0818390209914761,False
2016-05-03,Delhi,98.9,366.6,149.1,49.1,25.8,35.1,9.04,75.2,20.7,18.64,1.9,9.97,43.4,Satisfactory,0.0,,,,-1.0856335809180644,False,-0.0757231745176637,False
2016-05-04,Delhi,8.6,570.1,93.6,44.8,186.2,15.4,1.6,57.6,140.2,4.36,11.8,4.61,217.0,Very Poor,0.0,,,,-1.7221854205915426,False,-0.07944825411683,False
2016-05-05,Delhi,24.5,463.0,98.5,0.6,133.1,9.9,8.54,9.8,170.2,9.9,22.2,3.22,149.9,Good,0.0,,,,-1.6101015418450495,False,-0.0142162109260735,False
2016-05-06,Delhi,281.4,547.4,79.5,137.7,87.4,23.1,5.71,27.6,135.5,15.1,22.57,3.47,433.3,Satisfactory,0.0,,,,0.2008637694740698,False,-0.0914440702450539,False
2016-05-07,Delhi,245.1,205.8,27.1,19.1,41.4,38.9,5.11,93.8,38.8,3.35,14.59,4.13,180.5,Satisfactory,0.0,,,,-0.0550258404943381,False,-0.0937344893824705,False
2016-05-08,Delhi,350.6,541.2,97.6,114.4,108.6,49.0,0.28,0.4,187.0,7.25,25.12,0.27,436.3,Very Poor,0.0,,,,0.6886753675405672,False,-0.030100148388479,False
2016-05-09,Delhi,103.7,186.2,154.0,10.4,101.8,15.4,7.14,65.5,185.4,3.9,11.88,7.23,351.8,Very Poor,0.0,,,,-1.051796938277614,False,-0.0785144333058632,False
2016-05-10,Delhi,179.3,18.7,184.3,22.6,200.0,3.3,6.93,86.4,172.6,17.06,2.71,7.66,135.1,Good,0.0,,,,-0.5188698166905158,False,-0.0757550935394499,False
2016-05-11,Delhi,357.3,338.1,84.4,121.5,8.9,10.3,5.61,42.2,117.8,17.07,10.72,8.97,196.3,Good,0.0,,,,0.7359056812261962,False,-0.1356152975226259,False
2016-05-12,Delhi,102.2,509.1,135.6,116.5,96.4,5.8,7.17,95.8,140.1,14.2,5.65,5.82,191.5,Moderate,0.0,,,,-1.0623708891027548,False,-0.0813247432265282,False
2016-05-13,Delhi,77.8,484.6,32.8,55.7,138.6,31.2,8.81,75.0,148.3,16.73,16.61,5.13,265.8,Severe,0.0,,,,-1.2343738225250451,False,-0.0917662998360851,False
2016-05-14,Delhi,142.4,198.3,165.6,63.0,69.7,23.6,1.4,79.0,14.4,14.74,20.78,9.96,117.8,Very Poor,0.0,,,,-0.7789890069889803,False,-0.0851291534161751,False
2016-05-15,Delhi,297.9,307.1,199.7,20.0,234.4,45.9,8.61,56.8,40.3,3.3,23.19,0.37,221.9,Satisfactory,0.0,,,,0.317177228550619,False,-0.106041615800674,False
2016-05-16,Delhi,191.5,31.9,27.0,36.5,194.6,39.8,1.85,39.2,92.8,5.54,6.84,6.91,14.5,Severe,0.0,,,,-0.4328683499793705,False,-0.071055772609207,False
2016-05-17,Delhi,192.7,217.6,100.5,149.1,56.4,10.2,5.29,62.6,136.1,10.71,9.75,7.66,175.6,Moderate,0.0,,,,-0.4244091893192579,False,-0.1100402105464916,False
2016-05-18,Delhi,475.9,182.9,73.6,134.6,110.4,30.9,4.44,85.8,165.6,12.43,7.75,8.87,431.7,Very Poor,0.0,,,,1.571952726467331,False,-0.0802943251508708,False
2016-05-19,Delhi,58.2,210.2,1.5,101.1,9.6,16.0,3.16,9.9,7.4,11.78,13.22,5.78,433.1,Good,0.0,,,,-1.3725401133068855,False,-0.0752897191582392,False
2016-05-20,Delhi,277.9,50.4,121.9,25.9,6.2,31.5,4.27,46.3,174.2,17.0,17.73,8.49,267.1,Poor,0.0,,,,0.1761912175487412,False,-0.1122568340053823,False
2016-05-21,Delhi,154.8,260.6,120.0,63.3,249.3,2.0,5.8,50.1,86.3,13.66,8.5,0.43,243.8,Good,0.0,,,,-0.6915776801678161,False,-0.142109972718361,False
2016-05-22,Delhi,140.1,264.7,176.1,47.1,99.3,46.4,5.95,18.7,15.7,7.57,8.83,9.06,58.7,Poor,0.0,,,,-0.7952023982541964,False,-0.0951718543354714,False
2016-05-23,Delhi,50.7,512.7,179.0,74.7,99.1,21.1,9.89,74.8,3.4,14.88,4.58,7.79,478.8,Satisfactory,0.0,,,,-1.42540986743259,False,-0.020010764963918,False
2016-05-24,Delhi,360.7,291.1,124.3,31.6,56.5,49.4,6.01,30.9,80.2,8.17,8.93,0.01,324.6,Severe,0.0,,,,0.7598733030965152,False,-0.1329820839675575,False
2016-05-25,Delhi,27.6,343.8,183.8,133.5,77.3,30.7,0.01,61.0,9.7,0.87,12.32,9.59,288.5,Very Poor,0.0,,,,-1.5882487101397589,False,-0.0594695091809139,False
2016-05-26,Delhi,99.3,576.1,45.6,149.9,19.4,42.9,6.64,17.8,97.8,12.31,4.3,4.5,318.7,Very Poor,0.0,,,,-1.0828138606980269,False,-0.0560259309245713,False
2016-05-27,Delhi,185.8,341.9,50.0,6.1,245.0,40.7,9.48,19.3,163.7,17.49,16.38,5.38,249.0,Very Poor,0.0,,,,-0.4730493631149056,False,-0.0593409911140813,False
2016-05-28,Delhi,246.5,142.3,114.1,52.7,66.7,31.9,0.71,91.2,104.6,4.86,6.57,7.51,471.9,Very Poor,0.0,,,,-0.0451568197242066,False,-0.0679763749007635,False
2016-05-29,Delhi,139.4,395.4,96.9,137.1,113.1,24.2,1.49,26.8,172.2,11.63,9.02,4.91,290.7,Moderate,0.0,,,,-0.800136908639262,False,-0.0964797025414457,False
2016-05-30,Delhi,430.7,527.4,9.4,149.1,28.8,23.9,2.28,47.6,144.4,0.25,26.59,4.5,234.7,Severe,0.0,,,,1.2533243416030873,False,-0.0750668449303211,False
2016-05-31,Delhi,281.4,354.0,171.2,63.4,108.1,1.3,8.86,76.1,76.4,5.46,0.11,4.62,99.4,Good,0.0,,,,0.2008637694740698,False,-0.1152838708394828,False
2016-06-01,Delhi,298.7,66.4,4.6,84.1,13.4,24.8,0.01,80.1,192.9,16.58,7.25,6.1,381.2,Poor,0.0,,,,0.3228166689906941,False,-0.0583551354627688,False
2016-06-02,Delhi,161.3,509.7,96.4,54.0,164.1,19.3,9.12,63.3,74.2,9.81,22.88,2.27,496.6,Severe,0.0,,,,-0.6457572265922058,False,-0.0757338116378535,False
2016-06-03,Delhi,411.7,227.8,95.6,80.0,44.5,11.8,9.48,40.0,179.1,8.86,13.43,2.39,389.8,Moderate,0.0,,,,1.1193876311513036,False,-0.1016377059481316,False
2016-06-04,Delhi,315.4,528.9,82.3,125.5,52.6,5.3,6.16,17.9,76.3,8.07,10.76,6.08,378.1,Poor,0.0,,,,0.440539988177262,False,-0.1083961040660529,False
2016-06-05,Delhi,141.1,122.8,80.1,134.5,23.4,35.4,8.35,32.0,153.4,7.99,24.19,5.99,316.4,Very Poor,0.0,,,,-0.7881530977041025,False,-0.0905096655041114,False
2016-06-06,Delhi,293.2,130.9,1.2,8.5,51.2,23.1,8.86,56.2,51.1,15.55,7.96,1.33,434.4,Moderate,0.0,,,,0.2840455159651778,False,-0.0708627178636055,False
2016-06-07,Delhi,354.4,260.1,189.1,32.5,188.5,11.4,6.34,55.4,115.6,13.82,25.86,9.4,400.7,Moderate,0.0,,,,0.7154627096309236,False,-0.1290951061883323,False
2016-06-08,Delhi,134.5,530.2,174.7,115.9,156.9,5.9,3.03,71.8,116.5,15.64,2.44,9.25,106.8,Very Poor,0.0,,,,-0.8346784813347221,False,-0.1009303231532715,False
2016-06-09,Delhi,220.2,246.3,39.9,44.7,48.2,1.1,6.74,46.9,88.7,19.51,3.62,6.16,165.0,Very Poor,0.0,,,,-0.230553424191676,False,-0.1397911832315049,False
2016-06-10,Delhi,25.1,329.5,78.1,95.3,99.2,16.4,8.07,28.3,42.4,3.4,11.05,4.08,330.7,Poor,0.0,,,,-1.6058719615149937,False,-0.0982911585606475,False
2016-06-11,Delhi,303.1,354.7,151.6,54.0,190.4,45.4,3.11,31.5,131.2,3.26,4.11,3.69,355.7,Very Poor,0.0,,,,0.3538335914111075,False,-0.1399415968519216,False
2016-06-12,Delhi,77.5,235.4,192.6,77.1,164.2,40.2,9.14,32.5,70.1,7.29,13.83,2.31,211.9,Moderate,0.0,,,,-1.2364886126900736,False,-0.1040081258161637,False
2016-06-13,Delhi,273.7,87.7,90.8,147.2,225.5,2.8,0.39,63.2,24.7,17.17,19.61,5.7,489.4,Poor,0.0,,,,0.146584155238347,False,-0.044810032743026,False
2016-06-14,Delhi,243.1,353.1,110.0,36.0,91.0,45.3,6.05,5.9,164.1,11.69,20.93,8.02,470.0,Severe,0.0,,,,-0.0691244415945259,False,-0.0880715913300239,False
2016-06-15,Delhi,407.6,590.7,126.7,144.2,232.3,36.9,2.45,84.8,197.1,1.84,17.11,0.8,289.8,Moderate,0.0,,,,1.0904854988959187,False,-0.0317401384929172,False
2016-06-16,Delhi,309.9,99.2,167.2,5.1,208.8,3.0,2.63,29.4,80.6,11.57,25.83,1.99,477.0,Moderate,0.0,,,,0.4017688351517456,False,-0.0683332292179,False
2016-06-17,Delhi,376.1,279.1,28.3,107.6,172.9,0.0,2.16,3.4,9.7,13.43,10.8,6.0,52.1,Satisfactory,0.0,,,,0.8684325315679613,False,-0.0716787639213722,False
2016-06-18,Delhi,35.3,242.8,86.3,106.4,234.4,30.4,2.18,27.9,99.3,17.32,20.18,1.16,250.1,Satisfactory,0.0,,,,-1.5339690959040355,False,-0.1132220545772472,False
2016-06-19,Delhi,197.2,20.8,116.2,78.2,56.6,10.7,1.21,36.9,143.9,7.59,26.89,7.61,218.0,Severe,0.0,,,,-0.3926873368438354,False,-0.0983886296555525,False
2016-06-20,Delhi,390.9,495.5,192.9,84.5,69.3,42.4,8.72,69.9,48.2,14.99,9.35,7.65,84.7,Severe,0.0,,,,0.9727621797093504,False,-0.090807960705821,False
2016-06-21,Delhi,234.3,327.2,27.4,131.7,106.7,16.6,2.01,81.9,156.0,5.97,14.02,5.69,396.3,Very Poor,0.0,,,,-0.131158286435352,False,-0.1035756468525513,False
2016-06-22,Delhi,40.5,348.0,155.4,100.6,148.4,21.1,0.33,20.5,118.3,15.72,0.21,0.48,102.6,Satisfactory,0.0,,,,-1.4973127330435476,False,-0.0832457136276723,False
2016-06-23,Delhi,58.5,134.0,107.6,78.0,38.2,41.9,5.88,57.0,184.7,16.38,15.5,4.22,39.0,Poor,0.0,,,,-1.3704253231418575,False,-0.0832069830956863,False
2016-06-24,Delhi,303.7,322.1,20.2,68.4,105.5,14.7,4.75,90.0,93.0,1.18,21.35,7.05,316.1,Very Poor,0.0,,,,0.3580631717411636,False,-0.1295391701853326,False
2016-06-25,Delhi,128.6,592.7,172.5,75.9,174.9,26.4,3.42,23.5,127.5,5.9,0.25,5.05,273.4,Good,0.0,,,,-0.8762693545802761,False,-0.0916570570616046,False
2016-06-26,Delhi,57.9,79.3,150.9,115.2,93.9,43.9,9.55,48.2,168.1,19.58,23.3,4.27,335.1,Moderate,0.0,,,,-1.3746549034719138,False,-0.0759751282352305,False
2016-06-27,Delhi,440.3,491.8,191.0,77.7,69.9,14.9,9.24,88.3,44.4,7.69,21.22,8.87,311.3,Poor,0.0,,,,1.320997626883989,False,-0.0811116967105814,False
2016-06-28,Delhi,90.5,540.1,180.5,145.0,84.4,26.0,2.63,3.3,38.8,8.68,2.0,0.02,328.0,Poor,0.0,,,,-1.144847705538853,False,-0.0491245627162657,False
2016-06-29,Delhi,51.6,557.4,199.1,4.9,168.4,11.9,6.46,32.0,130.2,5.14,28.96,5.94,137.5,Very Poor,0.0,,,,-1.4190654969375054,False,-0.064547312883284,False
2016-06-30,Delhi,85.2,278.1,6.6,5.0,36.5,39.3,6.05,57.0,70.3,3.82,25.26,6.49,379.2,Severe,0.0,,,,-1.182208998454351,False,-0.0923738896538179,False
2016-07-01,Delhi,274.1,502.1,104.0,80.7,44.1,33.2,2.08,66.0,137.2,2.18,7.27,9.08,236.2,Good,0.0,,,,0.1494038754583848,False,-0.1293787367165954,False
2016-07-02,Delhi,232.3,258.0,2.5,12.6,101.7,19.2,6.64,75.5,9.2,13.12,17.04,5.74,477.9,Moderate,0.0,,,,-0.1452568875355398,False,-0.0663486290348407,False
2016-07-03,Delhi,141.5,65.9,93.7,14.1,28.7,49.6,4.36,90.4,55.4,6.4,18.4,9.4,481.8,Severe,0.0,,,,-0.7853333774840648,False,-0.059134424701788,False
2016-07-04,Delhi,258.7,507.5,67.4,60.8,82.6,6.2,2.86,5.6,50.0,6.92,3.38,5.44,41.1,Very Poor,0.0,,,,0.0408446469869386,False,-0.0850621536984884,False
2016-07-05,Delhi,202.7,364.8,89.0,83.8,91.3,4.1,3.52,79.9,3.4,0.44,25.01,8.64,207.8,Poor,0.0,,,,-0.353916183818319,False,-0.0981543660752598,False
2016-07-06,Delhi,417.2,342.4,185.2,123.7,48.6,1.5,6.46,42.2,112.7,12.01,15.2,8.04,169.4,Satisfactory,0.0,,,,1.15815878417682,False,-0.1237621774059547,False
2016-07-07,Delhi,477.4,600.0,157.4,87.6,88.0,14.9,0.07,20.3,165.2,1.36,7.91,2.93,110.6,Severe,0.0,,,,1.5825266772924718,False,-0.0284458045975269,False
2016-07-08,Delhi,170.2,134.5,52.3,100.9,220.9,3.5,1.8,12.4,151.0,18.61,24.34,0.07,230.4,Moderate,0.0,,,,-0.5830184516963703,False,-0.1063522828471156,False
2016-07-09,Delhi,343.1,94.4,57.2,105.3,151.3,36.6,1.77,43.6,6.5,2.04,19.79,5.76,208.4,Very Poor,0.0,,,,0.6358056134148631,False,-0.0961182680233141,False
2016-07-10,Delhi,15.2,409.6,23.4,33.3,114.3,9.6,6.5,44.7,120.5,12.24,12.13,2.92,360.8,Moderate,0.0,,,,-1.675660036960923,False,-0.0988292473960061,False
2016-07-11,Delhi,261.3,584.7,24.0,67.4,121.5,15.2,2.91,8.7,33.9,13.25,28.93,3.07,141.1,Good,0.0,,,,0.0591728284171829,False,-0.0885610651802268,False
2016-07-12,Delhi,236.0,378.2,43.0,16.9,86.3,48.2,4.15,58.9,159.4,13.37,24.37,8.82,161.1,Satisfactory,0.0,,,,-0.1191744755001925,False,-0.1197841933647483,False
2016-07-13,Delhi,259.3,568.9,133.7,145.6,149.9,1.9,2.54,17.2,193.0,2.86,1.83,3.66,43.3,Satisfactory,0.0,,,,0.0450742273169951,False,-0.0162606976129646,False
2016-07-14,Delhi,129.8,484.9,157.4,136.2,123.3,41.1,6.02,49.5,94.5,6.06,26.11,3.94,278.9,Poor,0.0,,,,-0.8678101939201633,False,-0.1129180545462691,False
2016-07-15,Delhi,107.3,185.9,47.9,131.2,178.3,20.4,9.15,45.0,80.0,10.28,14.16,0.46,387.8,Moderate,0.0,,,,-1.0264194562972755,False,-0.0932907180294818,False
2016-07-16,Delhi,336.7,564.4,190.4,96.8,209.1,38.7,6.53,51.8,102.9,19.51,15.24,5.89,421.0,Very Poor,0.0,,,,0.5906900898942619,False,-0.1195721419181906,False
2016-07-17,Delhi,58.0,522.7,73.7,85.1,83.8,9.1,3.32,18.5,125.7,18.79,12.98,9.63,29.2,Severe,0.0,,,,-1.3739499734169045,False,-0.0804897460729512,False
2016-07-18,Delhi,97.5,433.3,80.6,92.1,80.4,10.8,6.42,23.8,109.9,12.71,5.45,0.95,481.9,Satisfactory,0.0,,,,-1.095502601688196,False,-0.0985076939578429,False
2016-07-19,Delhi,383.8,372.8,170.4,5.9,83.8,12.1,0.77,58.9,131.6,15.18,3.13,8.37,46.2,Good,0.0,,,,0.9227121458036842,False,-0.0673981408328179,False
2016-07-20,Delhi,447.1,18.8,179.6,31.5,45.7,31.3,6.45,52.8,3.7,15.07,8.2,1.15,169.2,Severe,0.0,,,,1.368932870624627,False,-0.0719070803848724,False
2016-07-21,Delhi,487.3,18.4,25.7,96.3,176.0,4.9,2.05,50.4,176.5,11.17,25.59,1.12,322.3,Satisfactory,0.0,,,,1.6523147527384017,False,-0.0724207720288662,False
2016-07-22,Delhi,62.1,15.3,30.7,73.6,57.0,33.5,7.75,54.4,70.7,7.93,9.16,7.29,83.0,Moderate,0.0,,,,-1.3450478411615197,False,-0.0828722348454599,False
2016-07-23,Delhi,31.2,204.9,113.5,60.8,80.6,29.2,8.55,1.0,0.2,8.6,27.06,6.64,218.8,Severe,0.0,,,,-1.5628712281594208,False,-0.0449534956601168,False
2016-07-24,Delhi,457.7,36.5,119.7,109.1,219.0,8.9,7.4,64.4,127.6,14.77,10.38,9.61,140.1,Severe,0.0,,,,1.4436554564556223,False,-0.1056862326428184,False
2016-07-25,Delhi,93.4,19.3,117.5,108.5,11.7,25.6,9.77,80.3,14.9,8.21,10.97,4.78,326.8,Severe,0.0,,,,-1.1244047339435808,False,-0.0397763428029552,False
2016-07-26,Delhi,28.7,3.4,27.5,148.0,32.7,16.6,1.2,16.1,117.0,17.29,20.66,8.19,401.6,Good,0.0,,,,-1.5804944795346554,False,-0.0254173194242997,False
2016-07-27,Delhi,226.0,19.2,57.1,42.9,156.2,3.6,0.4,61.0,101.0,9.16,12.61,0.82,375.1,Good,0.0,,,,-0.1896674810011313,False,-0.0858459776703324,False
2016-07-28,Delhi,364.1,401.5,121.1,11.9,102.0,28.5,5.72,20.5,131.2,17.12,17.98,9.86,160.6,Moderate,0.0,,,,0.7838409249668347,False,-0.1018741921672795,False
2016-07-29,Delhi,2.7,188.4,80.6,63.2,7.0,0.1,7.99,19.8,126.1,16.65,6.21,5.08,10.5,Poor,0.0,,,,-1.7637762938370969,False,-0.0541826626225174,False
2016-07-30,Delhi,22.8,347.2,91.0,9.7,212.8,36.1,0.97,44.8,60.2,16.63,2.75,7.95,107.3,Very Poor,0.0,,,,-1.6220853527802093,False,-0.066170216323428,False
2016-07-31,Delhi,11.8,304.8,156.9,110.9,23.0,12.8,8.51,8.5,17.0,8.62,9.76,3.0,20.0,Poor,0.0,,,,-1.699627658831242,False,-0.0388237678162581,False
2016-08-01,Delhi,76.5,63.5,78.0,45.7,136.3,45.2,0.12,17.6,113.5,5.33,7.11,6.31,436.6,Very Poor,0.0,,,,-1.2435379132401676,False,-0.0553018736526,False
2016-08-02,Delhi,191.1,218.7,29.8,141.8,232.4,13.8,1.03,59.8,123.8,5.07,23.79,3.64,203.8,Severe,0.0,,,,-0.4356880701994081,False,-0.0988443462830088,False
2016-08-03,Delhi,28.2,579.6,140.9,23.4,219.4,4.9,8.87,28.5,194.4,16.08,23.73,6.51,265.9,Satisfactory,0.0,,,,-1.5840191298097024,False,-0.0266919706321199,False
2016-08-04,Delhi,62.6,41.3,38.4,78.2,226.1,25.1,3.3,67.0,12.4,11.25,7.94,4.25,433.2,Moderate,0.0,,,,-1.3415231908864726,False,-0.0657631692920698,False
2016-08-05,Delhi,195.3,558.2,139.8,112.1,3.7,39.7,0.67,77.8,123.3,4.24,18.84,1.97,446.7,Severe,0.0,,,,-0.4060810078890136,False,-0.0733687063640788,False
2016-08-06,Delhi,392.6,323.6,93.2,84.8,62.6,25.9,9.32,13.9,117.3,3.4,22.51,4.2,437.2,Moderate,0.0,,,,0.9847459906445104,False,-0.0880227810782218,False
2016-08-07,Delhi,101.3,587.9,192.2,104.5,82.0,6.9,8.5,9.0,78.5,12.45,24.25,6.43,342.2,Good,0.0,,,,-1.068715259597839,False,-0.065507981712008,False
2016-08-08,Delhi,215.4,66.5,117.8,8.3,60.3,5.8,6.73,51.2,24.9,0.49,5.79,9.18,476.6,Severe,0.0,,,,-0.2643900668321265,False,-0.070368370634909,False
2016-08-09,Delhi,357.6,189.5,11.1,7.8,217.2,10.4,3.23,25.2,39.9,15.3,25.65,5.51,278.5,Poor,0.0,,,,0.7380204713912244,False,-0.102099273899689,False
2016-08-10,Delhi,264.1,168.4,49.6,3.7,31.6,23.0,2.88,77.0,0.0,8.21,26.68,7.38,188.8,Very Poor,0.0,,,,0.0789108699574459,False,-0.0635288262576327,False
2016-08-11,Delhi,287.8,277.9,126.9,79.4,34.7,25.3,3.82,17.9,81.6,12.22,4.69,3.33,20.0,Poor,0.0,,,,0.2459792929946709,False,-0.109158246105322,False
2016-08-12,Delhi,290.1,300.9,127.0,18.0,23.6,36.9,9.76,21.8,22.6,15.0,29.77,3.36,471.5,Severe,0.0,,,,0.262192684259887,False,-0.0522790330612439,False
2016-08-13,Delhi,110.1,514.6,60.5,17.5,60.9,30.4,3.59,38.4,135.7,10.14,21.64,5.6,95.7,Good,0.0,,,,-1.006681414757013,False,-0.0946655769088359,False
2016-08-14,Delhi,209.9,212.3,44.2,0.4,234.1,38.9,5.05,1.1,108.7,10.57,25.95,3.22,52.4,Good,0.0,,,,-0.3031612198576429,False,-0.0683232799893057,False
2016-08-15,Delhi,87.8,563.0,86.7,122.9,89.4,24.4,9.93,97.5,125.1,17.16,23.67,0.98,429.3,Good,0.0,,,,-1.1638808170241066,False,-0.0267242091902801,False
2016-08-16,Delhi,184.2,0.8,147.6,87.9,32.9,42.8,1.95,71.2,4.7,3.06,17.43,0.97,105.6,Satisfactory,0.0,,,,-0.484328243995056,False,-0.0620600632967788,False
2016-08-17,Delhi,203.8,512.4,67.7,38.6,183.9,1.7,4.08,14.1,178.1,16.99,14.15,5.04,473.3,Good,0.0,,,,-0.3461619532132156,False,-0.0696063505523539,False
2016-08-18,Delhi,14.3,585.8,199.2,74.5,107.5,34.9,2.92,95.6,126.3,5.83,24.52,1.93,327.8,Severe,0.0,,,,-1.6820044074560072,False,-0.0568972135973343,False
2016-08-19,Delhi,15.1,311.2,155.8,14.6,124.5,18.2,9.91,69.5,155.4,19.56,23.1,5.82,136.4,Good,0.0,,,,-1.6763649670159324,False,-0.030491676002227,False
2016-08-20,Delhi,112.9,295.1,5.3,76.2,161.9,36.8,2.45,72.9,85.9,10.36,3.58,1.99,477.1,Moderate,0.0,,,,-0.98694337321675,False,-0.1007063014119954,False
2016-08-21,Delhi,350.2,309.1,141.7,12.0,30.1,22.7,9.75,3.5,180.8,2.82,7.13,8.87,468.0,Poor,0.0,,,,0.6858556473205294,False,-0.0255494417152417,False
2016-08-22,Delhi,304.1,591.0,106.6,96.6,101.9,36.8,2.34,11.4,172.9,15.95,3.92,7.19,85.8,Severe,0.0,,,,0.3608828919612014,False,-0.063193552944038,False
2016-08-23,Delhi,118.5,267.6,36.8,73.1,148.5,32.9,9.66,1.3,171.7,10.32,13.47,9.32,350.8,Satisfactory,0.0,,,,-0.9474672901362244,False,-0.064602074600744,False
2016-08-24,Delhi,336.7,442.9,19.6,37.5,144.5,37.8,5.3,55.3,127.2,17.26,24.61,0.27,192.7,Moderate,0.0,,,,0.5906900898942619,False,-0.1213053351123024,False
2016-08-25,Delhi,243.3,118.4,1.3,27.0,243.4,28.3,9.44,82.9,13.5,12.99,18.17,2.69,188.5,Moderate,0.0,,,,-0.067714581484507,False,-0.0636962092025651,False
2016-08-26,Delhi,222.8,5.5,101.9,134.7,186.8,39.0,5.33,52.0,6.2,14.69,15.52,4.14,298.3,Very Poor,0.0,,,,-0.2122252427614317,False,-0.069162129332485,False
2016-08-27,Delhi,63.1,138.7,165.1,33.1,1.1,27.0,1.79,14.6,189.9,1.31,12.28,3.59,414.6,Poor,0.0,,,,-1.3379985406114256,False,-0.0605706427866339,False
2016-08-28,Delhi,217.4,572.1,84.4,82.6,245.7,39.3,8.26,67.2,19.5,14.77,12.59,3.98,256.2,Good,0.0,,,,-0.2502914657319388,False,-0.0911061701929905,False
2016-08-29,Delhi,394.4,582.9,149.3,69.7,89.7,0.4,0.57,56.0,159.1,7.13,1.59,0.89,495.1,Moderate,0.0,,,,0.9974347316346792,False,-0.0533958197524562,False
2016-08-30,Delhi,485.5,57.5,100.7,39.2,27.3,7.1,6.56,29.5,158.0,0.82,21.11,9.61,100.1,Very Poor,0.0,,,,1.6396260117482324,False,-0.0800250734099433,False
2016-08-31,Delhi,182.1,270.8,115.4,47.5,51.4,26.7,1.76,48.3,20.0,1.94,27.75,6.88,316.1,Moderate,0.0,,,,-0.4991317751502531,False,-0.1145325323713878,False
2016-09-01,Delhi,114.4,506.6,102.4,136.8,147.6,28.7,5.54,52.9,84.6,15.59,1.12,0.87,223.1,Very Poor,0.0,,,,-0.9763694223916092,False,-0.1114017230926082,False
2016-09-02,Delhi,30.8,35.0,18.8,139.6,215.1,8.6,6.99,99.8,31.7,18.38,10.25,9.2,197.8,Severe,0.0,,,,-1.565690948379458,False,-0.02879824503864,False
2016-09-03,Delhi,328.3,160.2,17.3,80.1,34.0,33.1,7.59,5.0,188.5,11.22,14.25,9.73,355.0,Satisfactory,0.0,,,,0.5314759652734734,False,-0.0877901834569142,False
2016-09-04,Delhi,89.0,305.8,99.9,148.2,127.3,0.3,1.76,30.3,124.1,4.44,11.9,3.4,499.7,Poor,0.0,,,,-1.155421656363994,False,-0.060878190290279,False
2016-09-05,Delhi,356.8,43.4,103.2,148.4,5.9,17.4,4.7,65.2,26.3,1.66,5.58,0.58,74.7,Severe,0.0,,,,0.7323810309511493,False,-0.0689179277121619,False
2016-09-06,Delhi,450.7,525.3,94.1,98.7,44.4,6.2,2.74,95.8,51.9,11.27,27.05,1.95,450.3,Moderate,0.0,,,,1.3943103526049652,False,-0.0535491105473097,False
2016-09-07,Delhi,92.9,445.5,130.5,124.0,16.9,38.7,4.78,27.3,68.2,15.78,18.95,3.65,205.8,Good,0.0,,,,-1.1279293842186278,False,-0.110899485022556,False
2016-09-08,Delhi,331.7,515.6,177.1,44.3,151.5,17.5,9.36,73.6,16.4,11.32,27.83,5.04,70.6,Poor,0.0,,,,0.5554435871437925,False,-0.0646304664177821,False
2016-09-09,Delhi,215.9,371.7,195.4,58.9,237.8,45.2,2.04,68.5,124.0,15.21,26.23,2.74,63.2,Moderate,0.0,,,,-0.2608654165570796,False,-0.1240168451266452,False
2016-09-10,Delhi,387.1,136.9,22.5,99.8,2.3,25.0,2.61,84.8,53.9,3.21,21.58,4.75,277.1,Moderate,0.0,,,,0.945974837618994,False,-0.1077765051698408,False
2016-09-11,Delhi,410.0,294.3,115.3,141.6,164.1,41.6,9.6,70.8,71.6,13.14,6.36,6.49,87.5,Moderate,0.0,,,,1.107403820216144,False,-0.0769908204172412,False
2016-09-12,Delhi,97.9,174.0,39.4,110.4,210.1,25.2,2.58,47.0,68.5,3.62,19.57,0.92,340.6,Poor,0.0,,,,-1.0926828814681584,False,-0.119388422235777,False
2016-09-13,Delhi,336.0,161.4,169.8,20.8,181.9,20.5,8.91,48.7,146.7,5.51,18.56,7.12,204.1,Satisfactory,0.0,,,,0.5857555795091963,False,-0.0985531518860289,False
2016-09-14,Delhi,266.3,284.5,102.4,123.5,188.7,13.1,7.71,41.2,141.8,18.49,2.01,9.32,85.9,Very Poor,0.0,,,,0.0944193311676523,False,-0.1270807777020898,False
2016-09-15,Delhi,175.4,483.0,184.6,51.6,7.9,36.3,0.12,14.5,0.4,12.5,2.29,5.78,341.5,Poor,0.0,,,,-0.546362088835882,False,-0.0537140722076315,False
2016-09-16,Delhi,316.5,478.1,57.7,36.4,86.9,40.5,1.71,98.9,80.7,18.28,7.9,6.5,216.2,Moderate,0.0,,,,0.4482942187823655,False,-0.084704308260708,False
2016-09-17,Delhi,244.1,292.7,18.6,31.7,166.3,39.1,5.08,32.8,76.8,1.05,6.89,3.88,161.3,Good,0.0,,,,-0.062075141044432,False,-0.1325774557526195,False
2016-09-18,Delhi,20.3,227.4,114.2,30.5,125.8,46.3,0.48,50.1,170.9,6.15,14.22,5.19,157.1,Poor,0.0,,,,-1.639708604155444,False,-0.0854692920664856,False
2016-09-19,Delhi,135.9,334.6,105.1,113.6,165.7,39.1,5.49,1.4,39.8,16.15,2.32,4.44,467.2,Very Poor,0.0,,,,-0.8248094605645906,False,-0.0800556771260295,False
2016-09-20,Delhi,44.7,426.3,53.7,139.2,14.9,49.2,1.35,67.0,108.2,2.47,1.8,4.53,391.6,Poor,0.0,,,,-1.4677056707331533,False,-0.0865223234977536,False
2016-09-21,Delhi,272.9,203.8,117.5,78.3,150.2,43.9,7.06,21.5,166.8,16.76,17.52,4.87,195.4,Moderate,0.0,,,,0.1409447147982718,False,-0.127004453323559,False
2016-09-22,Delhi,394.7,151.0,73.1,137.7,30.4,29.1,8.02,19.6,171.1,4.41,18.98,7.72,47.7,Very Poor,0.0,,,,0.9995495217997074,False,-0.0756890810580812,False
2016-09-23,Delhi,153.9,165.4,78.7,102.2,157.2,43.2,2.35,62.9,18.6,3.3,28.4,4.43,37.6,Satisfactory,0.0,,,,-0.6979220506629006,False,-0.0941227300793146,False
2016-09-24,Delhi,198.0,474.8,5.6,85.2,171.6,7.4,2.9,65.1,155.0,13.95,25.78,2.24,22.6,Severe,0.0,,,,-0.3870478964037602,False,-0.1064995539569625,False
2016-09-25,Delhi,205.8,182.7,137.9,45.0,13.9,31.0,4.76,12.6,7.5,7.74,15.63,3.62,18.5,Good,0.0,,,,-0.3320633521130278,False,-0.0768438740446832,False
2016-09-26,Delhi,445.0,373.7,169.4,41.1,199.8,2.9,8.11,95.1,148.6,18.53,25.28,1.8,70.8,Good,0.0,,,,1.35412933946943,False,-0.0707144244785691,False
2016-09-27,Delhi,339.6,31.2,49.0,36.3,178.8,9.4,5.14,9.7,103.5,19.65,4.55,8.01,213.9,Moderate,0.0,,,,0.6111330614895344,False,-0.1011554379919555,False
2016-09-28,Delhi,138.9,267.9,191.4,119.5,45.7,41.0,4.94,52.2,169.0,4.6,18.44,0.6,319.6,Moderate,0.0,,,,-0.8036615589143089,False,-0.1196380417133087,False
2016-09-29,Delhi,322.2,21.3,5.4,46.3,34.7,29.1,8.34,51.6,154.8,18.36,6.97,5.0,86.8,Satisfactory,0.0,,,,0.4884752319179005,False,-0.0926287539076981,False
2016-09-30,Delhi,285.6,493.7,152.7,32.0,58.6,16.8,5.27,67.9,144.3,16.95,29.05,2.7,342.1,Very Poor,0.0,,,,0.2304708317844644,False,-0.1173068100110669,False
2016-10-01,Delhi,188.0,595.2,121.5,56.5,211.8,11.7,9.04,88.8,167.3,11.88,17.01,9.57,379.4,Severe,0.0,,,,-0.4575409019046991,False,-0.0642070147026279,False
2016-10-02,Delhi,270.2,564.9,95.1,32.2,201.6,49.2,5.57,8.7,25.1,16.97,15.72,0.29,438.6,Severe,0.0,,,,0.1219116033130183,False,-0.0785929024105043,False
2016-10-03,Delhi,49.5,299.2,166.0,139.7,248.5,11.6,0.63,39.5,81.7,6.32,13.02,5.89,475.7,Poor,0.0,,,,-1.4338690280927024,False,-0.0664678630238942,False
2016-10-04,Delhi,383.2,251.9,65.5,87.0,140.9,7.0,7.5,32.7,5.5,8.19,15.07,4.89,391.1,Very Poor,0.0,,,,0.9184825654736276,False,-0.1071189277261495,False
2016-10-05,Delhi,185.2,7.8,104.9,142.6,111.1,46.8,5.07,25.5,194.6,16.21,7.77,9.73,130.9,Severe,0.0,,,,-0.4772789434449621,False,-0.0516501128999008,False
2016-10-06,Delhi,322.2,240.7,4.2,143.1,245.2,28.6,1.24,46.2,105.7,17.26,25.95,9.47,172.8,Poor,0.0,,,,0.4884752319179005,False,-0.1011260690628945,False
2016-10-07,Delhi,320.4,466.4,87.3,25.8,157.2,38.4,5.93,68.1,16.3,2.79,25.74,7.68,458.8,Severe,0.0,,,,0.4757864909277314,False,-0.0890906212257574,False
2016-10-08,Delhi,269.2,313.6,97.5,100.6,193.2,12.7,7.6,14.8,60.3,2.13,4.63,0.79,168.7,Satisfactory,0.0,,,,0.1148623027629245,False,-0.1270656270103636,False
2016-10-09,Delhi,217.1,242.5,91.7,75.5,219.3,39.6,6.05,12.0,105.0,2.23,12.68,0.13,381.2,Poor,0.0,,,,-0.252406255896967,False,-0.1260707335427352,False
2016-10-10,Delhi,369.7,52.5,183.0,130.7,153.2,40.2,4.73,14.8,149.9,7.79,24.1,0.91,181.0,Poor,0.0,,,,0.8233170080473602,False,-0.0916981920890747,False
2016-10-11,Delhi,65.7,127.1,94.4,32.9,89.9,24.9,0.6,12.7,46.4,19.77,17.3,4.58,38.7,Moderate,0.0,,,,-1.3196703591811816,False,-0.0540592931126824,False
2016-10-12,Delhi,159.6,44.3,29.6,14.0,96.3,13.1,3.86,37.1,85.9,7.45,22.62,0.84,215.4,Poor,0.0,,,,-0.6577410375273656,False,-0.1022731663997831,False
2016-10-13,Delhi,124.0,366.5,149.2,60.9,134.0,27.9,3.75,58.4,39.8,9.31,11.49,5.95,15.6,Severe,0.0,,,,-0.908696137110708,False,-0.1006080625544968,False
2016-10-14,Delhi,209.5,573.8,83.4,100.9,200.7,37.8,0.64,73.8,83.0,2.56,8.56,6.65,230.2,Very Poor,0.0,,,,-0.3059809400776805,False,-0.089614168140257,False
2016-10-15,Delhi,97.2,296.6,54.4,35.3,93.3,43.6,5.49,61.3,59.3,11.36,12.06,8.27,208.4,Good,0.0,,,,-1.0976173918532242,False,-0.1308630513095707,False
2016-10-16,Delhi,44.1,518.3,33.6,46.5,19.3,39.2,6.23,40.2,172.6,14.16,23.67,9.11,358.3,Moderate,0.0,,,,-1.4719352510632095,False,-0.0980075416591173,False
2016-10-17,Delhi,442.0,233.7,25.9,25.7,166.9,38.0,3.34,73.3,15.6,16.22,4.93,8.7,326.9,Severe,0.0,,,,1.3329814378191485,False,-0.092946469884912,False
2016-10-18,Delhi,3.4,183.1,129.5,76.4,89.9,33.9,0.78,42.9,138.7,4.91,1.48,1.38,180.8,Moderate,0.0,,,,-1.758841783452031,False,-0.0944148113822302,False
2016-10-19,Delhi,250.4,508.4,159.5,17.9,65.6,16.8,4.73,77.2,43.5,18.74,9.38,5.26,209.3,Satisfactory,0.0,,,,-0.0176645475788404,False,-0.1046186275408044,False
2016-10-20,Delhi,363.9,493.6,70.9,97.8,129.1,8.4,8.45,54.6,38.9,11.28,10.57,0.28,45.7,Severe,0.0,,,,0.7824310648568156,False,-0.0934681565349225,False
2016-10-21,Delhi,136.7,193.6,77.1,85.2,114.9,6.5,1.19,45.8,149.9,13.58,10.07,6.45,276.9,Moderate,0.0,,,,-0.8191700201245157,False,-0.1175533092134902,False
2016-10-22,Delhi,256.6,598.3,59.7,88.1,56.9,50.0,7.85,80.5,109.3,8.64,19.39,9.02,294.8,Satisfactory,0.0,,,,0.0260411158317417,False,-0.0964045174456875,False
2016-10-23,Delhi,34.4,288.3,68.0,54.4,110.7,48.9,6.99,71.7,185.5,7.66,10.43,1.75,394.2,Good,0.0,,,,-1.5403134663991205,False,-0.0892469130700246,False
2016-10-24,Delhi,304.6,388.5,133.7,5.4,209.5,23.6,5.97,65.5,190.1,12.58,0.35,4.55,465.6,Good,0.0,,,,0.3644075422362484,False,-0.0665533790994142,False
2016-10-25,Delhi,254.1,119.2,17.8,37.5,249.3,4.2,1.35,76.3,36.2,8.8,22.81,3.2,485.0,Poor,0.0,,,,0.0084178644565068,False,-0.0716245335524724,False
2016-10-26,Delhi,122.1,592.5,103.3,142.3,39.7,34.8,2.8,11.7,175.1,5.65,18.17,5.98,321.0,Severe,0.0,,,,-0.9220898081558864,False,-0.0409046521825258,False
2016-10-27,Delhi,480.7,483.6,196.8,119.8,177.3,32.2,7.13,39.8,72.5,3.44,6.9,7.83,292.0,Satisfactory,0.0,,,,1.6057893691077818,False,-0.1041272662432937,False
2016-10-28,Delhi,261.7,179.7,189.9,96.2,56.7,31.7,8.57,88.8,61.3,16.03,29.49,7.27,350.2,Poor,0.0,,,,0.0619925486372203,False,-0.1060098137863519,False
2016-10-29,Delhi,320.4,458.8,92.0,96.2,53.2,46.3,4.09,33.1,20.4,9.52,17.14,3.39,124.6,Good,0.0,,,,0.4757864909277314,False,-0.115171976692951,False
2016-10-30,Delhi,461.0,456.6,66.3,125.5,76.7,38.8,1.57,34.5,82.8,9.67,13.2,0.56,40.1,Good,0.0,,,,1.466918148270932,False,-0.0804550280791118,False
2016-10-31,Delhi,444.5,572.3,88.9,91.5,233.2,34.3,8.84,23.2,49.7,0.07,28.58,5.14,218.0,Severe,0.0,,,,1.350604689194383,False,-0.0792703722705619,False
2016-11-01,Delhi,242.1,189.9,100.4,58.0,112.8,20.1,8.08,86.4,35.5,12.87,23.72,0.51,2.5,Severe,0.0,,,,-0.0761737421446198,False,-0.0712293481455822,False
2016-11-02,Delhi,60.3,149.5,109.8,142.2,166.6,32.5,5.84,57.7,188.6,8.12,20.98,1.33,475.5,Very Poor,0.0,,,,-1.3577365821516885,False,-0.0568127941112401,False
2016-11-03,Delhi,182.4,166.2,22.0,42.0,3.5,44.5,5.38,88.5,101.1,2.26,24.8,3.14,110.6,Very Poor,0.0,,,,-0.4970169849852248,False,-0.1155531432737231,False
2016-11-04,Delhi,13.2,441.2,75.6,99.8,160.9,16.5,7.45,41.7,181.4,12.23,1.21,1.78,463.6,Severe,0.0,,,,-1.6897586380611107,False,-0.0753999981423234,False
2016-11-05,Delhi,125.5,289.7,23.3,77.6,216.8,4.7,7.49,23.0,118.8,11.62,11.77,7.41,473.5,Severe,0.0,,,,-0.8981221862855671,False,-0.1028020234703809,False
2016-11-06,Delhi,87.6,350.9,52.9,28.7,187.4,5.8,5.8,15.2,104.7,2.27,9.62,3.03,373.7,Good,0.0,,,,-1.1652906771341254,False,-0.1061550030822596,False
2016-11-07,Delhi,360.4,271.6,73.5,12.1,170.9,6.1,1.89,30.1,26.7,4.73,1.64,0.27,320.6,Satisfactory,0.0,,,,0.757758512931487,False,-0.100331597161462,False
2016-11-08,Delhi,191.2,103.9,195.0,17.2,135.7,22.7,4.45,95.1,59.0,11.38,27.17,8.8,356.9,Moderate,0.0,,,,-0.4349831401443987,False,-0.0801629199526869,False
2016-11-09,Delhi,184.0,489.0,170.7,20.9,84.1,30.4,3.31,94.3,7.6,5.57,5.41,0.56,167.8,Very Poor,0.0,,,,-0.4857381041050747,False,-0.0533956601510487,False
2016-11-10,Delhi,289.4,7.7,108.1,92.4,38.1,22.4,0.47,32.3,121.1,1.78,1.02,2.09,286.2,Satisfactory,0.0,,,,0.257258173874821,False,-0.0806881325838768,False
2016-11-11,Delhi,413.8,490.5,4.4,147.8,11.6,0.5,7.02,25.8,95.2,16.72,25.8,8.8,438.3,Severe,0.0,,,,1.1341911623065009,False,-0.0772619579677211,False
2016-11-12,Delhi,368.6,83.6,182.3,56.1,226.9,35.7,9.84,69.4,6.1,13.68,23.47,2.1,264.8,Satisfactory,0.0,,,,0.8155627774422571,False,-0.0653664940236095,False
2016-11-13,Delhi,37.6,16.8,58.0,100.8,200.7,33.8,2.1,97.3,139.2,4.52,18.62,3.92,85.7,Good,0.0,,,,-1.51775570463882,False,-0.0456069816893963,False
2016-11-14,Delhi,292.7,478.5,10.8,103.8,149.2,1.7,4.41,72.0,40.5,4.65,13.28,0.95,327.9,Satisfactory,0.0,,,,0.2805208656901308,False,-0.1191758284400629,False
2016-11-15,Delhi,95.3,191.1,58.2,135.5,1.0,34.8,1.51,3.0,59.2,3.25,6.29,7.38,295.3,Good,0.0,,,,-1.1110110628984025,False,-0.074437686184825,False
2016-11-16,Delhi,452.4,236.2,17.3,27.0,64.2,34.6,6.71,75.1,44.4,6.36,6.53,1.82,202.5,Severe,0.0,,,,1.4062941635401247,False,-0.1008693850750445,False
2016-11-17,Delhi,353.8,441.6,151.5,125.3,7.1,48.3,8.81,83.1,61.2,14.44,15.07,8.89,164.1,Good,0.0,,,,0.7112331293008676,False,-0.0929658187943644,False
2016-11-18,Delhi,222.6,9.1,55.8,26.5,246.7,32.2,3.82,72.6,123.1,0.83,25.26,9.04,335.2,Severe,0.0,,,,-0.2136351028714506,False,-0.0957207971833636,False
2016-11-19,Delhi,394.3,223.0,36.8,145.8,37.1,26.3,7.97,6.9,58.0,12.67,18.05,3.52,444.4,Moderate,0.0,,,,0.99672980157967,False,-0.065859144858851,False
2016-11-20,Delhi,233.1,550.8,29.6,34.9,219.5,9.5,2.01,5.4,150.8,0.83,3.65,9.7,278.1,Severe,0.0,,,,-0.1396174470954648,False,-0.0890054026459531,False
2016-11-21,Delhi,1.0,252.7,87.8,16.6,222.2,49.1,2.34,10.7,36.8,8.16,0.6,2.68,396.8,Poor,0.0,,,,-1.7757601047722562,False,-0.0548167555657966,False
2016-11-22,Delhi,186.7,522.4,24.3,14.3,120.7,20.0,0.17,31.5,178.0,5.65,29.01,1.13,91.8,Poor,0.0,,,,-0.4667049926198212,False,-0.0480013716190848,False
2016-11-23,Delhi,174.6,139.0,144.8,83.5,154.7,28.9,8.54,64.6,160.5,16.62,21.28,5.52,1.9,Moderate,0.0,,,,-0.5520015292759572,False,-0.0681750056077878,False
2016-11-24,Delhi,431.5,597.2,112.7,29.5,93.0,47.5,2.82,47.3,106.7,10.47,2.01,6.3,271.7,Severe,0.0,,,,1.2589637820431625,False,-0.0893234414172418,False
2016-11-25,Delhi,491.7,242.3,166.0,29.7,97.0,16.0,3.93,84.1,138.3,0.4,1.76,1.86,416.1,Satisfactory,0.0,,,,1.6833316751588143,False,-0.0834601933629046,False
2016-11-26,Delhi,123.7,284.6,38.6,84.6,63.6,30.3,8.41,67.1,182.9,3.61,4.43,2.72,334.8,Satisfactory,0.0,,,,-0.9108109272757362,False,-0.1058505880571289,False
2016-11-27,Delhi,184.5,573.8,147.0,34.4,191.9,1.1,5.43,56.6,175.6,0.41,24.56,4.56,422.9,Severe,0.0,,,,-0.4822134538300277,False,-0.0926012393415131,False
2016-11-28,Delhi,257.4,82.0,151.2,133.0,176.5,28.5,9.79,87.6,128.1,11.73,28.76,9.37,61.7,Moderate,0.0,,,,0.0316805562718165,False,-0.0575174252643169,False
2016-11-29,Delhi,481.8,227.4,98.6,9.5,16.7,1.2,8.96,39.8,10.2,9.27,8.0,9.41,50.8,Satisfactory,0.0,,,,1.613543599712885,False,-0.0411204600637644,False
2016-11-30,Delhi,384.5,202.1,134.4,114.5,185.3,41.4,8.39,2.4,175.4,5.26,28.18,8.01,422.7,Moderate,0.0,,,,0.92764665618875,False,-0.0699897017105813,False
2016-12-01,Delhi,465.8,13.6,112.5,144.4,244.5,10.0,0.26,54.8,159.4,15.64,11.3,8.06,295.8,Poor,0.0,,,,1.500754790911383,False,-0.0453176425233223,False
2016-12-02,Delhi,141.8,528.2,196.8,78.8,31.5,22.1,3.18,37.4,138.3,13.07,20.37,0.64,285.3,Good,0.0,,,,-0.7832185873190366,False,-0.1255436378700986,False
2016-12-03,Delhi,350.4,423.9,134.4,97.7,178.8,13.2,0.54,82.7,173.7,14.42,15.49,7.76,230.7,Very Poor,0.0,,,,0.6872655074305482,False,-0.0977209590936883,False
2016-12-04,Delhi,439.6,35.7,55.3,134.7,163.2,20.6,4.66,69.8,158.6,13.36,9.34,4.93,337.0,Moderate,0.0,,,,1.3160631164989232,False,-0.0835182810355698,False
2016-12-05,Delhi,34.5,508.3,65.8,93.3,6.9,22.2,5.25,83.0,23.4,4.89,28.56,0.3,491.5,Very Poor,0.0,,,,-1.5396085363441108,False,-0.0611511785871318,False
2016-12-06,Delhi,41.9,397.8,9.4,148.9,117.1,24.7,7.15,98.8,85.5,19.04,27.52,4.21,246.3,Satisfactory,0.0,,,,-1.487443712273416,False,-0.0532893322856837,False
2016-12-07,Delhi,142.0,220.0,23.0,23.5,20.2,3.4,3.83,34.7,94.1,12.47,3.65,8.09,160.8,Poor,0.0,,,,-0.781808727209018,False,-0.1189568206496202,False
2016-12-08,Delhi,470.1,307.5,133.9,89.9,141.1,2.6,6.59,9.1,59.1,14.04,18.66,0.18,130.1,Poor,0.0,,,,1.5310667832767868,False,-0.0943258139477872,False
2016-12-09,Delhi,241.9,361.2,182.7,133.2,190.2,6.2,9.7,29.9,185.1,2.35,6.46,4.14,74.1,Satisfactory,0.0,,,,-0.0775836022546385,False,-0.0699153775931205,False
2016-12-10,Delhi,269.5,12.2,31.3,97.0,219.5,32.8,0.98,56.6,141.3,0.36,12.87,0.23,27.3,Good,0.0,,,,0.1169770929279527,False,-0.0731514431019234,False
2016-12-11,Delhi,119.0,52.3,73.5,56.6,203.8,42.6,4.97,94.7,126.9,10.71,23.07,4.73,365.9,Very Poor,0.0,,,,-0.9439426398611772,False,-0.0849201092326546,False
2016-12-12,Delhi,395.5,188.3,172.2,21.9,34.2,46.3,3.93,29.4,74.2,1.23,6.9,9.51,393.1,Moderate,0.0,,,,1.0051889622397825,False,-0.116721326594189,False
2016-12-13,Delhi,364.1,180.9,146.3,6.9,58.6,47.1,1.18,82.1,142.5,6.33,18.52,3.19,97.1,Very Poor,0.0,,,,0.7838409249668347,False,-0.078382409269772,False
2016-12-14,Delhi,293.7,574.7,78.5,10.5,22.1,12.3,0.42,97.5,19.9,2.55,9.08,5.16,126.9,Satisfactory,0.0,,,,0.2875701662402247,False,-0.0279896244628062,False
2016-12-15,Delhi,499.0,370.0,79.4,69.1,248.2,38.1,6.16,77.0,191.8,12.59,25.98,9.9,392.8,Good,0.0,,,,1.7347915691745,False,-0.0734499746695198,False
2016-12-16,Delhi,335.3,27.4,146.3,19.5,164.9,2.9,9.38,1.8,142.4,0.15,25.28,2.43,434.5,Moderate,0.0,,,,0.5808210691241307,False,-0.0371153247967791,False
2016-12-17,Delhi,372.8,33.1,73.2,99.8,96.5,22.3,4.22,37.3,112.0,4.62,0.41,7.71,201.0,Very Poor,0.0,,,,0.8451698397526515,False,-0.117754095278569,False
2016-12-18,Delhi,451.1,366.8,157.3,32.9,95.9,11.3,9.37,18.7,2.7,18.71,18.15,0.33,182.5,Very Poor,0.0,,,,1.397130072825003,False,-0.0602179783809968,False
2016-12-19,Delhi,205.0,121.5,97.0,30.2,50.8,5.8,0.85,42.5,31.7,16.89,17.18,7.83,399.7,Very Poor,0.0,,,,-0.337702792553103,False,-0.0861086391470692,False
2016-12-20,Delhi,244.8,448.9,143.7,107.7,92.1,11.1,3.38,32.0,132.5,6.24,20.53,0.25,399.6,Poor,0.0,,,,-0.0571406306593662,False,-0.1263870437612953,False
2016-12-21,Delhi,434.0,85.8,33.2,135.0,24.2,33.7,3.05,57.8,79.3,16.16,8.85,8.74,363.6,Satisfactory,0.0,,,,1.2765870334183973,False,-0.0997349518047074,False
2016-12-22,Delhi,44.0,112.9,20.2,4.5,137.8,44.3,9.79,65.8,193.6,6.41,24.76,9.65,292.7,Moderate,0.0,,,,-1.472640181118219,False,-0.0193473754779639,False
2016-12-23,Delhi,394.4,237.5,162.2,106.7,195.1,18.0,4.44,50.3,28.2,12.03,2.77,2.02,22.1,Poor,0.0,,,,0.9974347316346792,False,-0.1006401273285426,False
2016-12-24,Delhi,263.9,474.8,91.1,119.7,55.0,11.0,0.83,27.7,137.1,7.4,16.67,9.32,470.4,Severe,0.0,,,,0.0775010098474268,False,-0.0834468594729397,False
2016-12-25,Delhi,412.3,358.9,194.6,69.1,26.3,29.5,2.9,23.2,185.6,12.47,4.15,9.5,246.0,Moderate,0.0,,,,1.12361721148136,False,-0.1150742672341811,False
2016-12-26,Delhi,107.7,13.9,164.3,61.4,190.6,5.0,8.91,93.1,3.6,16.8,11.72,4.03,450.1,Good,0.0,,,,-1.0235997360772384,False,-0.0099417386614685,False
2016-12-27,Delhi,493.9,552.6,21.0,89.3,129.1,32.9,3.33,81.7,2.8,1.28,19.57,7.46,409.4,Moderate,0.0,,,,1.6988401363690209,False,-0.0422712119889523,False
2016-12-28,Delhi,264.9,565.0,166.2,124.4,130.1,15.1,6.14,43.9,177.8,17.12,14.4,7.15,405.9,Very Poor,0.0,,,,0.0845503103975207,False,-0.100035682906872,False
2016-12-29,Delhi,18.9,383.2,194.6,86.6,49.7,15.3,5.85,97.2,56.3,11.79,23.19,3.32,210.9,Poor,0.0,,,,-1.6495776249255756,False,-0.0803988437374323,False
2016-12-30,Delhi,406.9,378.9,171.6,4.3,170.8,22.7,4.92,18.2,12.4,16.82,14.04,4.66,33.9,Severe,0.0,,,,1.0855509885108527,False,-0.0563915631326326,False
2016-12-31,Delhi,409.4,57.6,166.3,129.3,227.7,23.0,2.96,49.3,129.9,17.35,3.54,8.07,474.9,Satisfactory,0.0,,,,1.1031742398860875,False,-0.0754369939387116,False
2017-01-01,Delhi,408.0,259.0,11.0,92.9,164.3,26.7,1.59,27.9,15.7,18.68,28.02,7.64,168.1,Poor,0.0,,,,1.0933052191159562,False,-0.1019858488870951,False
2017-01-02,Delhi,264.7,170.7,146.2,106.7,55.9,43.1,5.2,66.1,32.4,19.38,17.24,4.33,148.1,Satisfactory,0.0,,,,0.083140450287502,False,-0.1295838147870231,False
2017-01-03,Delhi,73.4,101.2,64.0,141.8,109.0,2.3,2.24,94.6,29.3,12.3,9.98,8.96,252.3,Severe,0.0,,,,-1.265390744945459,False,-0.0523724229515955,False
2017-01-04,Delhi,247.6,15.9,37.8,56.4,233.5,35.6,4.12,27.2,51.0,11.17,24.95,2.18,349.4,Good,0.0,,,,-0.0374025891191034,False,-0.1106305209595547,False
2017-01-05,Delhi,211.2,363.8,36.2,104.9,144.1,8.8,8.95,85.0,193.4,7.38,23.25,4.5,334.2,Good,0.0,,,,-0.2939971291425209,False,-0.086574436538349,False
2017-01-06,Delhi,82.7,541.7,16.7,105.9,197.9,47.5,4.81,13.6,68.2,9.98,3.64,9.48,273.1,Good,0.0,,,,-1.1998322498295857,False,-0.0996953708047161,False
2017-01-07,Delhi,0.7,317.3,141.5,33.8,122.1,30.6,1.24,53.1,15.9,17.71,11.73,2.94,78.0,Very Poor,0.0,,,,-1.7778748949372845,False,-0.0631321529834493,False
2017-01-08,Delhi,459.2,154.3,137.0,131.9,95.5,17.6,6.6,21.6,168.9,11.9,19.5,7.94,446.1,Very Poor,0.0,,,,1.454229407280763,False,-0.0775681560040062,False
2017-01-09,Delhi,232.7,574.4,136.4,57.2,236.3,27.7,8.69,5.7,93.8,6.72,25.99,3.95,80.6,Severe,0.0,,,,-0.1424371673155024,False,-0.0561930797314563,False
2017-01-10,Delhi,339.8,296.6,164.8,95.6,111.5,16.1,2.22,74.2,190.8,0.55,6.5,0.01,494.8,Good,0.0,,,,0.6125429215995531,False,-0.0810090865370001,False
2017-01-11,Delhi,417.9,182.9,120.5,116.3,54.6,48.2,8.41,19.9,29.2,8.21,27.81,9.95,167.5,Moderate,0.0,,,,1.1630932945618857,False,-0.0919826161321172,False
2017-01-12,Delhi,121.4,82.6,65.6,39.0,207.5,26.6,1.82,30.1,198.7,10.95,6.48,9.72,190.3,Very Poor,0.0,,,,-0.927024318540952,False,-0.0751837439547269,False
2017-01-13,Delhi,209.4,93.2,78.7,108.8,89.3,0.8,6.28,26.4,106.2,5.91,4.71,8.32,156.1,Satisfactory,0.0,,,,-0.3066858701326899,False,-0.1196462660228737,False
2017-01-14,Delhi,48.1,581.0,79.1,140.6,155.0,22.4,5.2,54.4,194.4,13.55,13.34,2.29,115.4,Very Poor,0.0,,,,-1.443738048862834,False,-0.035035429844882,False
2017-01-15,Delhi,343.4,97.7,159.9,141.9,48.6,25.9,9.31,56.0,96.4,8.93,9.5,5.54,325.1,Very Poor,0.0,,,,0.6379204035798909,False,-0.0917708147685593,False
2017-01-16,Delhi,252.0,87.5,50.0,97.9,66.4,43.9,2.26,76.6,56.6,2.13,14.95,1.75,44.1,Good,0.0,,,,-0.0063856666986902,False,-0.0992387141266916,False
2017-01-17,Delhi,108.9,183.3,60.3,27.1,168.4,12.6,6.64,21.9,116.8,1.26,29.2,1.21,359.3,Very Poor,0.0,,,,-1.0151405754171257,False,-0.1120324276868545,False
2017-01-18,Delhi,97.0,382.8,25.3,37.4,49.2,10.2,7.68,93.8,155.8,2.3,29.76,8.18,454.1,Severe,0.0,,,,-1.099027251963243,False,-0.0659288006478638,False
2017-01-19,Delhi,253.0,366.3,119.8,53.9,18.0,23.3,7.48,92.3,12.4,12.67,4.5,6.62,12.7,Poor,0.0,,,,0.0006636338514035,False,-0.0592515444978845,False
2017-01-20,Delhi,483.1,25.1,120.0,18.2,163.2,5.4,7.76,70.8,103.3,3.29,21.76,4.19,26.7,Satisfactory,0.0,,,,1.622707690428007,False,-0.0510236962895122,False
2017-01-21,Delhi,237.6,557.7,120.1,131.9,100.1,42.6,1.87,42.0,122.7,4.21,28.88,8.49,322.5,Satisfactory,0.0,,,,-0.1078955946200423,False,-0.0951815378126507,False
2017-01-22,Delhi,491.1,311.8,77.6,21.3,25.2,25.9,3.16,23.2,124.3,13.05,5.91,2.88,69.1,Very Poor,0.0,,,,1.6791020948287585,False,-0.0790407880020496,False
2017-01-23,Delhi,55.9,553.6,0.6,97.8,0.3,2.1,1.66,40.8,128.5,2.78,13.17,5.55,424.7,Moderate,0.0,,,,-1.3887535045721016,False,-0.084476006885113,False
2017-01-24,Delhi,71.8,84.9,94.2,81.8,89.0,21.7,5.33,50.5,38.3,17.66,22.4,0.97,334.8,Severe,0.0,,,,-1.2766696258256087,False,-0.1164836572773681,False
2017-01-25,Delhi,338.1,204.2,62.5,104.3,209.7,12.9,6.23,29.0,143.2,8.04,20.12,7.94,124.7,Very Poor,0.0,,,,0.6005591106643936,False,-0.1357813484062208,False
2017-01-26,Delhi,384.6,255.9,197.4,16.0,183.4,1.9,2.24,11.1,105.9,12.18,22.61,0.11,36.8,Good,0.0,,,,0.9283515862437594,False,-0.0834688262708135,False
2017-01-27,Delhi,328.8,311.3,58.7,83.5,202.4,2.5,0.98,13.2,181.9,19.02,5.64,9.26,379.7,Very Poor,0.0,,,,0.5350006155485204,False,-0.0912370736362577,False
2017-01-28,Delhi,132.9,259.4,130.1,37.7,65.4,26.3,5.16,39.0,98.4,1.54,2.93,8.93,249.2,Severe,0.0,,,,-0.8459573622148723,False,-0.132501859923119,False
2017-01-29,Delhi,249.6,43.6,181.1,42.3,62.4,34.9,9.73,45.1,107.4,17.2,5.97,8.08,417.4,Satisfactory,0.0,,,,-0.0233039880189156,False,-0.0821059217232396,False
2017-01-30,Delhi,91.3,156.1,179.8,2.6,248.2,19.9,5.29,30.5,87.8,13.57,15.14,9.4,21.6,Poor,0.0,,,,-1.139208265098778,False,-0.0679791050490764,False
2017-01-31,Delhi,458.5,59.9,175.1,48.7,85.9,13.0,0.52,33.7,179.4,4.73,0.01,4.66,383.5,Severe,0.0,,,,1.4492948968956976,False,-0.0672821588423172,False
2017-02-01,Delhi,421.8,206.7,93.3,91.3,107.1,40.4,0.85,40.0,11.9,16.79,1.14,4.47,292.4,Very Poor,0.0,,,,1.190585566707252,False,-0.0939274908889021,False
2017-02-02,Delhi,59.9,397.4,113.1,113.5,14.1,18.6,2.37,51.0,120.5,18.93,13.49,2.67,356.9,Good,0.0,,,,-1.360556302371726,False,-0.1219963484058325,False
2017-02-03,Delhi,15.0,315.6,84.8,139.9,132.0,3.8,1.99,50.9,72.6,18.55,18.2,3.21,349.7,Poor,0.0,,,,-1.6770698970709417,False,-0.0967584201166714,False
2017-02-04,Delhi,24.5,228.2,114.0,114.7,39.8,19.8,1.51,93.3,190.4,19.07,23.98,1.03,57.6,Satisfactory,0.0,,,,-1.6101015418450495,False,-0.043033850755595,False
2017-02-05,Delhi,300.0,318.8,138.4,52.0,159.5,3.5,6.8,34.9,48.5,9.22,12.78,2.12,347.9,Poor,0.0,,,,0.3319807597058163,False,-0.1400292343604577,False
2017-02-06,Delhi,41.5,50.5,125.0,116.8,52.0,11.4,4.17,90.7,53.3,14.07,5.56,6.77,449.3,Severe,0.0,,,,-1.4902634324934536,False,-0.0626722896640045,False
2017-02-07,Delhi,5.5,156.8,147.4,16.8,121.5,14.8,3.16,58.7,82.1,0.12,26.88,8.24,96.2,Moderate,0.0,,,,-1.7440382522968336,False,-0.0695531308633831,False
2017-02-08,Delhi,424.0,21.1,24.4,51.8,103.4,20.2,1.59,85.6,165.2,1.5,0.93,1.19,22.7,Severe,0.0,,,,1.2060940279174583,False,-0.0432885541354328,False
2017-02-09,Delhi,426.5,349.2,28.0,92.9,128.4,13.6,2.49,59.8,97.0,2.37,19.37,1.58,452.0,Poor,0.0,,,,1.2237172792926931,False,-0.1152738966313434,False
2017-02-10,Delhi,423.9,93.2,48.3,131.7,144.9,2.5,7.46,2.8,29.7,12.82,13.65,2.6,64.1,Severe,0.0,,,,1.2053890978624489,False,-0.0557173932948451,False
2017-02-11,Delhi,363.9,589.0,174.0,140.6,25.6,11.9,4.13,57.1,29.1,15.64,10.03,8.89,421.7,Moderate,0.0,,,,0.7824310648568156,False,-0.0722555410238525,False
2017-02-12,Delhi,477.4,440.7,106.2,102.7,68.9,30.4,1.46,75.6,91.7,9.41,20.68,8.78,187.0,Satisfactory,0.0,,,,1.5825266772924718,False,-0.0972861464861815,False
2017-02-13,Delhi,42.3,179.9,99.4,78.6,73.3,46.3,6.38,36.5,6.8,4.87,9.88,4.13,272.9,Good,0.0,,,,-1.4846239920533784,False,-0.0989388033313377,False
2017-02-14,Delhi,417.8,217.1,98.3,17.7,98.7,43.1,4.48,65.9,119.3,3.4,28.6,5.48,202.7,Very Poor,0.0,,,,1.1623883645068764,False,-0.1202516151668514,False
2017-02-15,Delhi,5.2,110.1,101.4,128.7,72.9,5.5,8.45,30.9,165.7,3.45,27.26,9.07,294.7,Severe,0.0,,,,-1.746153042461862,False,-0.0614100786437604,False
2017-02-16,Delhi,405.0,515.9,59.6,77.3,209.3,12.6,3.22,89.0,22.6,13.51,10.36,7.33,189.2,Satisfactory,0.0,,,,1.0721573174656744,False,-0.0853597414962351,False
2017-02-17,Delhi,332.0,176.2,38.4,24.4,213.3,4.4,4.64,36.0,138.8,12.28,29.19,3.15,265.3,Moderate,0.0,,,,0.5575583773088207,False,-0.1293548889927196,False
2017-02-18,Delhi,91.9,402.3,132.8,85.1,122.9,44.9,4.94,39.4,132.2,14.2,27.61,4.36,164.1,Severe,0.0,,,,-1.1349786847687218,False,-0.1247839312097028,False
2017-02-19,Delhi,389.3,47.9,191.3,88.9,103.8,6.2,6.23,48.7,137.1,9.88,29.15,9.08,25.4,Good,0.0,,,,0.9614832988292006,False,-0.104717185757574,False
2017-02-20,Delhi,447.5,132.5,197.6,141.9,85.0,33.0,9.76,54.7,51.6,15.99,25.67,8.23,293.2,Good,0.0,,,,1.3717525908446648,False,-0.0696005668130089,False
2017-02-21,Delhi,139.7,418.1,64.2,37.5,47.4,37.3,1.83,80.9,194.1,1.06,25.63,4.82,325.6,Very Poor,0.0,,,,-0.798022118474234,False,-0.0828632563927522,False
2017-02-22,Delhi,269.2,137.6,128.1,75.1,14.9,31.9,2.07,35.5,26.2,4.53,1.38,8.72,252.4,Moderate,0.0,,,,0.1148623027629245,False,-0.123098152118012,False
2017-02-23,Delhi,109.7,159.2,33.0,50.2,44.4,29.5,0.66,94.6,46.8,11.8,28.91,0.19,50.8,Very Poor,0.0,,,,-1.0095011349770506,False,-0.061412454065564,False
2017-02-24,Delhi,348.4,464.2,32.3,116.1,6.6,12.6,2.31,5.8,78.9,11.97,15.57,5.0,496.8,Poor,0.0,,,,0.6731669063303604,False,-0.0739301792730208,False
2017-02-25,Delhi,210.8,541.2,189.0,117.1,140.0,48.0,7.7,91.8,143.3,18.28,9.78,0.41,183.3,Moderate,0.0,,,,-0.2968168493625583,False,-0.0880177152715165,False
2017-02-26,Delhi,465.3,201.1,143.8,23.8,4.8,24.3,9.76,1.9,162.9,2.83,23.77,4.07,21.6,Satisfactory,0.0,,,,1.497230140636336,False,-0.0209493410765132,False
2017-02-27,Delhi,194.3,562.6,166.9,120.7,46.5,32.3,4.77,81.3,57.8,8.58,9.79,6.56,344.5,Moderate,0.0,,,,-0.4131303084391075,False,-0.0991951542419977,False
2017-02-28,Delhi,193.5,168.1,193.6,147.7,240.5,49.9,7.22,48.2,96.1,0.37,23.7,7.42,204.1,Poor,0.0,,,,-0.4187697488791827,False,-0.109801085989663,False
2017-03-01,Delhi,463.9,134.3,88.1,24.1,58.9,19.7,7.59,0.4,33.1,19.7,7.44,0.77,383.3,Severe,0.0,,,,1.4873611198662045,False,-0.0600035655976705,False
2017-03-02,Delhi,104.2,341.1,195.7,131.1,115.7,15.8,8.57,50.6,150.3,6.34,3.36,4.8,187.0,Good,0.0,,,,-1.048272288002567,False,-0.0986287284484094,False
2017-03-03,Delhi,187.0,76.6,135.7,130.0,162.9,19.4,9.15,58.0,188.6,5.17,28.12,6.77,325.1,Satisfactory,0.0,,,,-0.464590202454793,False,-0.0727656769476732,False
2017-03-04,Delhi,197.6,352.5,180.5,66.2,14.1,16.0,2.05,80.7,55.1,2.49,24.62,7.88,167.4,Good,0.0,,,,-0.3898676166237978,False,-0.1197878761194934,False
2017-03-05,Delhi,433.4,172.8,193.0,87.8,65.9,29.2,1.61,93.8,131.3,4.79,0.73,3.8,65.4,Satisfactory,0.0,,,,1.2723574530883408,False,-0.0801601451453012,False
2017-03-06,Delhi,184.6,267.8,41.9,85.0,184.2,10.4,8.41,50.8,147.7,11.94,14.91,8.76,382.1,Poor,0.0,,,,-0.4815085237750183,False,-0.1261152476450864,False
2017-03-07,Delhi,397.0,15.4,170.6,29.1,70.6,4.3,8.83,46.8,89.4,9.41,3.61,8.78,60.1,Poor,0.0,,,,1.0157629130649235,False,-0.0745739746502174,False
2017-03-08,Delhi,251.6,231.4,78.4,142.7,138.5,35.1,0.95,72.8,68.5,13.73,9.79,7.09,379.6,Very Poor,0.0,,,,-0.0092053869187278,False,-0.0887143450647239,False
2017-03-09,Delhi,300.9,224.6,113.4,95.4,242.1,14.2,9.48,62.3,9.1,19.98,5.29,6.59,432.3,Poor,0.0,,,,0.3383251302009006,False,-0.0811360875746979,False
2017-03-10,Delhi,142.4,295.6,15.6,128.8,216.4,39.2,3.88,54.7,33.7,9.96,14.55,2.18,371.1,Severe,0.0,,,,-0.7789890069889803,False,-0.1103837496631861,False
2017-03-11,Delhi,390.3,271.2,88.3,8.2,129.5,47.1,1.88,33.7,68.1,17.19,10.97,9.15,389.8,Severe,0.0,,,,0.9685325993792944,False,-0.0993402485272809,False
2017-03-12,Delhi,28.7,485.7,153.2,140.9,146.3,8.1,1.37,79.6,189.0,16.74,20.54,6.72,184.6,Good,0.0,,,,-1.5804944795346554,False,-0.0496511159472485,False
2017-03-13,Delhi,406.9,493.8,13.5,12.7,243.9,37.8,5.87,58.4,88.3,9.82,16.55,5.13,117.0,Very Poor,0.0,,,,1.0855509885108527,False,-0.0987047798205057,False
2017-03-14,Delhi,54.2,505.6,107.0,49.1,174.1,15.6,6.82,21.8,102.6,1.72,12.18,3.26,148.7,Good,0.0,,,,-1.400737315507261,False,-0.0902663632664452,False
2017-03-15,Delhi,255.7,280.5,7.8,147.4,201.2,30.1,2.05,77.7,193.6,12.67,1.56,5.61,321.6,Poor,0.0,,,,0.019696745336657,False,-0.0777724669418127,False
2017-03-16,Delhi,176.2,430.3,161.6,12.1,48.1,33.9,5.21,43.5,74.9,7.17,6.11,6.76,373.0,Poor,0.0,,,,-0.5407226483958071,False,-0.1049678872736135,False
2017-03-17,Delhi,183.2,72.4,54.4,34.8,186.9,50.0,3.56,25.8,81.7,4.46,28.13,7.62,272.7,Good,0.0,,,,-0.4913775445451498,False,-0.1166411104296424,False
2017-03-18,Delhi,165.6,46.5,193.1,120.5,88.0,33.1,1.6,35.9,177.9,15.68,12.52,1.52,237.4,Good,0.0,,,,-0.6154452342268022,False,-0.0841471390808666,False
2017-03-19,Delhi,411.3,518.5,25.4,31.3,129.0,42.3,5.18,31.7,113.6,7.2,10.16,6.68,97.1,Satisfactory,0.0,,,,1.116567910931266,False,-0.0996381687865425,False
2017-03-20,Delhi,346.0,73.0,75.2,89.4,120.8,37.7,4.16,92.1,21.6,1.51,13.98,6.38,63.8,Satisfactory,0.0,,,,0.6562485850101352,False,-0.0712317176616138,False
2017-03-21,Delhi,88.6,109.3,40.6,88.4,15.6,23.6,8.42,29.0,153.8,12.53,24.25,7.93,479.0,Very Poor,0.0,,,,-1.1582413765840316,False,-0.0674045544541862,False
2017-03-22,Delhi,465.3,498.6,41.9,35.7,132.3,49.8,8.97,16.3,143.5,16.56,27.69,5.24,366.1,Severe,0.0,,,,1.497230140636336,False,-0.0703154791028768,False
2017-03-23,Delhi,497.3,483.4,26.8,36.5,94.6,20.9,2.32,21.5,85.6,9.2,24.46,6.45,444.9,Very Poor,0.0,,,,1.7228077582393404,False,-0.0755500009651666,False
2017-03-24,Delhi,473.4,336.0,94.6,129.2,219.7,38.3,1.51,83.0,41.0,11.92,17.54,9.47,345.3,Good,0.0,,,,1.5543294750920962,False,-0.0692910908653776,False
2017-03-25,Delhi,340.6,532.5,83.1,35.2,72.7,12.4,0.34,79.2,168.3,18.57,6.16,5.26,388.4,Poor,0.0,,,,0.6181823620396283,False,-0.0696036944610468,False
2017-03-26,Delhi,108.1,376.8,43.5,93.8,50.3,3.6,1.22,67.5,143.4,13.58,18.38,9.11,298.2,Good,0.0,,,,-1.020780015857201,False,-0.1197736483724529,False
2017-03-27,Delhi,341.5,206.2,120.7,52.2,227.0,46.7,4.88,37.4,132.9,19.71,15.24,5.62,197.3,Very Poor,0.0,,,,0.6245267325347127,False,-0.1418110001364943,False
2017-03-28,Delhi,258.7,504.7,166.3,13.5,68.2,27.3,2.15,30.5,96.4,15.65,14.76,9.22,55.1,Good,0.0,,,,0.0408446469869386,False,-0.0951367331911317,False
2017-03-29,Delhi,381.3,563.8,48.7,25.8,112.4,33.8,1.88,35.5,86.7,15.44,3.94,5.96,259.7,Severe,0.0,,,,0.9050888944284494,False,-0.1033051984675922,False
2017-03-30,Delhi,22.9,292.8,53.8,27.6,85.1,11.9,7.2,54.1,193.5,0.54,4.48,9.58,196.2,Very Poor,0.0,,,,-1.6213804227252,False,-0.0767677377857212,False
2017-03-31,Delhi,354.3,83.0,33.3,27.3,142.1,32.3,2.78,64.4,169.4,14.56,18.26,7.0,243.4,Good,0.0,,,,0.7147577795759145,False,-0.1090723155993118,False
2017-04-01,Delhi,295.3,593.8,36.3,109.5,24.8,35.0,0.17,68.2,136.1,16.97,11.59,9.21,311.2,Very Poor,0.0,,,,0.2988490471203751,False,-0.0659477929810514,False
2017-04-02,Delhi,357.6,592.0,96.5,13.5,109.8,9.3,8.9,54.6,17.9,5.48,19.18,8.42,223.2,Good,0.0,,,,0.7380204713912244,False,-0.056952870812129,False
2017-04-03,Delhi,332.6,582.8,126.4,45.7,23.4,9.2,3.61,40.3,81.7,12.52,3.15,6.45,137.8,Severe,0.0,,,,0.5617879576388772,False,-0.1049817703338533,False
2017-04-04,Delhi,294.1,104.8,31.1,133.9,241.4,9.4,9.73,6.3,7.0,17.56,8.49,6.44,319.4,Poor,0.0,,,,0.2903898864602625,False,-0.0480363896428175,False
2017-04-05,Delhi,470.7,321.8,15.8,62.2,239.2,22.1,5.15,44.0,173.8,6.98,16.38,3.94,358.2,Very Poor,0.0,,,,1.5352963636068429,False,-0.1193013758100642,False
2017-04-06,Delhi,169.6,314.9,107.3,58.9,2.9,3.9,1.98,4.0,22.0,17.59,8.68,0.73,131.4,Satisfactory,0.0,,,,-0.5872480320264267,False,-0.0957053555275347,False
2017-04-07,Delhi,317.4,142.1,100.2,110.4,92.1,37.3,2.96,8.0,187.9,3.72,3.26,4.29,281.8,Very Poor,0.0,,,,0.4546385892774498,False,-0.0939117607941678,False
2017-04-08,Delhi,495.5,276.5,4.8,119.9,110.7,24.8,7.23,61.7,28.8,2.55,11.51,3.05,146.9,Severe,0.0,,,,1.7101190172491714,False,-0.0846262481726468,False
2017-04-09,Delhi,366.3,342.4,48.6,92.6,61.9,30.0,0.54,61.2,28.3,14.81,24.68,8.39,363.8,Severe,0.0,,,,0.7993493861770411,False,-0.1045552766920092,False
2017-04-10,Delhi,437.6,172.7,34.6,46.6,173.9,26.0,1.14,76.5,136.7,8.61,16.6,6.86,266.3,Severe,0.0,,,,1.3019645153987354,False,-0.1044413477222254,False
2017-04-11,Delhi,403.6,594.3,167.0,128.6,215.8,45.3,9.9,7.3,92.4,7.38,16.91,5.21,15.3,Moderate,0.0,,,,1.0622882966955431,False,-0.0026289980971504,False
2017-04-12,Delhi,314.4,139.2,1.2,36.2,207.6,42.1,5.81,4.0,12.7,7.85,11.91,4.46,480.1,Good,0.0,,,,0.4334906876271681,False,-0.0658825559260006,False
2017-04-13,Delhi,472.1,141.1,156.6,76.6,127.9,46.2,7.46,66.7,94.8,10.46,8.78,8.82,204.5,Poor,0.0,,,,1.5451653843769746,False,-0.1191094481138904,False
2017-04-14,Delhi,282.5,74.0,63.7,48.9,0.3,30.8,2.78,44.1,106.8,9.07,10.4,2.05,106.7,Severe,0.0,,,,0.2086180000791732,False,-0.1166831527817129,False
2017-04-15,Delhi,11.6,471.1,157.2,6.2,246.1,17.9,8.29,99.7,172.9,2.55,12.07,8.27,468.9,Moderate,0.0,,,,-1.701037518941261,False,0.0082784504116971,True
2017-04-16,Delhi,391.8,310.2,194.6,25.4,29.4,39.5,0.55,82.1,156.8,5.12,14.29,2.19,349.5,Poor,0.0,,,,0.9791065502044352,False,-0.0890908047432573,False
2017-04-17,Delhi,71.1,584.6,93.6,26.3,110.1,44.9,8.46,3.8,43.2,10.06,27.02,9.64,456.2,Severe,0.0,,,,-1.2816041362106747,False,-0.03352349808688,False
2017-04-18,Delhi,43.5,409.9,56.2,17.8,243.8,39.7,8.48,91.3,14.9,10.14,17.1,3.23,38.2,Good,0.0,,,,-1.4761648313932658,False,-0.0196203744086606,False
2017-04-19,Delhi,217.7,582.0,53.8,83.5,143.1,18.2,3.25,13.0,167.2,15.54,25.61,8.88,350.4,Good,0.0,,,,-0.2481766755669107,False,-0.0858602663534255,False
2017-04-20,Delhi,236.9,571.1,157.7,100.3,167.4,39.9,7.03,82.0,174.3,6.71,6.07,8.33,354.5,Good,0.0,,,,-0.1128301050051079,False,-0.100490272078269,False
2017-04-21,Delhi,333.8,178.3,135.0,81.9,97.9,25.9,1.45,68.6,148.5,16.08,22.88,8.71,280.5,Very Poor,0.0,,,,0.5702471182989898,False,-0.125288149591513,False
2017-04-22,Delhi,178.9,252.9,86.1,116.5,207.3,40.2,7.06,9.5,168.4,3.06,12.98,8.39,185.9,Severe,0.0,,,,-0.5216895369105534,False,-0.0998566483544203,False
2017-04-23,Delhi,460.4,229.2,143.1,141.2,208.3,36.5,7.22,21.9,34.0,3.64,17.07,3.74,474.3,Satisfactory,0.0,,,,1.4626885679408757,False,-0.0725642185149313,False
2017-04-24,Delhi,86.1,314.2,75.4,111.0,55.6,45.1,7.46,60.5,197.6,14.33,13.69,0.05,250.9,Severe,0.0,,,,-1.1758646279592664,False,-0.0961845919562116,False
2017-04-25,Delhi,439.6,252.5,28.2,72.2,24.2,18.1,2.04,64.5,94.4,12.51,2.59,2.44,313.5,Very Poor,0.0,,,,1.3160631164989232,False,-0.1359932692620009,False
2017-04-26,Delhi,67.4,7.6,170.6,31.8,170.0,9.8,6.15,67.6,83.7,8.4,16.29,4.53,177.6,Moderate,0.0,,,,-1.3076865482460218,False,-0.0906091559967102,False
2017-04-27,Delhi,45.6,334.3,80.2,98.0,48.7,17.1,6.54,3.3,72.4,18.09,11.48,7.34,125.1,Poor,0.0,,,,-1.4613613002380688,False,-0.0905352716402981,False
2017-04-28,Delhi,38.0,549.6,148.5,137.8,132.0,28.4,2.89,99.3,22.7,17.33,27.96,9.51,383.9,Poor,0.0,,,,-1.5149359844187822,False,-0.0304198164686595,False
2017-04-29,Delhi,313.2,363.2,32.6,132.9,70.8,6.3,3.03,55.5,51.5,4.65,8.18,8.39,285.8,Satisfactory,0.0,,,,0.4250315269670555,False,-0.1208887021896889,False
2017-04-30,Delhi,403.3,31.7,43.8,91.1,229.5,4.0,8.53,35.8,166.6,19.24,16.75,7.18,136.3,Poor,0.0,,,,1.060173506530515,False,-0.0875828623942369,False
2017-05-01,Delhi,268.5,73.0,28.3,13.0,191.0,10.2,0.67,80.2,87.1,8.0,2.57,1.32,209.8,Very Poor,0.0,,,,0.1099277923778588,False,-0.0797745263263841,False
2017-05-02,Delhi,215.3,566.2,14.7,99.6,118.9,7.5,3.17,51.7,120.4,11.9,27.43,6.2,184.8,Severe,0.0,,,,-0.2650949968871359,False,-0.1184985524010291,False
2017-05-03,Delhi,236.8,241.2,53.5,136.8,190.8,47.3,1.36,78.5,167.6,18.0,15.45,5.51,414.6,Severe,0.0,,,,-0.1135350350601173,False,-0.0904396820299546,False
2017-05-04,Delhi,153.3,554.0,162.2,109.3,213.2,24.2,9.98,10.1,152.8,2.45,4.41,9.79,379.6,Very Poor,0.0,,,,-0.702151630992957,False,-0.0524692249729773,False
2017-05-05,Delhi,483.6,483.7,130.6,138.1,140.8,27.5,8.79,42.2,82.5,8.1,23.61,5.17,472.0,Satisfactory,0.0,,,,1.6262323407030543,False,-0.0672197039726463,False
2017-05-06,Delhi,317.4,428.3,115.0,86.8,69.9,27.5,4.38,61.9,60.4,15.47,26.11,8.77,251.2,Severe,0.0,,,,0.4546385892774498,False,-0.1403764141150409,False
2017-05-07,Delhi,122.3,560.9,62.2,149.4,90.6,7.6,2.37,19.3,161.9,18.39,10.05,9.41,93.2,Very Poor,0.0,,,,-0.9206799480458674,False,-0.0411146162627998,False
2017-05-08,Delhi,328.8,439.2,21.1,52.6,165.6,38.5,8.23,73.5,38.6,4.88,4.76,6.48,121.0,Satisfactory,0.0,,,,0.5350006155485204,False,-0.1055960461388639,False
2017-05-09,Delhi,53.1,102.0,109.4,61.3,191.5,44.2,5.15,0.4,181.8,15.69,13.16,0.49,447.2,Satisfactory,0.0,,,,-1.4084915461123646,False,-0.0518367450698818,False
2017-05-10,Delhi,21.7,378.8,158.4,136.4,172.5,26.6,0.56,71.2,79.1,2.63,8.89,9.07,39.2,Poor,0.0,,,,-1.6298395833853128,False,-0.0553349432957691,False
2017-05-11,Delhi,0.6,532.1,118.2,46.2,13.2,27.9,0.87,79.1,123.1,6.48,2.84,8.67,192.4,Good,0.0,,,,-1.7785798249922935,False,-0.0727814845143751,False
2017-05-12,Delhi,442.8,236.0,22.0,7.5,236.8,40.4,2.8,30.0,64.6,4.81,27.81,1.89,273.3,Severe,0.0,,,,1.3386208782592235,False,-0.0999926798322602,False
2017-05-13,Delhi,295.6,260.0,156.0,11.7,132.0,31.7,9.34,6.5,65.5,16.56,13.84,6.32,88.8,Very Poor,0.0,,,,0.3009638372854034,False,-0.0532123304280646,False
2017-05-14,Delhi,277.5,525.6,159.0,14.8,90.2,20.3,6.34,86.0,62.5,1.8,3.91,7.42,424.4,Moderate,0.0,,,,0.1733714973287038,False,-0.0823704277309874,False
2017-05-15,Delhi,296.4,275.4,65.6,73.7,102.9,38.9,0.94,65.3,181.6,9.93,11.18,6.76,342.6,Satisfactory,0.0,,,,0.3066032777254782,False,-0.1141173164468525,False
2017-05-16,Delhi,80.8,216.6,133.0,144.0,31.0,19.1,9.94,99.1,123.2,15.96,25.84,1.77,126.0,Satisfactory,0.0,,,,-1.2132259208747638,False,-0.026349599152438,False
2017-05-17,Delhi,374.7,14.6,139.5,11.9,160.6,48.8,8.93,46.3,117.1,11.78,24.59,0.83,210.3,Severe,0.0,,,,0.8585635107978297,False,-0.0671240709267629,False
2017-05-18,Delhi,123.7,556.5,139.7,61.6,121.1,11.0,3.74,66.0,11.4,11.91,27.7,6.58,430.9,Severe,0.0,,,,-0.9108109272757362,False,-0.0824141162309995,False
2017-05-19,Delhi,375.9,83.2,172.6,134.4,0.8,1.7,5.84,42.2,83.5,11.85,6.79,1.15,89.1,Good,0.0,,,,0.8670226714579422,False,-0.1075193600512473,False
2017-05-20,Delhi,193.5,300.8,49.3,27.3,217.3,28.2,8.25,61.4,41.5,19.85,9.7,0.92,440.4,Poor,0.0,,,,-0.4187697488791827,False,-0.1030395650263821,False
2017-05-21,Delhi,59.2,582.7,113.8,117.2,168.4,18.0,2.09,51.6,137.3,8.02,27.25,3.47,143.7,Very Poor,0.0,,,,-1.365490812756792,False,-0.0773115950293267,False
2017-05-22,Delhi,429.9,522.6,125.0,25.6,201.5,19.7,2.02,21.1,73.0,16.57,16.58,9.33,411.0,Severe,0.0,,,,1.2476849011630122,False,-0.087027777017118,False
2017-05-23,Delhi,435.4,415.7,46.0,148.5,94.8,44.3,3.65,54.2,62.4,7.87,29.08,1.54,247.1,Satisfactory,0.0,,,,1.2864560541885286,False,-0.0936674592378934,False
2017-05-24,Delhi,485.7,270.8,152.9,56.7,105.5,18.3,2.62,47.6,4.5,12.61,18.95,9.29,57.9,Satisfactory,0.0,,,,1.6410358718582512,False,-0.0699584747470193,False
2017-05-25,Delhi,469.7,63.4,166.2,115.2,82.1,40.2,0.28,37.5,121.8,11.09,21.71,2.32,419.8,Satisfactory,0.0,,,,1.528247063056749,False,-0.0687075615927091,False
2017-05-26,Delhi,128.7,171.2,50.5,113.3,163.6,35.8,7.47,60.8,152.7,6.7,18.9,9.31,168.9,Severe,0.0,,,,-0.8755644245252667,False,-0.116353274725331,False
2017-05-27,Delhi,267.0,166.6,72.5,144.6,188.6,0.9,3.02,8.3,149.6,9.18,2.1,4.71,128.5,Moderate,0.0,,,,0.099353841552718,False,-0.0881965178464856,False
2017-05-28,Delhi,213.6,205.4,163.3,149.4,86.5,37.3,8.73,29.1,166.7,19.55,1.36,9.97,325.2,Severe,0.0,,,,-0.2770788078222956,False,-0.0846038243710494,False
2017-05-29,Delhi,455.1,174.0,80.5,61.5,225.1,23.1,5.51,93.7,187.6,7.6,18.92,5.15,395.3,Poor,0.0,,,,1.4253272750253785,False,-0.075105032689037,False
2017-05-30,Delhi,425.8,549.0,50.2,26.4,41.7,9.9,2.05,24.1,65.2,16.67,15.16,8.41,237.6,Very Poor,0.0,,,,1.2187827689076274,False,-0.0967192951357049,False
2017-05-31,Delhi,238.5,333.0,5.8,77.6,68.5,10.3,4.89,15.3,180.0,0.7,2.12,6.1,364.2,Moderate,0.0,,,,-0.1015512241249577,False,-0.1172181088549794,False
2017-06-01,Delhi,498.7,214.1,160.1,100.9,183.9,24.2,7.11,38.3,124.7,19.94,18.34,7.73,366.4,Moderate,0.0,,,,1.7326767790094717,False,-0.1134934807074499,False
2017-06-02,Delhi,325.1,511.8,109.1,41.2,48.3,15.0,1.46,29.7,131.7,5.77,5.9,0.64,175.4,Good,0.0,,,,0.5089182035131731,False,-0.1110624861123982,False
2017-06-03,Delhi,122.9,527.4,125.5,75.0,24.7,48.1,7.48,71.8,69.2,11.18,26.76,8.91,78.3,Moderate,0.0,,,,-0.9164503677158112,False,-0.1023392077211222,False
2017-06-04,Delhi,440.4,219.0,129.1,125.8,100.1,47.9,0.69,72.4,9.1,10.83,19.44,3.01,470.4,Good,0.0,,,,1.321702556938998,False,-0.0520307669457296,False
2017-06-05,Delhi,441.4,110.3,17.7,114.7,66.2,25.8,5.94,12.5,126.1,14.8,9.84,6.68,250.5,Satisfactory,0.0,,,,1.328751857489092,False,-0.1004895242088448,False
2017-06-06,Delhi,239.9,341.8,172.7,59.9,163.4,34.9,7.38,19.4,109.7,1.15,15.58,8.72,246.3,Poor,0.0,,,,-0.0916822033548263,False,-0.1334891841761786,False
2017-06-07,Delhi,358.3,377.7,129.3,135.2,218.2,12.9,2.51,31.9,64.6,19.94,19.28,3.84,196.4,Poor,0.0,,,,0.74295498177629,False,-0.1161035729195986,False
2017-06-08,Delhi,342.1,66.7,50.9,73.7,56.5,49.5,0.37,89.5,13.4,9.87,6.57,1.57,321.1,Moderate,0.0,,,,0.6287563128647692,False,-0.0545200440139741,False
2017-06-09,Delhi,229.2,590.0,170.2,129.1,145.9,10.1,0.98,40.8,181.7,18.48,20.4,4.44,329.9,Very Poor,0.0,,,,-0.167109719240831,False,-0.0691613889447562,False
2017-06-10,Delhi,30.9,49.4,165.2,47.4,214.4,5.1,4.13,72.6,14.3,2.61,13.44,7.85,230.1,Moderate,0.0,,,,-1.5649860183244488,False,-0.0701007435687949,False
2017-06-11,Delhi,151.3,440.2,27.6,43.0,151.4,25.6,5.33,46.3,158.6,0.08,18.94,5.47,465.8,Moderate,0.0,,,,-0.7162502320931448,False,-0.1023272596236882,False
2017-06-12,Delhi,239.1,581.5,10.2,121.1,211.6,22.0,4.51,53.5,175.5,9.33,12.29,0.43,426.6,Satisfactory,0.0,,,,-0.0973216437949014,False,-0.0954088053324856,False
2017-06-13,Delhi,272.3,58.4,167.3,122.0,214.6,26.6,4.25,3.7,42.4,0.17,23.36,6.89,424.9,Very Poor,0.0,,,,0.1367151344682157,False,-0.0813000727107468,False
2017-06-14,Delhi,11.5,65.9,128.0,77.6,4.8,8.1,2.38,8.7,190.9,0.62,19.4,8.39,2.1,Very Poor,0.0,,,,-1.7017424489962705,False,-0.0089750058910799,False
2017-06-15,Delhi,383.6,523.6,20.5,76.4,105.7,17.9,3.17,44.8,104.0,13.29,7.02,2.96,434.9,Good,0.0,,,,0.9213022856936656,False,-0.1162016131250114,False
2017-06-16,Delhi,404.3,370.3,93.2,3.9,124.9,0.3,1.11,62.1,156.5,17.4,18.43,8.42,488.5,Very Poor,0.0,,,,1.067222807080609,False,-0.0491980679334463,False
2017-06-17,Delhi,272.0,339.8,132.0,139.0,87.5,25.9,2.36,16.7,43.9,4.98,6.19,6.19,499.8,Moderate,0.0,,,,0.1346003443031874,False,-0.0757460827810648,False
2017-06-18,Delhi,91.6,222.9,54.8,0.4,78.2,32.4,7.19,90.9,191.6,9.33,25.07,4.88,369.9,Satisfactory,0.0,,,,-1.13709347493375,False,-0.0343592481503541,False
2017-06-19,Delhi,183.0,291.8,127.8,112.3,202.9,42.3,9.46,78.0,93.3,1.28,12.17,8.01,309.6,Satisfactory,0.0,,,,-0.4927874046551685,False,-0.1087014176068293,False
2017-06-20,Delhi,97.9,210.1,96.7,144.6,43.8,0.3,8.3,98.8,6.1,12.43,23.76,2.63,97.2,Poor,0.0,,,,-1.0926828814681584,False,-0.008967196811459,False
2017-06-21,Delhi,328.1,516.3,132.3,13.3,11.0,22.6,7.58,28.1,161.0,10.14,19.2,1.52,131.9,Good,0.0,,,,0.5300661051634548,False,-0.0837845029362414,False
2017-06-22,Delhi,420.1,323.4,70.5,45.4,163.9,10.0,0.3,86.1,21.0,3.0,4.51,3.56,498.6,Satisfactory,0.0,,,,1.1786017557720925,False,-0.0563702530630608,False
2017-06-23,Delhi,24.7,149.7,6.0,92.2,6.4,0.0,5.7,35.2,115.7,18.25,4.7,8.43,486.0,Satisfactory,0.0,,,,-1.608691681735031,False,-0.0787359759506855,False
2017-06-24,Delhi,232.7,460.2,177.7,106.5,73.5,47.3,5.41,95.3,157.3,0.53,26.96,5.48,142.9,Moderate,0.0,,,,-0.1424371673155024,False,-0.0991721929442605,False
2017-06-25,Delhi,102.3,548.1,46.6,137.8,114.8,47.8,0.55,67.3,66.4,16.93,19.06,4.84,301.8,Very Poor,0.0,,,,-1.0616659590477453,False,-0.0735862200050965,False
2017-06-26,Delhi,390.1,561.4,34.4,121.9,144.2,0.3,1.67,32.7,191.0,4.69,12.7,1.11,295.2,Poor,0.0,,,,0.9671227392692756,False,-0.067948041463838,False
2017-06-27,Delhi,460.7,420.2,37.3,103.3,59.7,1.8,1.99,31.1,63.3,6.52,11.87,1.96,76.1,Moderate,0.0,,,,1.464803358105904,False,-0.1011287514564095,False
2017-06-28,Delhi,96.9,312.8,163.4,32.0,6.7,30.9,0.67,93.8,148.8,6.93,19.68,5.78,62.2,Severe,0.0,,,,-1.0997321820182522,False,-0.0590239549142105,False
2017-06-29,Delhi,162.1,245.6,190.9,106.7,16.2,13.1,7.87,20.7,162.1,4.7,2.64,5.58,172.8,Poor,0.0,,,,-0.6401177861521309,False,-0.1086726510505012,False
2017-06-30,Delhi,492.6,208.6,136.1,44.3,241.9,11.9,7.29,92.5,179.9,10.99,13.45,4.17,237.2,Very Poor,0.0,,,,1.6896760456538993,False,-0.0682373905260683,False
2017-07-01,Delhi,330.8,122.1,186.3,129.4,66.5,2.8,7.11,2.8,1.8,13.03,9.79,1.72,340.3,Very Poor,0.0,,,,0.5490992166487081,False,-0.0639190165657073,False
2017-07-02,Delhi,469.7,169.4,109.0,113.7,210.4,16.4,9.73,48.9,97.2,19.86,16.98,4.02,96.8,Good,0.0,,,,1.528247063056749,False,-0.0800720360374196,False
2017-07-03,Delhi,269.6,390.3,32.1,20.2,52.5,29.4,8.25,73.1,91.9,17.57,13.62,0.05,165.8,Very Poor,0.0,,,,0.1176820229829622,False,-0.1122401524588667,False
2017-07-04,Delhi,454.7,186.9,16.6,128.6,215.4,20.0,9.05,44.0,122.3,12.44,26.56,8.9,37.2,Satisfactory,0.0,,,,1.4225075548053407,False,-0.0751454708101613,False
2017-07-05,Delhi,422.1,523.2,47.8,104.9,129.5,24.5,8.95,19.4,198.8,17.37,19.47,5.45,163.7,Very Poor,0.0,,,,1.1927003568722805,False,-0.0508217189827278,False
2017-07-06,Delhi,301.5,5.5,59.9,26.6,182.1,27.0,5.13,25.5,166.3,14.83,18.2,8.76,463.1,Satisfactory,0.0,,,,0.3425547105309571,False,-0.0794159020552991,False
2017-07-07,Delhi,190.5,288.0,21.7,80.4,69.9,39.0,6.95,3.3,55.6,3.9,17.3,4.07,88.6,Very Poor,0.0,,,,-0.4399176505294644,False,-0.0934465727662328,False
2017-07-08,Delhi,392.2,394.6,39.4,25.3,123.6,44.4,8.18,97.7,75.6,0.89,13.66,3.06,376.8,Moderate,0.0,,,,0.9819262704244728,False,-0.0784530920420028,False
2017-07-09,Delhi,403.5,147.0,186.3,57.0,98.9,30.9,3.19,62.3,94.7,4.17,13.96,1.93,369.4,Severe,0.0,,,,1.0615833666405337,False,-0.1265072527282952,False
2017-07-10,Delhi,65.1,341.6,140.3,98.1,244.7,0.3,2.17,79.9,73.3,17.63,23.66,8.14,16.8,Satisfactory,0.0,,,,-1.323899939511238,False,-0.0745774927688397,False
2017-07-11,Delhi,213.2,440.0,66.1,46.2,143.9,12.9,9.22,30.4,123.0,8.3,19.28,2.78,41.3,Very Poor,0.0,,,,-0.2798985280423332,False,-0.0842978166814344,False
2017-07-12,Delhi,339.1,362.3,95.2,96.2,86.2,34.8,8.75,31.3,46.6,0.88,29.17,4.0,269.3,Poor,0.0,,,,0.6076084112144875,False,-0.1205468035877387,False
2017-07-13,Delhi,461.7,418.1,128.1,99.0,25.9,49.4,5.63,76.7,31.2,9.06,10.62,2.81,57.8,Poor,0.0,,,,1.471852658655998,False,-0.0909006238507606,False
2017-07-14,Delhi,241.4,238.2,23.9,59.7,237.0,4.1,3.56,99.1,107.4,17.35,14.49,9.12,459.8,Severe,0.0,,,,-0.0811082525296854,False,-0.0868802268870388,False
2017-07-15,Delhi,231.1,474.9,47.4,36.5,192.3,2.9,5.81,84.2,57.7,17.78,26.68,2.96,51.5,Good,0.0,,,,-0.1537160481956525,False,-0.1008928822407108,False
2017-07-16,Delhi,226.7,348.7,169.8,108.8,208.5,11.5,9.77,83.3,40.9,7.52,12.8,4.33,167.7,Very Poor,0.0,,,,-0.1847329706160657,False,-0.0866068290621011,False
2017-07-17,Delhi,113.5,249.9,114.1,59.7,21.8,44.6,9.55,97.0,191.7,13.4,3.07,4.19,97.5,Very Poor,0.0,,,,-0.9827137928866936,False,-0.0513992782511544,False
2017-07-18,Delhi,272.9,411.0,114.9,28.2,45.3,10.5,2.98,25.0,92.4,10.4,12.18,1.78,90.6,Satisfactory,0.0,,,,0.1409447147982718,False,-0.1147040654935965,False
2017-07-19,Delhi,418.9,217.5,123.8,111.9,215.9,15.6,5.07,92.5,128.1,14.21,8.92,6.37,133.9,Moderate,0.0,,,,1.1701425951119797,False,-0.1035704987588886,False
2017-07-20,Delhi,272.7,523.0,10.3,125.3,202.6,48.5,9.07,95.9,124.2,1.93,28.33,6.32,139.9,Good,0.0,,,,0.1395348546882531,False,-0.0637585642198015,False
2017-07-21,Delhi,22.2,197.5,50.2,12.8,212.3,22.3,1.81,34.5,118.8,19.51,0.24,5.48,338.1,Very Poor,0.0,,,,-1.6263149331102658,False,-0.0828485063525925,False
2017-07-22,Delhi,102.4,587.7,149.0,64.8,139.1,30.9,2.89,59.9,21.6,1.25,7.06,2.76,308.8,Moderate,0.0,,,,-1.0609610289927358,False,-0.0923217861836916,False
2017-07-23,Delhi,409.3,329.5,40.4,139.7,89.3,6.8,7.15,92.2,198.6,2.2,18.62,4.36,75.8,Good,0.0,,,,1.1024693098310785,False,-0.0558605365795219,False
2017-07-24,Delhi,200.0,474.9,45.4,50.7,35.3,21.5,0.4,71.9,30.0,12.41,2.45,4.7,178.6,Moderate,0.0,,,,-0.3729492953035724,False,-0.0946395190621199,False
2017-07-25,Delhi,462.7,498.3,80.6,2.7,204.8,49.5,1.7,82.9,26.2,0.28,1.46,5.79,197.3,Satisfactory,0.0,,,,1.4789019592060917,False,-0.0611648812285422,False
2017-07-26,Delhi,476.4,316.1,125.0,22.8,206.6,44.3,9.6,50.8,47.5,2.71,4.88,4.62,4.7,Severe,0.0,,,,1.575477376742378,False,-0.042767699576983,False
2017-07-27,Delhi,291.4,264.8,132.2,118.5,54.2,43.5,7.43,24.0,194.4,10.19,8.55,8.65,272.9,Severe,0.0,,,,0.2713567749750087,False,-0.1112961383464722,False
2017-07-28,Delhi,138.0,40.7,176.2,38.7,19.3,25.6,6.97,47.8,141.9,16.7,26.18,3.08,0.8,Satisfactory,0.0,,,,-0.8100059294093935,False,-0.0656429407813321,False
2017-07-29,Delhi,108.1,462.3,18.1,36.3,29.4,31.0,2.96,11.4,91.9,5.86,11.42,3.36,352.4,Poor,0.0,,,,-1.020780015857201,False,-0.1041561216461102,False
2017-07-30,Delhi,246.2,102.9,176.4,107.8,218.6,3.9,6.6,87.8,39.7,14.7,0.36,7.08,412.7,Very Poor,0.0,,,,-0.0472716098892349,False,-0.1062627223580103,False
2017-07-31,Delhi,404.7,523.1,191.3,81.3,103.3,29.6,4.73,76.0,34.6,10.82,2.11,6.27,286.8,Severe,0.0,,,,1.0700425273006462,False,-0.1043686524086562,False
2017-08-01,Delhi,374.7,322.9,44.1,108.7,64.7,31.7,9.75,83.3,130.3,18.6,12.11,1.87,299.2,Moderate,0.0,,,,0.8585635107978297,False,-0.0988583044070286,False
2017-08-02,Delhi,353.8,105.6,2.4,108.1,12.9,46.8,3.4,76.5,0.7,5.75,17.11,0.66,220.1,Poor,0.0,,,,0.7112331293008676,False,-0.0843819333708252,False
2017-08-03,Delhi,288.6,198.4,29.8,26.8,205.4,45.8,1.01,19.3,54.1,18.31,24.73,9.78,122.9,Very Poor,0.0,,,,0.2516187334347461,False,-0.1033389415554416,False
2017-08-04,Delhi,61.4,531.1,149.7,93.9,139.0,41.3,4.71,52.7,139.9,2.52,6.39,4.51,468.5,Satisfactory,0.0,,,,-1.3499823515465852,False,-0.0928393090960402,False
2017-08-05,Delhi,90.7,434.7,40.5,111.0,19.7,2.7,0.75,67.7,66.0,18.58,17.08,2.85,176.5,Very Poor,0.0,,,,-1.1434378454288343,False,-0.0971856190166784,False
2017-08-06,Delhi,64.7,135.9,128.7,16.0,10.1,33.5,6.96,54.7,6.1,7.05,4.1,1.99,220.8,Severe,0.0,,,,-1.3267196597312756,False,-0.0695244671326051,False
2017-08-07,Delhi,370.1,116.1,69.2,52.4,114.2,41.8,5.22,43.8,197.2,1.06,19.54,9.8,174.8,Moderate,0.0,,,,0.826136728267398,False,-0.1022114464427572,False
2017-08-08,Delhi,376.4,2.7,190.7,102.5,42.7,30.2,7.82,15.4,68.8,5.17,27.53,0.33,415.1,Moderate,0.0,,,,0.8705473217329892,False,-0.0866419544095279,False
2017-08-09,Delhi,330.9,304.1,95.1,15.1,55.4,47.9,3.92,4.0,61.4,15.16,18.36,7.12,100.7,Good,0.0,,,,0.5498041467037172,False,-0.0850565556399564,False
2017-08-10,Delhi,93.4,124.7,28.1,77.1,9.2,2.2,2.47,93.5,40.0,14.9,1.23,5.0,355.0,Very Poor,0.0,,,,-1.1244047339435808,False,-0.0770108687737297,False
2017-08-11,Delhi,96.5,20.1,193.5,14.6,201.5,33.7,2.56,6.5,61.3,8.11,13.23,9.78,299.4,Severe,0.0,,,,-1.10255190223829,False,-0.0556933902042999,False
2017-08-12,Delhi,51.1,228.4,189.6,111.3,237.6,34.9,6.31,1.2,98.2,5.58,4.25,9.86,260.8,Satisfactory,0.0,,,,-1.4225901472125524,False,-0.0927487405427832,False
2017-08-13,Delhi,306.1,425.1,87.3,59.2,26.5,23.4,8.91,88.6,173.5,4.34,15.42,9.75,268.2,Poor,0.0,,,,0.3749814930613891,False,-0.0996558965018202,False
2017-08-14,Delhi,115.2,5.6,31.6,92.8,138.0,35.8,7.31,55.5,126.5,17.33,11.63,1.38,325.1,Satisfactory,0.0,,,,-0.9707299819515344,False,-0.098516150259662,False
2017-08-15,Delhi,172.7,538.0,113.2,139.4,57.6,1.9,3.43,61.8,150.1,19.12,18.92,0.89,113.9,Satisfactory,0.0,,,,-0.5653952003211357,False,-0.0945494251924899,False
2017-08-16,Delhi,239.3,534.0,68.4,82.6,231.4,48.2,3.09,3.1,49.2,10.55,25.1,8.76,311.8,Poor,0.0,,,,-0.0959117836848825,False,-0.0946115976479902,False
2017-08-17,Delhi,142.6,408.2,66.2,147.1,11.1,49.1,5.3,41.9,12.2,2.83,2.75,6.02,268.2,Severe,0.0,,,,-0.7775791468789617,False,-0.0837564721654257,False
2017-08-18,Delhi,405.3,222.5,98.2,135.2,203.1,1.9,1.44,59.9,147.3,4.35,24.8,8.08,133.4,Satisfactory,0.0,,,,1.074272107630703,False,-0.0997020511738851,False
2017-08-19,Delhi,415.5,102.9,171.6,85.1,13.8,48.7,1.55,81.7,189.6,11.53,5.68,3.26,396.1,Very Poor,0.0,,,,1.1461749732416604,False,-0.0758579765059754,False
2017-08-20,Delhi,77.7,398.2,143.9,140.2,160.6,49.6,2.97,44.8,197.8,9.13,16.69,1.54,116.2,Satisfactory,0.0,,,,-1.235078752580055,False,-0.0594006983643138,False
2017-08-21,Delhi,466.0,536.1,139.6,53.5,39.3,42.7,2.05,26.2,115.0,2.68,4.84,7.35,300.8,Satisfactory,0.0,,,,1.5021646510214015,False,-0.0981536911680406,False
2017-08-22,Delhi,497.5,161.9,30.5,68.9,198.4,20.2,7.92,74.2,121.4,2.01,20.34,0.71,158.0,Satisfactory,0.0,,,,1.7242176183493592,False,-0.0966339870306478,False
2017-08-23,Delhi,187.5,367.7,139.6,37.1,62.7,15.4,7.29,94.0,173.9,4.3,5.2,9.51,15.5,Severe,0.0,,,,-0.461065552179746,False,-0.0642470958871197,False
2017-08-24,Delhi,273.2,4.5,158.2,33.4,162.2,38.2,4.4,35.9,159.1,18.08,14.4,3.01,146.0,Poor,0.0,,,,0.1430595049633,False,-0.1084538090307798,False
2017-08-25,Delhi,287.9,107.7,156.0,89.7,123.0,29.7,6.84,59.3,58.3,5.54,10.27,4.77,418.9,Moderate,0.0,,,,0.2466842230496801,False,-0.1274693027004901,False
2017-08-26,Delhi,149.0,525.4,83.2,110.6,201.1,9.3,0.87,10.1,79.8,10.13,14.32,8.23,473.0,Good,0.0,,,,-0.7324636233583607,False,-0.0643041453348353,False
2017-08-27,Delhi,298.4,114.9,61.3,71.7,91.4,31.6,3.75,22.7,132.7,13.25,21.55,1.9,493.5,Good,0.0,,,,0.3207018788256659,False,-0.0979801606783262,False
2017-08-28,Delhi,317.8,103.1,68.4,87.0,128.9,35.3,4.5,58.9,19.1,8.73,13.12,7.24,154.1,Severe,0.0,,,,0.4574583094974876,False,-0.113747285736875,False
2017-08-29,Delhi,348.4,510.7,53.5,142.3,248.2,12.6,8.63,47.4,5.8,14.57,18.3,5.13,399.4,Severe,0.0,,,,0.6731669063303604,False,-0.0575728665759518,False
2017-08-30,Delhi,402.9,5.9,4.8,10.0,93.2,17.6,2.95,40.8,12.3,11.84,4.77,1.09,298.7,Good,0.0,,,,1.0573537863104772,False,-0.0568798637340048,False
2017-08-31,Delhi,466.9,121.5,9.7,12.7,105.1,48.5,5.38,43.9,144.7,11.92,10.84,0.12,283.7,Moderate,0.0,,,,1.508509021516486,False,-0.0899418073855461,False
2017-09-01,Delhi,30.2,551.9,16.5,55.9,185.6,17.6,1.38,78.4,2.5,4.73,25.56,6.41,230.9,Good,0.0,,,,-1.5699205287095146,False,-0.0508625920931476,False
2017-09-02,Delhi,489.2,422.3,5.4,127.7,65.9,37.1,7.96,30.5,96.8,15.82,22.42,6.74,115.0,Good,0.0,,,,1.6657084237835798,False,-0.0874474087574659,False
2017-09-03,Delhi,481.3,491.5,162.9,45.7,24.1,35.5,1.48,55.3,172.3,18.55,28.58,3.97,430.4,Satisfactory,0.0,,,,1.6100189494378383,False,-0.0791732576995568,False
2017-09-04,Delhi,495.1,259.9,22.9,88.5,223.2,48.0,1.88,80.6,158.6,6.81,20.77,1.78,56.3,Severe,0.0,,,,1.707299297029134,False,-0.0736891757914913,False
2017-09-05,Delhi,208.5,596.5,10.7,36.3,161.6,7.9,1.91,53.0,192.2,18.47,1.61,3.07,87.6,Very Poor,0.0,,,,-0.3130302406277744,False,-0.0589399035811913,False
2017-09-06,Delhi,356.0,343.8,132.0,94.6,151.6,41.1,5.15,81.1,166.5,4.33,5.33,4.32,235.7,Good,0.0,,,,0.726741590511074,False,-0.1279316326286759,False
2017-09-07,Delhi,468.6,232.9,3.5,104.4,229.9,15.1,5.98,13.0,57.6,0.0,14.97,3.16,484.4,Very Poor,0.0,,,,1.520492832451646,False,-0.0913145803099336,False
2017-09-08,Delhi,16.7,186.7,31.2,30.2,56.6,4.8,0.48,90.8,187.3,6.36,18.65,3.45,334.4,Very Poor,0.0,,,,-1.665086086135782,False,-0.048126105456057,False
2017-09-09,Delhi,171.2,274.2,167.4,76.1,147.9,35.5,6.12,74.4,96.6,1.98,4.89,6.81,136.4,Severe,0.0,,,,-0.5759691511462764,False,-0.1319975133659495,False
2017-09-10,Delhi,357.5,199.9,188.9,71.7,91.3,25.6,9.12,28.7,0.6,3.9,7.88,5.77,236.9,Poor,0.0,,,,0.7373155413362149,False,-0.0845933152490841,False
2017-09-11,Delhi,486.4,5.9,144.3,35.8,188.1,24.2,9.43,65.2,7.0,11.92,27.72,3.81,342.4,Severe,0.0,,,,1.645970382243317,False,-0.0365068875714493,False
2017-09-12,Delhi,433.5,426.1,75.6,23.4,1.8,24.7,9.75,61.9,71.8,5.62,12.97,9.17,320.8,Very Poor,0.0,,,,1.2730623831433503,False,-0.0772725086884918,False
2017-09-13,Delhi,213.7,337.7,70.1,130.0,135.7,11.0,7.61,15.0,12.3,9.02,6.09,4.17,487.8,Poor,0.0,,,,-0.2763738777672863,False,-0.0665451444435396,False
2017-09-14,Delhi,12.7,489.7,123.7,63.7,209.1,43.3,6.79,33.1,144.5,13.05,0.01,0.42,162.1,Moderate,0.0,,,,-1.6932832883361577,False,-0.0908155563313803,False
2017-09-15,Delhi,207.5,357.0,58.6,16.1,191.7,6.2,6.82,86.1,108.3,12.91,0.66,4.12,19.8,Satisfactory,0.0,,,,-0.3200795411778683,False,-0.0800849161336588,False
2017-09-16,Delhi,117.5,273.4,194.8,147.7,238.7,34.4,1.96,16.5,108.6,15.84,12.28,9.31,408.9,Moderate,0.0,,,,-0.9545165906863182,False,-0.0794004489449441,False
2017-09-17,Delhi,239.9,402.6,97.8,126.8,96.4,0.8,6.69,72.6,94.1,6.44,28.76,7.14,387.5,Severe,0.0,,,,-0.0916822033548263,False,-0.1251387513386294,False
2017-09-18,Delhi,307.4,164.4,57.1,136.8,183.2,16.5,1.09,2.9,102.4,1.36,0.82,7.27,93.8,Moderate,0.0,,,,0.3841455837765109,False,-0.0681509973719998,False
2017-09-19,Delhi,85.6,47.2,43.1,52.8,140.0,22.8,3.2,90.5,104.8,11.63,7.03,5.09,480.1,Moderate,0.0,,,,-1.1793892782343132,False,-0.0602105078763123,False
2017-09-20,Delhi,200.1,342.4,123.9,56.5,67.6,28.2,0.11,69.1,61.9,0.12,5.3,2.04,286.0,Very Poor,0.0,,,,-0.3722443652485631,False,-0.1107643797094607,False
2017-09-21,Delhi,333.7,558.9,171.1,52.3,239.4,39.5,1.22,22.6,182.8,0.13,20.24,9.11,453.0,Poor,0.0,,,,0.5695421882439803,False,-0.0683892197642311,False
2017-09-22,Delhi,367.4,341.5,63.7,70.5,87.8,5.2,7.7,71.7,162.4,2.33,16.07,3.54,309.3,Poor,0.0,,,,0.8071036167821442,False,-0.1330450128970451,False
2017-09-23,Delhi,227.1,39.0,156.9,133.7,101.1,26.7,9.1,75.9,120.8,10.66,26.4,2.19,18.4,Satisfactory,0.0,,,,-0.1819132503960281,False,-0.0553336212950429,False
2017-09-24,Delhi,264.5,224.9,136.5,146.3,37.8,13.6,6.85,62.5,85.6,6.14,0.86,1.3,314.6,Good,0.0,,,,0.0817305901774833,False,-0.1187625761495653,False
2017-09-25,Delhi,251.1,237.4,147.2,110.4,126.2,26.7,4.45,1.5,167.2,8.28,19.67,2.14,127.7,Poor,0.0,,,,-0.0127300371937748,False,-0.0951354690978515,False
2017-09-26,Delhi,85.4,43.0,169.4,124.8,95.8,25.3,0.12,55.6,47.5,10.08,26.0,0.01,389.2,Very Poor,0.0,,,,-1.180799138344332,False,-0.0648522313190449,False
2017-09-27,Delhi,120.4,546.3,108.3,118.5,232.3,0.7,5.18,95.0,126.6,5.75,21.84,4.07,80.6,Moderate,0.0,,,,-0.934073619091046,False,-0.065997172224684,False
2017-09-28,Delhi,250.5,84.6,33.2,54.4,45.3,7.6,7.57,43.7,138.1,1.85,12.37,3.53,90.5,Good,0.0,,,,-0.0169596175238311,False,-0.1205239165884262,False
2017-09-29,Delhi,332.1,333.5,2.4,92.7,249.0,21.2,1.18,14.6,55.0,12.81,1.12,4.48,355.0,Very Poor,0.0,,,,0.5582633073638302,False,-0.1136806462706819,False
2017-09-30,Delhi,493.9,294.1,78.2,3.6,12.9,29.3,7.54,82.2,149.2,17.15,25.15,7.82,55.7,Moderate,0.0,,,,1.6988401363690209,False,-0.0426590791205886,False
2017-10-01,Delhi,34.6,585.6,154.5,104.8,92.3,17.2,6.68,30.1,193.6,18.21,10.19,8.17,257.5,Good,0.0,,,,-1.5389036062891015,False,-0.0572039034175465,False
2017-10-02,Delhi,155.3,573.5,31.4,45.6,40.4,47.0,1.48,10.4,66.3,19.24,1.61,7.07,421.1,Satisfactory,0.0,,,,-0.6880530298927692,False,-0.0746718930730616,False
2017-10-03,Delhi,227.0,336.7,121.5,65.2,89.9,30.6,8.66,95.8,198.7,13.36,13.08,7.18,286.3,Very Poor,0.0,,,,-0.1826181804510374,False,-0.0773487801148883,False
2017-10-04,Delhi,207.9,243.1,172.1,34.9,44.4,21.1,3.57,3.6,164.0,17.04,12.7,1.68,417.4,Moderate,0.0,,,,-0.3172598209578307,False,-0.0908216445069775,False
2017-10-05,Delhi,450.4,33.4,126.1,19.1,105.1,44.6,7.31,17.0,48.0,2.66,4.81,2.69,104.2,Severe,0.0,,,,1.392195562439937,False,-0.0663681527438047,False
2017-10-06,Delhi,339.9,316.6,147.2,122.9,24.0,32.5,7.81,56.8,75.8,16.52,8.67,6.93,363.2,Good,0.0,,,,0.6132478516545623,False,-0.1330370570158282,False
2017-10-07,Delhi,62.4,67.4,45.2,122.0,146.2,14.0,8.24,10.3,50.0,3.48,12.09,3.26,392.0,Good,0.0,,,,-1.3429330509964914,False,-0.0703329549437018,False
2017-10-08,Delhi,421.5,168.6,146.0,92.6,170.0,30.5,6.9,13.9,90.4,2.2,25.88,4.3,305.8,Good,0.0,,,,1.1884707765422238,False,-0.1247212783010576,False
2017-10-09,Delhi,400.2,254.6,191.8,141.3,124.8,44.2,5.3,92.3,32.6,14.84,28.45,3.32,83.9,Moderate,0.0,,,,1.0383206748252238,False,-0.0640354187186382,False
2017-10-10,Delhi,209.6,6.1,160.3,72.9,153.1,35.5,6.31,17.8,77.6,5.03,0.05,9.4,109.9,Moderate,0.0,,,,-0.3052760100226712,False,-0.0989121963124386,False
2017-10-11,Delhi,249.5,461.6,131.9,139.3,112.4,15.4,4.75,22.0,110.5,17.94,9.71,2.68,68.9,Very Poor,0.0,,,,-0.024008918073925,False,-0.0913429858619093,False
2017-10-12,Delhi,420.7,533.0,71.3,142.6,60.5,8.9,4.3,1.1,56.1,15.82,13.89,2.15,239.6,Very Poor,0.0,,,,1.1828313361021483,False,-0.0549864405231598,False
2017-10-13,Delhi,22.1,349.8,164.4,96.1,135.9,48.7,8.72,83.7,53.5,6.78,1.67,0.76,351.5,Satisfactory,0.0,,,,-1.627019863165275,False,-0.0791087490331055,False
2017-10-14,Delhi,137.5,295.1,3.9,112.0,30.5,43.0,5.52,10.8,88.7,0.97,26.81,4.67,24.2,Very Poor,0.0,,,,-0.8135305796844404,False,-0.0981894430761343,False
2017-10-15,Delhi,406.8,432.7,129.0,96.7,79.0,30.2,6.78,75.3,158.7,17.69,29.29,7.24,469.1,Severe,0.0,,,,1.0848460584558437,False,-0.1001996436120445,False
2017-10-16,Delhi,207.5,181.4,193.8,3.1,97.5,49.0,8.91,72.1,177.4,15.59,26.11,9.92,354.2,Moderate,0.0,,,,-0.3200795411778683,False,-0.061025273381624,False
2017-10-17,Delhi,153.4,50.5,126.0,136.7,168.5,38.1,7.34,22.5,63.0,17.08,8.56,9.68,364.9,Good,0.0,,,,-0.7014467009379476,False,-0.0991085967538342,False
2017-10-18,Delhi,62.7,140.7,24.6,39.7,234.0,12.9,4.25,49.9,40.4,19.48,29.0,7.4,71.7,Satisfactory,0.0,,,,-1.3408182608314634,False,-0.0989436691968541,False
2017-10-19,Delhi,364.8,310.9,169.8,52.9,206.5,1.2,5.3,28.6,17.7,16.81,1.02,0.89,384.9,Severe,0.0,,,,0.7887754353519003,False,-0.1202055064990027,False
2017-10-20,Delhi,328.6,285.7,100.0,24.2,248.4,22.5,2.57,50.6,120.1,3.4,12.14,0.95,403.8,Very Poor,0.0,,,,0.5335907554385017,False,-0.121799781050213,False
2017-10-21,Delhi,304.1,247.9,176.7,87.5,0.6,7.0,7.78,6.9,75.6,0.98,24.92,7.48,473.0,Very Poor,0.0,,,,0.3608828919612014,False,-0.0927474554957119,False
2017-10-22,Delhi,310.4,483.5,16.5,74.8,9.3,29.7,3.67,92.4,158.1,16.1,26.54,4.73,404.1,Satisfactory,0.0,,,,0.4052934854267926,False,-0.1022311472590725,False
2017-10-23,Delhi,128.9,302.0,62.1,103.0,0.2,14.5,3.5,33.3,168.0,7.92,27.96,9.14,62.3,Moderate,0.0,,,,-0.8741545644152479,False,-0.1095783541690548,False
2017-10-24,Delhi,318.4,23.7,139.6,109.2,14.9,49.2,3.2,41.0,83.6,9.13,24.56,1.06,144.9,Satisfactory,0.0,,,,0.4616878898275436,False,-0.1176324058618001,False
2017-10-25,Delhi,353.5,411.3,9.5,7.9,32.5,10.0,0.84,10.1,9.4,17.47,19.57,0.52,136.0,Poor,0.0,,,,0.7091183391358393,False,-0.0545065717288901,False
2017-10-26,Delhi,63.1,292.2,102.0,88.5,44.8,20.6,4.29,45.2,169.9,14.41,14.34,1.85,487.8,Severe,0.0,,,,-1.3379985406114256,False,-0.0909050414047391,False
2017-10-27,Delhi,166.9,202.3,22.7,28.5,203.8,49.5,5.01,77.3,124.4,16.77,23.99,2.18,76.8,Moderate,0.0,,,,-0.60628114351168,False,-0.1178069598250693,False
2017-10-28,Delhi,139.7,202.2,197.7,26.6,50.4,39.1,7.72,97.1,120.6,7.18,20.3,6.08,192.3,Satisfactory,0.0,,,,-0.798022118474234,False,-0.088602649899827,False
2017-10-29,Delhi,114.8,397.7,28.6,127.4,99.1,48.7,6.22,22.4,101.5,0.57,11.25,0.43,409.1,Very Poor,0.0,,,,-0.9735497021715716,False,-0.105530395528846,False
2017-10-30,Delhi,63.0,3.7,150.0,123.1,247.5,32.8,8.1,33.5,114.0,18.78,7.34,9.56,126.0,Moderate,0.0,,,,-1.3387034706664351,False,-0.0712269489225437,False
2017-10-31,Delhi,387.7,444.3,57.0,33.8,53.8,38.7,2.63,52.6,62.6,5.86,21.68,6.92,418.6,Good,0.0,,,,0.9502044179490502,False,-0.115430733111284,False
2017-11-01,Delhi,379.1,64.8,33.7,131.8,7.5,21.8,2.24,19.0,192.7,17.46,5.17,4.09,41.2,Very Poor,0.0,,,,0.889580433218243,False,-0.0507878313967973,False
2017-11-02,Delhi,44.3,115.3,102.0,126.7,248.5,47.3,7.03,12.2,49.7,15.39,1.12,2.73,7.6,Satisfactory,0.0,,,,-1.4705253909531908,False,-0.0446605059175646,False
2017-11-03,Delhi,184.9,199.9,177.3,46.2,43.5,14.1,0.56,31.1,12.4,10.21,24.18,7.83,78.6,Good,0.0,,,,-0.4793937336099901,False,-0.0843014072724309,False
2017-11-04,Delhi,90.2,252.4,33.0,59.9,165.2,32.3,8.38,51.8,56.6,9.3,8.69,4.32,272.5,Poor,0.0,,,,-1.146962495703881,False,-0.1181769182569584,False
2017-11-05,Delhi,262.7,467.2,6.1,57.4,66.7,10.0,8.36,51.4,187.0,4.83,27.34,8.41,291.6,Good,0.0,,,,0.0690418491873142,False,-0.1060138090207344,False
2017-11-06,Delhi,113.3,193.3,51.1,95.1,12.5,23.4,6.77,8.9,111.0,9.12,4.33,8.19,178.0,Satisfactory,0.0,,,,-0.9841236529967125,False,-0.1115889708512534,False
2017-11-07,Delhi,312.4,367.6,167.9,77.6,129.7,22.5,2.64,21.0,172.8,1.11,20.85,3.83,140.8,Moderate,0.0,,,,0.4193920865269803,False,-0.1193086203558949,False
2017-11-08,Delhi,289.9,473.6,112.6,40.6,90.9,32.0,6.73,6.4,8.6,19.26,15.29,9.25,435.9,Very Poor,0.0,,,,0.2607828241498678,False,-0.0788094830844766,False
2017-11-09,Delhi,167.2,41.8,102.3,67.0,151.0,3.6,4.49,45.4,130.7,6.06,23.89,3.5,373.8,Satisfactory,0.0,,,,-0.604166353346652,False,-0.1229756390296308,False
2017-11-10,Delhi,207.1,217.6,149.5,94.1,215.5,31.8,6.84,1.2,54.9,9.13,16.66,3.44,229.1,Very Poor,0.0,,,,-0.3228992613979058,False,-0.1079443514224371,False
2017-11-11,Delhi,224.8,476.4,176.9,115.3,54.3,0.2,2.58,18.0,197.1,12.18,27.77,6.68,399.7,Severe,0.0,,,,-0.1981266416612439,False,-0.0794277266052422,False
2017-11-12,Delhi,379.9,151.9,122.9,127.3,132.4,29.7,3.09,18.9,183.9,14.79,15.56,7.52,322.8,Good,0.0,,,,0.8952198736583178,False,-0.0921211612370141,False
2017-11-13,Delhi,71.9,333.9,0.6,93.7,205.1,26.0,5.15,58.0,23.8,16.48,12.4,4.39,283.9,Satisfactory,0.0,,,,-1.2759646957705997,False,-0.1235683209701332,False
2017-11-14,Delhi,203.3,168.4,45.9,18.8,225.5,46.7,2.95,42.8,111.8,16.85,13.42,6.83,190.5,Severe,0.0,,,,-0.3496866034882625,False,-0.118069509059512,False
2017-11-15,Delhi,244.5,543.3,100.2,124.4,243.0,43.3,8.31,9.5,162.0,1.35,21.53,0.74,69.8,Poor,0.0,,,,-0.0592554208243944,False,-0.0622593998132096,False
2017-11-16,Delhi,128.3,41.5,1.2,147.3,49.0,6.3,5.69,42.3,98.6,5.21,19.48,7.82,285.8,Good,0.0,,,,-0.8783841447453041,False,-0.0879986983766103,False
2017-11-17,Delhi,49.7,49.3,154.0,99.8,142.4,33.2,9.84,84.6,61.8,16.1,9.88,8.91,488.2,Poor,0.0,,,,-1.432459167982684,False,-0.0245381572480026,False
2017-11-18,Delhi,435.0,418.1,130.6,18.1,217.0,13.5,8.67,83.1,166.3,9.9,5.03,2.99,90.1,Severe,0.0,,,,1.283636333968491,False,-0.061219151078534,False
2017-11-19,Delhi,2.7,440.6,104.0,138.4,78.3,12.8,6.55,91.9,97.9,14.4,4.74,2.93,141.0,Poor,0.0,,,,-1.7637762938370969,False,-0.0599673238658597,False
2017-11-20,Delhi,239.3,532.4,93.7,1.2,118.7,23.0,3.95,65.6,123.2,3.16,11.5,8.98,260.3,Satisfactory,0.0,,,,-0.0959117836848825,False,-0.0832123625612896,False
2017-11-21,Delhi,234.8,485.1,53.2,134.9,45.1,42.4,7.88,91.7,97.2,11.13,1.91,4.18,429.7,Severe,0.0,,,,-0.127633636160305,False,-0.0855921081367731,False
2017-11-22,Delhi,360.2,290.4,43.4,111.0,20.6,34.1,2.38,93.0,141.8,14.17,17.58,0.5,256.9,Good,0.0,,,,0.7563486528214682,False,-0.1044721747290662,False
2017-11-23,Delhi,439.2,491.8,20.1,74.8,10.5,44.1,9.08,27.5,73.0,7.19,24.13,3.61,212.7,Severe,0.0,,,,1.3132433962788854,False,-0.1028520773062808,False
2017-11-24,Delhi,148.9,114.8,102.3,79.8,104.2,17.0,6.76,87.6,163.6,3.36,22.47,2.91,234.0,Good,0.0,,,,-0.7331685534133701,False,-0.1068870581277002,False
2017-11-25,Delhi,46.7,388.1,72.7,50.1,33.9,6.3,9.63,22.5,56.3,8.06,18.51,8.46,108.2,Satisfactory,0.0,,,,-1.4536070696329657,False,-0.0732328264715252,False
2017-11-26,Delhi,125.8,554.6,147.3,3.6,105.4,49.5,2.91,90.3,16.9,16.43,19.12,0.8,287.9,Good,0.0,,,,-0.8960073961205389,False,-0.0503468728669239,False
2017-11-27,Delhi,438.9,316.2,6.1,129.7,83.1,37.8,8.84,38.9,43.1,10.08,11.43,9.36,403.6,Satisfactory,0.0,,,,1.3111286061138572,False,-0.0923580736436192,False
2017-11-28,Delhi,249.1,547.3,77.0,7.9,190.2,14.1,1.51,96.3,53.7,14.48,14.91,7.96,177.0,Poor,0.0,,,,-0.0268286382939626,False,-0.0531885764540703,False
2017-11-29,Delhi,468.0,428.8,163.5,104.4,165.8,17.6,1.52,20.5,186.0,9.82,22.94,9.85,249.6,Very Poor,0.0,,,,1.5162632521215895,False,-0.0827349383921158,False
2017-11-30,Delhi,301.5,598.4,156.0,66.1,163.0,20.0,3.13,9.2,156.7,2.28,25.8,7.05,70.9,Poor,0.0,,,,0.3425547105309571,False,-0.0525167326274795,False
2017-12-01,Delhi,425.8,557.5,170.7,69.1,39.4,21.7,4.05,63.7,1.3,13.12,3.99,9.59,275.4,Satisfactory,0.0,,,,1.2187827689076274,False,-0.0825445413207403,False
2017-12-02,Delhi,208.8,14.4,186.2,52.9,133.9,12.6,6.51,28.1,97.8,19.62,10.28,2.5,324.9,Satisfactory,0.0,,,,-0.3109154504627461,False,-0.1150463740323064,False
2017-12-03,Delhi,363.6,264.0,27.3,23.2,174.1,7.0,9.25,33.2,182.0,3.57,29.68,9.83,413.8,Poor,0.0,,,,0.7803162746917878,False,-0.0823260871751739,False
2017-12-04,Delhi,416.6,14.0,71.7,5.8,39.0,46.8,7.57,86.3,194.8,3.06,0.97,8.17,396.3,Moderate,0.0,,,,1.1539292038467637,False,-0.0301767569840468,False
2017-12-05,Delhi,304.8,529.8,186.5,132.6,147.5,14.2,8.66,94.7,15.6,8.33,7.12,8.8,237.9,Good,0.0,,,,0.3658174023462671,False,-0.0519765137694525,False
2017-12-06,Delhi,353.2,166.2,63.3,137.6,240.6,38.4,6.78,85.3,148.0,6.58,6.23,2.17,376.2,Moderate,0.0,,,,0.7070035489708111,False,-0.1018527932626625,False
2017-12-07,Delhi,238.7,129.3,76.7,100.9,159.8,19.8,0.35,31.0,86.6,7.59,17.18,5.66,387.5,Very Poor,0.0,,,,-0.100141364014939,False,-0.1017728365210825,False
2017-12-08,Delhi,379.2,141.6,38.5,22.6,68.0,16.8,7.46,21.4,165.5,8.83,8.02,7.96,85.2,Poor,0.0,,,,0.8902853632732521,False,-0.0942754220671213,False
2017-12-09,Delhi,346.9,347.2,4.3,87.9,167.7,20.3,2.35,17.0,79.1,10.13,16.14,5.16,239.4,Severe,0.0,,,,0.6625929555052195,False,-0.1297283132094893,False
2017-12-10,Delhi,347.9,354.7,41.7,69.7,127.2,7.9,5.69,75.5,102.6,19.1,10.94,4.96,480.3,Very Poor,0.0,,,,0.6696422560553134,False,-0.1244745093416259,False
2017-12-11,Delhi,98.7,564.6,60.8,115.2,36.3,40.2,3.13,19.1,79.4,11.05,7.04,3.22,401.9,Poor,0.0,,,,-1.0870434410280834,False,-0.0892813401520592,False
2017-12-12,Delhi,236.3,102.9,58.1,108.6,76.1,1.6,6.15,51.6,199.6,12.62,27.88,7.28,123.3,Severe,0.0,,,,-0.1170596853351642,False,-0.0979024726635595,False
2017-12-13,Delhi,362.5,506.7,26.7,95.9,2.9,9.0,7.95,95.8,43.8,15.83,13.98,8.0,327.8,Poor,0.0,,,,0.7725620440866843,False,-0.0836294893837458,False
2017-12-14,Delhi,396.8,473.1,181.1,40.7,60.4,18.5,3.11,28.5,45.1,8.66,14.55,4.51,197.2,Poor,0.0,,,,1.0143530529549047,False,-0.1170921157350936,False
2017-12-15,Delhi,378.6,154.7,134.7,12.0,38.2,14.7,9.55,85.8,28.3,2.26,2.84,9.03,193.9,Satisfactory,0.0,,,,0.8860557829431961,False,-0.0584633539859397,False
2017-12-16,Delhi,470.4,471.3,70.4,127.2,7.9,22.9,5.67,52.8,197.6,14.15,14.22,8.99,65.0,Satisfactory,0.0,,,,1.5331815734418146,False,-0.0623216606407843,False
2017-12-17,Delhi,386.8,548.6,130.1,59.1,117.0,14.8,6.75,52.4,186.8,12.91,11.43,1.26,380.8,Moderate,0.0,,,,0.943860047453966,False,-0.0950359478517626,False
2017-12-18,Delhi,467.9,530.9,65.6,141.5,99.5,17.8,0.39,29.0,54.7,2.4,19.23,6.05,264.1,Very Poor,0.0,,,,1.5155583220665798,False,-0.0607937401125366,False
2017-12-19,Delhi,322.3,32.0,88.6,54.4,129.2,49.4,3.99,94.7,107.8,0.98,29.73,0.83,194.9,Very Poor,0.0,,,,0.4891801619729101,False,-0.0919206486519222,False
2017-12-20,Delhi,358.9,132.0,110.2,34.4,135.9,36.1,2.59,62.7,151.9,9.08,8.97,5.92,7.2,Severe,0.0,,,,0.7471845621063461,False,-0.0788837305477389,False
2017-12-21,Delhi,188.4,492.5,160.2,91.1,184.6,42.9,2.99,11.8,82.5,2.74,6.84,6.23,399.7,Moderate,0.0,,,,-0.4547211816846615,False,-0.1129334831624391,False
2017-12-22,Delhi,9.5,248.3,179.8,132.4,227.4,43.3,1.1,89.5,161.8,15.25,21.4,4.71,166.7,Satisfactory,0.0,,,,-1.715841050096458,False,-0.0594198803266751,False
2017-12-23,Delhi,368.2,277.7,49.0,134.5,82.7,9.4,7.03,72.9,109.3,9.24,9.08,9.23,12.9,Very Poor,0.0,,,,0.8127430572222194,False,-0.093807744492295,False
2017-12-24,Delhi,306.8,86.5,173.0,26.2,135.3,14.2,4.66,82.2,100.6,14.51,7.86,9.44,365.6,Severe,0.0,,,,0.3799160034464548,False,-0.1083932614901312,False
2017-12-25,Delhi,92.0,384.2,159.4,0.2,234.3,45.0,5.69,33.5,19.7,13.05,17.02,6.04,124.0,Severe,0.0,,,,-1.1342737547137125,False,-0.0680006647321719,False
2017-12-26,Delhi,472.3,399.8,59.7,73.5,45.0,49.7,6.47,85.6,199.7,18.45,21.78,5.54,69.4,Poor,0.0,,,,1.5465752444869934,False,-0.0602472547261693,False
2017-12-27,Delhi,108.4,479.2,91.9,132.2,37.3,29.9,1.25,19.3,181.6,9.84,1.58,4.88,407.3,Very Poor,0.0,,,,-1.0186652256921724,False,-0.0705328422994708,False
2017-12-28,Delhi,410.7,502.2,164.5,9.5,24.9,26.3,3.27,34.4,0.1,15.83,4.83,1.55,328.0,Very Poor,0.0,,,,1.1123383306012096,False,-0.0687787039659364,False
2017-12-29,Delhi,274.1,429.7,196.9,92.6,97.0,5.8,7.98,1.2,18.7,15.18,17.65,5.76,383.4,Severe,0.0,,,,0.1494038754583848,False,-0.0852128308216214,False
2017-12-30,Delhi,49.5,387.9,68.1,71.7,116.6,37.9,9.42,14.9,79.8,5.6,11.4,6.57,363.0,Severe,0.0,,,,-1.4338690280927024,False,-0.0899545630844653,False
2017-12-31,Delhi,387.4,366.1,129.5,2.5,184.2,23.5,6.11,39.7,176.0,3.34,3.43,0.96,19.1,Severe,0.0,,,,0.948089627784022,False,-0.0569100226760792,False
2018-01-01,Delhi,362.2,208.7,0.9,61.6,208.2,8.8,2.64,80.2,94.7,13.61,19.33,5.07,423.7,Poor,0.0,,,,0.770447253921656,False,-0.1095511479740642,False
2018-01-02,Delhi,245.8,198.2,47.4,49.8,155.2,23.5,8.78,71.8,133.0,8.28,9.21,0.61,251.9,Moderate,0.0,,,,-0.0500913301092723,False,-0.1234210379903126,False
2018-01-03,Delhi,289.9,463.7,35.7,62.5,78.1,43.1,1.82,36.2,62.1,9.93,20.5,2.91,397.4,Poor,0.0,,,,0.2607828241498678,False,-0.1241464292131691,False
2018-01-04,Delhi,415.2,529.2,71.2,76.2,217.7,2.3,8.23,68.0,65.2,4.43,20.95,8.76,284.4,Good,0.0,,,,1.1440601830766322,False,-0.1121818953428748,False
2018-01-05,Delhi,55.2,500.2,187.8,88.8,235.9,40.0,7.96,63.1,70.3,9.7,8.46,2.37,71.8,Very Poor,0.0,,,,-1.3936880149571675,False,-0.0880491537568046,False
2018-01-06,Delhi,379.9,201.7,189.3,139.0,171.7,44.2,1.88,16.0,91.8,12.56,14.66,1.99,163.7,Satisfactory,0.0,,,,0.8952198736583178,False,-0.1030275273410737,False
2018-01-07,Delhi,12.8,40.1,31.0,89.4,155.1,7.3,9.53,21.8,23.7,12.76,10.54,2.39,181.0,Poor,0.0,,,,-1.6925783582811482,False,-0.0456853412275745,False
2018-01-08,Delhi,201.6,407.1,36.9,142.1,213.6,19.5,0.86,70.0,179.8,7.83,18.47,1.81,335.3,Very Poor,0.0,,,,-0.3616704144234223,False,-0.0856692923481349,False
2018-01-09,Delhi,417.0,127.0,108.3,141.1,226.7,3.3,5.58,29.9,117.9,15.89,10.68,4.76,201.3,Poor,0.0,,,,1.1567489240668012,False,-0.0980146646503749,False
2018-01-10,Delhi,1.8,10.2,124.1,131.2,97.5,5.0,0.69,50.4,67.7,13.59,7.66,2.35,150.6,Good,0.0,,,,-1.770120664332181,False,-0.040567375007531,False
2018-01-11,Delhi,210.3,269.9,93.9,34.6,195.6,4.6,3.33,77.3,168.7,17.28,20.89,6.67,124.5,Satisfactory,0.0,,,,-0.3003414996376053,False,-0.1084243278507743,False
2018-01-12,Delhi,40.9,420.0,121.2,65.6,140.1,28.4,1.68,43.3,118.2,3.94,25.7,2.81,319.0,Severe,0.0,,,,-1.49449301282351,False,-0.1108460131701788,False
2018-01-13,Delhi,418.0,122.7,16.7,101.3,2.4,22.2,6.99,5.2,78.7,8.07,29.59,8.14,269.7,Satisfactory,0.0,,,,1.163798224616895,False,-0.0952401840314804,False
2018-01-14,Delhi,385.2,553.6,116.0,61.0,118.8,28.1,6.15,37.4,130.4,9.42,17.08,6.62,17.3,Poor,0.0,,,,0.9325811665738156,False,-0.0890636220910096,False
2018-01-15,Delhi,401.7,494.7,196.2,105.4,112.6,15.8,0.9,56.6,119.4,15.13,18.98,9.28,305.8,Poor,0.0,,,,1.0488946256503646,False,-0.1067430530023623,False
2018-01-16,Delhi,440.9,73.6,199.0,56.8,109.4,35.4,7.35,71.1,38.1,6.4,5.77,4.82,194.4,Severe,0.0,,,,1.325227207214045,False,-0.1079726926473396,False
2018-01-17,Delhi,172.8,543.3,54.8,34.1,211.4,30.2,6.37,17.9,153.6,8.45,13.34,5.35,103.5,Satisfactory,0.0,,,,-0.5646902702661262,False,-0.0824425419234499,False
2018-01-18,Delhi,327.9,359.8,109.0,68.1,90.7,43.9,9.92,67.4,142.7,14.55,25.31,8.74,198.0,Moderate,0.0,,,,0.5286562450534357,False,-0.1061775429021301,False
2018-01-19,Delhi,316.5,338.5,16.0,79.8,156.4,13.4,6.67,4.7,142.1,7.56,9.35,9.82,159.8,Very Poor,0.0,,,,0.4482942187823655,False,-0.1084265518398941,False
2018-01-20,Delhi,442.0,112.4,24.1,66.3,1.3,44.5,6.24,80.8,198.1,3.7,29.33,8.64,356.5,Satisfactory,0.0,,,,1.3329814378191485,False,-0.0822981134530394,False
2018-01-21,Delhi,52.8,370.2,145.1,95.9,214.7,20.9,3.79,78.0,181.6,14.6,0.22,5.75,1.9,Satisfactory,0.0,,,,-1.4106063362773926,False,-0.0564465698561861,False
2018-01-22,Delhi,198.8,538.2,145.1,120.4,242.4,4.4,5.19,51.8,123.4,8.56,6.63,6.29,90.9,Severe,0.0,,,,-0.381408455963685,False,-0.1067702884752325,False
2018-01-23,Delhi,262.6,594.7,18.1,15.1,98.5,25.5,3.15,51.3,42.8,19.79,27.97,7.12,364.4,Good,0.0,,,,0.068336919132305,False,-0.0766060052483464,False
2018-01-24,Delhi,224.9,22.6,198.9,94.5,160.9,33.4,0.25,76.6,191.8,2.22,27.78,0.24,207.7,Poor,0.0,,,,-0.1974217116062346,False,-0.0595855715730633,False
2018-01-25,Delhi,150.7,517.5,66.0,71.0,80.9,32.3,2.65,10.7,111.1,7.51,14.54,9.84,295.1,Moderate,0.0,,,,-0.7204798124232012,False,-0.1132858022744263,False
2018-01-26,Delhi,164.8,325.0,81.8,63.5,179.3,31.6,9.3,97.8,126.8,11.05,14.38,1.28,222.1,Severe,0.0,,,,-0.6210846746668772,False,-0.0955076935383291,False
2018-01-27,Delhi,474.3,418.9,28.8,132.3,122.3,36.8,0.05,37.4,30.4,6.04,17.75,1.19,404.7,Severe,0.0,,,,1.560673845587181,False,-0.0602332425884722,False
2018-01-28,Delhi,186.0,281.5,181.0,40.1,238.3,44.6,6.97,52.4,154.5,15.02,7.41,8.25,459.2,Very Poor,0.0,,,,-0.4716395030048869,False,-0.1091227019453737,False
2018-01-29,Delhi,451.2,501.4,90.7,82.1,21.7,43.5,0.61,86.5,99.8,11.67,25.48,7.08,150.7,Severe,0.0,,,,1.397835002880012,False,-0.0809370828966796,False
2018-01-30,Delhi,215.2,281.9,160.4,114.1,240.5,6.5,1.83,24.3,95.6,6.15,15.62,5.32,294.2,Satisfactory,0.0,,,,-0.2657999269421454,False,-0.1330679612093989,False
2018-01-31,Delhi,113.7,69.4,19.4,105.7,221.1,9.3,8.94,43.8,46.6,18.31,2.25,8.79,289.8,Good,0.0,,,,-0.981303932776675,False,-0.0920172522599721,False
2018-02-01,Delhi,421.7,295.6,119.9,33.8,163.8,5.4,2.68,30.1,30.9,5.15,2.8,1.81,125.5,Severe,0.0,,,,1.1898806366522423,False,-0.109462769683033,False
2018-02-02,Delhi,352.2,581.8,95.3,105.5,187.7,48.0,1.91,18.9,149.2,2.81,19.72,0.55,362.8,Severe,0.0,,,,0.6999542484207172,False,-0.0889034439810996,False
2018-02-03,Delhi,150.4,126.0,158.3,126.4,92.6,25.2,8.59,26.6,32.6,8.39,9.57,9.66,362.2,Good,0.0,,,,-0.7225946025882293,False,-0.0905154059099527,False
2018-02-04,Delhi,320.6,77.3,106.9,63.5,132.7,5.6,5.56,69.0,35.4,9.61,3.79,3.49,164.5,Moderate,0.0,,,,0.4771963510377505,False,-0.1226218389894961,False
2018-02-05,Delhi,407.9,207.2,126.8,0.8,5.0,13.6,0.15,97.7,93.2,12.42,6.29,0.28,179.8,Very Poor,0.0,,,,1.0926002890609463,False,-0.0329873428565323,False
2018-02-06,Delhi,221.7,152.9,33.0,43.2,145.6,26.9,3.35,34.6,134.3,18.59,16.4,3.85,26.8,Very Poor,0.0,,,,-0.2199794733665351,False,-0.1062221657808634,False
2018-02-07,Delhi,364.8,200.1,33.9,106.9,99.5,39.7,0.94,32.6,9.9,11.86,28.32,1.61,295.5,Poor,0.0,,,,0.7887754353519003,False,-0.0992157505456703,False
2018-02-08,Delhi,182.8,549.5,34.4,65.3,164.5,41.1,3.03,35.8,10.8,18.85,4.58,6.41,299.1,Good,0.0,,,,-0.4941972647651872,False,-0.0950419233880586,False
2018-02-09,Delhi,320.9,338.1,3.8,102.7,209.5,36.0,3.88,3.4,23.4,16.97,13.58,9.72,419.8,Moderate,0.0,,,,0.4793111412027784,False,-0.0976518055378014,False
2018-02-10,Delhi,213.1,354.1,17.9,131.2,105.8,28.9,7.71,98.1,120.8,13.63,15.32,2.11,113.4,Severe,0.0,,,,-0.2806034580973425,False,-0.0882922670915814,False
2018-02-11,Delhi,329.9,383.3,143.8,121.5,237.7,5.2,9.68,64.5,51.1,15.36,10.34,2.93,249.5,Very Poor,0.0,,,,0.5427548461536233,False,-0.1074109928828419,False
2018-02-12,Delhi,192.0,298.6,195.7,138.8,185.1,26.1,6.44,59.3,149.2,10.93,10.42,7.39,405.6,Good,0.0,,,,-0.4293436997043235,False,-0.1111654611228109,False
2018-02-13,Delhi,188.3,310.6,52.1,93.7,245.2,9.0,7.69,14.4,70.9,3.37,25.76,4.95,221.3,Good,0.0,,,,-0.4554261117396708,False,-0.1254134688423556,False
2018-02-14,Delhi,348.5,331.5,171.0,64.3,73.7,35.3,2.22,16.7,109.8,16.51,3.11,6.26,377.2,Good,0.0,,,,0.6738718363853698,False,-0.1231890558515674,False
2018-02-15,Delhi,417.0,569.0,5.1,96.5,196.2,8.0,4.68,73.4,69.9,11.07,18.64,3.53,126.2,Severe,0.0,,,,1.1567489240668012,False,-0.0988485734590032,False
2018-02-16,Delhi,303.2,532.3,106.8,96.0,164.1,46.0,1.43,86.6,176.4,11.82,21.1,4.66,344.2,Satisfactory,0.0,,,,0.3545385214661167,False,-0.0909635228610699,False
2018-02-17,Delhi,65.2,328.7,195.9,146.6,211.0,43.2,7.71,65.5,55.4,1.58,19.6,9.82,378.4,Moderate,0.0,,,,-1.3231950094562286,False,-0.0946050212482488,False
2018-02-18,Delhi,53.5,39.8,18.3,38.3,158.5,35.6,8.98,67.6,195.3,19.72,10.68,2.59,398.0,Satisfactory,0.0,,,,-1.405671825892327,False,-0.0405872827145579,False
2018-02-19,Delhi,437.1,560.3,55.0,115.0,167.8,22.7,3.78,47.8,130.6,4.6,11.2,3.79,10.0,Good,0.0,,,,1.2984398651236886,False,-0.0730703155856327,False
2018-02-20,Delhi,319.7,365.0,135.7,93.6,204.6,28.1,2.58,44.6,20.5,16.94,19.84,2.03,200.3,Good,0.0,,,,0.4708519805426658,False,-0.1258736427913204,False
2018-02-21,Delhi,226.2,284.0,83.5,141.1,219.6,46.5,4.74,5.1,8.3,14.52,20.5,7.01,69.0,Satisfactory,0.0,,,,-0.1882576208911126,False,-0.0614955898059931,False
2018-02-22,Delhi,178.4,525.1,29.4,121.5,168.6,38.6,8.09,11.4,190.2,11.26,11.92,8.77,323.9,Moderate,0.0,,,,-0.5252141871856004,False,-0.0734657421510674,False
2018-02-23,Delhi,259.3,129.9,183.0,1.0,61.2,36.1,5.3,3.3,151.6,13.72,10.4,0.47,478.7,Good,0.0,,,,0.0450742273169951,False,-0.0511457842748047,False
2018-02-24,Delhi,367.5,366.3,105.8,108.4,71.6,5.2,3.03,93.0,71.3,17.95,21.11,5.95,48.9,Satisfactory,0.0,,,,0.8078085468371538,False,-0.0944357593368884,False
2018-02-25,Delhi,20.3,539.8,72.9,129.9,218.2,11.4,3.66,73.5,60.3,17.07,24.54,6.97,180.5,Satisfactory,0.0,,,,-1.639708604155444,False,-0.0805758147273585,False
2018-02-26,Delhi,351.4,506.2,47.9,67.4,60.0,25.7,1.48,71.7,111.3,4.61,13.05,6.68,360.6,Good,0.0,,,,0.6943148079806419,False,-0.1102166393796057,False
2018-02-27,Delhi,19.2,378.1,158.3,54.4,233.7,35.9,4.08,87.0,16.7,10.06,23.28,2.06,120.2,Severe,0.0,,,,-1.6474628347605471,False,-0.0724468654870298,False
2018-02-28,Delhi,299.6,108.5,31.6,141.0,235.3,47.0,2.87,50.9,175.8,15.44,13.14,3.98,425.9,Very Poor,0.0,,,,0.3291610394857789,False,-0.0867700944150465,False
2018-03-01,Delhi,421.4,90.5,85.0,80.6,2.5,37.3,7.78,48.4,62.7,4.38,5.43,3.41,340.4,Satisfactory,0.0,,,,1.187765846487214,False,-0.1162446121405322,False
2018-03-02,Delhi,450.5,304.5,163.4,16.9,32.6,32.5,2.49,74.2,145.3,14.25,14.48,0.38,394.0,Moderate,0.0,,,,1.3929004924949464,False,-0.0909124887725008,False
2018-03-03,Delhi,295.8,495.8,135.5,37.1,124.8,0.6,0.44,81.6,17.2,17.87,16.51,9.78,92.9,Very Poor,0.0,,,,0.3023736973954221,False,-0.0662443088166642,False
2018-03-04,Delhi,370.6,391.1,162.9,116.0,107.6,43.1,2.95,97.0,129.6,18.47,28.3,1.18,90.6,Severe,0.0,,,,0.8296613785424449,False,-0.0812698684708631,False
2018-03-05,Delhi,17.3,87.9,44.6,129.5,157.9,9.8,0.07,99.9,32.6,11.51,29.61,9.23,177.4,Very Poor,0.0,,,,-1.6608565058057256,False,-0.0120412647759239,False
2018-03-06,Delhi,132.8,501.4,152.8,133.2,128.2,46.0,9.62,94.3,57.7,4.01,27.5,6.47,60.1,Good,0.0,,,,-0.8466622922698817,False,-0.0307992524160966,False
2018-03-07,Delhi,330.8,210.0,188.6,10.7,180.7,19.6,6.73,87.0,161.1,0.69,4.05,3.61,41.8,Satisfactory,0.0,,,,0.5490992166487081,False,-0.0766413807667242,False
2018-03-08,Delhi,377.7,156.1,46.7,146.1,180.2,37.6,7.38,49.2,7.1,5.2,22.57,8.53,386.6,Severe,0.0,,,,0.8797114124481114,False,-0.0832184405062474,False
2018-03-09,Delhi,337.9,551.6,15.7,53.1,131.6,29.3,9.18,58.8,73.6,19.28,10.88,8.26,368.5,Good,0.0,,,,0.5991492505543745,False,-0.0959905250319004,False
2018-03-10,Delhi,27.7,531.9,54.7,27.7,192.2,46.8,2.71,56.7,63.0,16.56,4.81,5.39,83.6,Moderate,0.0,,,,-1.5875437800847494,False,-0.0672415705885955,False
2018-03-11,Delhi,40.9,249.4,101.4,121.4,24.9,2.4,4.39,16.0,130.2,7.02,13.18,4.27,11.7,Poor,0.0,,,,-1.49449301282351,False,-0.0589220169159552,False
2018-03-12,Delhi,362.1,104.1,116.7,134.8,75.1,8.5,4.06,20.5,106.1,11.49,14.54,2.14,7.0,Severe,0.0,,,,0.7697423238666469,False,-0.0648099060001425,False
2018-03-13,Delhi,486.1,82.7,95.5,96.4,125.9,13.8,1.17,22.7,117.2,18.12,0.56,7.17,278.6,Poor,0.0,,,,1.643855592078289,False,-0.0867105927688978,False
2018-03-14,Delhi,74.5,179.2,121.9,94.4,242.4,21.6,0.63,28.8,91.1,5.05,26.08,7.55,220.1,Good,0.0,,,,-1.2576365143403554,False,-0.1067895051323549,False
2018-03-15,Delhi,342.2,309.1,170.9,92.0,81.4,5.5,7.74,54.5,151.1,10.0,27.7,3.4,233.6,Very Poor,0.0,,,,0.6294612429197783,False,-0.1416704791344697,False
2018-03-16,Delhi,185.4,479.9,128.7,99.5,205.1,22.6,8.46,30.4,78.7,12.8,29.64,3.88,174.7,Satisfactory,0.0,,,,-0.4758690833349431,False,-0.1162385398015946,False
2018-03-17,Delhi,83.6,309.6,192.5,32.8,126.2,21.1,4.99,25.5,45.7,15.99,5.59,7.83,198.6,Good,0.0,,,,-1.193487879334501,False,-0.1133814743924621,False
2018-03-18,Delhi,458.0,213.0,34.1,96.3,248.1,36.3,7.81,76.3,57.1,8.89,5.65,1.78,37.9,Poor,0.0,,,,1.4457702466206506,False,-0.0945227798775082,False
2018-03-19,Delhi,145.2,183.3,195.5,6.1,46.8,34.6,2.12,93.7,163.7,6.17,8.77,4.39,2.1,Severe,0.0,,,,-0.7592509654487176,False,-0.0298415560711432,False
2018-03-20,Delhi,443.7,314.3,173.7,122.7,78.6,45.9,1.68,29.1,20.6,11.05,5.2,8.28,297.3,Moderate,0.0,,,,1.344965248754308,False,-0.0999046722636918,False
2018-03-21,Delhi,357.0,544.7,124.7,149.0,70.6,42.5,5.74,32.2,96.5,4.27,5.15,0.42,304.0,Very Poor,0.0,,,,0.7337908910611679,False,-0.0880741237054286,False
2018-03-22,Delhi,380.4,129.5,61.0,107.0,243.5,25.2,8.1,89.3,22.6,8.55,2.59,3.22,259.8,Very Poor,0.0,,,,0.8987445239333647,False,-0.0876922524031618,False
2018-03-23,Delhi,40.7,475.8,192.8,122.7,20.6,11.4,6.05,5.8,191.4,14.97,0.92,0.92,414.4,Satisfactory,0.0,,,,-1.4959028729335289,False,-0.0446370221687668,False
2018-03-24,Delhi,242.3,579.1,195.6,117.5,108.4,46.5,4.69,37.9,110.4,3.58,20.98,3.58,175.6,Good,0.0,,,,-0.0747638820346009,False,-0.1103133921431054,False
2018-03-25,Delhi,75.2,347.3,16.4,10.3,1.4,33.4,3.9,51.8,93.2,19.07,5.13,5.96,186.0,Satisfactory,0.0,,,,-1.2527020039552896,False,-0.1059559262971385,False
2018-03-26,Delhi,365.5,338.4,143.9,124.8,83.6,7.5,5.6,71.9,146.1,14.08,21.4,7.17,342.8,Severe,0.0,,,,0.793709945736966,False,-0.1263204135095738,False
2018-03-27,Delhi,373.0,28.6,153.8,66.3,112.3,10.5,3.88,54.3,186.4,16.86,9.15,6.69,130.4,Poor,0.0,,,,0.8465796998626701,False,-0.0932804386385631,False
2018-03-28,Delhi,256.5,80.1,156.5,119.7,72.4,47.1,5.18,78.9,81.3,15.43,24.23,9.2,30.1,Very Poor,0.0,,,,0.0253361857767322,False,-0.0951338749625367,False
2018-03-29,Delhi,45.5,9.2,181.4,99.0,95.0,43.7,5.84,25.5,88.4,4.79,24.13,2.57,373.3,Very Poor,0.0,,,,-1.462066230293078,False,-0.0871435640948347,False
2018-03-30,Delhi,487.7,79.7,49.0,10.4,247.3,36.6,5.05,22.0,97.6,4.46,14.31,9.27,184.3,Moderate,0.0,,,,1.655134472958439,False,-0.0779496863631615,False
2018-03-31,Delhi,175.9,331.5,39.6,124.0,87.1,35.5,1.64,37.0,137.2,11.53,8.9,3.71,392.2,Severe,0.0,,,,-0.5428374385608351,False,-0.1213632690917474,False
2018-04-01,Delhi,8.0,285.8,44.2,143.9,209.9,40.5,6.62,30.6,14.6,17.4,9.15,6.7,231.5,Severe,0.0,,,,-1.7264150009215988,False,-0.0666236066444107,False
2018-04-02,Delhi,315.2,18.1,147.9,6.1,113.0,42.9,0.1,12.2,85.1,16.01,11.62,7.58,317.3,Satisfactory,0.0,,,,0.4391301280672433,False,-0.045460346590515,False
2018-04-03,Delhi,194.3,43.2,161.0,67.0,168.5,31.6,2.3,97.2,195.0,0.8,4.88,0.76,233.8,Very Poor,0.0,,,,-0.4131303084391075,False,-0.0524869981442945,False
2018-04-04,Delhi,387.8,571.0,122.2,119.5,58.8,42.2,4.38,78.0,76.1,15.2,23.04,3.57,306.1,Very Poor,0.0,,,,0.9509093480040596,False,-0.0983815574771516,False
2018-04-05,Delhi,387.3,15.0,23.6,30.0,68.0,12.1,1.51,52.3,185.5,18.93,19.55,9.92,30.4,Poor,0.0,,,,0.9473846977290128,False,-0.0593283620457892,False
2018-04-06,Delhi,10.8,579.1,101.8,76.2,190.7,6.6,4.46,95.8,178.7,11.59,20.66,2.2,460.9,Moderate,0.0,,,,-1.706676959381336,False,-0.0322035820600791,False
2018-04-07,Delhi,360.7,170.9,31.1,1.6,40.9,49.9,8.97,36.3,158.6,14.65,4.16,3.1,39.4,Satisfactory,0.0,,,,0.7598733030965152,False,-0.047808082645675,False
2018-04-08,Delhi,186.8,236.2,1.7,79.8,40.0,34.4,8.21,87.7,24.3,2.18,9.18,5.51,247.3,Very Poor,0.0,,,,-0.4660000625648117,False,-0.1049055279113742,False
2018-04-09,Delhi,275.8,227.0,154.8,11.5,238.7,41.0,2.51,77.5,132.6,12.75,2.61,5.33,73.7,Severe,0.0,,,,0.1613876863935443,False,-0.1026315163183318,False
2018-04-10,Delhi,100.4,242.3,137.5,131.9,213.0,23.7,5.31,15.1,10.7,12.3,27.17,9.97,298.1,Satisfactory,0.0,,,,-1.0750596300929236,False,-0.0813638727156821,False
2018-04-11,Delhi,338.4,211.2,158.4,63.1,147.7,17.5,9.63,36.8,173.6,6.69,5.33,6.7,233.0,Good,0.0,,,,0.6026739008294214,False,-0.1083963094922724,False
2018-04-12,Delhi,95.6,183.6,169.1,125.7,4.9,26.9,4.84,67.6,186.2,3.66,22.73,5.32,305.4,Very Poor,0.0,,,,-1.1088962727333744,False,-0.0965179439281377,False
2018-04-13,Delhi,289.1,436.4,103.5,97.9,109.2,42.3,1.06,62.1,156.0,19.01,23.65,0.41,282.2,Satisfactory,0.0,,,,0.2551433837097931,False,-0.1214695533086906,False
2018-04-14,Delhi,477.1,323.6,144.7,24.3,139.4,38.1,4.72,42.0,9.9,10.99,23.51,8.68,384.6,Satisfactory,0.0,,,,1.580411887127444,False,-0.0914175862975042,False
2018-04-15,Delhi,55.4,507.7,94.0,144.9,232.2,28.0,1.8,89.0,10.4,2.19,21.94,4.09,102.9,Satisfactory,0.0,,,,-1.3922781548471486,False,-0.0245675400297628,False
2018-04-16,Delhi,220.6,510.8,94.2,34.9,16.9,15.4,6.39,15.6,96.2,4.42,8.29,9.03,166.5,Severe,0.0,,,,-0.2277337039716384,False,-0.1064153580966551,False
2018-04-17,Delhi,119.8,67.0,65.6,71.2,194.4,24.6,9.09,84.6,127.4,4.28,15.88,0.06,455.5,Satisfactory,0.0,,,,-0.9383031994211022,False,-0.0622976287280033,False
2018-04-18,Delhi,134.8,266.1,4.2,142.6,56.6,15.9,8.73,33.1,94.8,5.72,16.92,5.18,284.5,Good,0.0,,,,-0.8325636911696939,False,-0.098645253625513,False
2018-04-19,Delhi,165.5,256.5,24.3,92.9,204.9,42.3,6.36,58.2,175.0,10.88,18.22,1.4,277.8,Severe,0.0,,,,-0.6161501642818116,False,-0.1326122319116951,False
2018-04-20,Delhi,478.2,270.8,117.0,61.9,143.0,3.9,1.89,40.6,105.3,10.69,16.88,1.02,365.6,Good,0.0,,,,1.588166117732547,False,-0.1193234252591298,False
2018-04-21,Delhi,111.3,204.3,139.3,18.7,208.4,12.9,8.6,55.7,13.6,0.0,21.28,7.72,364.4,Good,0.0,,,,-0.9982222540969002,False,-0.0727706561453561,False
2018-04-22,Delhi,63.7,246.4,54.6,98.5,121.4,18.8,1.56,39.1,103.7,15.61,17.33,0.27,360.2,Satisfactory,0.0,,,,-1.3337689602813694,False,-0.1183034604016488,False
2018-04-23,Delhi,454.0,566.0,141.8,110.7,138.1,10.1,9.49,8.5,0.2,15.32,29.62,4.28,410.2,Satisfactory,0.0,,,,1.417573044420275,False,-0.0200076971813309,False
2018-04-24,Delhi,331.9,385.5,194.4,36.4,221.9,45.0,6.63,60.7,102.1,3.42,12.95,0.7,417.4,Moderate,0.0,,,,0.5568534472538111,False,-0.1288417297689398,False
2018-04-25,Delhi,491.1,383.0,23.5,110.5,67.7,29.5,9.82,86.8,143.6,15.27,3.86,0.08,236.4,Moderate,0.0,,,,1.6791020948287585,False,-0.0658963707443163,False
2018-04-26,Delhi,351.9,386.9,87.4,28.8,232.0,2.7,1.21,7.6,98.3,14.61,20.03,0.2,211.5,Good,0.0,,,,0.6978394582556889,False,-0.1009692065659055,False
2018-04-27,Delhi,340.2,354.8,45.4,137.8,152.8,7.1,7.91,95.9,20.2,11.27,25.2,4.38,293.6,Good,0.0,,,,0.6153626418195906,False,-0.0698031385581446,False
2018-04-28,Delhi,185.2,267.2,39.9,107.0,17.5,13.4,9.77,80.5,43.7,17.82,13.65,8.02,203.1,Poor,0.0,,,,-0.4772789434449621,False,-0.0947354007112183,False
2018-04-29,Delhi,25.1,212.9,98.1,57.8,115.3,15.4,9.36,75.2,123.1,5.95,23.27,3.98,418.4,Moderate,0.0,,,,-1.6058719615149937,False,-0.0676379504743602,False
2018-04-30,Delhi,383.7,16.6,55.6,10.5,89.5,46.6,4.04,27.7,131.3,1.51,29.22,2.88,149.9,Good,0.0,,,,0.9220072157486746,False,-0.0882929510731221,False
2018-05-01,Delhi,215.7,427.9,175.3,145.2,243.4,40.7,8.55,11.4,95.8,7.89,8.39,1.59,102.5,Very Poor,0.0,,,,-0.2622752766670985,False,-0.0654932032125754,False
2018-05-02,Delhi,331.6,464.5,197.5,47.4,226.3,10.0,0.17,30.8,180.7,9.46,4.19,3.3,296.0,Very Poor,0.0,,,,0.5547386570887833,False,-0.0957845980284728,False
2018-05-03,Delhi,490.8,199.6,1.9,111.1,123.6,28.3,5.13,11.1,142.6,8.59,3.89,9.78,489.0,Satisfactory,0.0,,,,1.6769873046637302,False,-0.0741196789449611,False
2018-05-04,Delhi,352.4,185.8,130.2,54.5,43.5,6.0,1.02,45.6,14.4,2.9,4.03,9.53,156.9,Satisfactory,0.0,,,,0.7013641085307358,False,-0.1021646030820493,False
2018-05-05,Delhi,354.7,236.9,152.1,111.8,159.6,46.7,1.77,51.0,79.6,9.85,1.65,0.73,335.3,Moderate,0.0,,,,0.7175774997959519,False,-0.1315288796271161,False
2018-05-06,Delhi,92.5,258.3,129.8,140.6,166.5,40.3,0.88,40.9,171.3,16.36,27.13,5.01,420.8,Good,0.0,,,,-1.1307491044386653,False,-0.0797050699449234,False
2018-05-07,Delhi,86.2,497.6,47.1,106.3,225.6,4.8,6.72,97.9,154.4,5.09,4.63,1.86,169.2,Good,0.0,,,,-1.175159697904257,False,-0.0755078738497992,False
2018-05-08,Delhi,393.4,365.7,86.5,116.6,162.4,30.5,3.99,68.4,99.4,0.15,17.65,7.79,93.8,Severe,0.0,,,,0.9903854310845852,False,-0.1203651846683776,False
2018-05-09,Delhi,4.1,167.0,131.5,7.5,137.7,46.3,8.74,65.2,84.5,11.4,3.32,9.52,248.2,Satisfactory,0.0,,,,-1.7539072730669651,False,-0.0510478150652263,False
2018-05-10,Delhi,66.8,185.7,158.7,23.6,41.7,12.1,4.82,87.8,42.4,11.9,28.9,5.7,256.1,Moderate,0.0,,,,-1.3119161285760783,False,-0.0935167613820594,False
2018-05-11,Delhi,369.1,140.9,149.2,38.2,215.5,28.3,0.88,42.4,42.9,5.55,26.2,9.45,270.2,Moderate,0.0,,,,0.8190874277173041,False,-0.1001416155763877,False
2018-05-12,Delhi,302.0,444.9,167.6,145.0,70.7,24.0,9.43,66.1,61.7,8.16,26.12,4.36,265.9,Severe,0.0,,,,0.3460793608060041,False,-0.0842825159508379,False
2018-05-13,Delhi,101.0,523.4,83.0,6.9,26.5,21.8,6.62,66.4,188.6,7.46,28.38,9.87,227.1,Severe,0.0,,,,-1.070830049762867,False,-0.0641551404096519,False
2018-05-14,Delhi,6.5,498.0,156.4,130.2,120.8,35.9,9.45,21.3,68.5,13.09,13.59,6.72,207.8,Satisfactory,0.0,,,,-1.7369889517467396,False,-0.0488099588872817,False
2018-05-15,Delhi,124.6,367.2,196.6,38.9,170.1,4.3,3.03,88.9,136.5,9.9,22.31,4.72,285.4,Poor,0.0,,,,-0.9044665567806516,False,-0.1142702414697335,False
2018-05-16,Delhi,244.5,366.6,194.9,47.3,206.7,49.5,9.2,58.5,70.4,17.37,18.03,8.93,85.2,Severe,0.0,,,,-0.0592554208243944,False,-0.1096144514400994,False
2018-05-17,Delhi,296.5,481.3,54.9,79.9,37.8,12.3,6.23,21.8,195.5,18.87,25.73,3.39,285.3,Good,0.0,,,,0.3073082077804877,False,-0.0995444525320815,False
2018-05-18,Delhi,326.6,308.8,77.2,39.5,128.5,24.3,2.34,89.4,144.1,0.66,24.48,6.68,412.7,Very Poor,0.0,,,,0.5194921543383139,False,-0.1080727253415744,False
2018-05-19,Delhi,237.2,113.1,196.9,133.6,110.6,23.9,7.15,98.6,125.9,17.55,19.78,9.34,339.8,Poor,0.0,,,,-0.1107153148400799,False,-0.0812328982314777,False
2018-05-20,Delhi,204.8,584.3,26.8,36.5,50.7,2.9,3.62,0.7,47.3,13.3,9.07,0.69,25.4,Very Poor,0.0,,,,-0.3391126526631217,False,-0.0419763411952965,False
2018-05-21,Delhi,441.7,132.7,18.4,120.8,145.5,30.8,2.25,26.9,72.0,6.95,27.46,6.46,283.6,Poor,0.0,,,,1.3308666476541202,False,-0.1073880930542435,False
2018-05-22,Delhi,162.9,396.4,95.6,37.1,193.0,8.4,9.02,9.4,88.1,9.24,14.88,8.25,286.3,Satisfactory,0.0,,,,-0.6344783457120556,False,-0.091366077284012,False
2018-05-23,Delhi,415.9,264.0,195.7,19.9,79.4,49.7,9.45,51.8,105.5,18.31,5.44,7.2,486.2,Moderate,0.0,,,,1.1489946934616977,False,-0.0705283286797534,False
2018-05-24,Delhi,326.0,577.9,77.8,115.3,59.1,28.3,5.42,82.7,15.1,6.86,16.66,8.42,382.4,Severe,0.0,,,,0.5152625740082574,False,-0.0726885318658038,False
2018-05-25,Delhi,247.1,388.9,95.1,90.8,147.4,46.0,1.08,43.2,82.8,8.39,8.72,0.28,416.1,Very Poor,0.0,,,,-0.0409272393941503,False,-0.1236928549400398,False
2018-05-26,Delhi,125.1,114.2,113.6,121.7,219.2,17.0,4.23,24.6,148.3,15.95,20.03,1.06,167.8,Severe,0.0,,,,-0.9009419065056048,False,-0.1017777818637166,False
2018-05-27,Delhi,479.4,418.5,182.9,85.6,164.8,0.9,2.27,4.0,76.9,10.64,10.05,3.61,359.8,Satisfactory,0.0,,,,1.5966252783926596,False,-0.0798423807332198,False
2018-05-28,Delhi,124.0,210.0,127.9,116.4,65.5,18.5,5.51,39.9,72.6,15.54,2.43,6.18,319.9,Moderate,0.0,,,,-0.908696137110708,False,-0.130490280955263,False
2018-05-29,Delhi,76.7,101.9,134.5,101.7,80.0,11.6,8.85,53.8,106.2,4.79,23.42,1.41,476.8,Satisfactory,0.0,,,,-1.2421280531301488,False,-0.0757638591310996,False
2018-05-30,Delhi,475.4,255.9,177.1,109.5,87.8,33.2,2.6,4.8,122.6,9.13,22.75,6.35,66.3,Good,0.0,,,,1.568428076192284,False,-0.0744760712184555,False
2018-05-31,Delhi,360.1,320.6,52.8,128.5,23.0,1.3,8.32,41.0,138.3,17.81,22.84,2.17,17.0,Poor,0.0,,,,0.7556437227664591,False,-0.0912007262548236,False
2018-06-01,Delhi,488.5,512.9,23.2,55.0,123.0,48.3,1.58,94.1,138.7,4.62,17.23,5.21,27.0,Satisfactory,0.0,,,,1.6607739133985142,False,-0.0423080633532034,False
2018-06-02,Delhi,197.0,348.9,66.5,30.8,127.6,19.3,7.81,70.6,118.5,6.12,0.05,4.59,76.9,Moderate,0.0,,,,-0.3940971969538541,False,-0.118851465901631,False
2018-06-03,Delhi,203.1,508.6,15.1,131.3,245.1,4.2,0.58,17.5,45.3,10.27,28.64,2.84,466.8,Very Poor,0.0,,,,-0.3510964635982814,False,-0.0553368294863365,False
2018-06-04,Delhi,182.7,574.3,193.7,78.4,6.1,36.7,2.63,66.6,61.0,8.26,2.24,9.7,60.7,Severe,0.0,,,,-0.4949021948201968,False,-0.0954272411386727,False
2018-06-05,Delhi,276.0,560.7,119.6,70.7,89.5,37.2,1.18,51.8,179.2,6.46,12.16,7.15,447.8,Good,0.0,,,,0.162797546503563,False,-0.0867194811124152,False
2018-06-06,Delhi,442.6,49.5,16.4,88.4,118.5,5.8,6.67,33.9,188.5,2.45,4.94,7.71,95.2,Satisfactory,0.0,,,,1.337211018149205,False,-0.0888955768853644,False
2018-06-07,Delhi,80.7,465.7,55.5,88.5,184.9,28.9,9.61,67.9,6.8,19.84,3.94,5.8,318.0,Satisfactory,0.0,,,,-1.2139308509297733,False,-0.0637584266662288,False
2018-06-08,Delhi,61.6,289.3,51.0,64.9,21.3,37.5,4.17,54.3,120.5,16.3,15.58,5.01,147.3,Satisfactory,0.0,,,,-1.3485724914365669,False,-0.1216079454640443,False
2018-06-09,Delhi,90.8,185.4,143.2,46.8,229.7,39.8,4.19,22.3,185.4,3.7,14.86,0.51,466.5,Satisfactory,0.0,,,,-1.1427329153738248,False,-0.0784511879761555,False
2018-06-10,Delhi,396.3,35.9,6.5,120.6,170.3,18.6,7.92,77.3,23.1,7.62,10.46,5.55,56.0,Moderate,0.0,,,,1.0108284026798575,False,-0.0695525434433695,False
2018-06-11,Delhi,230.6,160.6,112.5,45.2,136.6,17.4,6.3,44.8,42.5,8.61,27.98,3.49,270.7,Moderate,0.0,,,,-0.1572406984706995,False,-0.1329880161106666,False
2018-06-12,Delhi,130.4,219.3,90.7,85.7,121.2,1.2,4.38,26.4,36.7,9.86,11.83,6.05,88.1,Poor,0.0,,,,-0.863580613590107,False,-0.1175838338099019,False
2018-06-13,Delhi,337.5,570.8,128.6,73.2,245.3,24.0,0.96,98.6,97.0,15.6,10.04,2.75,309.2,Severe,0.0,,,,0.5963295303343371,False,-0.0670034926260453,False
2018-06-14,Delhi,82.5,474.8,48.6,114.0,78.6,15.1,0.91,32.9,4.3,12.32,4.18,6.63,66.4,Good,0.0,,,,-1.2012421099396042,False,-0.0595177154399731,False
2018-06-15,Delhi,185.2,404.2,13.0,44.5,53.9,48.1,0.88,8.3,79.8,17.17,29.04,4.66,211.7,Good,0.0,,,,-0.4772789434449621,False,-0.0983582632938419,False
2018-06-16,Delhi,454.3,430.9,49.0,71.6,162.6,15.5,6.94,25.9,36.9,4.71,2.54,8.05,87.2,Poor,0.0,,,,1.4196878345853032,False,-0.0987903225023892,False
2018-06-17,Delhi,187.2,488.8,18.1,104.4,185.3,7.3,3.14,83.4,91.9,15.02,11.32,9.91,455.3,Moderate,0.0,,,,-0.4631803423447743,False,-0.1049844166878351,False
2018-06-18,Delhi,350.2,204.6,116.2,99.3,62.0,13.6,4.57,84.8,51.3,16.12,11.52,5.94,179.5,Very Poor,0.0,,,,0.6858556473205294,False,-0.1228772637179095,False
2018-06-19,Delhi,381.2,369.0,58.7,73.7,188.4,25.0,3.79,89.5,50.9,1.11,22.55,5.54,291.2,Severe,0.0,,,,0.90438396437344,False,-0.1270180782215462,False
2018-06-20,Delhi,33.3,367.7,33.8,34.5,78.5,41.7,8.91,76.6,0.0,3.29,10.9,6.65,268.6,Good,0.0,,,,-1.5480676970042235,False,-0.049121812301666,False
2018-06-21,Delhi,348.1,419.0,52.8,78.3,8.5,34.8,4.98,19.6,154.6,11.6,3.17,9.35,244.5,Good,0.0,,,,0.6710521161653324,False,-0.1232476859492989,False
2018-06-22,Delhi,487.3,25.2,189.8,73.1,190.7,5.7,8.02,75.0,48.0,4.28,1.8,4.67,167.1,Poor,0.0,,,,1.6523147527384017,False,-0.081749628763424,False
2018-06-23,Delhi,52.5,483.4,109.2,46.7,245.9,0.7,3.4,22.2,167.6,10.98,12.82,4.91,372.4,Severe,0.0,,,,-1.4127211264424209,False,-0.097388203245281,False
2018-06-24,Delhi,262.2,106.7,168.4,70.9,244.1,11.1,6.92,28.4,89.3,19.67,28.35,1.04,252.6,Good,0.0,,,,0.0655171989122672,False,-0.1320949932371297,False
2018-06-25,Delhi,470.3,211.7,55.1,136.0,234.2,16.4,4.6,46.8,181.7,4.5,12.05,4.38,108.9,Severe,0.0,,,,1.5324766433868056,False,-0.0823398536961917,False
2018-06-26,Delhi,223.9,361.4,186.9,91.0,175.1,6.1,9.89,40.5,175.5,3.66,8.29,8.59,287.4,Satisfactory,0.0,,,,-0.2044710121563284,False,-0.1067540485823346,False
2018-06-27,Delhi,76.8,206.6,145.7,39.4,100.9,39.7,5.52,90.4,53.9,9.51,9.12,3.97,361.3,Satisfactory,0.0,,,,-1.2414231230751394,False,-0.1024763092953018,False
2018-06-28,Delhi,409.9,441.4,64.8,22.2,130.3,6.7,7.53,94.2,59.6,4.56,10.62,3.44,354.7,Very Poor,0.0,,,,1.1066988901611343,False,-0.0816617239339239,False
2018-06-29,Delhi,234.9,252.4,14.2,75.0,133.8,3.9,7.27,27.6,79.9,11.89,13.97,3.44,30.5,Moderate,0.0,,,,-0.1269287061052957,False,-0.1167556090617272,False
2018-06-30,Delhi,133.1,296.4,48.5,96.8,98.9,42.3,4.12,23.2,160.4,0.67,12.05,5.02,371.1,Moderate,0.0,,,,-0.8445475021048536,False,-0.1173597322490244,False
2018-07-01,Delhi,228.6,272.1,74.2,9.7,131.3,5.3,9.16,67.1,137.2,14.05,11.74,1.12,110.4,Good,0.0,,,,-0.1713392995708873,False,-0.0839047151899002,False
2018-07-02,Delhi,139.6,97.6,176.1,45.4,72.1,48.7,0.72,54.8,107.8,7.31,4.58,8.93,389.4,Very Poor,0.0,,,,-0.7987270485292433,False,-0.0925416922014898,False
2018-07-03,Delhi,73.9,359.6,37.0,63.7,119.2,6.5,4.79,82.8,12.8,18.61,9.56,5.58,87.7,Very Poor,0.0,,,,-1.2618660946704117,False,-0.0843818703656706,False
2018-07-04,Delhi,346.7,297.0,190.1,94.1,235.8,37.9,2.56,58.4,159.8,14.39,26.22,6.75,416.8,Very Poor,0.0,,,,0.6611830953952008,False,-0.1275105219489383,False
2018-07-05,Delhi,365.7,159.3,56.3,116.5,106.5,31.0,0.82,30.7,150.0,19.41,13.92,3.04,90.4,Very Poor,0.0,,,,0.7951198058469846,False,-0.0916171532859925,False
2018-07-06,Delhi,279.0,448.9,123.1,111.5,186.0,22.4,6.12,7.1,187.5,0.12,5.8,3.73,340.9,Moderate,0.0,,,,0.1839454481538446,False,-0.09245001512428,False
2018-07-07,Delhi,454.3,227.6,32.5,25.6,241.2,22.0,3.55,70.5,58.9,2.43,4.28,4.32,192.9,Very Poor,0.0,,,,1.4196878345853032,False,-0.1131122556218602,False
2018-07-08,Delhi,227.8,506.5,186.2,15.5,20.1,4.5,2.8,22.6,114.7,14.17,28.97,0.83,45.6,Good,0.0,,,,-0.1769787400109622,False,-0.0821618106942702,False
2018-07-09,Delhi,465.4,226.4,154.3,48.7,192.7,33.7,5.62,68.7,141.6,3.37,15.38,6.9,441.2,Poor,0.0,,,,1.4979350706913452,False,-0.1122675591021648,False
2018-07-10,Delhi,93.1,322.8,100.0,95.1,185.2,31.6,6.88,35.9,109.1,0.37,19.96,2.85,483.0,Moderate,0.0,,,,-1.126519524108609,False,-0.1090002892348149,False
2018-07-11,Delhi,352.0,291.1,183.0,71.3,46.1,42.6,7.96,70.0,43.4,13.09,10.94,7.55,165.1,Satisfactory,0.0,,,,0.6985443883106984,False,-0.1274397804283175,False
2018-07-12,Delhi,129.5,119.6,167.6,46.4,169.1,34.4,6.95,63.5,188.7,6.22,6.48,4.15,477.7,Good,0.0,,,,-0.8699249840851916,False,-0.0700746800632886,False
2018-07-13,Delhi,165.0,330.2,10.2,39.5,113.3,41.2,4.36,96.7,167.4,14.96,26.72,4.66,48.3,Poor,0.0,,,,-0.6196748145568585,False,-0.0836796401793381,False
2018-07-14,Delhi,141.5,6.2,151.0,70.8,236.9,49.6,8.37,34.1,152.1,3.64,18.4,3.22,281.9,Good,0.0,,,,-0.7853333774840648,False,-0.0837938847087289,False
2018-07-15,Delhi,279.6,507.3,141.8,23.5,88.6,42.3,9.55,72.6,145.4,2.3,22.23,6.77,101.3,Very Poor,0.0,,,,0.1881750284839011,False,-0.0693333108076517,False
2018-07-16,Delhi,24.8,301.2,167.3,138.4,31.0,34.2,3.07,89.6,70.3,2.61,22.27,3.26,16.1,Severe,0.0,,,,-1.6079867516800217,False,-0.0424306994834131,False
2018-07-17,Delhi,392.3,527.1,36.1,52.4,131.7,4.1,7.59,70.9,56.5,8.7,2.55,0.31,198.6,Moderate,0.0,,,,0.9826312004794824,False,-0.1074194992737778,False
2018-07-18,Delhi,113.2,73.1,132.1,133.4,164.4,30.3,5.34,16.5,146.1,9.93,29.34,4.3,442.7,Good,0.0,,,,-0.984828583051722,False,-0.0719875133148593,False
2018-07-19,Delhi,283.2,489.0,4.5,48.3,65.8,43.4,9.02,37.8,160.6,1.73,8.41,7.08,385.4,Very Poor,0.0,,,,0.2135525104642389,False,-0.1003075332256723,False
2018-07-20,Delhi,415.8,129.3,71.5,125.1,148.1,11.4,4.98,54.7,181.8,14.59,8.7,1.23,213.3,Satisfactory,0.0,,,,1.1482897634066886,False,-0.1041193675695956,False
2018-07-21,Delhi,228.9,321.9,76.2,88.9,209.8,24.9,6.92,2.2,63.4,7.44,11.87,0.54,378.3,Good,0.0,,,,-0.169224509405859,False,-0.1067940079850976,False
2018-07-22,Delhi,171.3,276.4,19.0,148.4,134.7,47.2,8.96,79.4,69.3,16.95,22.89,8.76,240.5,Good,0.0,,,,-0.575264221091267,False,-0.0837512817349917,False
2018-07-23,Delhi,399.2,198.5,81.4,135.5,35.0,2.6,9.32,82.5,167.8,14.73,26.47,2.54,379.9,Satisfactory,0.0,,,,1.0312713742751298,False,-0.0827003379769903,False
2018-07-24,Delhi,97.9,77.0,8.5,36.9,217.1,26.3,5.19,21.1,96.8,7.01,1.4,6.23,468.6,Poor,0.0,,,,-1.0926828814681584,False,-0.0824102456180796,False
2018-07-25,Delhi,2.8,86.5,131.3,1.2,204.7,46.6,7.64,44.7,191.8,18.22,7.25,7.67,156.2,Poor,0.0,,,,-1.763071363782087,False,-0.0221320242258228,False
2018-07-26,Delhi,234.8,6.2,89.1,82.8,129.1,7.6,0.6,78.4,6.3,10.41,20.14,7.96,100.9,Severe,0.0,,,,-0.127633636160305,False,-0.0430706761459585,False
2018-07-27,Delhi,0.2,543.9,110.4,24.1,243.7,38.2,0.07,17.3,177.1,13.81,2.19,2.57,156.9,Poor,0.0,,,,-1.7813995452123312,False,-0.0228838749241528,False
2018-07-28,Delhi,37.8,195.0,28.5,119.9,24.2,48.8,3.09,55.8,99.0,16.3,17.27,9.93,100.7,Severe,0.0,,,,-1.516345844528801,False,-0.0940259912381265,False
2018-07-29,Delhi,336.0,519.5,4.1,145.2,201.3,16.2,2.38,84.0,15.9,4.41,10.89,4.66,414.8,Poor,0.0,,,,0.5857555795091963,False,-0.051673482767155,False
2018-07-30,Delhi,148.1,24.5,33.9,63.7,91.3,19.1,2.15,30.5,140.9,7.51,17.29,6.95,420.7,Satisfactory,0.0,,,,-0.7388079938534453,False,-0.0903785365852838,False
2018-07-31,Delhi,353.4,62.0,49.8,2.7,44.2,39.5,1.8,52.4,161.9,10.01,7.82,8.58,358.3,Good,0.0,,,,0.7084134090808297,False,-0.0678897193904068,False
2018-08-01,Delhi,192.4,396.3,134.8,143.0,234.6,24.5,5.49,33.0,159.3,1.53,24.01,5.34,411.6,Moderate,0.0,,,,-0.4265239794842859,False,-0.1007078903718532,False
2018-08-02,Delhi,423.9,348.2,77.8,84.9,14.4,34.4,3.28,39.7,131.2,12.41,1.73,0.4,78.2,Very Poor,0.0,,,,1.2053890978624489,False,-0.1225624514752346,False
2018-08-03,Delhi,108.5,401.8,186.4,46.3,48.5,0.5,6.35,80.8,21.5,7.29,28.3,2.11,310.2,Satisfactory,0.0,,,,-1.0179602956371632,False,-0.1038115729685421,False
2018-08-04,Delhi,298.9,226.8,64.3,62.5,197.7,19.9,8.85,89.5,28.4,7.16,27.7,1.8,394.9,Moderate,0.0,,,,0.3242265291007128,False,-0.0858842325666429,False
2018-08-05,Delhi,489.6,362.7,24.2,49.3,160.6,13.7,2.59,43.2,163.9,2.73,16.71,5.15,362.8,Satisfactory,0.0,,,,1.6685281440036177,False,-0.105208178345729,False
2018-08-06,Delhi,444.9,40.3,183.7,21.0,102.1,45.4,9.41,49.6,48.4,4.05,12.61,4.76,25.2,Very Poor,0.0,,,,1.3534244094144203,False,-0.0465741071571039,False
2018-08-07,Delhi,31.2,542.6,59.2,120.1,200.5,6.4,8.1,20.2,91.0,15.67,23.43,1.65,385.4,Very Poor,0.0,,,,-1.5628712281594208,False,-0.0745792333937812,False
2018-08-08,Delhi,364.5,281.3,87.0,68.3,51.4,36.3,2.83,85.9,180.4,1.32,24.01,2.49,460.0,Good,0.0,,,,0.7866606451868721,False,-0.093558359622583,False
2018-08-09,Delhi,476.8,21.1,7.7,136.0,55.0,44.3,2.32,78.1,173.5,18.86,10.14,9.14,137.2,Moderate,0.0,,,,1.5782970969624155,False,-0.0534899950902278,False
2018-08-10,Delhi,262.6,526.6,189.7,23.0,131.0,28.8,1.04,15.9,113.2,7.22,25.49,3.01,3.6,Severe,0.0,,,,0.068336919132305,False,-0.0487986467783593,False
2018-08-11,Delhi,263.0,516.2,199.6,139.8,161.9,29.2,7.67,48.6,155.1,5.05,10.33,1.33,45.1,Severe,0.0,,,,0.0711566393523424,False,-0.0865645075583595,False
2018-08-12,Delhi,167.1,401.3,89.9,16.8,214.5,30.3,3.38,70.3,40.6,0.45,22.39,3.35,264.2,Satisfactory,0.0,,,,-0.6048712834016614,False,-0.1111143188317069,False
2018-08-13,Delhi,63.1,403.9,6.3,18.9,118.8,39.8,5.55,36.3,116.1,16.27,20.2,9.89,90.0,Good,0.0,,,,-1.3379985406114256,False,-0.0975536582182745,False
2018-08-14,Delhi,414.7,444.1,116.0,144.7,219.4,2.9,2.54,31.0,150.4,5.24,23.96,3.15,207.6,Very Poor,0.0,,,,1.1405355328015852,False,-0.0886444600344912,False
2018-08-15,Delhi,27.5,402.4,150.9,121.8,196.6,42.5,1.57,7.1,10.5,1.37,5.11,5.63,320.3,Severe,0.0,,,,-1.588953640194768,False,-0.0570208906430217,False
2018-08-16,Delhi,405.6,479.1,10.6,125.2,215.5,47.4,3.85,48.2,161.3,17.33,23.29,5.98,163.4,Poor,0.0,,,,1.076386897795731,False,-0.1065095944436452,False
2018-08-17,Delhi,467.8,488.2,27.0,93.6,43.6,37.0,9.44,9.5,47.2,16.44,24.13,4.59,83.3,Good,0.0,,,,1.5148533920115708,False,-0.0533325335470696,False
2018-08-18,Delhi,396.8,104.4,180.1,53.3,6.1,47.9,5.22,3.3,61.6,16.49,22.18,5.46,27.5,Moderate,0.0,,,,1.0143530529549047,False,-0.0773882650680193,False
2018-08-19,Delhi,48.0,297.6,46.0,144.0,218.4,10.9,1.91,58.0,56.9,7.16,0.06,4.71,243.7,Severe,0.0,,,,-1.4444429789178437,False,-0.0915572415834078,False
2018-08-20,Delhi,284.1,533.3,179.8,7.3,179.3,44.3,7.07,41.3,141.4,9.23,2.9,4.7,395.0,Very Poor,0.0,,,,0.2198968809593236,False,-0.0869418732426984,False
2018-08-21,Delhi,283.5,171.5,136.2,21.3,0.6,12.7,3.96,37.4,45.5,1.41,7.08,9.35,343.2,Poor,0.0,,,,0.2156673006292671,False,-0.1222465798630946,False
2018-08-22,Delhi,380.6,358.1,117.5,28.6,108.1,28.7,7.44,46.3,62.6,2.48,1.82,7.73,345.7,Very Poor,0.0,,,,0.9001543840433838,False,-0.1304209231277878,False
2018-08-23,Delhi,427.0,488.6,18.6,33.4,71.1,6.1,6.58,72.9,192.3,8.27,4.94,2.31,182.5,Poor,0.0,,,,1.22724192956774,False,-0.0721853414108003,False
2018-08-24,Delhi,499.8,560.8,199.3,144.4,129.4,47.5,7.29,53.4,77.4,16.05,5.68,7.71,138.5,Good,0.0,,,,1.7404310096145752,False,-0.0585354601806494,False
2018-08-25,Delhi,296.3,157.6,120.2,46.1,106.2,17.7,0.23,88.6,51.5,3.31,7.14,5.85,49.7,Severe,0.0,,,,0.305898347670469,False,-0.0800359947839596,False
2018-08-26,Delhi,231.5,188.0,174.0,42.9,147.8,27.7,0.11,40.7,52.6,19.88,16.27,4.64,464.6,Moderate,0.0,,,,-0.150896327975615,False,-0.0814347845091292,False
2018-08-27,Delhi,476.8,19.3,89.1,94.5,105.8,35.9,0.53,24.4,113.5,9.18,4.65,6.93,143.3,Very Poor,0.0,,,,1.5782970969624155,False,-0.0655613665963557,False
2018-08-28,Delhi,245.0,18.0,145.8,116.7,195.6,34.7,0.92,47.9,117.5,14.99,9.49,4.52,56.1,Poor,0.0,,,,-0.0557307705493475,False,-0.0780720564188911,False
2018-08-29,Delhi,498.6,479.5,53.3,59.0,199.9,14.7,4.81,72.3,97.8,8.72,20.01,5.86,224.9,Satisfactory,0.0,,,,1.7319718489544629,False,-0.097153709376847,False
2018-08-30,Delhi,139.1,312.7,17.5,85.4,39.8,30.6,2.88,17.8,70.5,11.15,9.66,8.28,373.6,Moderate,0.0,,,,-0.8022516988042903,False,-0.122609546879522,False
2018-08-31,Delhi,168.1,575.1,85.1,129.3,130.9,22.2,7.67,79.9,110.7,12.38,22.67,8.42,398.2,Moderate,0.0,,,,-0.5978219828515675,False,-0.0899446683918778,False
2018-09-01,Delhi,57.9,442.9,39.3,48.6,23.2,40.3,5.46,82.1,162.9,14.34,11.03,1.15,200.1,Moderate,0.0,,,,-1.3746549034719138,False,-0.1057201627866169,False
2018-09-02,Delhi,104.3,162.8,23.2,23.8,32.2,17.4,7.15,76.0,122.6,12.52,14.9,0.99,349.3,Satisfactory,0.0,,,,-1.0475673579475575,False,-0.1041659070695144,False
2018-09-03,Delhi,279.1,528.2,34.2,123.3,60.9,11.4,1.33,47.0,175.5,5.27,25.23,8.66,67.8,Moderate,0.0,,,,0.1846503782088542,False,-0.0826549222743558,False
2018-09-04,Delhi,73.6,416.0,168.8,120.8,192.4,15.5,2.58,92.0,85.0,19.1,21.6,2.87,54.3,Poor,0.0,,,,-1.26398088483544,False,-0.0732059912191835,False
2018-09-05,Delhi,33.8,286.3,20.7,64.9,16.0,41.3,9.18,31.2,30.3,2.54,26.55,8.13,117.6,Moderate,0.0,,,,-1.5445430467291763,False,-0.0789339409898686,False
2018-09-06,Delhi,378.9,400.9,23.3,137.4,109.2,48.7,5.31,84.2,32.4,12.77,23.73,7.27,470.6,Good,0.0,,,,0.8881705731082239,False,-0.0764780170018133,False
2018-09-07,Delhi,341.4,398.2,121.7,51.5,5.2,49.8,6.18,23.3,84.8,13.3,26.42,9.54,220.0,Moderate,0.0,,,,0.6238218024797031,False,-0.1367636382073143,False
2018-09-08,Delhi,252.9,498.1,67.7,42.2,68.2,33.0,5.26,5.6,5.7,17.93,14.24,3.96,445.3,Satisfactory,0.0,,,,-4.129620360575332e-05,False,-0.0733072399590359,False
2018-09-09,Delhi,191.5,410.8,134.3,39.5,248.8,47.0,3.87,4.3,141.6,1.08,28.17,0.19,448.5,Poor,0.0,,,,-0.4328683499793705,False,-0.0852013347922929,False
2018-09-10,Delhi,187.1,361.0,180.7,68.0,194.5,9.9,2.14,74.3,9.5,1.44,11.06,4.26,331.4,Very Poor,0.0,,,,-0.4638852723997836,False,-0.1095827371627594,False
2018-09-11,Delhi,324.8,277.1,172.5,45.0,57.1,3.2,6.85,34.0,86.6,4.58,13.87,9.6,198.6,Severe,0.0,,,,0.5068034133481448,False,-0.1368798602125661,False
2018-09-12,Delhi,297.6,219.9,181.2,14.7,90.5,31.0,9.49,76.7,89.3,0.73,26.92,7.42,0.6,Poor,0.0,,,,0.3150624383855911,False,-0.0520209099109231,False
2018-09-13,Delhi,116.2,219.9,39.9,103.8,24.1,3.3,5.62,82.9,50.0,16.97,20.98,1.9,338.2,Satisfactory,0.0,,,,-0.9636806814014404,False,-0.1144231699833664,False
2018-09-14,Delhi,314.1,317.6,10.0,88.5,186.2,33.7,5.27,13.1,133.0,8.1,11.83,7.44,312.0,Good,0.0,,,,0.4313758974621403,False,-0.1341659656839682,False
2018-09-15,Delhi,377.4,271.3,152.1,85.7,47.1,41.3,6.56,100.0,89.1,14.25,26.3,9.18,288.7,Poor,0.0,,,,0.8775966222830831,False,-0.1048945338388049,False
2018-09-16,Delhi,397.4,404.1,124.2,106.6,42.1,6.2,5.19,87.9,22.9,1.38,18.89,2.09,488.7,Severe,0.0,,,,1.0185826332849608,False,-0.0795636509128449,False
2018-09-17,Delhi,126.4,455.4,105.7,71.9,94.7,3.2,4.1,6.3,142.2,12.26,21.93,2.47,116.4,Good,0.0,,,,-0.8917778157904825,False,-0.0949183905551272,False
2018-09-18,Delhi,42.2,54.0,176.0,25.0,48.6,29.0,9.27,64.3,162.8,6.39,25.63,3.14,225.2,Very Poor,0.0,,,,-1.485328922108388,False,-0.0617756179364561,False
2018-09-19,Delhi,399.3,523.3,127.7,103.5,210.1,12.8,9.96,83.4,181.5,17.04,8.98,9.85,209.6,Satisfactory,0.0,,,,1.0319763043301395,False,-0.0604094790078125,False
2018-09-20,Delhi,359.3,299.4,99.4,134.8,235.8,34.2,9.41,58.5,139.4,6.09,6.17,7.38,481.2,Poor,0.0,,,,0.7500042823263839,False,-0.081172578811559,False
2018-09-21,Delhi,90.1,161.2,62.3,92.2,165.1,27.1,1.14,35.6,154.2,14.11,17.11,0.53,164.3,Poor,0.0,,,,-1.1476674257588908,False,-0.1073830034516495,False
2018-09-22,Delhi,483.7,288.3,32.8,92.1,2.7,47.5,0.94,54.5,183.2,2.62,23.72,4.32,388.2,Poor,0.0,,,,1.6269372707580634,False,-0.0839705942529477,False
2018-09-23,Delhi,196.6,12.2,173.7,48.0,13.1,22.0,8.5,37.3,28.9,12.71,26.49,7.24,114.0,Poor,0.0,,,,-0.3969169171738917,False,-0.0790223804801562,False
2018-09-24,Delhi,151.3,440.0,10.7,87.2,236.1,15.4,2.96,56.7,197.0,7.89,8.33,7.3,101.3,Poor,0.0,,,,-0.7162502320931448,False,-0.0850693970076404,False
2018-09-25,Delhi,209.1,122.0,198.8,68.5,172.8,7.6,2.11,90.1,166.0,9.5,16.71,2.06,259.4,Good,0.0,,,,-0.3088006602977181,False,-0.1078022332622963,False
2018-09-26,Delhi,175.2,65.8,122.8,49.4,124.2,42.4,6.32,21.4,191.4,19.69,28.95,4.85,43.3,Poor,0.0,,,,-0.547771948945901,False,-0.0751645974364627,False
2018-09-27,Delhi,466.2,168.7,77.7,128.0,203.5,31.3,0.68,1.1,96.4,7.06,2.34,1.21,269.4,Poor,0.0,,,,1.5035745111314205,False,-0.0570216297522396,False
2018-09-28,Delhi,226.9,308.5,173.2,145.3,132.2,36.3,9.97,51.2,82.5,7.33,20.15,6.8,210.2,Moderate,0.0,,,,-0.1833231105060468,False,-0.0871736343732845,False
2018-09-29,Delhi,178.4,172.5,136.5,43.8,2.5,20.0,5.27,22.2,3.5,17.95,24.64,6.29,34.3,Very Poor,0.0,,,,-0.5252141871856004,False,-0.0843826305752029,False
2018-09-30,Delhi,236.7,308.8,42.7,20.2,197.5,3.4,2.2,85.2,94.5,10.57,22.74,9.02,269.0,Severe,0.0,,,,-0.1142399651151268,False,-0.1148806375107113,False
2018-10-01,Delhi,317.6,322.0,96.2,12.1,100.9,35.3,1.67,26.5,11.0,3.34,4.75,0.9,357.5,Poor,0.0,,,,0.4560484493874689,False,-0.0919924051154754,False
2018-10-02,Delhi,465.8,284.2,27.2,138.3,78.9,28.2,3.11,17.3,148.0,14.94,21.97,9.32,78.0,Severe,0.0,,,,1.500754790911383,False,-0.0749420195193557,False
2018-10-03,Delhi,378.2,292.0,139.0,28.5,170.7,37.2,6.41,19.6,154.4,7.9,25.61,3.92,22.5,Good,0.0,,,,0.8832360627231582,False,-0.0927481071027464,False
2018-10-04,Delhi,471.3,90.4,145.2,30.0,126.5,40.2,7.59,62.8,113.5,14.21,20.6,8.91,457.6,Poor,0.0,,,,1.5395259439368991,False,-0.0854274902447142,False
2018-10-05,Delhi,140.6,568.9,137.7,74.8,21.3,44.8,4.5,74.1,63.2,17.57,2.35,3.85,299.0,Good,0.0,,,,-0.7916777479791495,False,-0.114053926455283,False
2018-10-06,Delhi,324.0,438.3,42.5,19.6,33.5,3.4,0.05,41.8,40.3,14.44,18.71,4.02,211.2,Satisfactory,0.0,,,,0.5011639729080696,False,-0.0878489375081529,False
2018-10-07,Delhi,340.9,324.7,124.3,136.1,36.5,2.1,2.88,26.5,83.4,14.11,1.19,3.17,198.3,Satisfactory,0.0,,,,0.6202971522046562,False,-0.1222080977374273,False
2018-10-08,Delhi,437.9,541.6,82.1,91.6,186.7,37.8,9.21,69.1,51.4,1.24,25.74,7.22,30.7,Very Poor,0.0,,,,1.3040793055637632,False,-0.0619578451429095,False
2018-10-09,Delhi,460.6,125.7,49.8,72.0,16.5,32.9,8.18,8.1,1.2,2.55,27.86,7.58,218.4,Severe,0.0,,,,1.4640984280508949,False,-0.0655251488186442,False
2018-10-10,Delhi,4.0,477.1,197.9,95.4,100.4,37.1,4.1,11.0,147.1,4.12,28.89,7.48,474.5,Good,0.0,,,,-1.7546122031219744,False,-0.0626351605559782,False
2018-10-11,Delhi,455.2,454.0,121.8,63.5,16.3,43.4,7.75,24.4,8.8,4.68,2.2,9.65,86.8,Good,0.0,,,,1.4260322050803875,False,-0.0800425994352849,False
2018-10-12,Delhi,233.8,146.0,139.8,125.9,57.2,14.4,8.34,79.2,111.2,13.83,7.14,1.81,308.8,Good,0.0,,,,-0.1346829367103989,False,-0.1100898766042388,False
2018-10-13,Delhi,35.6,298.9,14.5,61.2,158.9,0.9,5.92,73.1,123.4,7.28,26.49,1.87,344.6,Very Poor,0.0,,,,-1.5318543057390075,False,-0.1156252031799752,False
2018-10-14,Delhi,112.3,530.6,115.1,118.2,167.6,38.1,0.76,53.0,107.9,6.11,8.79,2.13,295.1,Good,0.0,,,,-0.9911729535468063,False,-0.098600247697125,False
2018-10-15,Delhi,415.6,329.7,108.4,138.1,106.7,1.6,6.21,64.3,54.8,4.57,14.49,3.0,483.9,Poor,0.0,,,,1.14687990329667,False,-0.0968301110355588,False
2018-10-16,Delhi,81.0,64.8,168.6,98.0,239.2,24.6,2.74,23.4,135.7,6.44,27.75,2.71,214.4,Severe,0.0,,,,-1.211816060764745,False,-0.1026544425653802,False
2018-10-17,Delhi,352.5,41.9,170.7,14.4,8.7,8.0,6.4,18.0,15.9,11.9,14.08,6.07,207.1,Severe,0.0,,,,0.7020690385857454,False,-0.0702210483289365,False
2018-10-18,Delhi,356.7,350.7,139.1,107.7,170.9,13.4,9.19,1.3,1.9,16.44,11.33,0.42,299.5,Moderate,0.0,,,,0.7316761008961397,False,-0.0559826499554276,False
2018-10-19,Delhi,46.2,59.5,79.4,133.6,164.7,33.5,8.13,21.4,57.8,0.49,7.41,1.49,313.8,Poor,0.0,,,,-1.4571317199080125,False,-0.0737170809549377,False
2018-10-20,Delhi,100.4,474.9,60.5,124.3,102.6,29.1,7.73,22.2,37.9,18.89,2.13,0.67,359.7,Satisfactory,0.0,,,,-1.0750596300929236,False,-0.0955424213411884,False
2018-10-21,Delhi,94.3,165.1,170.9,63.5,163.4,4.9,3.47,32.5,26.1,1.28,11.83,8.8,49.7,Very Poor,0.0,,,,-1.1180603634484962,False,-0.095872616846848,False
2018-10-22,Delhi,188.2,534.0,102.0,114.6,148.8,0.1,4.26,94.2,195.3,4.54,17.62,0.69,59.0,Moderate,0.0,,,,-0.4561310417946804,False,-0.0470756079069988,False
2018-10-23,Delhi,265.2,266.5,6.3,62.2,37.1,46.1,0.05,1.9,59.4,2.32,6.59,2.34,264.3,Satisfactory,0.0,,,,0.0866651005625489,False,-0.084322593128692,False
2018-10-24,Delhi,384.0,12.5,75.3,72.7,70.6,6.6,7.63,71.4,178.2,10.37,1.51,8.98,492.9,Moderate,0.0,,,,0.9241220059137027,False,-0.0726793116932739,False
2018-10-25,Delhi,405.9,57.7,68.1,19.4,164.5,47.4,1.29,63.3,46.6,1.05,20.0,9.57,187.2,Very Poor,0.0,,,,1.078501687960759,False,-0.0878881397404804,False
2018-10-26,Delhi,306.3,116.3,39.8,143.2,25.1,6.9,4.81,1.4,136.9,6.67,11.65,0.87,484.3,Moderate,0.0,,,,0.3763913531714078,False,-0.0557686048742326,False
2018-10-27,Delhi,360.8,260.3,26.4,46.2,49.8,44.2,10.0,61.3,53.1,13.66,1.73,6.62,188.9,Satisfactory,0.0,,,,0.7605782331515247,False,-0.1010723769833752,False
2018-10-28,Delhi,495.4,177.6,23.8,129.2,9.7,45.9,9.12,66.1,111.4,2.04,22.05,6.04,322.1,Poor,0.0,,,,1.709414087194162,False,-0.0758598546109967,False
2018-10-29,Delhi,452.9,195.1,111.0,48.7,4.8,11.8,6.78,88.7,35.8,0.16,3.22,9.34,0.9,Satisfactory,0.0,,,,1.4098188138151715,False,-0.0551630239701875,False
2018-10-30,Delhi,404.8,588.3,14.9,118.4,35.5,4.8,5.37,0.9,195.3,9.86,29.9,1.43,26.8,Severe,0.0,,,,1.070747457355656,False,-0.0130045942403036,False
2018-10-31,Delhi,447.7,577.1,113.7,28.9,104.6,0.4,4.47,95.9,1.7,14.0,12.63,2.74,473.3,Poor,0.0,,,,1.3731624509546834,False,-0.0216470937841489,False
2018-11-01,Delhi,495.6,262.4,193.8,6.7,47.8,7.9,4.69,83.5,129.5,10.6,15.91,7.25,215.9,Moderate,0.0,,,,1.7108239473041809,False,-0.0766901156357265,False
2018-11-02,Delhi,221.9,225.6,139.1,75.9,123.2,25.3,2.06,20.9,129.2,12.7,6.24,8.68,280.0,Good,0.0,,,,-0.2185696132565162,False,-0.1337656018860172,False
2018-11-03,Delhi,141.8,592.5,100.7,104.3,144.5,8.7,1.45,14.6,58.1,7.18,29.13,5.33,480.7,Satisfactory,0.0,,,,-0.7832185873190366,False,-0.0451718060282014,False
2018-11-04,Delhi,489.1,542.5,161.2,39.2,54.6,3.6,1.95,94.7,167.5,8.91,0.43,4.51,445.1,Severe,0.0,,,,1.6650034937285707,False,-0.0386582157505062,False
2018-11-05,Delhi,275.0,594.7,195.9,46.9,185.2,18.3,1.37,32.6,40.1,0.11,28.45,3.64,190.2,Poor,0.0,,,,0.1557482459534691,False,-0.0856474390388238,False
2018-11-06,Delhi,71.5,435.1,121.3,48.7,74.4,44.0,9.2,90.8,68.2,5.93,7.98,4.74,78.5,Moderate,0.0,,,,-1.278784415990637,False,-0.0696415170138688,False
2018-11-07,Delhi,482.3,408.2,192.1,24.6,200.3,2.1,4.05,20.3,171.9,4.0,24.27,4.39,362.0,Satisfactory,0.0,,,,1.617068249987932,False,-0.08718190180424,False
2018-11-08,Delhi,285.1,457.8,181.2,31.1,196.5,48.6,7.25,26.8,21.0,16.66,14.54,3.3,280.0,Good,0.0,,,,0.2269461815094175,False,-0.1104252471352541,False
2018-11-09,Delhi,145.3,364.8,2.0,129.5,125.6,23.5,4.77,27.8,136.4,3.2,13.8,5.89,31.5,Satisfactory,0.0,,,,-0.758546035393708,False,-0.08731382826845,False
2018-11-10,Delhi,323.5,372.7,60.3,116.3,118.1,12.0,9.96,33.0,135.8,19.87,9.38,5.14,43.3,Satisfactory,0.0,,,,0.4976393226330227,False,-0.0755835642743537,False
2018-11-11,Delhi,201.3,541.0,134.8,83.2,132.8,31.7,1.79,92.9,105.7,17.72,0.88,1.62,4.8,Very Poor,0.0,,,,-0.3637852045884503,False,-0.0618102277664327,False
2018-11-12,Delhi,469.6,161.6,74.5,57.2,168.1,7.0,4.79,8.3,76.9,4.53,3.36,2.34,45.2,Poor,0.0,,,,1.5275421330017398,False,-0.0882386433068293,False
2018-11-13,Delhi,378.2,554.3,134.6,95.8,222.3,47.8,8.58,71.5,63.6,16.84,1.01,5.99,172.1,Satisfactory,0.0,,,,0.8832360627231582,False,-0.0980346427150821,False
2018-11-14,Delhi,15.2,488.9,106.5,58.1,143.5,23.9,2.43,29.5,50.0,17.18,2.91,8.18,139.2,Good,0.0,,,,-1.675660036960923,False,-0.0857650943828901,False
2018-11-15,Delhi,475.5,407.6,1.7,112.6,124.0,45.9,5.37,46.4,42.3,5.14,23.8,5.1,61.6,Good,0.0,,,,1.5691330062472937,False,-0.0900248203551785,False
2018-11-16,Delhi,121.6,287.2,151.4,64.7,129.3,18.5,5.44,70.0,69.2,17.93,21.25,7.47,410.2,Moderate,0.0,,,,-0.9256144584309332,False,-0.1272160089811163,False
2018-11-17,Delhi,491.6,109.7,61.4,108.1,204.2,40.4,1.19,77.3,51.1,8.77,19.2,9.16,480.9,Severe,0.0,,,,1.6826267451038053,False,-0.0504892052616252,False
2018-11-18,Delhi,338.2,335.0,155.7,97.9,184.6,37.9,3.92,97.0,138.4,16.3,5.06,0.3,58.1,Poor,0.0,,,,0.6012640407194028,False,-0.0955420673794362,False
2018-11-19,Delhi,335.6,376.8,72.8,70.3,210.9,30.6,9.6,89.9,169.1,10.28,20.1,2.68,293.8,Moderate,0.0,,,,0.5829358592891589,False,-0.0972046614866517,False
2018-11-20,Delhi,226.7,197.5,187.7,108.5,87.5,24.3,8.61,5.0,197.6,17.99,28.16,7.03,257.0,Poor,0.0,,,,-0.1847329706160657,False,-0.0648924513016089,False
2018-11-21,Delhi,326.4,386.2,136.4,93.0,54.8,12.2,0.26,45.1,194.3,15.15,25.41,7.81,248.2,Poor,0.0,,,,0.5180822942282948,False,-0.0950132285645692,False
2018-11-22,Delhi,169.6,410.4,62.3,53.8,66.0,41.5,9.21,61.0,38.0,0.02,7.99,1.89,257.6,Very Poor,0.0,,,,-0.5872480320264267,False,-0.1096375566685793,False
2018-11-23,Delhi,12.2,31.9,48.5,44.0,30.9,23.6,7.25,90.9,189.7,2.46,18.64,0.98,76.6,Moderate,0.0,,,,-1.6968079386112047,False,-0.0339709150020016,False
2018-11-24,Delhi,213.7,254.6,57.7,24.2,193.4,22.0,7.48,43.4,58.9,4.31,17.28,7.21,153.9,Good,0.0,,,,-0.2763738777672863,False,-0.1233196171996353,False
2018-11-25,Delhi,264.5,461.1,92.6,86.8,139.7,38.9,2.68,60.0,74.9,5.87,17.68,7.48,122.5,Very Poor,0.0,,,,0.0817305901774833,False,-0.1324009454985702,False
2018-11-26,Delhi,108.2,569.8,84.1,117.8,214.9,30.4,3.36,39.0,176.4,12.0,22.56,3.52,27.0,Satisfactory,0.0,,,,-1.0200750858021914,False,-0.0620682358133249,False
2018-11-27,Delhi,393.6,248.2,116.9,74.2,132.7,0.2,2.68,24.3,38.7,0.69,26.95,1.39,240.9,Moderate,0.0,,,,0.9917952911946044,False,-0.1264819484022863,False
2018-11-28,Delhi,31.8,273.7,107.9,48.4,101.5,19.9,8.48,62.2,54.9,11.75,18.48,6.0,150.0,Satisfactory,0.0,,,,-1.5586416478293643,False,-0.0909753422575612,False
2018-11-29,Delhi,280.0,8.3,129.4,47.6,35.4,14.4,4.57,11.3,188.1,4.21,4.59,1.7,97.7,Severe,0.0,,,,0.1909947487039385,False,-0.0725904411070014,False
2018-11-30,Delhi,127.5,573.2,32.4,15.8,238.2,22.5,1.73,11.2,58.7,17.57,5.59,0.02,283.5,Very Poor,0.0,,,,-0.8840235851853793,False,-0.0725145234940183,False
2018-12-01,Delhi,444.7,270.9,166.9,44.8,3.4,0.2,1.68,5.8,189.2,9.31,14.1,8.45,248.4,Poor,0.0,,,,1.3520145493044018,False,-0.0803569908424507,False
2018-12-02,Delhi,27.8,79.5,162.9,131.9,235.0,23.8,7.91,45.3,80.8,13.33,3.66,2.93,424.8,Very Poor,0.0,,,,-1.58683885002974,False,-0.0783064143580334,False
2018-12-03,Delhi,409.1,483.7,40.1,86.0,137.3,20.6,6.98,9.7,159.2,16.2,14.33,5.7,263.6,Severe,0.0,,,,1.1010594497210595,False,-0.1005968859559059,False
2018-12-04,Delhi,206.0,529.2,62.7,123.4,173.1,29.1,4.19,49.4,107.8,3.47,5.18,8.02,225.5,Severe,0.0,,,,-0.3306534920030091,False,-0.1179450854467651,False
2018-12-05,Delhi,71.9,185.6,33.1,86.8,150.8,14.2,2.91,81.8,108.4,5.26,26.07,4.9,394.6,Poor,0.0,,,,-1.2759646957705997,False,-0.1076355721629447,False
2018-12-06,Delhi,236.3,333.5,118.5,66.0,8.1,17.5,5.84,68.1,17.2,14.55,2.62,9.26,353.2,Poor,0.0,,,,-0.1170596853351642,False,-0.1245803354743613,False
2018-12-07,Delhi,249.2,130.2,119.4,146.0,243.4,24.3,1.02,65.3,67.6,11.22,16.55,6.36,132.7,Poor,0.0,,,,-0.0261237082389532,False,-0.0864285859258953,False
2018-12-08,Delhi,484.9,326.3,79.6,107.6,55.4,34.4,5.91,79.5,87.9,4.78,1.18,7.16,370.8,Good,0.0,,,,1.635396431418176,False,-0.1097196050273972,False
2018-12-09,Delhi,106.4,205.8,96.6,74.3,13.1,24.6,3.99,14.6,30.7,1.12,24.15,0.68,458.8,Poor,0.0,,,,-1.0327638267923602,False,-0.0879786797716031,False
2018-12-10,Delhi,101.0,77.0,68.9,12.2,194.4,12.8,1.98,67.5,181.9,19.5,10.78,5.05,273.3,Satisfactory,0.0,,,,-1.070830049762867,False,-0.0672956467472926,False
2018-12-11,Delhi,402.2,342.4,60.1,10.7,233.9,34.6,9.6,9.0,8.4,3.29,26.39,8.44,17.4,Severe,0.0,,,,1.0524192759254116,False,-0.022276115889743,False
2018-12-12,Delhi,41.7,324.8,158.2,106.8,51.4,11.7,1.1,78.1,127.7,0.86,20.15,5.52,348.0,Severe,0.0,,,,-1.4888535723834349,False,-0.101910967239733,False
2018-12-13,Delhi,235.3,432.1,127.8,27.6,126.0,20.5,7.75,34.2,125.2,12.89,5.07,1.24,120.1,Very Poor,0.0,,,,-0.1241089858852581,False,-0.1111622360029662,False
2018-12-14,Delhi,380.8,552.6,51.4,30.5,122.5,38.9,5.29,9.4,6.1,19.41,8.14,2.07,3.5,Very Poor,0.0,,,,0.9015642441534024,False,-0.0322905712440388,False
2018-12-15,Delhi,142.1,355.4,142.5,132.2,45.1,23.3,2.75,36.6,187.0,5.75,12.47,4.5,300.5,Satisfactory,0.0,,,,-0.7811037971540086,False,-0.0996047680593523,False
2018-12-16,Delhi,454.6,495.0,188.8,2.0,160.6,3.7,5.02,2.2,112.0,19.95,2.38,7.69,301.0,Satisfactory,0.0,,,,1.4218026247503317,False,-0.0588039612422303,False
2018-12-17,Delhi,284.4,519.3,2.5,102.9,173.2,4.1,0.5,56.7,27.6,0.74,25.93,0.34,72.6,Very Poor,0.0,,,,0.2220116711243515,False,-0.0856225118399634,False
2018-12-18,Delhi,82.0,428.9,110.6,42.5,13.9,36.0,3.08,45.9,123.6,6.91,2.77,4.81,99.2,Moderate,0.0,,,,-1.2047667602146512,False,-0.1076448406741406,False
2018-12-19,Delhi,454.8,541.8,13.7,85.9,121.7,4.4,8.61,8.3,68.5,5.61,19.43,5.45,101.2,Good,0.0,,,,1.4232124848603502,False,-0.0637512832282667,False
2018-12-20,Delhi,369.5,511.3,69.9,8.5,61.7,39.0,0.72,79.8,14.3,10.03,16.14,7.28,102.5,Severe,0.0,,,,0.8219071479373415,False,-0.0494272796997372,False
2018-12-21,Delhi,57.8,125.2,160.7,35.4,193.6,39.3,4.26,91.9,8.6,12.56,17.07,3.03,418.0,Very Poor,0.0,,,,-1.3753598335269233,False,-0.0547860601496534,False
2018-12-22,Delhi,15.4,551.0,9.5,3.6,36.7,19.6,3.87,21.2,120.0,1.09,28.29,3.46,0.2,Very Poor,0.0,,,,-1.6742501768509042,False,-0.0109033343667565,False
2018-12-23,Delhi,381.9,295.8,160.1,49.3,111.1,46.1,1.02,24.8,28.6,4.44,27.23,0.82,2.1,Moderate,0.0,,,,0.9093184747585056,False,-0.0632269142757827,False
2018-12-24,Delhi,264.6,424.8,99.8,103.6,111.9,23.9,4.08,21.8,88.6,0.06,1.51,6.45,122.7,Good,0.0,,,,0.0824355202324928,False,-0.1295828005225217,False
2018-12-25,Delhi,144.5,342.7,89.4,53.9,29.7,7.5,8.4,11.9,157.5,2.25,1.88,7.55,245.4,Satisfactory,0.0,,,,-0.7641854758337833,False,-0.0954584856708467,False
2018-12-26,Delhi,78.5,522.3,84.0,122.3,65.6,36.6,5.64,83.1,149.6,19.1,14.86,9.63,135.8,Good,0.0,,,,-1.2294393121399798,False,-0.0804765673600023,False
2018-12-27,Delhi,301.6,36.8,14.6,63.1,220.9,4.5,2.68,12.0,35.8,14.45,22.65,8.88,83.9,Poor,0.0,,,,0.3432596405859667,False,-0.091409285962525,False
2018-12-28,Delhi,19.1,300.2,100.5,110.6,246.1,44.9,0.31,8.6,135.0,1.85,1.03,8.17,193.3,Poor,0.0,,,,-1.6481677648155568,False,-0.0753036161294181,False
2018-12-29,Delhi,431.3,177.7,79.5,51.6,54.4,37.8,1.49,35.6,112.3,10.79,26.32,4.59,388.9,Poor,0.0,,,,1.2575539219331435,False,-0.1074849922356655,False
2018-12-30,Delhi,444.3,304.3,107.4,131.1,31.0,25.2,0.92,89.8,102.0,1.64,8.49,3.51,23.5,Moderate,0.0,,,,1.3491948290843645,False,-0.0489304901606375,False
2018-12-31,Delhi,497.0,507.3,149.7,38.5,169.1,4.8,4.95,81.9,165.8,9.49,6.99,3.66,40.0,Good,0.0,,,,1.7206929680743122,False,-0.0630037005867526,False
2019-01-01,Delhi,266.7,199.6,165.8,64.4,119.8,0.8,0.83,58.8,5.5,10.23,6.02,3.68,160.0,Good,0.0,,,,0.0972390513876897,False,-0.1002258895838223,False
2019-01-02,Delhi,93.4,311.1,164.0,55.6,143.0,19.5,6.98,53.5,27.7,12.33,3.35,4.79,342.8,Good,0.0,,,,-1.1244047339435808,False,-0.116588479433044,False
2019-01-03,Delhi,34.8,300.4,99.9,50.6,48.0,46.8,5.07,29.1,110.3,12.98,22.28,5.82,467.3,Very Poor,0.0,,,,-1.5374937461790823,False,-0.0964301469297916,False
2019-01-04,Delhi,185.0,309.8,76.4,139.9,31.3,38.1,7.57,99.9,78.3,1.0,4.74,1.64,222.1,Satisfactory,0.0,,,,-0.4786888035549808,False,-0.081303406308104,False
2019-01-05,Delhi,303.8,201.2,165.6,29.0,61.2,46.7,0.91,94.9,149.1,13.27,4.47,7.78,213.5,Good,0.0,,,,0.3587681017961732,False,-0.0876552225545001,False
2019-01-06,Delhi,400.5,235.2,29.1,65.9,14.4,27.5,6.23,18.5,111.7,15.27,3.73,2.61,55.0,Moderate,0.0,,,,1.040435464990252,False,-0.1146045309567154,False
2019-01-07,Delhi,147.4,13.0,18.3,26.6,24.5,40.0,5.18,18.2,171.6,3.64,13.13,7.12,289.4,Good,0.0,,,,-0.743742504238511,False,-0.0857882733731229,False
2019-01-08,Delhi,284.1,91.1,115.6,124.4,161.7,23.2,7.3,31.4,161.5,5.34,25.66,5.64,242.4,Moderate,0.0,,,,0.2198968809593236,False,-0.1059923786756794,False
2019-01-09,Delhi,42.2,265.6,50.9,91.0,41.1,33.8,0.59,77.0,122.7,7.35,28.09,6.3,248.1,Good,0.0,,,,-1.485328922108388,False,-0.0957430494843287,False
2019-01-10,Delhi,471.6,489.6,19.4,45.4,193.8,32.1,4.4,51.8,159.0,3.49,12.44,3.14,449.0,Moderate,0.0,,,,1.5416407341019276,False,-0.0950070029909939,False
2019-01-11,Delhi,316.3,144.5,187.3,29.7,62.0,28.8,1.04,54.8,80.8,8.76,18.26,9.69,283.9,Very Poor,0.0,,,,0.4468843586723467,False,-0.1185090230341923,False
2019-01-12,Delhi,463.7,321.9,53.9,67.8,247.1,17.4,5.5,1.3,157.5,16.81,10.68,0.69,87.9,Moderate,0.0,,,,1.4859512597561857,False,-0.0836595314316043,False
2019-01-13,Delhi,309.7,144.4,118.3,100.4,40.7,17.4,3.86,49.1,163.4,16.31,9.58,3.34,434.1,Severe,0.0,,,,0.4003589750417269,False,-0.113804715385503,False
2019-01-14,Delhi,358.0,429.9,80.1,24.7,196.5,1.4,7.39,95.4,134.8,19.6,22.17,9.88,282.8,Moderate,0.0,,,,0.7408401916112618,False,-0.0939039935434418,False
2019-01-15,Delhi,116.7,572.8,110.1,49.2,54.0,16.1,2.36,51.9,143.6,12.68,27.82,7.51,55.1,Moderate,0.0,,,,-0.9601560311263934,False,-0.084450451469519,False
2019-01-16,Delhi,225.5,372.1,94.3,44.5,1.1,0.2,7.52,38.6,14.1,10.31,9.27,6.84,222.8,Severe,0.0,,,,-0.1931921312761783,False,-0.1213104716886973,False
2019-01-17,Delhi,356.5,98.9,191.6,39.8,31.7,7.5,4.87,93.3,167.6,11.46,10.67,7.62,107.7,Poor,0.0,,,,0.730266240786121,False,-0.0851945475813555,False
2019-01-18,Delhi,105.3,193.4,40.8,17.7,132.1,26.6,3.2,15.4,187.2,7.71,3.0,3.5,100.0,Poor,0.0,,,,-1.0405180573974635,False,-0.0709497250953991,False
2019-01-19,Delhi,478.1,61.2,77.0,71.3,208.7,29.6,6.96,88.5,112.7,7.68,24.85,4.83,75.4,Poor,0.0,,,,1.587461187677538,False,-0.0785468395510899,False
2019-01-20,Delhi,425.0,91.2,32.1,75.1,12.0,40.1,3.38,52.9,191.4,19.3,13.87,9.7,28.0,Severe,0.0,,,,1.2131433284675524,False,-0.0749449930964297,False
2019-01-21,Delhi,242.1,129.8,165.0,22.5,187.4,15.7,2.47,64.9,44.0,17.41,11.44,1.67,144.6,Severe,0.0,,,,-0.0761737421446198,False,-0.1171153109827836,False
2019-01-22,Delhi,372.0,463.5,155.5,83.5,217.2,25.8,1.53,1.9,155.1,15.74,22.32,5.16,66.1,Satisfactory,0.0,,,,0.8395303993125762,False,-0.0739445346572416,False
2019-01-23,Delhi,43.4,344.1,162.1,7.9,129.6,39.7,9.82,5.7,134.3,1.31,6.46,4.04,31.9,Severe,0.0,,,,-1.4768697614482753,False,-0.0100539063832518,False
2019-01-24,Delhi,9.7,237.1,195.1,5.8,65.5,15.3,5.13,20.6,24.1,3.68,15.13,0.32,155.5,Moderate,0.0,,,,-1.7144311899864393,False,-0.0559828391368406,False
2019-01-25,Delhi,102.8,244.1,110.0,58.7,225.8,44.4,4.31,79.9,16.3,5.21,19.16,9.05,49.4,Moderate,0.0,,,,-1.0581413087726983,False,-0.0851199894240478,False
2019-01-26,Delhi,3.4,590.1,192.5,98.1,33.2,38.1,9.29,41.4,50.9,2.58,2.91,2.39,237.4,Severe,0.0,,,,-1.758841783452031,False,-0.0541408147956015,False
2019-01-27,Delhi,179.6,128.2,143.2,55.4,37.6,36.1,1.75,64.4,82.7,15.36,26.15,9.04,473.4,Satisfactory,0.0,,,,-0.5167550265254878,False,-0.0943150949630403,False
2019-01-28,Delhi,125.4,337.1,14.8,104.3,176.2,8.3,9.38,62.6,83.8,15.45,16.82,2.51,14.8,Moderate,0.0,,,,-0.8988271163405764,False,-0.0805829687545703,False
2019-01-29,Delhi,58.5,11.5,141.9,32.4,76.4,27.6,5.53,24.1,77.8,2.26,4.79,0.57,38.2,Good,0.0,,,,-1.3704253231418575,False,-0.0755665858850486,False
2019-01-30,Delhi,188.2,388.6,63.2,127.0,51.9,20.2,8.22,13.3,198.7,13.84,9.63,5.93,420.2,Moderate,0.0,,,,-0.4561310417946804,False,-0.0619208814491578,False
2019-01-31,Delhi,100.8,510.6,49.7,32.9,234.4,46.1,4.74,13.8,195.0,18.61,1.55,9.92,295.2,Poor,0.0,,,,-1.072239909872886,False,-0.0630958648293369,False
2019-02-01,Delhi,92.8,443.4,86.3,110.2,219.0,8.3,5.5,17.2,79.7,9.61,21.88,8.03,57.0,Good,0.0,,,,-1.128634314273637,False,-0.0996693135708448,False
2019-02-02,Delhi,299.9,293.6,163.5,90.5,3.5,10.7,9.21,27.8,174.5,7.84,0.47,6.89,352.2,Very Poor,0.0,,,,0.3312758296508067,False,-0.1101727144253786,False
2019-02-03,Delhi,398.3,455.2,173.4,118.7,1.7,37.0,4.29,15.1,19.4,10.75,12.28,2.81,376.4,Satisfactory,0.0,,,,1.0249270037800455,False,-0.0924753992952716,False
2019-02-04,Delhi,389.8,288.9,167.4,91.2,205.4,12.8,3.31,15.6,54.4,6.14,18.64,6.74,218.3,Very Poor,0.0,,,,0.9650079491042476,False,-0.1237655460181123,False
2019-02-05,Delhi,216.6,260.3,193.0,71.4,99.8,14.5,7.39,6.8,174.0,7.43,7.0,6.84,415.9,Good,0.0,,,,-0.2559309061720139,False,-0.0958224323087719,False
2019-02-06,Delhi,486.7,4.3,136.3,107.6,72.8,47.3,2.83,61.6,173.0,13.19,15.6,9.43,328.0,Satisfactory,0.0,,,,1.6480851724083452,False,-0.065342691408443,False
2019-02-07,Delhi,338.7,527.8,91.6,70.3,67.8,49.1,2.35,96.6,151.0,15.88,11.37,6.74,345.9,Very Poor,0.0,,,,0.6047886909944497,False,-0.0862164165589726,False
2019-02-08,Delhi,68.9,70.3,46.7,26.4,21.9,15.7,5.21,62.3,166.9,1.73,28.31,0.71,246.0,Very Poor,0.0,,,,-1.297112597420881,False,-0.0991338957240895,False
2019-02-09,Delhi,481.2,443.8,158.5,149.9,218.3,8.7,6.4,11.7,169.7,16.06,19.93,3.36,369.0,Satisfactory,0.0,,,,1.6093140193828286,False,-0.0464675515938648,False
2019-02-10,Delhi,45.5,132.1,176.4,29.0,41.3,10.8,4.38,31.0,185.9,2.44,3.92,4.79,416.5,Satisfactory,0.0,,,,-1.462066230293078,False,-0.0794862359118085,False
2019-02-11,Delhi,301.5,312.4,49.1,140.9,73.2,15.7,8.6,37.6,190.7,0.31,6.93,8.37,399.8,Satisfactory,0.0,,,,0.3425547105309571,False,-0.0912570618208658,False
2019-02-12,Delhi,335.5,223.9,170.2,137.2,16.8,31.6,1.04,92.2,195.5,18.16,4.72,1.3,91.4,Very Poor,0.0,,,,0.5822309292341493,False,-0.0462145427972688,False
2019-02-13,Delhi,109.9,597.4,198.3,115.7,31.0,21.0,4.99,91.0,6.9,16.29,17.45,1.14,385.3,Good,0.0,,,,-1.0080912748670317,False,-0.0374212486109937,False
2019-02-14,Delhi,4.1,536.6,57.4,5.2,216.3,21.0,4.88,48.6,184.5,17.69,28.66,4.76,275.6,Moderate,0.0,,,,-1.7539072730669651,False,-0.0501065687017067,False
2019-02-15,Delhi,495.5,124.5,166.9,90.4,188.0,33.2,8.98,6.8,137.9,19.45,11.76,8.11,291.7,Very Poor,0.0,,,,1.7101190172491714,False,-0.0669021600110085,False
2019-02-16,Delhi,305.1,225.0,81.3,119.6,183.7,44.9,5.57,66.6,17.3,13.8,26.53,4.84,364.0,Very Poor,0.0,,,,0.3679321925112953,False,-0.1135483802201617,False
2019-02-17,Delhi,91.5,202.0,56.7,132.4,55.0,10.4,2.84,64.6,114.6,12.11,15.26,5.95,206.6,Satisfactory,0.0,,,,-1.1377984049887593,False,-0.1091686695371116,False
2019-02-18,Delhi,370.6,126.9,122.1,137.6,150.7,21.4,5.02,53.9,51.4,15.4,20.43,0.54,368.7,Moderate,0.0,,,,0.8296613785424449,False,-0.1137486944154373,False
2019-02-19,Delhi,22.5,487.1,71.1,106.1,113.3,33.3,8.99,95.5,117.0,10.28,5.69,9.99,184.5,Satisfactory,0.0,,,,-1.6242001429452375,False,-0.0527826143560147,False
2019-02-20,Delhi,322.7,258.3,75.5,52.3,30.2,48.2,7.83,86.1,54.7,2.18,21.47,9.06,87.4,Good,0.0,,,,0.4919998821929475,False,-0.1073268598531477,False
2019-02-21,Delhi,33.4,387.0,72.4,80.7,165.9,8.2,6.84,87.7,153.5,7.21,20.0,4.45,360.9,Poor,0.0,,,,-1.547362766949214,False,-0.0925137883048877,False
2019-02-22,Delhi,192.7,188.7,2.0,62.5,154.2,6.9,7.01,15.4,59.8,16.48,9.74,7.67,433.9,Very Poor,0.0,,,,-0.4244091893192579,False,-0.1131493683547574,False
2019-02-23,Delhi,387.1,28.2,176.0,118.9,129.2,28.4,4.96,13.9,43.2,1.73,2.63,3.21,198.9,Satisfactory,0.0,,,,0.945974837618994,False,-0.0892016892945057,False
2019-02-24,Delhi,76.8,209.1,165.8,146.2,77.8,30.2,1.07,30.3,60.8,8.57,12.89,3.33,116.9,Satisfactory,0.0,,,,-1.2414231230751394,False,-0.0768720743859628,False
2019-02-25,Delhi,441.8,77.8,160.4,41.8,228.8,48.9,3.32,50.2,61.4,17.74,29.24,7.18,105.1,Satisfactory,0.0,,,,1.3315715777091297,False,-0.1007510050922673,False
2019-02-26,Delhi,11.4,254.3,11.3,45.9,241.1,3.8,7.7,83.7,44.3,8.97,7.55,9.38,397.9,Poor,0.0,,,,-1.7024473790512795,False,-0.0764135162648144,False
2019-02-27,Delhi,110.5,28.0,85.6,114.2,173.8,39.8,3.37,10.1,116.7,16.74,29.29,9.52,201.4,Moderate,0.0,,,,-1.0038616945369754,False,-0.090480662502394,False
2019-02-28,Delhi,60.3,584.3,27.9,60.8,40.0,21.6,1.62,40.1,116.0,5.49,15.89,6.34,309.4,Moderate,0.0,,,,-1.3577365821516885,False,-0.0912108867494558,False
2019-03-01,Delhi,233.8,53.0,51.7,78.3,227.3,47.4,2.75,22.0,33.5,0.62,22.58,3.5,463.0,Good,0.0,,,,-0.1346829367103989,False,-0.0891273593593391,False
2019-03-02,Delhi,478.8,519.7,153.9,50.0,64.0,23.9,5.13,16.4,30.9,16.46,21.69,9.36,152.4,Moderate,0.0,,,,1.5923956980626035,False,-0.0741488489221343,False
2019-03-03,Delhi,110.8,186.2,164.4,111.6,182.3,8.5,0.98,18.5,145.8,17.52,25.51,4.6,449.9,Very Poor,0.0,,,,-1.0017469043719471,False,-0.0852277816331431,False
2019-03-04,Delhi,471.9,140.1,30.2,16.3,63.2,12.1,2.31,54.6,85.3,4.04,11.12,8.83,315.4,Severe,0.0,,,,1.5437555242669554,False,-0.1014108273039165,False
2019-03-05,Delhi,31.1,371.5,170.6,9.7,14.1,5.9,6.34,35.8,80.1,15.72,23.76,4.08,229.6,Satisfactory,0.0,,,,-1.56357615821443,False,-0.0920782450917641,False
2019-03-06,Delhi,234.8,105.4,68.7,59.4,117.1,17.8,8.57,75.4,114.2,2.2,9.86,4.93,0.9,Poor,0.0,,,,-0.127633636160305,False,-0.0723059469605749,False
2019-03-07,Delhi,74.3,227.5,193.2,10.9,139.4,7.0,0.8,4.6,166.2,18.45,16.01,8.86,398.4,Good,0.0,,,,-1.2590463744503742,False,-0.0442898986016679,False
2019-03-08,Delhi,255.4,98.4,51.1,23.3,193.5,26.1,1.83,87.7,58.8,4.81,11.63,5.63,247.1,Severe,0.0,,,,0.0175819551716289,False,-0.0973030693903262,False
2019-03-09,Delhi,272.8,184.8,55.7,80.9,77.9,19.1,9.36,42.7,171.9,5.52,5.52,3.14,444.3,Satisfactory,0.0,,,,0.1402397847432626,False,-0.0957030273137636,False
2019-03-10,Delhi,441.5,380.3,146.0,9.3,137.4,5.1,2.09,25.5,142.9,2.04,1.04,4.93,184.7,Poor,0.0,,,,1.3294567875441017,False,-0.0960039749242849,False
2019-03-11,Delhi,239.1,266.1,12.5,88.1,169.9,3.5,6.7,98.7,123.8,9.03,27.04,8.22,246.8,Satisfactory,0.0,,,,-0.0973216437949014,False,-0.1110014142114618,False
2019-03-12,Delhi,383.9,145.2,159.9,99.3,241.5,3.5,4.13,70.2,58.5,16.64,20.13,2.46,274.7,Satisfactory,0.0,,,,0.9234170758586934,False,-0.1291009307784172,False
2019-03-13,Delhi,160.4,41.4,22.4,47.9,124.3,17.7,8.12,43.4,109.9,6.6,20.72,9.42,417.9,Good,0.0,,,,-0.6521015970872903,False,-0.1065776968075153,False
2019-03-14,Delhi,171.4,67.5,156.0,125.1,166.3,40.4,1.73,43.0,91.0,15.57,23.62,7.74,178.2,Poor,0.0,,,,-0.5745592910362576,False,-0.1015922027677952,False
2019-03-15,Delhi,330.6,7.1,120.5,96.5,14.5,41.9,8.86,50.9,63.3,2.46,25.25,2.87,404.4,Moderate,0.0,,,,0.5476893565386894,False,-0.081267271123631,False
2019-03-16,Delhi,401.1,207.1,162.8,1.5,78.2,4.1,4.91,84.5,25.9,8.65,4.85,0.17,385.5,Very Poor,0.0,,,,1.0446650453203086,False,-0.0700377204335613,False
2019-03-17,Delhi,77.0,93.2,159.5,68.7,153.9,8.2,9.36,91.4,139.9,6.13,20.21,8.68,391.5,Satisfactory,0.0,,,,-1.2400132629651206,False,-0.0608974863464741,False
2019-03-18,Delhi,352.7,39.1,180.2,147.7,17.7,24.2,7.67,9.6,87.5,11.44,17.64,2.11,359.5,Good,0.0,,,,0.7034788986957641,False,-0.0794702991071673,False
2019-03-19,Delhi,325.4,464.7,172.2,116.9,93.4,42.6,1.25,88.8,77.8,12.81,22.02,9.65,411.1,Good,0.0,,,,0.5110329936782009,False,-0.0949317430831059,False
2019-03-20,Delhi,398.9,38.0,53.3,139.6,138.5,25.7,6.35,64.1,126.6,3.25,13.19,3.38,295.1,Very Poor,0.0,,,,1.0291565841101016,False,-0.1015607837535008,False
2019-03-21,Delhi,383.1,131.6,71.3,124.2,49.2,20.3,3.81,3.0,83.7,2.15,29.14,9.82,45.2,Good,0.0,,,,0.9177776354186186,False,-0.0779821043116023,False
2019-03-22,Delhi,194.7,362.8,164.2,15.0,140.7,19.4,8.47,16.4,156.6,10.78,4.04,9.16,482.3,Good,0.0,,,,-0.4103105882190701,False,-0.0516743838103509,False
2019-03-23,Delhi,485.6,15.4,113.7,25.1,139.1,37.6,9.51,84.5,64.2,0.56,25.08,5.47,303.6,Very Poor,0.0,,,,1.640330941803242,False,-0.0541658871190511,False
2019-03-24,Delhi,473.3,557.0,134.8,14.7,191.8,21.6,9.58,97.4,12.9,2.7,12.41,3.71,454.6,Severe,0.0,,,,1.5536245450370871,False,0.0075743320083335,True
2019-03-25,Delhi,26.3,472.5,106.0,114.2,207.8,5.1,6.55,67.3,8.5,11.72,0.06,8.45,72.1,Moderate,0.0,,,,-1.597412800854881,False,-0.0658013730572835,False
2019-03-26,Delhi,150.6,160.5,177.3,62.0,193.9,31.5,8.71,54.5,163.1,11.02,16.42,3.47,343.4,Severe,0.0,,,,-0.7211847424782105,False,-0.1123814100933348,False
2019-03-27,Delhi,157.5,564.2,93.4,135.2,161.7,8.5,0.58,22.4,39.4,18.13,24.29,5.98,66.1,Moderate,0.0,,,,-0.6725445686825626,False,-0.0477190078345691,False
2019-03-28,Delhi,185.3,351.4,21.5,90.4,121.1,40.5,6.5,52.1,80.3,15.48,24.31,8.71,493.8,Satisfactory,0.0,,,,-0.4765740133899525,False,-0.1182584709829789,False
2019-03-29,Delhi,113.2,13.0,19.5,112.0,156.6,33.3,9.41,22.3,77.9,16.45,22.64,4.51,467.0,Satisfactory,0.0,,,,-0.984828583051722,False,-0.0538146116062647,False
2019-03-30,Delhi,60.5,259.5,17.4,132.3,119.1,5.5,6.7,23.3,113.4,1.79,15.09,1.52,200.4,Good,0.0,,,,-1.3563267220416697,False,-0.1036267987197864,False
2019-03-31,Delhi,210.9,177.5,109.6,59.5,120.8,34.2,3.38,64.0,20.4,2.0,16.91,2.09,293.1,Very Poor,0.0,,,,-0.296111919307549,False,-0.1193578779708727,False
2019-04-01,Delhi,324.2,54.8,163.0,33.8,37.2,28.5,3.5,13.8,147.6,1.11,5.57,4.26,214.2,Very Poor,0.0,,,,0.5025738330180883,False,-0.1016944904635072,False
2019-04-02,Delhi,258.6,585.0,41.8,9.5,231.1,10.0,4.01,33.5,175.4,5.01,16.83,5.81,71.1,Satisfactory,0.0,,,,0.0401397169319295,False,-0.0610882856697309,False
2019-04-03,Delhi,477.9,517.2,83.9,60.0,222.7,34.8,9.05,87.8,71.0,13.01,26.12,2.71,372.0,Good,0.0,,,,1.5860513275675188,False,-0.0807159286264539,False
2019-04-04,Delhi,390.4,401.0,23.2,139.4,156.4,37.6,4.87,4.8,24.3,0.15,16.62,1.82,341.3,Satisfactory,0.0,,,,0.9692375294343036,False,-0.0811946464380175,False
2019-04-05,Delhi,138.5,201.1,198.9,136.1,29.3,18.7,4.4,39.1,152.1,0.18,26.74,4.72,172.1,Poor,0.0,,,,-0.8064812791343465,False,-0.112257935540495,False
2019-04-06,Delhi,59.0,71.4,12.9,31.3,182.3,14.2,6.81,81.4,125.4,18.07,26.02,9.32,95.8,Poor,0.0,,,,-1.3669006728668107,False,-0.0786587586972452,False
2019-04-07,Delhi,175.5,388.2,148.2,104.7,12.9,9.3,2.78,72.4,8.7,17.88,14.66,6.05,246.8,Very Poor,0.0,,,,-0.5456571587808727,False,-0.0981114807799982,False
2019-04-08,Delhi,162.0,469.3,10.9,92.1,114.2,19.1,6.52,70.1,179.0,7.36,8.1,3.63,53.6,Good,0.0,,,,-0.6408227162071402,False,-0.1036406919965775,False
2019-04-09,Delhi,218.7,376.0,154.8,73.7,143.1,18.7,1.92,7.8,12.4,18.51,2.85,1.48,332.5,Severe,0.0,,,,-0.2411273750168168,False,-0.1034893370430263,False
2019-04-10,Delhi,230.6,250.9,94.2,15.7,54.0,41.2,4.26,66.9,20.3,12.64,0.0,0.15,116.9,Satisfactory,0.0,,,,-0.1572406984706995,False,-0.1038278194903785,False
2019-04-11,Delhi,256.3,548.7,116.8,56.5,4.2,11.9,5.03,75.9,99.8,16.55,11.8,7.01,6.6,Severe,0.0,,,,0.0239263256667135,False,-0.0830951773550424,False
2019-04-12,Delhi,51.0,310.8,20.8,11.5,214.7,3.7,1.77,64.4,63.3,6.63,24.17,5.23,350.7,Severe,0.0,,,,-1.4232950772675617,False,-0.0946889329987917,False
2019-04-13,Delhi,160.5,41.1,1.4,146.5,56.8,34.3,9.25,84.9,44.0,7.43,14.64,7.32,244.6,Very Poor,0.0,,,,-0.651396667032281,False,-0.0490841110386996,False
2019-04-14,Delhi,295.1,108.9,53.2,70.1,64.7,17.4,8.71,7.4,179.8,19.67,27.46,0.89,350.6,Very Poor,0.0,,,,0.2974391870103564,False,-0.0808113888091127,False
2019-04-15,Delhi,105.3,413.3,197.0,146.4,196.0,2.3,8.61,86.2,5.1,13.77,22.83,9.13,378.9,Very Poor,0.0,,,,-1.0405180573974635,False,-0.0387193385696283,False
2019-04-16,Delhi,358.7,389.6,56.1,3.0,104.2,14.1,1.01,31.9,49.7,19.84,18.95,3.82,324.0,Good,0.0,,,,0.7457747019963274,False,-0.0849586733588325,False
2019-04-17,Delhi,490.6,495.6,187.3,19.9,222.5,31.0,3.33,16.2,144.1,1.47,28.68,5.15,419.2,Severe,0.0,,,,1.6755774445537115,False,-0.0687137943852136,False
2019-04-18,Delhi,117.1,144.8,178.4,125.1,4.5,31.6,2.14,66.3,79.0,9.62,18.49,4.54,22.5,Moderate,0.0,,,,-0.9573363109063556,False,-0.0770213348086956,False
2019-04-19,Delhi,143.9,258.7,137.5,59.3,227.0,2.5,8.75,84.3,133.2,19.69,0.26,6.65,426.3,Moderate,0.0,,,,-0.7684150561638395,False,-0.0957446093057141,False
2019-04-20,Delhi,59.4,378.1,44.0,10.5,249.2,12.0,7.72,56.8,48.4,11.91,20.95,0.67,308.9,Poor,0.0,,,,-1.364080952646773,False,-0.0889048911358236,False
2019-04-21,Delhi,201.0,555.0,197.1,38.5,5.0,17.3,8.29,4.2,187.8,14.11,4.21,0.93,482.0,Moderate,0.0,,,,-0.3658999947534785,False,-0.0315093368024097,False
2019-04-22,Delhi,381.8,287.4,146.8,71.9,68.4,39.2,7.46,6.2,28.1,8.96,10.81,4.89,271.4,Moderate,0.0,,,,0.9086135447034964,False,-0.1029835358490897,False
2019-04-23,Delhi,109.4,332.7,24.6,94.2,113.4,23.0,7.9,26.7,111.9,19.52,18.9,7.11,389.0,Satisfactory,0.0,,,,-1.0116159251420789,False,-0.1242716407123104,False
2019-04-24,Delhi,220.9,210.0,79.9,146.3,215.8,48.2,0.27,3.5,192.8,2.03,21.22,0.26,167.4,Moderate,0.0,,,,-0.2256189138066101,False,-0.04039647135149,False
2019-04-25,Delhi,362.2,476.2,114.4,17.6,19.8,43.0,1.97,78.3,24.6,9.96,1.96,3.04,62.9,Satisfactory,0.0,,,,0.770447253921656,False,-0.0785164180850415,False
2019-04-26,Delhi,486.1,192.5,0.4,95.7,121.9,32.2,6.63,24.6,47.9,5.29,8.9,6.56,442.3,Very Poor,0.0,,,,1.643855592078289,False,-0.0865102242865528,False
2019-04-27,Delhi,117.2,247.6,30.8,7.9,6.3,44.5,2.38,42.6,123.7,14.62,10.71,2.85,12.1,Poor,0.0,,,,-0.9566313808513464,False,-0.0668997641128449,False
2019-04-28,Delhi,148.8,248.3,93.7,58.4,112.3,40.6,6.13,8.0,117.7,19.99,29.36,4.07,479.3,Moderate,0.0,,,,-0.7338734834683794,False,-0.0878959896515559,False
2019-04-29,Delhi,182.8,200.6,170.3,107.8,219.0,24.6,6.61,87.8,148.7,0.92,14.76,2.96,328.9,Very Poor,0.0,,,,-0.4941972647651872,False,-0.1226843836737884,False
2019-04-30,Delhi,261.2,325.9,4.5,81.2,162.4,16.7,7.37,39.9,70.3,18.74,9.68,1.39,374.6,Good,0.0,,,,0.0584678983621733,False,-0.1422546705840959,False
2019-05-01,Delhi,273.2,79.4,63.9,21.1,224.4,7.8,8.91,64.8,32.9,6.94,28.54,5.14,302.0,Very Poor,0.0,,,,0.1430595049633,False,-0.0875800288583998,False
2019-05-02,Delhi,255.1,512.8,145.9,32.2,132.7,35.1,2.13,59.9,22.5,9.25,28.24,0.82,492.8,Good,0.0,,,,0.0154671650066007,False,-0.0788307066758877,False
2019-05-03,Delhi,370.5,4.2,143.3,64.5,33.5,43.6,6.27,52.7,43.7,9.55,18.07,9.2,320.8,Severe,0.0,,,,0.8289564484874354,False,-0.0997560175257478,False
2019-05-04,Delhi,354.8,371.4,198.2,120.4,181.0,6.1,4.1,0.4,82.7,12.21,26.75,3.09,346.1,Moderate,0.0,,,,0.7182824298509615,False,-0.0970710119478451,False
2019-05-05,Delhi,62.7,393.7,98.9,131.4,163.2,33.4,7.71,82.9,77.2,10.64,19.0,2.03,18.8,Severe,0.0,,,,-1.3408182608314634,False,-0.0657646141477755,False
2019-05-06,Delhi,338.5,331.9,34.3,14.1,196.7,36.0,7.45,53.6,50.6,3.03,16.17,0.5,395.3,Moderate,0.0,,,,0.603378830884431,False,-0.114682748851326,False
2019-05-07,Delhi,246.8,288.7,72.3,127.3,151.1,40.9,2.93,85.1,110.6,15.11,26.04,9.07,382.6,Moderate,0.0,,,,-0.0430420295591784,False,-0.1125349872134591,False
2019-05-08,Delhi,279.5,435.8,148.6,16.1,45.7,20.2,4.87,4.0,135.2,11.85,25.53,5.95,9.8,Severe,0.0,,,,0.1874700984288916,False,-0.0618575658933081,False
2019-05-09,Delhi,82.5,135.2,185.6,120.9,160.2,43.0,3.33,66.7,195.0,9.49,7.71,2.04,407.2,Severe,0.0,,,,-1.2012421099396042,False,-0.0718766650854518,False
2019-05-10,Delhi,139.8,51.9,156.5,93.4,210.4,34.8,0.16,28.0,137.3,8.92,13.3,5.44,315.5,Severe,0.0,,,,-0.7973171884192244,False,-0.0825321960407579,False
2019-05-11,Delhi,466.8,123.8,74.5,29.1,45.6,23.6,1.61,15.4,28.6,10.76,11.35,0.9,400.2,Very Poor,0.0,,,,1.5078040914614768,False,-0.0698226789911141,False
2019-05-12,Delhi,499.3,173.7,144.3,93.0,60.6,26.7,2.06,93.5,180.6,7.54,15.7,6.89,156.8,Poor,0.0,,,,1.7369063593395282,False,-0.06673238911327,False
2019-05-13,Delhi,407.9,124.5,190.3,55.2,38.6,34.4,9.3,26.5,53.4,14.61,9.79,9.18,337.2,Satisfactory,0.0,,,,1.0926002890609463,False,-0.0982767417700682,False
2019-05-14,Delhi,146.6,170.9,139.6,136.7,136.7,6.0,4.71,81.0,159.1,10.66,18.64,2.19,206.5,Severe,0.0,,,,-0.7493819446785861,False,-0.0994654692993873,False
2019-05-15,Delhi,364.2,378.1,106.3,56.9,59.5,6.1,8.49,95.3,70.0,8.66,22.81,8.18,330.4,Poor,0.0,,,,0.7845458550218438,False,-0.0940113066159635,False
2019-05-16,Delhi,402.4,272.5,163.0,38.7,135.2,47.0,6.05,32.8,80.0,14.67,12.19,7.07,290.1,Satisfactory,0.0,,,,1.0538291360354302,False,-0.1333053048260721,False
2019-05-17,Delhi,86.7,431.8,82.4,45.5,140.4,11.5,7.74,90.6,138.4,11.58,12.38,5.33,161.7,Severe,0.0,,,,-1.17163504762921,False,-0.0902197175979365,False
2019-05-18,Delhi,189.6,309.3,86.7,68.8,241.0,16.8,9.81,74.6,45.3,13.46,15.96,2.94,421.0,Moderate,0.0,,,,-0.4462620210245489,False,-0.1022130315799838,False
2019-05-19,Delhi,416.9,301.4,13.9,143.3,54.8,42.9,7.97,18.2,16.2,1.12,9.9,1.01,411.4,Poor,0.0,,,,1.1560439940117917,False,-0.0720382673808822,False
2019-05-20,Delhi,159.8,98.5,181.2,84.5,223.5,40.1,0.95,40.6,56.4,7.94,4.09,8.58,302.8,Very Poor,0.0,,,,-0.6563311774173467,False,-0.099508144941165,False
2019-05-21,Delhi,163.4,302.8,191.5,14.6,139.9,46.5,4.32,88.8,168.6,12.37,11.0,9.12,482.9,Poor,0.0,,,,-0.6309536954370087,False,-0.0694174427420856,False
2019-05-22,Delhi,480.4,47.3,22.6,112.6,142.0,40.0,7.78,88.3,85.2,13.88,19.03,2.33,200.0,Satisfactory,0.0,,,,1.6036745789427536,False,-0.0814057616000558,False
2019-05-23,Delhi,475.4,94.9,69.9,104.5,190.2,32.5,3.21,78.2,10.0,8.58,10.55,3.6,84.6,Very Poor,0.0,,,,1.568428076192284,False,-0.0555604109200125,False
2019-05-24,Delhi,177.0,317.9,199.2,75.3,62.9,14.5,1.05,88.1,72.7,11.44,13.58,4.81,262.1,Very Poor,0.0,,,,-0.5350832079557318,False,-0.115803229729505,False
2019-05-25,Delhi,49.5,244.8,60.8,30.7,39.2,9.2,4.77,42.0,174.6,16.51,24.4,6.67,25.3,Poor,0.0,,,,-1.4338690280927024,False,-0.0790126085166189,False
2019-05-26,Delhi,470.4,178.3,9.1,13.7,32.6,29.1,0.1,66.3,90.9,0.8,22.27,2.12,458.2,Severe,0.0,,,,1.5331815734418146,False,-0.0573787814978036,False
2019-05-27,Delhi,229.1,226.2,191.9,6.7,51.8,45.9,3.59,75.6,193.1,7.23,14.64,9.22,42.4,Severe,0.0,,,,-0.1678146492958403,False,-0.0661620496856305,False
2019-05-28,Delhi,470.8,62.9,66.6,17.7,188.4,38.9,2.53,53.7,160.2,2.19,1.38,5.24,451.1,Satisfactory,0.0,,,,1.5360012936618523,False,-0.0598816246809801,False
2019-05-29,Delhi,248.5,335.5,182.6,48.3,113.9,44.1,1.44,43.9,29.9,17.57,9.46,2.43,26.1,Poor,0.0,,,,-0.0310582186240188,False,-0.0952052510656302,False
2019-05-30,Delhi,144.8,415.7,7.8,68.3,250.0,38.0,2.79,32.9,119.2,5.47,5.76,1.34,1.7,Good,0.0,,,,-0.762070685668755,False,-0.0828281193644077,False
2019-05-31,Delhi,58.8,408.7,173.9,22.8,113.7,38.7,2.85,87.1,179.2,5.41,22.86,7.21,201.2,Severe,0.0,,,,-1.3683105329768293,False,-0.0754101529782629,False
2019-06-01,Delhi,87.3,105.8,99.5,106.9,118.4,35.0,1.79,88.4,90.3,14.88,23.9,6.64,382.5,Poor,0.0,,,,-1.1674054672991536,False,-0.0948467606907425,False
2019-06-02,Delhi,473.2,559.2,152.5,92.1,195.9,14.2,3.23,44.2,152.2,1.91,13.31,0.6,137.5,Severe,0.0,,,,1.5529196149820776,False,-0.0941241872822228,False
2019-06-03,Delhi,250.8,143.4,86.4,131.9,216.2,15.5,7.17,45.3,144.1,2.61,13.59,4.35,143.0,Severe,0.0,,,,-0.0148448273588028,False,-0.1170794195974623,False
2019-06-04,Delhi,453.3,443.5,97.3,107.4,184.8,26.8,2.73,51.9,63.8,2.89,24.79,4.45,189.8,Severe,0.0,,,,1.4126385340352094,False,-0.1144040354437457,False
2019-06-05,Delhi,327.6,71.5,95.3,40.0,197.0,11.6,6.25,91.3,184.8,8.26,14.7,9.27,102.0,Severe,0.0,,,,0.5265414548884078,False,-0.0793400800658358,False
2019-06-06,Delhi,419.0,63.0,196.3,12.5,56.4,6.2,2.23,69.8,25.2,2.9,11.01,3.55,366.7,Poor,0.0,,,,1.170847525166989,False,-0.0726059357681662,False
2019-06-07,Delhi,163.8,145.2,40.7,109.3,70.2,17.3,3.33,7.5,91.5,3.69,27.98,7.75,334.1,Severe,0.0,,,,-0.6281339752169711,False,-0.1084431045258687,False
2019-06-08,Delhi,219.1,350.1,157.1,54.6,95.8,22.4,6.41,40.4,7.2,11.64,15.16,4.26,340.4,Severe,0.0,,,,-0.2383076547967792,False,-0.1224263244589463,False
2019-06-09,Delhi,104.9,51.1,3.1,101.8,176.5,47.9,6.19,65.0,43.0,1.7,27.0,4.4,128.2,Moderate,0.0,,,,-1.0433377776175012,False,-0.1028595576353043,False
2019-06-10,Delhi,24.5,486.2,174.1,89.9,77.8,18.2,1.68,20.6,14.5,7.74,1.85,9.05,377.9,Severe,0.0,,,,-1.6101015418450495,False,-0.0739908419464989,False
2019-06-11,Delhi,386.2,148.9,91.6,118.0,209.7,49.5,7.28,40.3,43.1,13.19,3.94,1.24,377.7,Satisfactory,0.0,,,,0.9396304671239094,False,-0.122912308518474,False
2019-06-12,Delhi,246.9,171.6,171.5,114.5,15.7,13.0,8.89,68.6,1.5,16.33,17.48,8.44,68.0,Satisfactory,0.0,,,,-0.042337099504169,False,-0.0705850753692932,False
2019-06-13,Delhi,429.0,569.3,195.9,69.5,168.4,17.0,0.02,19.4,38.9,0.32,11.28,7.72,180.8,Very Poor,0.0,,,,1.241340530667928,False,-0.0643794851433726,False
2019-06-14,Delhi,246.0,299.3,165.5,29.6,56.0,35.5,3.68,23.7,147.1,19.99,25.19,0.39,490.2,Very Poor,0.0,,,,-0.0486814699992536,False,-0.1038332201584483,False
2019-06-15,Delhi,408.4,395.2,198.0,130.9,86.8,46.0,7.28,98.1,55.3,7.45,12.47,6.55,457.4,Good,0.0,,,,1.0961249393359935,False,-0.0626566559861383,False
2019-06-16,Delhi,426.5,501.8,24.8,119.2,131.0,22.7,7.39,5.7,48.4,8.39,21.04,1.86,295.8,Moderate,0.0,,,,1.2237172792926931,False,-0.0737707892993315,False
2019-06-17,Delhi,361.1,246.4,142.1,138.5,192.9,11.7,3.07,27.5,79.8,18.24,21.28,5.78,214.2,Very Poor,0.0,,,,0.762693023316553,False,-0.1203320738552898,False
2019-06-18,Delhi,489.3,374.8,197.4,49.4,152.4,21.6,1.74,11.1,19.5,2.68,25.61,1.3,202.8,Very Poor,0.0,,,,1.6664133538385892,False,-0.0762612271042562,False
2019-06-19,Delhi,407.0,564.1,160.2,137.6,2.4,26.1,9.07,51.0,22.1,1.1,19.05,4.41,50.9,Moderate,0.0,,,,1.0862559185658622,False,-0.0459652540988784,False
2019-06-20,Delhi,371.1,266.9,18.5,1.4,112.7,31.0,9.07,93.4,168.3,19.43,11.67,6.69,0.9,Very Poor,0.0,,,,0.8331860288174919,False,-0.0168358129653359,False
2019-06-21,Delhi,189.3,512.9,198.4,82.8,7.4,24.2,6.84,65.2,27.1,5.74,25.81,6.73,127.6,Severe,0.0,,,,-0.4483768111895769,False,-0.1090434186145425,False
2019-06-22,Delhi,242.9,378.5,170.9,144.9,238.6,3.1,7.47,7.1,110.6,9.93,10.56,4.25,376.9,Very Poor,0.0,,,,-0.0705343017045446,False,-0.0846893618165298,False
2019-06-23,Delhi,414.7,347.4,9.3,111.5,118.6,40.3,9.97,71.8,129.9,7.99,13.58,6.36,3.4,Very Poor,0.0,,,,1.1405355328015852,False,-0.0582034285548221,False
2019-06-24,Delhi,220.8,208.9,182.4,139.5,76.5,8.5,9.74,92.3,123.1,0.62,7.56,7.01,437.8,Poor,0.0,,,,-0.2263238438616195,False,-0.0629108073688288,False
2019-06-25,Delhi,159.2,512.9,196.8,21.6,85.7,22.1,2.3,28.5,78.0,19.97,8.21,9.3,74.8,Severe,0.0,,,,-0.6605607577474032,False,-0.092565415450676,False
2019-06-26,Delhi,46.1,367.9,113.2,149.7,187.0,11.3,5.49,83.8,82.9,10.98,13.11,9.44,87.4,Moderate,0.0,,,,-1.4578366499630218,False,-0.0726048546255178,False
2019-06-27,Delhi,173.2,572.3,80.2,111.6,87.8,42.4,3.92,50.2,159.5,13.0,15.88,6.81,452.9,Very Poor,0.0,,,,-0.5618705500460888,False,-0.0913165266733764,False
2019-06-28,Delhi,297.3,244.5,132.0,37.3,113.6,1.1,9.46,95.8,173.0,16.53,28.16,5.59,200.7,Moderate,0.0,,,,0.3129476482205629,False,-0.0725107686669603,False
2019-06-29,Delhi,220.5,108.8,76.8,106.8,52.9,32.5,5.17,52.8,60.8,1.77,28.1,7.19,104.8,Severe,0.0,,,,-0.2284386340266477,False,-0.1278566644056591,False
2019-06-30,Delhi,209.4,560.8,59.7,63.6,71.6,26.3,0.47,30.4,194.4,18.21,19.16,1.31,250.6,Poor,0.0,,,,-0.3066858701326899,False,-0.0709669899910592,False
2019-07-01,Delhi,119.9,239.4,185.1,50.3,59.8,42.7,7.07,74.8,15.8,6.38,9.39,8.15,68.1,Poor,0.0,,,,-0.9375982693660928,False,-0.0907100933906637,False
2019-07-02,Delhi,105.9,478.4,108.4,35.4,38.2,27.7,4.39,40.2,29.2,12.49,12.62,0.72,449.2,Severe,0.0,,,,-1.0362884770674072,False,-0.0903205809276407,False
2019-07-03,Delhi,15.0,233.0,65.1,86.0,199.0,22.8,2.72,83.5,132.4,5.0,6.25,1.15,463.4,Satisfactory,0.0,,,,-1.6770698970709417,False,-0.0728275210435652,False
2019-07-04,Delhi,364.7,419.4,184.6,126.1,208.2,28.5,5.85,29.6,168.9,19.26,3.53,2.59,203.9,Very Poor,0.0,,,,0.7880705052968908,False,-0.1107630702125992,False
2019-07-05,Delhi,395.8,490.3,53.7,49.0,66.7,40.5,1.25,19.3,111.6,19.9,11.25,2.22,249.5,Good,0.0,,,,1.0073037524048107,False,-0.1040531830138478,False
2019-07-06,Delhi,445.4,129.4,68.9,25.3,38.7,33.5,7.26,72.4,19.4,18.99,2.35,2.72,335.9,Moderate,0.0,,,,1.356949059689467,False,-0.0882983969365885,False
2019-07-07,Delhi,302.8,456.5,47.8,140.8,47.3,26.7,5.02,73.8,187.8,4.03,2.98,0.35,168.5,Poor,0.0,,,,0.3517188012460793,False,-0.0801478154654591,False
2019-07-08,Delhi,167.5,38.1,188.6,16.7,125.6,48.7,2.12,79.6,50.3,0.06,23.49,9.34,366.7,Very Poor,0.0,,,,-0.6020515631816238,False,-0.0766473098524038,False
2019-07-09,Delhi,487.6,304.7,2.2,105.6,205.3,35.1,3.39,7.1,190.1,5.05,22.53,0.06,462.7,Good,0.0,,,,1.65442954290343,False,-0.0508689538601206,False
2019-07-10,Delhi,139.9,537.6,11.5,48.1,187.9,28.0,8.72,66.5,31.9,11.71,8.89,4.68,477.0,Moderate,0.0,,,,-0.796612258364215,False,-0.0640237136761051,False
2019-07-11,Delhi,182.7,171.2,145.9,138.5,33.1,24.4,0.25,24.5,122.7,13.08,14.31,7.56,246.1,Good,0.0,,,,-0.4949021948201968,False,-0.0877140274209683,False
2019-07-12,Delhi,252.6,160.0,141.1,27.4,139.2,32.0,8.88,59.7,60.9,11.94,18.45,1.53,141.1,Severe,0.0,,,,-0.002156086368634,False,-0.1086580587418565,False
2019-07-13,Delhi,417.1,303.8,167.9,114.4,164.8,41.1,5.0,13.4,124.7,19.92,16.86,1.63,339.4,Very Poor,0.0,,,,1.157453854121811,False,-0.1142168360861832,False
2019-07-14,Delhi,411.1,445.9,51.4,20.2,30.6,18.7,5.59,51.9,74.8,0.07,11.16,7.48,242.5,Very Poor,0.0,,,,1.1151580508212473,False,-0.1144316569096692,False
2019-07-15,Delhi,421.4,385.2,14.0,106.3,164.5,42.3,0.77,92.9,199.4,6.43,20.91,2.06,465.2,Moderate,0.0,,,,1.187765846487214,False,-0.0430684561274191,False
2019-07-16,Delhi,347.8,431.9,162.2,146.6,202.1,39.0,5.66,61.0,95.7,13.61,19.11,3.31,41.6,Good,0.0,,,,0.6689373260003042,False,-0.0883800134830868,False
2019-07-17,Delhi,385.6,489.1,104.0,75.0,42.4,5.1,9.87,49.7,146.7,5.76,3.36,2.13,142.1,Poor,0.0,,,,0.9354008867938532,False,-0.0810750090061515,False
2019-07-18,Delhi,39.3,368.4,55.9,101.1,237.0,11.2,7.08,7.7,192.6,9.15,0.51,3.7,235.1,Very Poor,0.0,,,,-1.5057718937036602,False,-0.0637956585293052,False
2019-07-19,Delhi,362.2,170.5,80.2,45.7,43.7,15.2,2.55,66.6,121.4,14.45,10.04,4.54,398.1,Good,0.0,,,,0.770447253921656,False,-0.1154558544605581,False
2019-07-20,Delhi,354.5,376.9,89.2,77.5,88.9,45.7,0.27,83.0,129.7,18.52,6.5,0.53,7.2,Poor,0.0,,,,0.7161676396859332,False,-0.0619541027348322,False
2019-07-21,Delhi,95.5,137.9,167.6,102.0,179.7,12.2,9.39,39.5,139.3,9.7,4.56,5.28,4.9,Good,0.0,,,,-1.1096012027883837,False,-0.0554365507182821,False
2019-07-22,Delhi,242.6,483.1,113.3,32.4,86.9,40.3,4.53,99.6,6.4,4.11,18.79,2.77,79.6,Satisfactory,0.0,,,,-0.0726490918695728,False,-0.0514460504289566,False
2019-07-23,Delhi,327.2,362.4,143.5,101.4,21.2,31.1,1.98,95.0,173.7,10.94,2.93,8.78,370.4,Moderate,0.0,,,,0.52372173466837,False,-0.0927862158931531,False
2019-07-24,Delhi,347.2,366.9,130.1,128.2,21.9,15.9,3.44,73.6,62.7,16.05,3.81,4.5,282.8,Satisfactory,0.0,,,,0.6647077456702477,False,-0.1178736632847571,False
2019-07-25,Delhi,415.4,434.1,82.2,117.3,76.3,3.9,9.59,73.3,76.8,7.65,6.69,6.29,113.9,Moderate,0.0,,,,1.145470043186651,False,-0.0855339943506993,False
2019-07-26,Delhi,126.9,173.2,147.7,74.6,93.9,26.0,7.6,56.3,132.1,11.13,27.71,0.23,305.6,Poor,0.0,,,,-0.8882531655154356,False,-0.1316209264225211,False
2019-07-27,Delhi,462.0,19.2,14.8,53.0,174.2,38.4,8.74,58.6,120.4,16.39,28.85,1.43,73.6,Severe,0.0,,,,1.473967448821026,False,-0.0781848026747635,False
2019-07-28,Delhi,137.8,158.4,67.0,36.3,168.9,38.3,5.21,60.3,150.3,3.08,5.38,2.47,483.4,Moderate,0.0,,,,-0.8114157895194122,False,-0.094025711561156,False
2019-07-29,Delhi,358.7,218.6,183.2,18.3,80.7,18.4,9.61,13.4,103.3,4.07,22.63,0.19,361.7,Very Poor,0.0,,,,0.7457747019963274,False,-0.0747210466040155,False
2019-07-30,Delhi,312.6,97.1,128.6,113.6,242.5,34.8,3.22,95.6,115.6,14.61,29.92,6.25,167.3,Satisfactory,0.0,,,,0.4208019466369994,False,-0.0924756612343705,False
2019-07-31,Delhi,327.0,204.5,85.5,6.5,88.6,31.7,8.92,61.3,57.6,0.96,21.3,4.75,355.3,Satisfactory,0.0,,,,0.5223118745583513,False,-0.0895578603687837,False
2019-08-01,Delhi,111.0,265.8,9.7,81.6,60.7,38.1,1.79,46.4,181.4,14.81,16.04,7.41,302.3,Severe,0.0,,,,-1.0003370442619284,False,-0.1144433579452641,False
2019-08-02,Delhi,282.9,102.9,146.1,13.7,39.9,34.9,4.94,8.3,131.0,16.11,21.11,2.13,497.6,Poor,0.0,,,,0.2114377202992106,False,-0.0733071563007498,False
2019-08-03,Delhi,92.3,332.7,97.3,108.4,76.2,40.4,0.15,85.9,116.2,15.71,15.34,4.47,323.7,Good,0.0,,,,-1.132158964548684,False,-0.0922346416698244,False
2019-08-04,Delhi,131.3,483.1,155.7,60.2,102.1,36.8,4.53,48.2,104.4,0.58,2.33,3.11,455.7,Satisfactory,0.0,,,,-0.8572362430950224,False,-0.1145781167578755,False
2019-08-05,Delhi,288.1,329.9,106.0,7.1,161.0,12.8,1.5,43.4,117.3,10.72,28.46,0.58,12.8,Severe,0.0,,,,0.2480940831596992,False,-0.0742994423263752,False
2019-08-06,Delhi,70.1,408.5,8.1,1.1,145.1,9.8,2.67,60.0,75.6,14.01,29.99,6.85,3.0,Moderate,0.0,,,,-1.2886534367607685,False,-0.0390962441978481,False
2019-08-07,Delhi,66.4,581.6,63.2,44.4,75.6,28.1,9.14,45.8,158.0,3.38,22.86,5.61,75.9,Poor,0.0,,,,-1.3147358487961158,False,-0.048074542737268,False
2019-08-08,Delhi,41.2,342.9,165.4,45.0,173.9,37.1,1.73,1.5,96.5,10.43,14.21,0.89,55.2,Good,0.0,,,,-1.492378222658482,False,-0.0650045253215952,False
2019-08-09,Delhi,89.9,210.2,30.8,60.0,203.4,23.8,7.78,82.5,88.4,16.77,21.79,5.7,114.0,Moderate,0.0,,,,-1.1490772858689091,False,-0.1033609811271374,False
2019-08-10,Delhi,241.5,359.2,2.0,43.1,84.4,28.7,7.45,80.5,160.8,14.9,4.46,6.34,262.9,Good,0.0,,,,-0.0804033224746761,False,-0.1279697334683038,False
2019-08-11,Delhi,476.5,251.5,121.2,137.9,198.1,44.0,8.67,8.8,174.7,3.56,2.37,1.25,460.4,Moderate,0.0,,,,1.5761823067973877,False,-0.0417879682454602,False
2019-08-12,Delhi,397.9,14.4,122.0,85.7,40.8,9.4,4.74,40.1,135.9,15.5,25.71,5.33,451.5,Very Poor,0.0,,,,1.0221072835600078,False,-0.0992503165168838,False
2019-08-13,Delhi,86.8,221.1,26.7,37.0,206.8,34.6,6.65,7.7,137.8,13.68,16.2,1.43,121.1,Satisfactory,0.0,,,,-1.1709301175742004,False,-0.0867033641252673,False
2019-08-14,Delhi,456.1,376.7,25.4,91.8,9.9,46.8,2.72,9.4,37.1,5.72,3.41,0.37,127.7,Poor,0.0,,,,1.4323765755754725,False,-0.0943164943159246,False
2019-08-15,Delhi,130.7,382.7,192.1,104.2,230.9,43.5,2.75,39.3,29.9,18.82,28.08,2.43,211.0,Severe,0.0,,,,-0.8614658234250789,False,-0.1182307104321415,False
2019-08-16,Delhi,124.1,581.9,87.9,86.9,170.4,32.5,6.55,26.3,141.6,8.89,22.01,0.71,111.9,Good,0.0,,,,-0.9079912070556986,False,-0.0937831174196952,False
2019-08-17,Delhi,387.1,248.5,190.4,86.6,140.7,45.5,2.07,14.3,85.0,16.59,5.73,1.76,232.1,Moderate,0.0,,,,0.945974837618994,False,-0.1312032423737297,False
2019-08-18,Delhi,151.1,80.3,123.6,55.1,60.2,39.4,4.75,96.7,122.8,14.89,28.7,8.61,44.4,Very Poor,0.0,,,,-0.7176600922031636,False,-0.0805520146127978,False
2019-08-19,Delhi,36.2,144.4,3.2,133.9,249.0,48.6,6.14,45.3,0.0,10.49,12.62,6.38,115.7,Good,0.0,,,,-1.5276247254089514,False,-0.0592427642525655,False
2019-08-20,Delhi,439.1,157.4,141.0,25.6,185.4,3.9,6.71,17.9,143.4,9.7,21.6,1.89,276.5,Severe,0.0,,,,1.3125384662238762,False,-0.1089286882315156,False
2019-08-21,Delhi,482.1,591.7,185.0,34.7,62.0,19.5,0.21,65.5,150.1,9.31,20.52,4.32,275.2,Satisfactory,0.0,,,,1.615658389877913,False,-0.0549039617747947,False
2019-08-22,Delhi,383.2,389.1,131.5,145.6,208.4,2.0,7.67,98.3,128.5,3.42,4.03,9.49,363.9,Poor,0.0,,,,0.9184825654736276,False,-0.0744174433261242,False
2019-08-23,Delhi,217.4,437.9,114.5,37.7,128.6,30.5,9.64,34.2,153.7,12.16,3.0,2.95,398.4,Poor,0.0,,,,-0.2502914657319388,False,-0.0835824711297545,False
2019-08-24,Delhi,266.5,274.3,9.8,5.3,181.5,7.4,9.15,77.5,91.7,17.28,4.09,8.84,420.3,Good,0.0,,,,0.095829191277671,False,-0.0729692371074773,False
2019-08-25,Delhi,381.1,216.8,55.6,116.2,215.7,5.8,5.17,53.1,48.7,7.94,5.62,1.91,212.0,Severe,0.0,,,,0.9036790343184308,False,-0.1335419681230557,False
2019-08-26,Delhi,29.4,473.5,185.9,125.0,206.9,36.8,5.23,97.8,125.9,3.82,5.73,4.53,353.6,Poor,0.0,,,,-1.5755599691495896,False,-0.0701033262993457,False
2019-08-27,Delhi,492.2,293.0,173.0,41.6,54.0,5.3,0.26,48.5,50.3,8.02,20.3,2.78,328.0,Poor,0.0,,,,1.6868563254338615,False,-0.0849461464993041,False
2019-08-28,Delhi,496.4,83.2,176.8,90.6,225.7,25.0,8.05,36.1,86.1,14.35,3.55,6.99,341.1,Severe,0.0,,,,1.7164633877442557,False,-0.1033691951495934,False
2019-08-29,Delhi,154.2,597.6,90.0,35.6,168.0,34.6,2.95,97.8,55.8,16.17,14.78,9.48,247.8,Severe,0.0,,,,-0.6958072604978726,False,-0.0593367765168827,False
2019-08-30,Delhi,421.0,194.7,101.4,143.4,4.0,37.5,6.73,92.7,166.1,5.8,0.1,5.41,329.9,Good,0.0,,,,1.1849461262671768,False,-0.075326714255999,False
2019-08-31,Delhi,252.9,587.7,72.8,128.4,12.7,19.9,0.59,54.3,17.3,7.06,1.17,7.79,453.9,Good,0.0,,,,-4.129620360575332e-05,False,-0.0388374541413026,False
2019-09-01,Delhi,333.9,267.3,108.5,59.7,235.9,48.3,1.66,60.6,177.9,14.43,26.72,9.15,259.8,Satisfactory,0.0,,,,0.5709520483539989,False,-0.1277116402196812,False
2019-09-02,Delhi,187.8,305.9,41.1,139.7,32.7,37.3,8.14,5.3,68.4,18.01,24.25,4.86,364.1,Satisfactory,0.0,,,,-0.4589507620147178,False,-0.0816259028046437,False
2019-09-03,Delhi,236.8,460.8,88.3,52.2,73.0,19.9,0.99,93.6,189.6,19.7,25.53,7.37,288.9,Severe,0.0,,,,-0.1135350350601173,False,-0.0779681519960895,False
2019-09-04,Delhi,109.6,296.6,162.3,19.0,54.1,22.9,7.16,76.4,53.4,16.83,21.02,9.43,359.8,Good,0.0,,,,-1.01020606503206,False,-0.103793621800993,False
2019-09-05,Delhi,63.1,225.5,190.3,20.8,215.2,9.3,5.23,20.2,167.9,5.54,16.3,5.12,195.8,Good,0.0,,,,-1.3379985406114256,False,-0.0929614822039425,False
2019-09-06,Delhi,197.6,243.3,75.4,19.8,204.7,6.6,2.35,38.1,30.5,6.15,6.24,9.8,42.8,Moderate,0.0,,,,-0.3898676166237978,False,-0.0902587219156539,False
2019-09-07,Delhi,75.5,452.4,182.5,19.2,230.6,4.9,0.45,4.0,162.0,13.32,4.67,9.86,179.4,Good,0.0,,,,-1.2505872137902614,False,-0.0591334673967197,False
2019-09-08,Delhi,52.3,320.9,156.9,23.7,13.2,21.7,4.93,69.9,71.9,14.84,16.77,8.85,130.5,Poor,0.0,,,,-1.4141309865524396,False,-0.105073188656096,False
2019-09-09,Delhi,191.6,547.1,76.4,115.2,149.0,16.9,3.24,37.0,57.8,8.05,17.29,9.45,357.1,Very Poor,0.0,,,,-0.4321634199243611,False,-0.1101267456455769,False
2019-09-10,Delhi,293.9,67.0,18.6,54.2,238.7,9.8,4.55,19.7,76.5,11.2,13.61,7.09,293.0,Good,0.0,,,,0.2889800263502434,False,-0.1202538680610111,False
2019-09-11,Delhi,273.5,110.4,71.4,107.6,191.7,17.0,4.23,31.0,92.1,6.09,19.18,9.75,263.7,Very Poor,0.0,,,,0.1451742951283283,False,-0.1317343293235146,False
2019-09-12,Delhi,159.7,341.2,78.6,99.5,241.3,14.5,2.33,85.0,190.2,12.09,26.27,5.11,190.4,Very Poor,0.0,,,,-0.6570361074723562,False,-0.1002514051487387,False
2019-09-13,Delhi,288.0,55.1,149.7,60.8,112.9,12.1,7.32,58.4,165.3,13.62,22.8,4.05,123.4,Poor,0.0,,,,0.2473891531046896,False,-0.1163383294572604,False
2019-09-14,Delhi,489.8,9.6,170.5,63.7,3.6,27.2,5.52,36.6,3.0,3.59,15.24,7.49,214.6,Moderate,0.0,,,,1.6699380041136362,False,-0.0584926193062158,False
2019-09-15,Delhi,152.0,242.4,84.4,83.1,1.6,29.3,6.26,91.1,21.4,3.98,9.02,0.78,361.7,Severe,0.0,,,,-0.7113157217080791,False,-0.0969263331469371,False
2019-09-16,Delhi,221.2,595.6,135.5,95.2,125.2,19.7,0.06,33.8,105.6,6.7,21.34,1.82,386.3,Very Poor,0.0,,,,-0.2235041236415821,False,-0.071635099191088,False
2019-09-17,Delhi,209.3,146.5,142.1,90.6,85.6,14.5,3.83,8.9,118.7,19.41,15.72,8.66,213.7,Satisfactory,0.0,,,,-0.3073908001876992,False,-0.1182698247431075,False
2019-09-18,Delhi,305.3,275.0,146.5,13.9,181.6,7.5,9.54,88.6,168.1,5.42,18.43,1.74,110.6,Good,0.0,,,,0.369342052621314,False,-0.0637207703881771,False
2019-09-19,Delhi,224.8,549.7,81.2,136.2,194.5,35.5,9.98,48.4,148.7,12.47,23.52,9.99,385.8,Good,0.0,,,,-0.1981266416612439,False,-0.0683321593509149,False
2019-09-20,Delhi,375.0,265.6,150.8,73.3,240.2,0.3,6.91,28.0,3.2,13.3,17.25,9.01,320.1,Satisfactory,0.0,,,,0.8606783009628579,False,-0.1136593717675599,False
2019-09-21,Delhi,329.8,405.5,31.9,37.6,59.4,35.7,3.38,18.3,126.1,14.49,15.41,4.31,63.0,Very Poor,0.0,,,,0.5420499160986143,False,-0.1000514208195302,False
2019-09-22,Delhi,460.9,453.7,2.0,111.3,131.4,7.2,1.11,71.6,40.6,5.61,16.88,0.57,482.4,Satisfactory,0.0,,,,1.4662132182159229,False,-0.0695911417553608,False
2019-09-23,Delhi,75.6,579.2,14.8,37.2,121.2,24.8,1.49,7.5,166.7,13.74,9.4,7.33,345.3,Moderate,0.0,,,,-1.249882283735252,False,-0.0572076544971048,False
2019-09-24,Delhi,255.5,175.6,187.8,116.1,248.3,4.9,8.65,23.9,52.1,15.49,26.01,8.54,209.0,Moderate,0.0,,,,0.0182868852266383,False,-0.1157316516965446,False
2019-09-25,Delhi,73.7,537.0,61.1,60.1,84.4,38.0,0.68,47.6,67.6,0.57,16.64,4.5,449.6,Poor,0.0,,,,-1.2632759547804306,False,-0.074724982050523,False
2019-09-26,Delhi,402.1,311.7,84.9,71.2,40.1,44.0,6.86,57.1,102.5,0.75,7.55,7.57,106.5,Good,0.0,,,,1.0517143458704024,False,-0.1285809353812461,False
2019-09-27,Delhi,361.1,513.0,26.3,61.7,233.0,45.8,3.23,43.7,12.2,6.69,17.18,1.05,249.5,Moderate,0.0,,,,0.762693023316553,False,-0.1097673611531332,False
2019-09-28,Delhi,204.3,468.7,33.4,102.9,72.5,42.9,2.57,52.3,128.1,15.67,24.83,2.7,222.9,Very Poor,0.0,,,,-0.3426373029381686,False,-0.1336659491383885,False
2019-09-29,Delhi,330.8,119.9,173.5,124.8,34.9,26.8,5.45,3.8,174.1,15.46,17.45,4.16,110.3,Very Poor,0.0,,,,0.5490992166487081,False,-0.0786012837983542,False
2019-09-30,Delhi,266.9,563.8,81.5,133.4,225.0,29.6,9.25,2.3,149.9,12.04,23.03,6.77,385.5,Moderate,0.0,,,,0.0986489114977084,False,-0.04065428375636,False
2019-10-01,Delhi,300.2,19.5,182.0,2.0,214.5,39.5,0.44,83.4,55.0,18.74,17.4,5.31,410.1,Satisfactory,0.0,,,,0.333390619815835,False,-0.0370850384967292,False
2019-10-02,Delhi,435.9,124.9,116.5,81.7,35.1,7.7,6.88,3.7,106.4,13.84,16.75,0.68,464.0,Satisfactory,0.0,,,,1.2899807044635756,False,-0.0823243972545307,False
2019-10-03,Delhi,352.8,497.9,10.3,80.2,86.3,20.0,6.71,4.9,87.9,17.82,27.83,4.4,9.7,Severe,0.0,,,,0.7041838287507737,False,-0.0705710401216002,False
2019-10-04,Delhi,86.2,495.7,24.7,98.1,86.3,19.0,6.93,89.6,18.4,6.68,8.28,6.36,485.8,Very Poor,0.0,,,,-1.175159697904257,False,-0.0551764233882712,False
2019-10-05,Delhi,334.5,13.3,127.1,0.7,136.7,7.1,7.2,17.4,101.8,2.16,3.62,8.48,343.8,Good,0.0,,,,0.5751816286840554,False,-0.0659114866445066,False
2019-10-06,Delhi,171.1,596.2,179.8,44.6,115.9,14.4,6.81,64.6,106.9,6.37,22.94,9.17,165.5,Poor,0.0,,,,-0.5766740812012858,False,-0.0941822513306757,False
2019-10-07,Delhi,257.2,182.1,70.7,117.6,154.5,35.0,6.82,84.3,128.7,12.45,26.0,9.36,48.9,Very Poor,0.0,,,,0.0302706961617978,False,-0.1139473058276809,False
2019-10-08,Delhi,364.5,164.8,195.5,125.8,193.8,19.1,8.91,59.6,49.4,3.5,8.83,7.76,218.0,Good,0.0,,,,0.7866606451868721,False,-0.1066993149626325,False
2019-10-09,Delhi,241.9,207.3,143.0,93.8,74.4,7.8,1.76,79.2,126.0,4.87,1.27,4.43,374.6,Very Poor,0.0,,,,-0.0775836022546385,False,-0.1232902956872634,False
2019-10-10,Delhi,28.3,322.4,38.3,113.0,32.6,47.1,0.73,81.2,167.2,16.37,17.76,4.12,440.7,Severe,0.0,,,,-1.583314199754693,False,-0.065889574640086,False
2019-10-11,Delhi,61.7,518.7,154.1,108.8,176.9,2.6,3.88,18.9,144.2,10.35,10.27,3.18,365.9,Satisfactory,0.0,,,,-1.3478675613815572,False,-0.1023790437235082,False
2019-10-12,Delhi,339.1,203.5,1.0,87.4,158.1,3.0,9.79,56.9,26.7,13.98,17.1,9.16,97.0,Severe,0.0,,,,0.6076084112144875,False,-0.0920221028713594,False
2019-10-13,Delhi,350.8,153.1,147.6,91.5,144.2,6.9,0.13,39.2,124.4,6.34,1.38,1.36,144.3,Satisfactory,0.0,,,,0.6900852276505859,False,-0.1027878011236776,False
2019-10-14,Delhi,381.4,415.3,116.0,35.0,67.7,36.5,3.51,93.2,62.3,14.61,8.47,7.12,8.0,Severe,0.0,,,,0.9057938244834586,False,-0.0620437472485546,False
2019-10-15,Delhi,209.3,503.0,184.6,143.2,90.2,33.7,3.64,88.7,135.5,0.21,25.46,8.44,279.9,Very Poor,0.0,,,,-0.3073908001876992,False,-0.0905337183554468,False
2019-10-16,Delhi,251.6,419.2,85.9,2.5,207.6,35.3,8.17,67.9,116.7,15.16,6.46,6.78,416.0,Very Poor,0.0,,,,-0.0092053869187278,False,-0.0797296373394726,False
2019-10-17,Delhi,220.6,524.3,65.7,143.0,97.4,47.0,4.87,13.3,12.9,16.9,18.61,1.3,434.4,Very Poor,0.0,,,,-0.2277337039716384,False,-0.0566353119501563,False
2019-10-18,Delhi,23.4,289.3,141.3,23.9,23.0,6.4,2.45,25.0,53.9,17.71,15.65,1.94,143.8,Moderate,0.0,,,,-1.617855772450153,False,-0.086479172272849,False
2019-10-19,Delhi,20.1,372.5,136.2,117.1,164.0,18.5,9.6,71.4,33.1,18.3,24.77,8.99,387.1,Severe,0.0,,,,-1.6411184642654628,False,-0.0649202417720622,False
2019-10-20,Delhi,380.4,562.2,13.0,26.8,80.0,49.6,2.16,89.6,144.1,17.55,20.3,4.86,205.3,Very Poor,0.0,,,,0.8987445239333647,False,-0.0875304523512848,False
2019-10-21,Delhi,163.7,325.6,167.3,27.9,176.6,22.0,9.28,13.7,68.6,7.37,27.87,3.29,254.8,Good,0.0,,,,-0.6288389052719806,False,-0.090715287154899,False
2019-10-22,Delhi,378.9,236.5,55.0,145.7,126.2,30.3,3.36,74.8,102.6,1.37,14.69,4.47,417.1,Severe,0.0,,,,0.8881705731082239,False,-0.1013407640838451,False
2019-10-23,Delhi,445.6,256.0,39.4,17.6,240.2,39.4,3.22,56.4,45.2,12.23,18.78,8.34,98.8,Severe,0.0,,,,1.3583589197994863,False,-0.1015080624024389,False
2019-10-24,Delhi,357.7,468.5,171.9,83.2,151.8,17.0,6.97,9.0,105.1,15.06,5.66,6.14,356.8,Satisfactory,0.0,,,,0.7387254014462336,False,-0.1202527826685336,False
2019-10-25,Delhi,387.5,473.2,31.1,10.6,199.7,21.9,8.11,51.4,127.6,12.82,0.08,4.09,322.0,Moderate,0.0,,,,0.9487945578390314,False,-0.0965904420902605,False
2019-10-26,Delhi,347.6,373.5,177.8,101.2,147.1,27.7,8.55,85.9,138.1,6.87,9.11,0.74,69.2,Very Poor,0.0,,,,0.6675274658902856,False,-0.0997404832897446,False
2019-10-27,Delhi,480.0,51.3,13.2,71.9,108.7,41.7,6.64,26.3,129.8,5.95,1.52,8.84,202.5,Good,0.0,,,,1.600854858722716,False,-0.100191326221719,False
2019-10-28,Delhi,210.3,57.4,48.2,79.5,52.7,46.1,1.97,66.8,171.2,9.58,17.85,9.81,252.3,Satisfactory,0.0,,,,-0.3003414996376053,False,-0.1076181951394879,False
2019-10-29,Delhi,498.1,40.3,152.7,64.1,202.9,30.0,5.59,35.5,40.9,13.68,28.51,2.06,94.5,Good,0.0,,,,1.7284471986794157,False,-0.0805158406449977,False
2019-10-30,Delhi,331.8,366.9,185.2,37.2,156.4,45.9,5.33,91.9,161.9,12.48,6.98,5.57,460.8,Severe,0.0,,,,0.556148517198802,False,-0.0898661301923492,False
2019-10-31,Delhi,272.5,205.9,3.7,73.3,218.9,22.4,5.94,0.1,147.0,15.71,20.32,3.2,411.9,Satisfactory,0.0,,,,0.1381249945782344,False,-0.1039431470389375,False
2019-11-01,Delhi,411.6,495.3,133.6,146.4,16.5,30.0,2.73,37.0,12.9,12.04,3.05,6.74,356.7,Moderate,0.0,,,,1.1186827010962943,False,-0.0671723232134766,False
2019-11-02,Delhi,99.5,418.1,53.7,102.7,193.1,24.5,2.72,88.1,112.9,2.7,11.06,0.28,225.3,Good,0.0,,,,-1.081404000588008,False,-0.1118364992949808,False
2019-11-03,Delhi,289.0,195.0,63.2,137.4,11.3,0.8,9.23,64.1,41.3,9.62,12.29,6.99,80.2,Moderate,0.0,,,,0.2544384536547835,False,-0.0877321275918644,False
2019-11-04,Delhi,62.0,524.9,155.4,130.3,238.7,15.7,2.95,44.6,171.6,12.1,12.91,1.62,262.0,Poor,0.0,,,,-1.345752771216529,False,-0.0875189318012458,False
2019-11-05,Delhi,247.0,225.6,120.8,80.9,151.7,6.6,6.01,23.6,146.0,14.25,26.59,8.86,83.5,Good,0.0,,,,-0.0416321694491597,False,-0.1314346616757669,False
2019-11-06,Delhi,62.7,432.1,152.6,54.2,104.5,17.6,9.48,74.3,119.5,13.48,16.68,7.6,451.9,Very Poor,0.0,,,,-1.3408182608314634,False,-0.0754098868189651,False
2019-11-07,Delhi,232.6,47.1,37.5,17.8,43.9,6.1,1.33,24.8,144.3,12.49,5.74,2.29,198.6,Poor,0.0,,,,-0.1431420973705117,False,-0.0917079865086615,False
2019-11-08,Delhi,490.2,262.9,136.0,96.5,114.6,44.3,0.93,3.4,126.8,0.67,18.97,1.56,99.0,Poor,0.0,,,,1.6727577243336738,False,-0.0604869661301948,False
2019-11-09,Delhi,143.5,171.1,52.2,16.8,207.0,30.2,7.58,22.2,122.6,13.86,20.83,1.41,473.7,Good,0.0,,,,-0.771234776383877,False,-0.0766857749717325,False
2019-11-10,Delhi,317.1,290.7,97.8,142.4,205.6,1.1,2.43,12.7,60.8,6.21,24.48,9.72,208.9,Poor,0.0,,,,0.4525237991124219,False,-0.1014190734717724,False
2019-11-11,Delhi,349.5,282.1,178.7,106.1,234.4,20.4,4.37,31.3,69.2,1.31,18.49,7.43,176.4,Poor,0.0,,,,0.6809211369354637,False,-0.1369065267659936,False
2019-11-12,Delhi,352.3,4.4,131.7,19.9,23.6,28.7,3.99,69.0,26.2,7.11,1.76,6.5,177.4,Very Poor,0.0,,,,0.7006591784757267,False,-0.0846698800885624,False
2019-11-13,Delhi,346.7,45.8,100.5,32.0,162.3,17.4,7.58,19.3,105.2,4.49,27.83,0.83,230.6,Good,0.0,,,,0.6611830953952008,False,-0.1067236351752864,False
2019-11-14,Delhi,378.4,555.4,170.9,97.2,168.6,20.6,5.62,88.3,166.4,11.9,5.76,1.96,88.0,Severe,0.0,,,,0.884645922833177,False,-0.0876606104857813,False
2019-11-15,Delhi,403.9,264.5,126.7,99.1,207.1,40.8,1.72,50.7,19.5,4.51,28.7,7.15,92.3,Poor,0.0,,,,1.0644030868605712,False,-0.09794145998642,False
2019-11-16,Delhi,237.5,278.5,23.4,28.6,7.1,23.0,4.27,15.2,70.2,15.21,11.25,6.7,188.5,Very Poor,0.0,,,,-0.1086005246750516,False,-0.1193379488529333,False
2019-11-17,Delhi,331.9,111.7,124.9,143.7,204.7,1.6,3.29,7.0,1.2,14.23,8.61,2.99,321.2,Moderate,0.0,,,,0.5568534472538111,False,-0.0630932176293709,False
2019-11-18,Delhi,135.3,414.4,173.8,65.3,43.5,16.2,8.99,41.4,81.0,13.82,5.23,8.96,16.6,Very Poor,0.0,,,,-0.8290390408946469,False,-0.0900915538717073,False
2019-11-19,Delhi,245.1,323.5,132.2,35.1,8.5,41.4,9.68,7.6,120.9,14.59,3.43,4.8,469.1,Severe,0.0,,,,-0.0550258404943381,False,-0.0664138066319078,False
2019-11-20,Delhi,431.2,476.1,152.7,137.4,210.9,16.1,0.37,98.8,90.2,7.34,3.4,5.77,336.8,Severe,0.0,,,,1.2568489918781345,False,-0.0377345158831876,False
2019-11-21,Delhi,274.7,16.6,6.7,97.7,88.8,2.5,8.14,5.0,165.2,11.37,25.52,2.17,470.6,Moderate,0.0,,,,0.1536334557884408,False,-0.0577690645662055,False
2019-11-22,Delhi,151.7,445.8,198.9,137.7,48.3,30.0,3.15,92.0,120.0,9.56,12.38,9.91,408.6,Satisfactory,0.0,,,,-0.7134305118731074,False,-0.0847188023830338,False
2019-11-23,Delhi,138.8,111.9,121.4,96.0,234.8,36.8,6.55,84.0,30.0,19.11,5.94,6.32,5.7,Good,0.0,,,,-0.8043664889693183,False,-0.0633144748091276,False
2019-11-24,Delhi,170.6,530.7,82.5,123.2,225.9,23.3,2.67,33.6,94.0,16.49,5.76,0.81,325.5,Poor,0.0,,,,-0.5801987314763328,False,-0.1121703658163968,False
2019-11-25,Delhi,255.1,118.2,177.5,109.7,143.5,14.6,2.31,25.0,100.8,7.69,21.92,1.9,420.6,Poor,0.0,,,,0.0154671650066007,False,-0.114659500974718,False
2019-11-26,Delhi,405.2,282.2,122.5,37.1,187.8,47.9,6.28,43.6,146.0,5.64,25.25,3.02,474.7,Moderate,0.0,,,,1.0735671775756932,False,-0.1129235675162292,False
2019-11-27,Delhi,491.5,489.6,91.1,17.3,197.6,44.9,8.76,6.1,25.7,10.31,27.87,6.29,333.6,Poor,0.0,,,,1.6819218150487958,False,-0.0329946283085489,False
2019-11-28,Delhi,488.6,515.7,36.4,57.5,70.5,7.4,1.48,97.5,182.9,9.69,14.91,3.72,492.0,Good,0.0,,,,1.6614788434535237,False,-0.0214448279752215,False
2019-11-29,Delhi,375.8,312.0,85.2,143.5,100.3,11.8,3.02,43.9,153.4,8.13,2.4,4.3,18.7,Moderate,0.0,,,,0.866317741402933,False,-0.0755931428927948,False
2019-11-30,Delhi,376.8,385.3,184.0,104.1,60.7,1.3,2.91,5.1,58.5,18.87,22.27,0.41,288.9,Severe,0.0,,,,0.873367041953027,False,-0.1109362578561121,False
2019-12-01,Delhi,137.6,237.8,41.4,2.4,189.7,32.4,3.42,65.5,181.9,5.98,7.93,1.63,492.4,Severe,0.0,,,,-0.812825649629431,False,-0.046688727676541,False
2019-12-02,Delhi,310.6,24.1,59.8,117.8,1.7,11.2,8.93,61.6,12.6,13.82,19.69,7.42,456.1,Moderate,0.0,,,,0.4067033455368117,False,-0.0517846729420181,False
2019-12-03,Delhi,175.0,439.3,97.3,96.1,109.4,35.0,4.48,23.1,59.1,12.37,25.63,9.2,0.7,Severe,0.0,,,,-0.5491818090559196,False,-0.0912597423061082,False
2019-12-04,Delhi,440.3,343.8,158.6,50.3,210.8,8.2,3.4,81.7,88.3,17.86,25.71,9.96,84.5,Good,0.0,,,,1.320997626883989,False,-0.1090219381533427,False
2019-12-05,Delhi,83.7,560.9,77.7,98.4,93.1,45.8,6.8,18.8,153.5,16.0,7.14,7.41,454.2,Good,0.0,,,,-1.1927829492794917,False,-0.0722250278761743,False
2019-12-06,Delhi,33.3,362.2,123.0,23.9,190.2,18.8,7.8,59.8,57.6,19.81,10.86,9.6,332.8,Satisfactory,0.0,,,,-1.5480676970042235,False,-0.0913848753710547,False
2019-12-07,Delhi,394.0,422.7,82.4,92.2,239.9,26.3,2.36,17.7,129.9,3.14,27.7,3.64,270.1,Satisfactory,0.0,,,,0.9946150114146418,False,-0.1151661373069535,False
2019-12-08,Delhi,386.7,418.6,60.5,101.2,171.9,25.5,8.95,70.4,118.2,18.4,21.01,0.7,482.8,Severe,0.0,,,,0.9431551173989564,False,-0.0922241274443905,False
2019-12-09,Delhi,425.1,118.4,141.9,14.8,240.3,17.5,0.52,8.6,34.1,14.87,10.88,8.87,425.1,Poor,0.0,,,,1.2138482585225618,False,-0.0459836324581129,False
2019-12-10,Delhi,253.1,354.8,68.3,142.1,153.2,20.9,9.03,44.9,157.6,0.69,10.56,0.82,72.2,Severe,0.0,,,,0.0013685639064129,False,-0.0853514236303343,False
2019-12-11,Delhi,54.8,158.0,125.9,58.2,125.9,18.6,2.48,23.2,33.5,9.85,27.87,5.75,95.8,Moderate,0.0,,,,-1.3965077351772048,False,-0.0893374716230163,False
2019-12-12,Delhi,43.0,196.0,30.7,67.0,150.2,15.1,5.96,58.5,133.4,14.76,3.44,8.99,380.4,Very Poor,0.0,,,,-1.4796894816683128,False,-0.1206160615807201,False
2019-12-13,Delhi,324.3,355.3,76.4,149.8,227.5,37.8,6.18,4.2,141.8,3.53,9.48,1.39,290.6,Severe,0.0,,,,0.5032787630730978,False,-0.0726994286319702,False
2019-12-14,Delhi,386.4,430.6,96.3,26.5,31.6,18.9,8.04,0.9,29.4,18.29,28.51,2.19,466.9,Satisfactory,0.0,,,,0.941040327233928,False,-0.0608263145682734,False
2019-12-15,Delhi,153.4,172.0,120.0,66.6,231.4,27.3,5.49,6.7,93.7,12.36,24.25,3.28,357.3,Poor,0.0,,,,-0.7014467009379476,False,-0.1114924432675067,False
2019-12-16,Delhi,186.5,354.1,101.1,52.1,44.5,13.0,9.76,61.5,177.0,0.8,25.76,2.58,149.1,Poor,0.0,,,,-0.4681148527298399,False,-0.0937790281572591,False
2019-12-17,Delhi,294.3,427.0,170.3,38.4,221.7,38.0,8.36,43.2,70.2,10.94,8.39,3.62,339.4,Severe,0.0,,,,0.2917997465702812,False,-0.1198619285550991,False
2019-12-18,Delhi,339.4,347.0,74.9,10.9,160.1,44.3,2.02,89.4,97.6,14.85,14.88,8.53,155.3,Very Poor,0.0,,,,0.6097232013795153,False,-0.0957178725115087,False
2019-12-19,Delhi,446.1,488.6,59.8,40.3,56.2,17.9,6.8,86.4,1.4,3.99,2.34,1.86,24.9,Poor,0.0,,,,1.3618835700745335,False,-0.0479101215974753,False
2019-12-20,Delhi,115.6,193.8,22.6,10.7,39.1,47.4,8.02,49.1,15.0,13.66,10.04,7.27,271.8,Poor,0.0,,,,-0.9679102617314966,False,-0.0789349230314427,False
2019-12-21,Delhi,108.6,552.3,174.9,132.3,190.5,28.4,7.04,85.3,9.6,4.52,20.9,7.39,332.3,Very Poor,0.0,,,,-1.017255365582154,False,-0.0582844436453043,False
2019-12-22,Delhi,172.5,560.6,89.9,87.0,246.0,27.1,8.22,34.4,140.5,0.65,26.16,7.92,499.8,Severe,0.0,,,,-0.5668050604311544,False,-0.0819446618051894,False
2019-12-23,Delhi,288.9,75.0,50.9,92.8,4.0,40.3,9.46,9.9,161.9,13.76,26.69,2.11,8.1,Very Poor,0.0,,,,0.253733523599774,False,-0.0450799547865692,False
2019-12-24,Delhi,415.9,553.1,76.6,25.2,45.4,21.8,2.83,32.8,48.0,10.86,23.98,6.8,134.8,Good,0.0,,,,1.1489946934616977,False,-0.0911678803608649,False
2019-12-25,Delhi,329.8,436.4,124.6,92.2,181.4,16.8,3.34,84.3,102.0,12.78,15.02,9.64,197.2,Good,0.0,,,,0.5420499160986143,False,-0.1259997556317946,False
2019-12-26,Delhi,153.1,83.5,152.6,61.5,142.9,21.9,5.77,87.5,173.4,11.24,3.38,5.02,402.9,Moderate,0.0,,,,-0.7035614911029758,False,-0.0937350995705929,False
2019-12-27,Delhi,275.4,218.4,11.7,122.8,19.7,10.0,9.56,15.4,81.9,5.5,28.07,7.01,205.8,Satisfactory,0.0,,,,0.1585679661735065,False,-0.0984288418111368,False
2019-12-28,Delhi,66.1,334.3,148.3,130.5,179.2,4.9,1.95,64.0,44.7,6.1,24.12,8.42,276.1,Satisfactory,0.0,,,,-1.316850638961144,False,-0.1024211698435575,False
2019-12-29,Delhi,436.8,55.9,140.9,74.3,221.9,17.3,0.42,71.3,87.8,7.38,4.75,2.56,403.5,Satisfactory,0.0,,,,1.2963250749586603,False,-0.0903296178221733,False
2019-12-30,Delhi,74.1,464.9,120.5,150.0,82.0,26.9,6.27,63.4,154.9,15.69,27.29,2.32,121.2,Severe,0.0,,,,-1.260456234560393,False,-0.0733913197217041,False
2019-12-31,Delhi,228.6,486.9,14.8,110.7,214.6,35.0,1.46,72.8,8.9,14.79,13.97,9.0,192.2,Moderate,0.0,,,,-0.1713392995708873,False,-0.0827344760400442,False
2020-01-01,Delhi,457.8,316.1,114.4,88.3,81.9,42.9,7.43,35.3,94.9,2.58,3.18,7.04,311.3,Very Poor,0.0,,,,1.4443603865106318,False,-0.1347134028933211,False
2020-01-02,Delhi,171.9,110.6,36.1,87.6,67.7,2.7,3.39,4.5,188.4,8.45,3.86,7.14,418.2,Moderate,0.0,,,,-0.5710346407612107,False,-0.0707617700971954,False
2020-01-03,Delhi,54.5,342.8,110.8,86.6,172.9,47.7,1.88,89.2,72.8,6.44,21.79,9.07,381.8,Satisfactory,0.0,,,,-1.398622525342233,False,-0.1000379154499344,False
2020-01-04,Delhi,360.7,467.9,101.5,92.5,45.9,12.0,5.44,62.8,178.4,5.48,15.48,5.77,89.6,Poor,0.0,,,,0.7598733030965152,False,-0.1159459328269308,False
2020-01-05,Delhi,299.4,90.7,188.0,111.4,78.4,37.9,9.41,6.9,58.4,15.91,20.8,4.23,232.2,Good,0.0,,,,0.3277511793757598,False,-0.0816195576630942,False
2020-01-06,Delhi,285.6,166.9,40.3,149.3,191.0,1.0,5.89,34.8,24.9,13.84,29.78,8.13,117.5,Very Poor,0.0,,,,0.2304708317844644,False,-0.0921146282955934,False
2020-01-07,Delhi,134.1,397.9,10.8,35.6,126.6,28.0,6.94,58.6,108.7,11.08,9.02,1.2,251.6,Moderate,0.0,,,,-0.8374982015547597,False,-0.1289281411827704,False
2020-01-08,Delhi,490.5,43.3,108.2,9.9,80.9,43.0,7.18,88.1,105.9,0.13,13.71,4.69,267.4,Severe,0.0,,,,1.674872514498702,False,-0.0577726108530881,False
2020-01-09,Delhi,99.3,75.8,127.8,86.2,34.1,44.3,2.6,1.0,135.8,4.21,7.53,9.67,159.7,Poor,0.0,,,,-1.0828138606980269,False,-0.0862804416267368,False
2020-01-10,Delhi,169.3,141.1,186.6,63.0,140.1,38.0,4.26,15.3,68.8,3.53,3.38,3.98,252.9,Good,0.0,,,,-0.5893628221914547,False,-0.1231148815626033,False
2020-01-11,Delhi,212.1,505.5,113.2,62.4,109.2,12.6,1.82,18.6,26.9,12.58,4.82,8.5,447.0,Poor,0.0,,,,-0.2876527586474364,False,-0.0864948264475314,False
2020-01-12,Delhi,170.6,463.1,166.1,86.4,65.1,3.6,4.54,5.3,129.8,1.17,3.81,2.72,73.5,Very Poor,0.0,,,,-0.5801987314763328,False,-0.0883882876414659,False
2020-01-13,Delhi,418.7,504.4,123.7,113.3,116.1,39.1,2.97,25.9,171.1,3.58,6.57,8.27,246.0,Moderate,0.0,,,,1.1687327350019607,False,-0.1056127331823683,False
2020-01-14,Delhi,185.1,38.3,99.3,142.4,229.7,22.7,3.68,18.2,114.2,2.41,10.03,1.35,234.9,Moderate,0.0,,,,-0.4779838734999714,False,-0.0849193936354476,False
2020-01-15,Delhi,299.4,143.8,123.3,108.6,9.8,23.9,8.98,47.8,7.2,6.07,20.43,1.06,447.4,Moderate,0.0,,,,0.3277511793757598,False,-0.0710857755536867,False
2020-01-16,Delhi,282.9,337.1,173.6,81.2,188.8,42.8,4.36,65.5,127.5,11.66,16.93,6.71,169.8,Moderate,0.0,,,,0.2114377202992106,False,-0.1456528966696584,False
2020-01-17,Delhi,480.0,247.8,12.3,139.5,54.6,1.4,6.95,50.2,42.3,9.98,16.45,0.34,211.4,Very Poor,0.0,,,,1.600854858722716,False,-0.0876771297737786,False
2020-01-18,Delhi,263.3,391.3,5.3,142.9,175.7,19.5,1.27,30.2,3.9,19.26,3.11,0.47,312.6,Moderate,0.0,,,,0.0732714295173707,False,-0.0836020736723882,False
2020-01-19,Delhi,285.7,308.5,187.3,111.5,246.1,1.2,3.92,48.9,62.9,1.58,29.11,8.38,366.6,Moderate,0.0,,,,0.2311757618394736,False,-0.1410906177390004,False
2020-01-20,Delhi,469.2,216.3,129.1,1.7,149.4,10.1,2.89,59.7,120.9,1.62,10.42,5.93,439.4,Moderate,0.0,,,,1.524722412781702,False,-0.0731288759592633,False
2020-01-21,Delhi,390.7,210.1,70.0,118.3,124.0,20.1,5.35,56.3,169.6,6.98,6.45,0.86,63.6,Moderate,0.0,,,,0.971352319599332,False,-0.1165525897936386,False
2020-01-22,Delhi,74.0,411.2,21.4,142.2,165.0,39.6,7.85,75.7,91.3,6.49,1.83,2.0,63.3,Very Poor,0.0,,,,-1.2611611646154024,False,-0.0780671545747848,False
2020-01-23,Delhi,401.9,318.7,110.3,63.0,73.4,48.7,5.53,93.3,66.4,7.44,8.07,2.09,189.6,Severe,0.0,,,,1.0503044857603834,False,-0.1110865878915443,False
2020-01-24,Delhi,339.2,305.6,194.2,19.1,221.9,28.6,1.24,51.3,187.7,15.8,19.27,9.51,43.9,Satisfactory,0.0,,,,0.6083133412694967,False,-0.0782048502154381,False
2020-01-25,Delhi,192.0,321.9,55.5,18.2,59.9,47.2,1.1,77.4,20.6,16.41,13.41,6.32,377.0,Moderate,0.0,,,,-0.4293436997043235,False,-0.0892976745041401,False
2020-01-26,Delhi,463.6,484.1,116.9,19.9,118.8,40.4,2.87,59.5,24.6,7.58,11.95,2.19,307.7,Good,0.0,,,,1.4852463297011764,False,-0.0882708890093159,False
2020-01-27,Delhi,398.9,512.1,45.6,20.0,180.0,8.8,7.44,88.5,89.2,19.59,26.16,0.68,293.4,Satisfactory,0.0,,,,1.0291565841101016,False,-0.0869342291416244,False
2020-01-28,Delhi,32.9,425.3,33.6,43.0,48.5,15.1,4.16,53.0,133.8,7.08,3.31,7.5,16.7,Very Poor,0.0,,,,-1.550887417224261,False,-0.0740233141378762,False
2020-01-29,Delhi,225.9,282.9,45.9,126.9,164.1,43.8,6.85,13.6,80.5,5.25,11.31,5.33,0.5,Poor,0.0,,,,-0.1903724110561407,False,-0.0768018737146271,False
2020-01-30,Delhi,126.9,581.5,142.3,105.0,155.8,24.5,8.14,20.7,71.2,14.44,19.1,1.32,242.4,Good,0.0,,,,-0.8882531655154356,False,-0.0907876256891362,False
2020-01-31,Delhi,307.6,202.3,165.2,9.9,222.6,37.6,2.84,72.1,62.1,18.63,29.23,1.81,440.2,Good,0.0,,,,0.38555544388653,False,-0.0937753382368321,False
2020-02-01,Delhi,110.8,359.5,128.9,48.3,42.0,13.0,8.81,79.9,108.5,12.44,1.9,3.8,16.9,Good,0.0,,,,-1.0017469043719471,False,-0.0795861622333395,False
2020-02-02,Delhi,153.5,479.9,120.8,85.6,211.2,31.4,0.49,59.2,124.1,19.44,15.76,7.78,347.2,Poor,0.0,,,,-0.7007417708829382,False,-0.1100560433027369,False
2020-02-03,Delhi,14.8,307.8,161.8,28.8,6.5,32.9,9.24,27.6,154.8,15.03,24.87,5.83,472.4,Moderate,0.0,,,,-1.6784797571809604,False,-0.0452370330986321,False
2020-02-04,Delhi,491.4,169.3,46.3,47.9,32.2,23.6,5.93,49.6,106.6,1.68,7.25,2.66,247.3,Very Poor,0.0,,,,1.6812168849937863,False,-0.1038762928354344,False
2020-02-05,Delhi,99.5,88.4,173.5,53.0,66.4,23.4,9.5,2.6,162.4,5.21,9.95,4.24,454.8,Poor,0.0,,,,-1.081404000588008,False,-0.0334570339293783,False
2020-02-06,Delhi,272.0,157.9,98.0,106.8,16.0,34.3,2.37,65.9,45.8,0.78,13.77,6.52,401.8,Good,0.0,,,,0.1346003443031874,False,-0.1215556317802121,False
2020-02-07,Delhi,285.3,547.4,160.7,21.2,210.2,31.4,7.85,10.1,69.5,13.04,26.08,4.29,366.1,Satisfactory,0.0,,,,0.2283560416194362,False,-0.0803314543256988,False
2020-02-08,Delhi,149.6,402.2,27.8,48.1,203.7,11.2,7.11,87.5,198.5,14.32,20.01,5.45,66.6,Moderate,0.0,,,,-0.7282340430283044,False,-0.0700727654055256,False
2020-02-09,Delhi,148.8,87.0,183.9,94.9,65.2,19.3,7.5,33.3,42.7,8.08,22.89,2.36,381.7,Very Poor,0.0,,,,-0.7338734834683794,False,-0.114651204053843,False
2020-02-10,Delhi,284.8,559.9,163.5,122.5,114.6,27.9,0.26,54.7,150.6,15.6,17.39,7.77,346.4,Severe,0.0,,,,0.2248313913443893,False,-0.0920766474977345,False
2020-02-11,Delhi,202.0,184.9,69.6,17.5,100.2,3.5,2.42,77.0,154.1,1.97,24.45,9.02,96.2,Very Poor,0.0,,,,-0.3588506942033846,False,-0.1002776739925259,False
2020-02-12,Delhi,439.1,528.1,85.6,59.0,207.8,22.0,6.67,7.8,55.9,5.04,14.66,6.11,263.0,Very Poor,0.0,,,,1.3125384662238762,False,-0.0875233187231206,False
2020-02-13,Delhi,460.2,18.2,92.8,71.4,99.2,17.0,5.85,61.9,49.9,10.34,7.29,7.86,192.9,Satisfactory,0.0,,,,1.4612787078308571,False,-0.1095585226329921,False
2020-02-14,Delhi,103.3,255.6,180.8,68.4,115.0,34.4,2.69,26.3,175.5,9.25,20.09,6.62,43.6,Satisfactory,0.0,,,,-1.0546166584976513,False,-0.0991085926046335,False
2020-02-15,Delhi,283.2,343.0,50.7,128.2,61.7,9.8,5.85,16.4,130.0,6.29,10.31,5.42,236.0,Very Poor,0.0,,,,0.2135525104642389,False,-0.1195830013741205,False
2020-02-16,Delhi,178.5,358.4,90.9,64.1,36.7,16.4,9.2,79.7,153.9,0.04,27.09,0.37,21.1,Good,0.0,,,,-0.524509257130591,False,-0.0927466760173837,False
2020-02-17,Delhi,19.6,430.0,9.6,74.9,32.1,23.0,0.92,4.8,95.7,8.51,7.14,7.43,423.4,Severe,0.0,,,,-1.6446431145405098,False,-0.0519705800236942,False
2020-02-18,Delhi,273.5,188.3,42.1,85.7,225.2,2.1,9.94,9.6,156.5,13.9,12.0,3.59,262.8,Satisfactory,0.0,,,,0.1451742951283283,False,-0.0858422098931545,False
2020-02-19,Delhi,110.2,467.9,56.9,34.5,37.9,11.8,0.77,31.7,79.4,12.47,13.32,7.21,10.1,Severe,0.0,,,,-1.0059764847020036,False,-0.0702259189011743,False
2020-02-20,Delhi,66.5,289.0,77.7,109.8,213.8,5.6,0.4,14.8,186.9,17.05,23.88,9.45,160.3,Moderate,0.0,,,,-1.3140309187411066,False,-0.0738000071780399,False
2020-02-21,Delhi,55.0,65.1,22.4,119.3,68.1,20.2,1.07,85.8,5.2,17.86,16.5,7.54,157.4,Good,0.0,,,,-1.395097875067186,False,-0.0423312685333397,False
2020-02-22,Delhi,256.7,528.0,27.9,44.8,236.6,23.9,3.41,61.0,30.9,11.7,4.28,2.58,172.1,Very Poor,0.0,,,,0.0267460458867508,False,-0.1147628851434908,False
2020-02-23,Delhi,331.7,541.5,53.9,50.0,40.4,32.5,7.65,47.1,194.3,16.38,9.04,1.57,434.0,Moderate,0.0,,,,0.5554435871437925,False,-0.0789395211858285,False
2020-02-24,Delhi,359.6,503.8,115.1,129.0,204.7,39.9,1.02,39.9,0.1,13.42,29.81,2.17,384.1,Good,0.0,,,,0.7521190724914122,False,-0.066551272811846,False
2020-02-25,Delhi,149.3,484.0,24.8,7.4,98.6,3.6,1.03,99.4,48.5,9.41,11.48,9.39,249.0,Moderate,0.0,,,,-0.7303488331933324,False,-0.0419418820590223,False
2020-02-26,Delhi,487.8,110.3,117.2,109.6,239.1,10.6,1.89,46.3,128.9,2.5,0.22,7.65,297.2,Moderate,0.0,,,,1.6558394030134485,False,-0.0985145888728881,False
2020-02-27,Delhi,102.9,383.4,26.0,94.3,236.0,44.3,4.68,22.5,39.7,0.08,21.8,2.95,134.0,Moderate,0.0,,,,-1.0574363787176888,False,-0.1162795179605136,False
2020-02-28,Delhi,293.5,251.4,84.2,22.6,56.5,42.4,6.52,27.4,23.4,0.05,11.23,5.83,110.3,Poor,0.0,,,,0.286160306130206,False,-0.1082315467363039,False
2020-02-29,Delhi,278.0,169.0,194.4,111.6,80.9,47.6,8.06,2.2,178.6,12.01,6.42,4.27,315.1,Satisfactory,0.0,,,,0.1768961476037507,False,-0.0914627146516604,False
2020-03-01,Delhi,45.5,507.5,197.8,85.2,170.5,29.0,2.54,38.6,20.4,8.0,23.21,3.22,312.1,Very Poor,0.0,,,,-1.462066230293078,False,-0.0997663015414418,False
2020-03-02,Delhi,29.6,308.4,128.8,33.6,88.7,31.5,6.0,86.3,33.3,18.03,3.1,9.13,449.3,Satisfactory,0.0,,,,-1.5741501090395709,False,-0.0707219916226508,False
2020-03-03,Delhi,177.9,329.1,146.3,70.7,113.3,15.6,5.54,47.9,167.4,19.86,9.94,2.88,432.5,Good,0.0,,,,-0.5287388374606473,False,-0.1307063636721724,False
2020-03-04,Delhi,450.7,190.8,71.0,149.0,50.1,15.1,1.63,21.3,21.0,10.9,5.76,5.0,290.7,Good,0.0,,,,1.3943103526049652,False,-0.0685295960669152,False
2020-03-05,Delhi,244.9,1.6,37.7,12.2,214.4,23.7,6.5,37.5,80.8,3.99,9.04,0.8,115.6,Good,0.0,,,,-0.0564357006043568,False,-0.0876296835277492,False
2020-03-06,Delhi,235.7,449.2,81.2,10.4,126.3,10.7,3.07,30.9,75.3,5.34,23.14,3.47,63.9,Severe,0.0,,,,-0.1212892656652207,False,-0.0948705339437971,False
2020-03-07,Delhi,250.8,575.7,173.2,148.4,227.5,29.6,9.68,54.9,36.8,18.02,12.14,7.7,134.9,Good,0.0,,,,-0.0148448273588028,False,-0.0516997899256664,False
2020-03-08,Delhi,346.0,75.6,166.5,64.4,247.4,28.3,3.18,94.7,173.2,8.74,10.31,8.65,185.2,Good,0.0,,,,0.6562485850101352,False,-0.0796104628243324,False
2020-03-09,Delhi,204.6,139.5,55.2,115.3,248.6,8.8,8.04,82.7,188.5,1.21,11.37,8.69,280.5,Poor,0.0,,,,-0.3405225127731406,False,-0.098266621714425,False
2020-03-10,Delhi,420.5,167.9,181.2,135.9,229.3,13.8,9.88,31.3,88.9,16.52,24.87,4.61,209.6,Satisfactory,0.0,,,,1.1814214759921298,False,-0.0834826989516876,False
2020-03-11,Delhi,1.1,490.8,121.7,12.6,109.4,1.8,8.95,81.9,186.9,4.53,26.96,8.27,348.2,Good,0.0,,,,-1.7750551747172467,False,-0.0270987129590064,False
2020-03-12,Delhi,487.4,177.8,154.4,138.9,105.6,25.9,8.2,62.0,115.1,10.51,16.61,5.84,245.8,Very Poor,0.0,,,,1.6530196827934107,False,-0.0966415571849191,False
2020-03-13,Delhi,343.7,164.1,83.9,65.9,33.5,18.2,7.31,0.2,161.4,18.02,24.4,3.08,481.0,Satisfactory,0.0,,,,0.6400351937449191,False,-0.069589577362004,False
2020-03-14,Delhi,292.2,471.4,7.4,1.7,224.4,24.2,9.81,12.9,42.9,10.06,8.66,3.83,399.9,Good,0.0,,,,0.2769962154150839,False,-0.0411529799750869,False
2020-03-15,Delhi,336.8,267.3,156.1,94.7,87.0,9.1,9.76,28.9,166.0,9.54,5.4,9.14,333.4,Poor,0.0,,,,0.5913950199492715,False,-0.1079108834796299,False
2020-03-16,Delhi,44.1,536.3,50.3,17.4,159.5,31.3,8.37,40.9,109.1,7.65,3.73,0.64,470.5,Moderate,0.0,,,,-1.4719352510632095,False,-0.0535587496537254,False
2020-03-17,Delhi,78.6,169.2,137.1,140.1,87.4,4.4,1.36,83.6,152.3,11.54,24.48,2.72,99.6,Very Poor,0.0,,,,-1.2287343820849703,False,-0.0650684425146398,False
2020-03-18,Delhi,51.6,257.0,67.2,46.7,18.3,10.8,3.15,88.5,133.1,14.05,2.24,3.29,494.2,Poor,0.0,,,,-1.4190654969375054,False,-0.0709959556777426,False
2020-03-19,Delhi,184.3,228.0,45.2,146.3,39.0,3.6,7.65,3.9,108.2,12.76,6.1,2.1,16.4,Moderate,0.0,,,,-0.4836233139400464,False,-0.0492957801213069,False
2020-03-20,Delhi,475.8,491.4,113.4,103.4,27.3,10.7,8.34,99.9,188.9,12.55,18.08,4.61,274.8,Moderate,0.0,,,,1.571247796412322,False,-0.0365792713526929,False
2020-03-21,Delhi,136.9,319.0,46.6,83.2,115.5,5.3,0.38,62.6,189.6,4.32,11.82,3.99,53.0,Severe,0.0,,,,-0.8177601600144967,False,-0.083774737528486,False
2020-03-22,Delhi,7.0,261.3,141.0,34.8,115.9,28.0,0.99,33.5,6.5,18.54,7.76,1.31,163.6,Satisfactory,0.0,,,,-1.7334643014716928,False,-0.0589794546293037,False
2020-03-23,Delhi,229.8,593.7,8.1,126.5,99.8,30.3,3.38,86.4,132.9,7.48,19.63,0.47,148.1,Poor,0.0,,,,-0.1628801389107745,False,-0.0719592951775418,False
2020-03-24,Delhi,224.4,539.2,198.6,129.5,154.7,39.0,3.58,21.5,59.6,15.66,23.13,4.49,33.0,Satisfactory,0.0,,,,-0.2009463618812815,False,-0.0766996057576254,False
2020-03-25,Delhi,133.4,159.2,70.1,111.4,24.2,18.1,3.95,79.7,27.0,11.95,6.67,0.58,277.6,Satisfactory,0.0,,,,-0.8424327119398254,False,-0.1062808472780304,False
2020-03-26,Delhi,52.2,203.2,81.7,124.0,21.9,12.5,0.32,62.0,40.3,6.17,2.09,4.48,289.7,Satisfactory,0.0,,,,-1.4148359166074491,False,-0.0804886754622854,False
2020-03-27,Delhi,447.6,165.4,25.8,45.9,181.9,38.6,3.29,67.3,134.8,7.12,3.94,0.36,37.7,Very Poor,0.0,,,,1.3724575208996743,False,-0.1058556133770216,False
2020-03-28,Delhi,277.7,296.5,61.4,79.6,137.1,11.1,2.95,75.4,64.4,4.93,0.87,1.71,133.6,Satisfactory,0.0,,,,0.1747813574387225,False,-0.1319494955986381,False
2020-03-29,Delhi,391.5,368.6,57.0,68.1,95.7,20.4,3.91,72.0,133.6,10.63,18.43,4.29,13.4,Moderate,0.0,,,,0.976991760039407,False,-0.1073814939881384,False
2020-03-30,Delhi,255.5,506.1,130.7,107.4,130.4,21.0,5.84,1.0,55.0,19.08,12.22,1.88,208.6,Very Poor,0.0,,,,0.0182868852266383,False,-0.0974296046317386,False
2020-03-31,Delhi,332.9,98.4,41.5,38.6,96.2,35.5,7.08,85.2,69.9,18.23,2.34,5.12,82.2,Satisfactory,0.0,,,,0.563902747803905,False,-0.0966296531166582,False
2020-04-01,Delhi,30.7,265.3,167.6,1.5,135.7,13.4,3.37,85.9,14.5,2.18,13.81,3.2,17.3,Severe,0.0,,,,-1.5663958784344678,False,-0.0082993151434652,False
2020-04-02,Delhi,476.8,577.2,196.9,124.6,103.8,17.0,7.3,48.3,162.8,0.48,25.23,7.25,184.8,Good,0.0,,,,1.5782970969624155,False,-0.0678234313553575,False
2020-04-03,Delhi,41.2,311.9,66.4,145.0,138.3,18.7,3.46,87.6,64.5,7.18,15.5,4.09,67.5,Satisfactory,0.0,,,,-1.492378222658482,False,-0.0595137788929696,False
2020-04-04,Delhi,433.9,363.3,191.1,132.3,228.4,19.4,3.86,12.2,25.8,6.94,0.24,7.56,152.4,Satisfactory,0.0,,,,1.2758821033633878,False,-0.0811139757441824,False
2020-04-05,Delhi,0.8,46.4,38.6,65.8,63.6,8.2,2.4,21.6,56.7,7.31,20.48,1.52,17.5,Severe,0.0,,,,-1.7771699648822747,False,-0.0473089944521611,False
2020-04-06,Delhi,333.9,576.3,19.8,128.6,1.2,27.0,8.19,98.8,112.7,5.57,1.32,3.23,258.8,Severe,0.0,,,,0.5709520483539989,False,-0.0581377345044089,False
2020-04-07,Delhi,410.6,138.3,105.2,76.5,147.7,0.4,6.56,90.8,68.6,18.36,29.69,8.75,25.6,Severe,0.0,,,,1.1116334005462003,False,-0.0782925329986596,False
2020-04-08,Delhi,347.6,499.3,72.8,55.7,102.1,22.5,8.91,28.2,12.8,16.21,13.34,4.31,448.9,Severe,0.0,,,,0.6675274658902856,False,-0.0758959593271721,False
2020-04-09,Delhi,114.6,519.5,179.6,100.2,78.7,6.3,7.75,20.6,138.4,10.83,7.74,4.35,75.2,Very Poor,0.0,,,,-0.9749595622815904,False,-0.0899314835498683,False
2020-04-10,Delhi,94.2,45.6,194.3,98.3,103.5,49.3,7.53,62.8,101.2,13.92,29.37,1.24,484.5,Moderate,0.0,,,,-1.118765293503506,False,-0.0845697528064693,False
2020-04-11,Delhi,268.4,305.4,184.0,38.7,232.3,45.5,0.61,62.1,185.0,7.96,8.53,7.29,170.9,Good,0.0,,,,0.1092228623228493,False,-0.1050917593196361,False
2020-04-12,Delhi,223.8,561.9,87.1,118.2,45.8,31.7,4.65,51.4,62.4,2.59,27.57,7.5,63.3,Good,0.0,,,,-0.2051759422113378,False,-0.0998504188994605,False
2020-04-13,Delhi,470.9,129.8,143.2,0.2,243.2,36.5,4.53,46.4,147.2,15.18,19.05,5.4,255.4,Severe,0.0,,,,1.5367062237168616,False,-0.0802064676228171,False
2020-04-14,Delhi,50.8,517.6,39.4,13.3,110.9,4.2,8.69,47.1,163.0,11.15,21.11,1.78,127.7,Very Poor,0.0,,,,-1.4247049373775804,False,-0.0492323678677963,False
2020-04-15,Delhi,304.8,337.2,168.4,80.1,146.0,8.9,9.53,50.4,16.7,5.92,13.49,7.9,23.9,Very Poor,0.0,,,,0.3658174023462671,False,-0.0771683651531788,False
2020-04-16,Delhi,231.6,261.6,101.1,139.7,182.4,20.4,5.47,54.5,26.4,8.52,9.44,5.74,263.7,Moderate,0.0,,,,-0.1501913979206056,False,-0.1105155526247416,False
2020-04-17,Delhi,111.4,551.0,67.6,27.2,212.0,9.2,0.82,94.4,181.5,11.08,29.63,0.12,292.4,Moderate,0.0,,,,-0.9975173240418908,False,-0.0487597027766935,False
2020-04-18,Delhi,141.7,259.1,89.1,45.1,87.4,26.0,6.34,99.6,198.5,15.95,3.83,9.16,343.0,Severe,0.0,,,,-0.7839235173740462,False,-0.0612925733755871,False
2020-04-19,Delhi,327.5,101.8,66.4,36.6,185.0,49.3,1.75,12.2,182.0,9.04,20.1,7.58,94.9,Satisfactory,0.0,,,,0.5258365248333983,False,-0.0827088256294694,False
2020-04-20,Delhi,325.9,171.0,152.0,99.3,215.9,47.9,1.88,26.1,126.2,12.18,4.26,8.82,432.3,Very Poor,0.0,,,,0.5145576439532479,False,-0.1142769971210067,False
2020-04-21,Delhi,207.6,131.6,95.7,122.6,24.5,48.1,1.85,33.3,37.3,9.7,0.94,1.8,144.8,Moderate,0.0,,,,-0.3193746111228589,False,-0.1037685048744603,False
2020-04-22,Delhi,406.6,132.2,96.2,28.8,123.0,6.5,8.74,5.9,174.8,4.8,1.13,9.95,232.7,Good,0.0,,,,1.083436198345825,False,-0.0679487800151456,False
2020-04-23,Delhi,403.7,469.5,107.8,83.8,175.0,33.5,5.75,93.9,92.2,8.58,14.42,4.2,286.5,Poor,0.0,,,,1.0629932267505524,False,-0.1047096009305634,False
2020-04-24,Delhi,374.1,147.0,193.6,18.4,245.8,46.9,6.36,59.4,23.7,16.99,22.15,1.3,495.6,Poor,0.0,,,,0.8543339304677735,False,-0.0762878233478084,False
2020-04-25,Delhi,297.5,461.7,104.1,130.3,179.1,4.3,8.73,15.7,175.1,16.87,14.05,0.51,44.6,Very Poor,0.0,,,,0.3143575083305815,False,-0.0617459795933289,False
2020-04-26,Delhi,330.5,520.8,174.9,11.0,43.9,5.8,6.55,32.5,191.2,7.67,13.85,6.81,174.5,Good,0.0,,,,0.5469844264836798,False,-0.0699390259134271,False
2020-04-27,Delhi,401.8,259.1,188.8,7.8,212.3,37.6,9.55,14.7,189.3,19.19,2.42,9.35,305.3,Very Poor,0.0,,,,1.049599555705374,False,-0.0428925458693193,False
2020-04-28,Delhi,73.0,587.5,1.1,48.1,81.5,36.2,6.75,71.0,114.5,18.32,4.77,1.55,104.5,Moderate,0.0,,,,-1.2682104651654962,False,-0.0736162103211902,False
2020-04-29,Delhi,424.2,15.4,34.0,22.0,148.1,24.5,9.97,36.4,177.7,7.92,6.97,6.61,271.0,Moderate,0.0,,,,1.207503888027477,False,-0.0555330437210557,False
2020-04-30,Delhi,99.8,567.9,10.4,90.3,32.5,31.7,6.22,64.9,189.8,6.23,15.53,6.32,109.1,Good,0.0,,,,-1.07928921042298,False,-0.0753626369866768,False
2020-05-01,Delhi,219.3,21.4,117.2,127.5,82.3,44.2,3.27,14.9,99.7,15.52,23.23,4.89,98.4,Satisfactory,0.0,,,,-0.2368977946867603,False,-0.0842756260139614,False
2020-05-02,Delhi,336.0,77.9,71.9,112.3,190.3,27.0,1.79,20.5,143.6,0.48,7.64,2.9,186.2,Good,0.0,,,,0.5857555795091963,False,-0.1034697795358257,False
2020-05-03,Delhi,325.7,561.4,154.4,41.1,184.3,4.2,0.71,53.1,92.4,1.57,26.38,0.43,122.8,Severe,0.0,,,,0.5131477838432291,False,-0.0961348418974486,False
2020-05-04,Delhi,254.4,287.6,179.9,143.8,185.7,26.2,8.57,9.9,120.5,19.15,15.54,1.62,28.7,Moderate,0.0,,,,0.010532654621535,False,-0.0601525135849039,False
2020-05-05,Delhi,478.9,588.8,127.0,38.4,139.1,29.2,1.48,65.4,29.6,13.38,8.13,2.04,479.9,Very Poor,0.0,,,,1.5931006281176128,False,-0.0398720806324529,False
2020-05-06,Delhi,328.3,564.3,92.5,115.0,9.0,26.7,0.54,41.2,85.8,9.09,6.32,6.84,336.4,Good,0.0,,,,0.5314759652734734,False,-0.0916583235726354,False
2020-05-07,Delhi,404.2,244.2,198.8,83.1,216.1,15.6,7.48,30.4,172.7,6.1,5.4,8.61,377.3,Satisfactory,0.0,,,,1.0665178770255994,False,-0.1207814580232582,False
2020-05-08,Delhi,53.9,218.0,170.1,43.6,221.7,0.4,9.81,8.2,144.5,2.71,11.81,3.34,106.0,Very Poor,0.0,,,,-1.4028521056722894,False,-0.0475447517402692,False
2020-05-09,Delhi,148.4,330.7,146.3,106.6,134.9,44.8,5.74,84.2,162.3,17.91,19.34,2.86,73.4,Satisfactory,0.0,,,,-0.7366932036884171,False,-0.1106610794872142,False
2020-05-10,Delhi,124.1,456.1,95.3,123.2,212.9,46.7,6.95,52.0,177.8,9.32,21.62,2.65,497.4,Satisfactory,0.0,,,,-0.9079912070556986,False,-0.0812779924207333,False
2020-05-11,Delhi,393.4,142.2,10.9,20.5,61.6,0.7,5.85,6.7,112.3,17.89,21.36,7.17,222.6,Very Poor,0.0,,,,0.9903854310845852,False,-0.0973063484236427,False
2020-05-12,Delhi,491.5,352.9,157.4,139.4,164.4,44.0,2.04,35.0,182.6,18.08,17.54,3.67,272.9,Moderate,0.0,,,,1.6819218150487958,False,-0.0780425216754577,False
2020-05-13,Delhi,167.5,499.7,70.0,84.2,241.9,42.0,2.65,45.6,25.5,14.06,10.49,9.38,63.9,Severe,0.0,,,,-0.6020515631816238,False,-0.0995259286624748,False
2020-05-14,Delhi,95.9,537.6,134.6,107.0,232.2,44.0,0.11,62.5,175.7,14.81,29.9,0.74,332.1,Severe,0.0,,,,-1.1067814825683462,False,-0.0795358788694823,False
2020-05-15,Delhi,185.2,326.0,101.1,54.3,172.8,38.9,7.21,49.0,193.7,5.96,27.0,6.48,43.2,Very Poor,0.0,,,,-0.4772789434449621,False,-0.1010260839436416,False
2020-05-16,Delhi,331.0,275.3,59.0,10.4,241.7,36.2,0.78,22.5,111.3,6.68,5.5,2.69,260.4,Severe,0.0,,,,0.5505090767587268,False,-0.0965716572662639,False
2020-05-17,Delhi,193.9,174.6,184.5,95.3,175.7,17.0,6.29,7.0,56.7,11.55,20.86,5.7,55.0,Satisfactory,0.0,,,,-0.4159500286591451,False,-0.1073599700320293,False
2020-05-18,Delhi,363.8,405.7,98.4,103.7,215.1,12.1,9.94,19.2,97.6,9.17,27.37,1.78,308.8,Severe,0.0,,,,0.7817261348018064,False,-0.0972212729877389,False
2020-05-19,Delhi,225.0,116.2,75.6,40.0,48.1,27.0,7.93,61.7,132.0,10.64,20.03,4.6,13.0,Satisfactory,0.0,,,,-0.1967167815512252,False,-0.0951952695973183,False
2020-05-20,Delhi,270.1,528.4,117.9,2.8,226.0,26.4,4.56,2.3,0.5,15.07,4.26,8.26,429.5,Severe,0.0,,,,0.1212066732580092,False,-0.0242422440688044,False
2020-05-21,Delhi,485.5,6.8,0.3,0.4,152.7,18.9,8.8,48.3,34.2,5.8,17.59,4.28,186.6,Moderate,0.0,,,,1.6396260117482324,False,-0.0281027538865223,False
2020-05-22,Delhi,386.1,60.9,183.6,68.7,136.5,8.4,7.83,14.8,128.3,6.09,26.56,5.19,436.5,Good,0.0,,,,0.9389255370689004,False,-0.0962435132930405,False
2020-05-23,Delhi,8.5,194.7,33.1,81.2,152.2,6.5,7.69,37.7,25.6,19.85,18.73,4.97,175.7,Good,0.0,,,,-1.722890350646552,False,-0.089535677959655,False
2020-05-24,Delhi,186.8,377.6,159.6,40.6,156.0,1.0,5.67,26.4,179.3,10.14,25.34,1.26,324.0,Satisfactory,0.0,,,,-0.4660000625648117,False,-0.1198406507125734,False
2020-05-25,Delhi,337.2,206.2,25.2,17.4,197.9,46.3,1.46,91.6,192.4,13.11,29.22,8.13,403.8,Good,0.0,,,,0.5942147401693089,False,-0.0575137749353005,False
2020-05-26,Delhi,440.2,255.8,154.2,24.1,4.9,42.5,0.82,35.5,48.1,17.53,20.14,1.56,280.5,Very Poor,0.0,,,,1.3202926968289792,False,-0.097255331993943,False
2020-05-27,Delhi,381.8,141.5,111.1,92.3,203.8,38.8,3.62,34.6,53.2,0.86,1.69,7.49,236.9,Very Poor,0.0,,,,0.9086135447034964,False,-0.1282787868785767,False
2020-05-28,Delhi,470.4,65.7,175.1,106.2,167.4,27.5,6.33,1.0,73.7,3.34,23.1,3.58,84.1,Good,0.0,,,,1.5331815734418146,False,-0.0672125117148542,False
2020-05-29,Delhi,498.2,590.0,148.2,12.2,90.1,44.1,3.08,1.4,150.0,7.66,16.9,7.19,334.6,Satisfactory,0.0,,,,1.7291521287344247,False,-0.0216097980576879,False
2020-05-30,Delhi,121.5,136.4,183.8,103.7,26.3,39.8,3.83,71.8,85.6,7.39,29.39,3.09,196.3,Good,0.0,,,,-0.9263193884859426,False,-0.1208221021193112,False
2020-05-31,Delhi,47.7,428.5,107.3,55.0,230.8,3.2,2.46,51.9,66.8,4.07,14.26,7.88,112.1,Poor,0.0,,,,-1.4465577690828717,False,-0.1041072957927781,False
2020-06-01,Delhi,83.2,267.9,118.6,46.8,216.3,37.7,9.0,35.0,75.2,14.97,13.96,7.45,232.5,Severe,0.0,,,,-1.1963075995545387,False,-0.1058857136713286,False
2020-06-02,Delhi,210.0,257.9,171.5,41.7,125.8,31.5,9.01,17.7,32.1,17.74,21.97,7.88,411.3,Moderate,0.0,,,,-0.3024562898026335,False,-0.0928559601522669,False
2020-06-03,Delhi,460.2,313.6,33.2,123.8,146.3,17.0,3.24,5.6,41.7,11.46,29.9,4.1,107.3,Satisfactory,0.0,,,,1.4612787078308571,False,-0.0733245018757005,False
2020-06-04,Delhi,482.4,359.8,17.2,145.5,240.7,9.0,7.6,44.1,87.7,16.39,12.12,4.75,307.9,Severe,0.0,,,,1.6177731800429414,False,-0.0953206818106771,False
2020-06-05,Delhi,53.4,82.9,122.4,59.1,87.5,28.7,7.58,33.8,12.6,9.82,2.99,7.88,100.6,Very Poor,0.0,,,,-1.4063767559473364,False,-0.0722529411328248,False
2020-06-06,Delhi,290.9,438.6,90.3,118.3,246.1,23.8,2.8,18.2,146.1,14.27,9.8,8.85,191.4,Poor,0.0,,,,0.2678321246999617,False,-0.1141605720981157,False
2020-06-07,Delhi,151.3,162.0,100.8,105.4,34.0,33.6,1.79,41.2,128.2,18.56,27.81,2.2,157.9,Moderate,0.0,,,,-0.7162502320931448,False,-0.1201908915727669,False
2020-06-08,Delhi,281.7,516.0,188.7,78.8,88.0,28.5,4.43,33.1,177.6,17.19,18.33,5.5,75.1,Poor,0.0,,,,0.202978559639098,False,-0.1080047319831875,False
2020-06-09,Delhi,295.8,226.0,77.2,39.5,88.4,19.9,2.85,67.8,179.0,0.88,1.95,9.4,51.8,Good,0.0,,,,0.3023736973954221,False,-0.1047651203486941,False
2020-06-10,Delhi,415.2,206.8,147.8,25.7,133.0,36.7,0.25,4.6,143.2,16.14,3.21,5.91,170.0,Moderate,0.0,,,,1.1440601830766322,False,-0.0760675649651461,False
2020-06-11,Delhi,475.5,326.3,22.6,138.4,56.1,1.5,5.4,51.5,75.6,2.23,2.19,4.95,309.6,Severe,0.0,,,,1.5691330062472937,False,-0.1104706221195053,False
2020-06-12,Delhi,295.4,554.5,187.5,64.2,222.6,3.5,4.67,91.3,148.5,19.9,25.87,4.24,103.0,Poor,0.0,,,,0.2995539771753843,False,-0.0901775220319989,False
2020-06-13,Delhi,244.7,101.0,112.6,14.3,199.5,6.3,1.2,58.2,133.0,0.07,13.54,8.25,68.2,Good,0.0,,,,-0.0578455607143757,False,-0.0847616316596569,False
2020-06-14,Delhi,492.2,553.6,58.6,57.3,151.6,32.9,1.37,6.5,65.9,7.72,12.87,4.99,496.6,Poor,0.0,,,,1.6868563254338615,False,-0.0259004201040371,False
2020-06-15,Delhi,373.7,124.9,101.9,80.0,107.4,38.0,1.93,52.3,167.8,4.09,18.83,7.27,85.1,Satisfactory,0.0,,,,0.8515142102477358,False,-0.1087866425088522,False
2020-06-16,Delhi,334.1,227.7,118.6,25.2,189.4,14.9,1.45,58.2,3.8,2.45,7.28,4.15,412.7,Poor,0.0,,,,0.572361908464018,False,-0.0906822137659482,False
2020-06-17,Delhi,18.2,543.1,142.9,12.7,12.8,0.5,9.73,14.7,184.1,15.27,21.39,7.27,56.7,Satisfactory,0.0,,,,-1.6545121353106411,False,0.0137834181866435,True
2020-06-18,Delhi,129.3,185.1,113.7,143.0,135.9,16.0,1.77,96.2,123.1,6.43,0.01,5.12,94.4,Severe,0.0,,,,-0.8713348441952102,False,-0.0612147399093823,False
2020-06-19,Delhi,36.0,593.9,70.9,4.4,125.5,43.9,1.15,12.0,197.8,2.36,28.19,8.38,463.0,Severe,0.0,,,,-1.52903458551897,False,0.0163945877067129,True
2020-06-20,Delhi,280.1,526.0,136.5,107.6,93.8,46.3,7.54,50.5,91.4,6.97,12.22,6.66,8.1,Good,0.0,,,,0.1916996787589481,False,-0.0984254389287069,False
2020-06-21,Delhi,362.7,544.0,47.9,85.2,197.3,37.3,0.35,94.1,41.5,12.9,12.83,3.09,333.5,Very Poor,0.0,,,,0.773971904196703,False,-0.0547258766232955,False
2020-06-22,Delhi,417.6,522.6,58.8,1.5,110.4,19.4,7.61,62.5,20.6,4.5,2.1,6.72,430.2,Satisfactory,0.0,,,,1.1609785043968577,False,-0.0526576995523756,False
2020-06-23,Delhi,103.7,0.3,40.4,49.6,233.0,19.9,5.28,91.9,183.6,3.59,26.95,6.87,298.1,Poor,0.0,,,,-1.051796938277614,False,-0.0599617586705577,False
2020-06-24,Delhi,218.9,589.1,45.6,90.9,165.4,14.4,0.12,26.3,128.6,15.9,25.46,8.79,98.1,Poor,0.0,,,,-0.2397175149067979,False,-0.0711809960605169,False
2020-06-25,Delhi,17.8,269.3,184.1,17.5,195.8,38.3,9.64,64.0,101.0,17.2,21.84,1.03,8.8,Severe,0.0,,,,-1.6573318555306786,False,-0.017188650781105,False
2020-06-26,Delhi,294.2,271.2,0.4,126.6,11.9,46.1,9.28,36.6,150.9,18.74,2.83,0.75,255.9,Moderate,0.0,,,,0.2910948165152717,False,-0.1113169459106975,False
2020-06-27,Delhi,435.1,97.5,77.6,70.3,146.6,39.9,6.9,60.7,176.8,18.99,17.15,3.6,426.8,Very Poor,0.0,,,,1.2843412640235008,False,-0.1023213491821459,False
2020-06-28,Delhi,232.3,33.0,120.7,16.3,193.3,20.2,6.33,40.0,187.4,9.55,20.09,5.15,51.4,Good,0.0,,,,-0.1452568875355398,False,-0.0747077085527943,False
2020-06-29,Delhi,218.2,204.0,41.2,32.3,87.6,0.5,9.31,45.7,19.7,19.13,9.86,7.07,17.1,Poor,0.0,,,,-0.2446520252918637,False,-0.0681120400043875,False
2020-06-30,Delhi,37.0,537.6,106.4,61.5,204.5,39.8,9.51,25.0,24.7,4.75,2.38,8.54,308.8,Moderate,0.0,,,,-1.5219852849688762,False,-0.0699329685078353,False
2020-07-01,Delhi,115.3,140.1,104.4,78.6,66.2,32.9,0.25,63.3,29.3,11.94,1.74,7.51,248.7,Severe,0.0,,,,-0.9700250518965248,False,-0.0901527373755431,False
2020-07-02,Delhi,102.8,139.3,139.1,82.0,86.7,35.4,4.06,42.9,182.2,14.63,22.01,7.27,109.8,Severe,0.0,,,,-1.0581413087726983,False,-0.0969947332037017,False
2020-07-03,Delhi,395.8,61.8,192.7,116.4,115.6,11.9,1.26,97.7,61.2,15.19,23.45,7.49,51.3,Very Poor,0.0,,,,1.0073037524048107,False,-0.0406216349806618,False
2020-07-04,Delhi,319.3,166.7,172.1,73.5,32.6,20.4,0.78,37.5,3.9,11.55,9.49,7.14,443.6,Good,0.0,,,,0.4680322603226284,False,-0.076850234669355,False
2020-07-05,Delhi,209.7,548.9,55.4,30.6,161.7,23.0,6.81,44.4,45.6,14.73,24.24,2.74,340.1,Moderate,0.0,,,,-0.3045710799676618,False,-0.1078392079345117,False
2020-07-06,Delhi,391.1,390.0,112.5,30.7,193.8,9.7,4.62,89.6,85.3,4.61,24.4,8.21,497.1,Good,0.0,,,,0.9741720398193696,False,-0.0859838119788589,False
2020-07-07,Delhi,326.9,196.1,69.4,137.1,12.8,31.1,5.65,48.8,76.7,13.05,25.65,9.08,129.2,Moderate,0.0,,,,0.5216069445033418,False,-0.125719209141755,False
2020-07-08,Delhi,297.3,102.1,179.1,87.5,185.0,41.0,3.68,95.1,57.3,10.85,25.07,2.98,136.1,Poor,0.0,,,,0.3129476482205629,False,-0.0921965399754073,False
2020-07-09,Delhi,495.6,130.3,199.1,56.3,104.1,23.4,5.66,84.2,138.5,19.6,18.79,2.62,440.3,Satisfactory,0.0,,,,1.7108239473041809,False,-0.0824304835104315,False
2020-07-10,Delhi,313.4,248.8,56.0,2.2,59.3,28.8,3.9,16.1,156.3,3.8,14.89,6.7,344.2,Very Poor,0.0,,,,0.4264413870770742,False,-0.0843178054624228,False
2020-07-11,Delhi,465.5,536.1,198.7,62.8,83.0,18.6,4.21,67.6,39.8,11.62,11.95,1.55,499.0,Poor,0.0,,,,1.4986400007463547,False,-0.0776204753778642,False
2020-07-12,Delhi,69.2,59.9,47.6,134.3,92.5,26.3,9.04,41.2,16.9,18.81,9.38,7.94,61.4,Severe,0.0,,,,-1.294997807255853,False,-0.0439679871628031,False
2020-07-13,Delhi,86.1,464.9,164.7,31.3,190.2,6.8,4.71,15.3,76.5,0.21,14.68,8.37,485.5,Satisfactory,0.0,,,,-1.1758646279592664,False,-0.0781483655288356,False
2020-07-14,Delhi,468.3,395.6,193.6,113.1,67.2,16.2,8.65,1.8,157.1,19.41,10.43,8.45,147.1,Poor,0.0,,,,1.5183780422866178,False,-0.0586734001681714,False
2020-07-15,Delhi,210.3,514.4,191.2,64.3,114.5,9.7,9.43,17.7,163.8,3.29,21.24,0.39,377.9,Very Poor,0.0,,,,-0.3003414996376053,False,-0.0801896711012547,False
2020-07-16,Delhi,282.1,538.9,85.5,29.0,171.5,20.1,6.98,27.5,42.4,2.73,7.68,8.14,173.7,Severe,0.0,,,,0.2057982798591358,False,-0.1023634907655534,False
2020-07-17,Delhi,425.4,92.8,76.0,96.4,221.8,43.5,8.53,5.7,118.8,3.1,11.25,7.64,105.0,Poor,0.0,,,,1.2159630486875896,False,-0.0758856448768253,False
2020-07-18,Delhi,9.6,237.3,182.2,94.4,47.7,41.3,4.81,24.8,198.2,10.25,5.25,0.9,410.3,Satisfactory,0.0,,,,-1.7151361200414488,False,-0.0645834296997033,False
2020-07-19,Delhi,115.8,398.0,145.4,49.2,146.1,36.3,5.77,61.8,33.7,19.75,11.2,8.48,423.3,Poor,0.0,,,,-0.9665004016214778,False,-0.1171230915447461,False
2020-07-20,Delhi,233.0,278.5,39.0,58.5,147.6,49.6,2.39,60.8,49.4,0.82,1.21,4.34,20.5,Moderate,0.0,,,,-0.1403223771504741,False,-0.1077225688626823,False
2020-07-21,Delhi,129.7,500.7,8.3,82.9,80.5,3.6,1.14,53.7,195.2,7.45,23.43,4.32,420.0,Very Poor,0.0,,,,-0.8685151239751728,False,-0.077618954953855,False
2020-07-22,Delhi,43.0,4.7,109.8,101.9,123.2,29.4,9.73,28.2,195.1,3.38,27.93,3.86,373.3,Satisfactory,0.0,,,,-1.4796894816683128,False,-0.0286839981692287,False
2020-07-23,Delhi,291.3,229.1,94.6,94.5,26.9,42.8,0.38,0.5,170.3,8.98,18.86,7.46,433.3,Poor,0.0,,,,0.2706518449199995,False,-0.06815870552073,False
2020-07-24,Delhi,404.1,137.9,42.5,4.1,217.7,2.8,0.48,15.3,136.8,2.03,16.68,9.69,101.6,Satisfactory,0.0,,,,1.06581294697059,False,-0.0610189609761503,False
2020-07-25,Delhi,88.0,232.9,153.1,88.6,70.3,46.3,2.0,73.2,104.6,6.93,27.87,5.54,226.3,Moderate,0.0,,,,-1.162470956914088,False,-0.1203050930997989,False
2020-07-26,Delhi,466.1,187.3,116.4,118.9,39.2,0.9,6.58,0.3,68.0,6.0,16.81,4.78,420.0,Very Poor,0.0,,,,1.5028695810764112,False,-0.0701952946768881,False
2020-07-27,Delhi,53.5,252.2,197.5,111.8,170.3,29.7,5.46,87.5,57.9,3.52,28.86,8.13,91.2,Moderate,0.0,,,,-1.405671825892327,False,-0.0878290682550403,False
2020-07-28,Delhi,110.1,270.1,99.1,46.9,132.9,45.4,9.5,19.1,27.9,16.2,3.42,9.59,186.7,Very Poor,0.0,,,,-1.006681414757013,False,-0.0809447517971395,False
2020-07-29,Delhi,268.1,468.5,80.9,38.0,162.7,5.6,8.71,16.4,73.5,18.84,10.88,4.7,462.0,Satisfactory,0.0,,,,0.1071080721578214,False,-0.0844197608327454,False
2020-07-30,Delhi,317.3,85.4,182.9,137.7,189.1,47.9,4.06,58.8,68.9,4.43,2.14,9.62,174.4,Severe,0.0,,,,0.4539336592224406,False,-0.1088730722736111,False
2020-07-31,Delhi,404.2,72.0,16.6,76.1,4.4,19.5,7.38,35.5,86.5,11.49,23.94,0.82,15.6,Severe,0.0,,,,1.0665178770255994,False,-0.0948007705397877,False
2020-08-01,Delhi,406.9,466.5,188.7,41.0,80.4,38.7,7.64,6.4,110.0,13.85,21.65,8.66,467.3,Very Poor,0.0,,,,1.0855509885108527,False,-0.0795727178656388,False
2020-08-02,Delhi,60.0,517.9,119.0,147.8,179.8,34.7,3.61,44.2,53.6,6.35,3.94,5.55,128.2,Satisfactory,0.0,,,,-1.3598513723167167,False,-0.0750309532831534,False
2020-08-03,Delhi,209.3,328.3,179.2,39.5,64.5,35.1,6.58,59.6,180.6,1.2,28.87,2.31,436.3,Satisfactory,0.0,,,,-0.3073908001876992,False,-0.1147718654248679,False
2020-08-04,Delhi,487.2,5.0,157.2,28.0,133.4,29.1,3.53,55.3,94.7,2.58,12.69,4.17,99.2,Severe,0.0,,,,1.651609822683392,False,-0.0690922552807739,False
2020-08-05,Delhi,495.8,277.7,180.3,149.7,136.5,5.9,2.99,82.8,162.0,13.68,27.67,9.23,88.2,Poor,0.0,,,,1.7122338074141996,False,-0.0477574964220447,False
2020-08-06,Delhi,379.4,515.6,146.1,43.8,242.1,28.2,1.94,94.1,164.6,3.28,6.96,9.82,60.6,Severe,0.0,,,,0.8916952233832708,False,-0.0639436183858589,False
2020-08-07,Delhi,366.2,425.9,163.0,128.8,103.2,13.1,3.07,51.7,117.0,6.91,27.81,8.93,495.3,Good,0.0,,,,0.7986444561220316,False,-0.0931489049315061,False
2020-08-08,Delhi,398.8,390.7,29.0,144.6,80.3,10.0,1.88,64.6,67.6,18.99,22.63,9.48,110.0,Moderate,0.0,,,,1.0284516540550923,False,-0.0853832437541652,False
2020-08-09,Delhi,215.7,80.8,71.3,13.5,200.3,22.0,6.12,47.6,199.9,2.74,10.22,1.92,170.3,Severe,0.0,,,,-0.2622752766670985,False,-0.0711554773478428,False
2020-08-10,Delhi,455.3,159.5,72.8,93.6,204.7,17.4,9.86,58.4,174.5,7.12,22.78,5.1,117.9,Good,0.0,,,,1.4267371351353972,False,-0.0858155418829635,False
2020-08-11,Delhi,211.5,166.0,156.1,129.1,220.1,2.0,6.01,23.7,41.9,15.63,7.96,6.07,289.7,Satisfactory,0.0,,,,-0.2918823389774927,False,-0.1168873930441158,False
2020-08-12,Delhi,289.2,558.2,71.4,70.3,236.0,32.9,2.4,76.5,53.2,3.6,24.65,1.69,175.0,Very Poor,0.0,,,,0.2558483137648022,False,-0.1115657694824612,False
2020-08-13,Delhi,238.2,48.9,57.9,51.6,1.3,5.6,1.77,29.0,104.3,4.85,11.47,0.72,34.0,Satisfactory,0.0,,,,-0.103666014289986,False,-0.0900718332045232,False
2020-08-14,Delhi,414.1,101.3,81.0,44.5,187.8,43.0,7.08,44.6,109.7,13.5,8.63,9.1,127.2,Satisfactory,0.0,,,,1.136305952471529,False,-0.1078288034255952,False
2020-08-15,Delhi,485.7,257.1,198.8,128.9,28.6,23.9,1.07,72.6,108.6,3.07,13.61,4.21,497.9,Moderate,0.0,,,,1.6410358718582512,False,-0.056874122288394,False
2020-08-16,Delhi,133.2,87.9,145.8,116.8,86.0,22.4,6.95,80.7,118.8,5.14,19.78,4.56,165.2,Severe,0.0,,,,-0.8438425720498443,False,-0.1057951103481146,False
2020-08-17,Delhi,60.1,75.5,151.7,147.2,15.8,45.6,3.7,91.3,72.7,15.47,9.97,9.2,144.5,Satisfactory,0.0,,,,-1.3591464422617074,False,-0.0616589267951188,False
2020-08-18,Delhi,393.1,349.7,171.2,122.1,79.5,36.8,5.81,96.7,188.8,8.42,15.15,8.22,307.4,Satisfactory,0.0,,,,0.9882706409195574,False,-0.0705230692502197,False
2020-08-19,Delhi,352.1,106.0,17.6,70.7,64.8,7.4,1.01,68.9,90.6,13.88,20.55,1.61,28.5,Moderate,0.0,,,,0.699249318365708,False,-0.0893599229113401,False
2020-08-20,Delhi,115.7,225.4,194.7,122.4,13.0,36.3,3.07,21.7,146.3,17.7,20.17,8.63,395.8,Severe,0.0,,,,-0.9672053316764871,False,-0.1086212496630193,False
2020-08-21,Delhi,390.6,196.8,176.7,32.3,233.9,29.6,6.25,44.3,35.6,11.39,25.91,3.65,401.7,Very Poor,0.0,,,,0.9706473895443228,False,-0.1163917044309774,False
2020-08-22,Delhi,435.7,101.7,14.4,9.2,68.7,13.0,4.84,51.4,196.7,9.65,8.16,2.52,494.8,Satisfactory,0.0,,,,1.2885708443535568,False,-0.0439147348614024,False
2020-08-23,Delhi,190.7,211.4,78.6,46.7,81.1,25.7,3.99,53.0,37.1,16.77,24.5,0.94,231.6,Satisfactory,0.0,,,,-0.4385077904194457,False,-0.1297676412387018,False
2020-08-24,Delhi,29.3,294.3,8.3,17.2,46.0,24.8,6.35,88.7,105.9,0.84,7.96,6.41,62.6,Very Poor,0.0,,,,-1.576264899204599,False,-0.061566895369295,False
2020-08-25,Delhi,469.7,123.6,30.3,112.7,11.5,26.7,9.76,83.3,151.6,17.53,19.59,5.69,310.4,Poor,0.0,,,,1.528247063056749,False,-0.0725293218086136,False
2020-08-26,Delhi,277.0,532.6,40.9,119.0,11.7,38.8,3.85,50.3,14.8,17.06,8.08,7.32,253.7,Moderate,0.0,,,,0.1698468470536569,False,-0.0989235682810057,False
2020-08-27,Delhi,287.1,343.4,8.8,58.6,88.5,39.2,9.97,71.8,155.3,4.65,4.62,5.98,49.2,Good,0.0,,,,0.2410447826096053,False,-0.0928600896613814,False
2020-08-28,Delhi,456.5,272.3,44.0,18.8,106.3,19.2,8.69,57.3,166.1,18.96,29.12,3.67,142.2,Satisfactory,0.0,,,,1.4351962957955098,False,-0.0855581211710311,False
2020-08-29,Delhi,249.9,594.1,41.3,48.1,132.2,45.4,0.99,14.9,151.3,11.78,24.81,5.42,118.8,Poor,0.0,,,,-0.0211891978538874,False,-0.0610539738486618,False
2020-08-30,Delhi,177.6,204.4,37.1,60.4,85.7,31.8,9.85,12.1,165.0,10.48,0.55,5.66,474.1,Poor,0.0,,,,-0.5308536276256756,False,-0.0589456330366375,False
2020-08-31,Delhi,399.8,300.9,29.1,138.8,126.6,12.0,5.77,84.5,163.8,15.04,20.37,4.77,235.5,Poor,0.0,,,,1.0355009546051863,False,-0.1038803941621322,False
2020-09-01,Delhi,229.6,69.5,73.4,107.4,7.3,28.9,9.18,85.5,94.1,17.21,8.43,4.74,91.5,Very Poor,0.0,,,,-0.1642899990207934,False,-0.0810489232375593,False
2020-09-02,Delhi,40.0,552.7,120.4,99.7,245.5,15.0,2.74,68.3,59.0,1.42,4.19,7.99,160.2,Poor,0.0,,,,-1.5008373833185944,False,-0.0883714738596515,False
2020-09-03,Delhi,457.5,375.6,162.7,5.6,58.0,5.7,9.71,22.5,79.7,7.49,7.2,7.7,463.5,Good,0.0,,,,1.4422455963456036,False,-0.0421917022256724,False
2020-09-04,Delhi,442.1,51.3,44.5,97.1,117.3,24.6,6.8,84.7,37.5,0.2,18.29,1.86,307.1,Very Poor,0.0,,,,1.333686367874158,False,-0.094266873863937,False
2020-09-05,Delhi,96.8,152.3,140.4,81.6,72.3,4.0,8.5,1.7,72.7,5.96,18.15,1.19,412.3,Very Poor,0.0,,,,-1.1004371120732617,False,-0.0735947087881155,False
2020-09-06,Delhi,214.1,506.0,56.8,117.7,231.5,5.0,4.8,5.8,84.2,16.97,27.83,7.15,341.9,Satisfactory,0.0,,,,-0.2735541575472486,False,-0.1020916969227501,False
2020-09-07,Delhi,439.9,524.9,91.2,66.2,249.9,45.0,5.99,21.9,86.2,9.85,16.61,6.79,375.6,Very Poor,0.0,,,,1.318177906663951,False,-0.1110316082189102,False
2020-09-08,Delhi,467.7,230.8,98.3,138.3,242.8,33.6,6.62,99.9,180.5,15.2,28.42,8.6,419.2,Poor,0.0,,,,1.5141484619565613,False,-0.0474755025175509,False
2020-09-09,Delhi,340.6,483.4,95.2,96.6,127.7,28.6,7.4,63.1,106.9,7.51,11.72,0.18,361.8,Good,0.0,,,,0.6181823620396283,False,-0.1326608317096347,False
2020-09-10,Delhi,487.4,309.2,125.3,21.4,147.6,42.7,8.91,24.8,175.9,18.54,5.63,7.16,493.0,Good,0.0,,,,1.6530196827934107,False,-0.047201038399339,False
2020-09-11,Delhi,81.1,293.2,9.3,40.0,239.0,46.6,1.9,18.5,16.8,16.94,11.29,0.13,121.5,Satisfactory,0.0,,,,-1.2111111307097358,False,-0.0925135110920735,False
2020-09-12,Delhi,87.7,291.2,195.4,76.8,246.6,33.4,0.59,39.1,81.6,18.14,4.19,1.78,404.6,Good,0.0,,,,-1.164585747079116,False,-0.1018444783820378,False
2020-09-13,Delhi,282.2,402.8,189.4,132.0,28.0,0.9,4.54,34.8,12.7,12.72,12.92,5.02,408.3,Poor,0.0,,,,0.206503209914145,False,-0.0995422275882731,False
2020-09-14,Delhi,39.2,477.1,78.3,126.1,58.4,33.8,8.95,82.2,198.5,12.06,6.67,6.89,473.8,Good,0.0,,,,-1.5064768237586696,False,-0.0267662279917824,False
2020-09-15,Delhi,484.8,527.9,161.7,17.2,115.7,42.1,3.72,49.8,167.0,16.04,20.43,0.37,19.5,Severe,0.0,,,,1.6346915013631669,False,-0.0479889152178029,False
2020-09-16,Delhi,319.1,88.5,197.6,56.6,31.6,35.5,8.24,88.8,119.1,2.26,26.78,5.01,149.8,Satisfactory,0.0,,,,0.4666224002126097,False,-0.1023867501893222,False
2020-09-17,Delhi,48.5,138.4,132.0,26.3,159.7,32.9,4.29,86.8,16.6,14.83,20.13,9.09,313.8,Good,0.0,,,,-1.4409183286427965,False,-0.0692278299792535,False
2020-09-18,Delhi,281.1,190.2,133.2,96.5,182.6,26.1,9.1,76.4,138.8,15.37,26.28,8.4,453.9,Moderate,0.0,,,,0.198748979309042,False,-0.0895488787417819,False
2020-09-19,Delhi,426.0,86.5,41.7,116.8,25.2,48.1,2.92,43.0,93.0,14.8,22.5,9.89,29.2,Poor,0.0,,,,1.220192629017646,False,-0.0864093315864005,False
2020-09-20,Delhi,129.0,10.4,149.2,62.9,37.8,23.0,9.6,28.5,48.3,16.59,24.2,1.53,274.6,Poor,0.0,,,,-0.8734496343602385,False,-0.07325165472889,False
2020-09-21,Delhi,410.1,61.6,144.2,146.7,72.3,38.0,9.96,33.6,191.7,0.27,14.46,3.7,139.9,Very Poor,0.0,,,,1.1081087502711535,False,-0.0290364067655072,False
2020-09-22,Delhi,297.6,194.7,153.5,38.3,43.7,25.5,0.15,13.2,35.5,11.99,17.66,3.04,39.6,Poor,0.0,,,,0.3150624383855911,False,-0.0726001419261768,False
2020-09-23,Delhi,345.0,441.1,69.1,9.2,140.7,30.5,6.62,65.1,136.3,8.79,9.59,3.68,432.4,Satisfactory,0.0,,,,0.6491992844600413,False,-0.0948814459813137,False
2020-09-24,Delhi,320.8,448.6,29.8,100.9,65.9,49.7,2.82,77.3,176.7,19.98,0.04,4.53,92.0,Severe,0.0,,,,0.4786062111477692,False,-0.1014660001419302,False
2020-09-25,Delhi,412.1,576.8,114.9,122.3,200.7,1.6,3.15,59.9,11.6,7.88,12.94,3.39,415.6,Good,0.0,,,,1.1222073513713413,False,-0.0586875575754802,False
2020-09-26,Delhi,445.3,500.5,40.0,26.5,37.1,7.2,3.92,58.1,189.6,5.71,21.21,9.72,396.8,Severe,0.0,,,,1.3562441296344585,False,-0.0817971731065032,False
2020-09-27,Delhi,132.6,378.1,69.5,112.9,125.5,30.2,1.81,25.4,112.1,19.98,7.68,4.46,388.2,Good,0.0,,,,-0.8480721523799005,False,-0.1163663654197192,False
2020-09-28,Delhi,78.3,180.0,87.3,62.1,185.3,31.7,3.45,11.6,46.6,10.73,24.51,8.92,251.9,Poor,0.0,,,,-1.2308491722499986,False,-0.1075714421735443,False
2020-09-29,Delhi,336.8,131.9,160.0,32.8,232.4,30.9,2.51,49.2,43.9,4.92,10.15,2.22,493.4,Very Poor,0.0,,,,0.5913950199492715,False,-0.0829322778633609,False
2020-09-30,Delhi,120.7,187.5,99.4,82.3,62.6,10.3,6.0,65.0,17.6,17.82,26.1,3.63,41.7,Very Poor,0.0,,,,-0.9319588289260178,False,-0.0986978544789066,False
2020-10-01,Delhi,222.2,379.1,62.8,83.5,39.2,0.2,0.23,28.8,120.1,4.38,15.46,1.67,9.2,Moderate,0.0,,,,-0.2164548230914882,False,-0.0772454625427933,False
2020-10-02,Delhi,35.9,1.1,41.6,88.0,236.1,7.0,2.96,99.3,128.6,19.73,22.55,7.2,437.7,Good,0.0,,,,-1.5297395155739797,False,-0.0278070602728341,False
2020-10-03,Delhi,120.4,593.5,191.3,106.1,63.0,43.6,3.65,35.1,144.0,18.34,2.17,0.52,263.5,Severe,0.0,,,,-0.934073619091046,False,-0.0904366681670345,False
2020-10-04,Delhi,473.2,357.5,72.3,75.1,211.6,27.8,6.57,65.9,52.8,1.51,5.16,3.42,48.7,Very Poor,0.0,,,,1.5529196149820776,False,-0.101453343591445,False
2020-10-05,Delhi,62.3,275.4,76.7,17.3,51.5,40.8,4.91,9.4,174.5,15.57,13.81,0.48,47.8,Good,0.0,,,,-1.343637981051501,False,-0.0581452058843233,False
2020-10-06,Delhi,433.5,263.2,36.3,123.2,180.5,13.9,4.81,55.9,168.3,14.15,11.23,0.28,369.1,Satisfactory,0.0,,,,1.2730623831433503,False,-0.1207866160458346,False
2020-10-07,Delhi,340.7,506.9,81.8,146.7,43.6,48.6,0.64,34.3,54.1,12.25,27.17,8.32,370.3,Poor,0.0,,,,0.6188872920946374,False,-0.0748794015645941,False
2020-10-08,Delhi,400.1,482.9,68.9,149.1,102.7,31.1,5.4,34.2,194.1,14.46,29.44,1.8,244.8,Poor,0.0,,,,1.0376157447702146,False,-0.0641256365105732,False
2020-10-09,Delhi,246.2,7.0,34.3,60.9,44.6,25.6,1.37,88.3,162.8,12.2,12.56,4.89,21.7,Poor,0.0,,,,-0.0472716098892349,False,-0.0466464914861468,False
2020-10-10,Delhi,166.5,482.7,108.8,7.5,129.2,43.8,1.15,47.5,126.0,14.47,16.28,0.85,138.9,Very Poor,0.0,,,,-0.6091008637317177,False,-0.0887848570942176,False
2020-10-11,Delhi,77.2,99.5,179.0,95.2,210.5,17.3,1.79,38.8,170.9,13.84,16.01,6.86,266.5,Moderate,0.0,,,,-1.2386034028551018,False,-0.0933621413066854,False
2020-10-12,Delhi,199.3,213.4,93.8,11.8,107.1,24.5,7.39,86.4,55.2,4.83,20.46,0.21,182.6,Good,0.0,,,,-0.3778838056886381,False,-0.0976299417746728,False
2020-10-13,Delhi,208.0,96.8,151.3,23.0,14.9,25.2,2.21,0.6,71.9,5.78,23.11,1.97,147.0,Severe,0.0,,,,-0.3165548909028213,False,-0.0805514782855082,False
2020-10-14,Delhi,234.6,297.6,5.9,58.7,93.1,26.6,7.32,72.7,44.9,8.01,12.2,1.47,392.3,Satisfactory,0.0,,,,-0.1290434962703239,False,-0.1325610520923728,False
2020-10-15,Delhi,260.3,185.7,197.8,46.3,169.8,46.7,8.05,36.3,138.9,9.42,23.99,3.48,4.3,Satisfactory,0.0,,,,0.052123527867089,False,-0.0917678255494424,False
2020-10-16,Delhi,411.7,423.5,195.7,6.3,76.0,21.2,3.71,92.1,102.6,5.05,17.05,9.52,215.2,Poor,0.0,,,,1.1193876311513036,False,-0.0749304862759253,False
2020-10-17,Delhi,259.5,297.3,191.8,95.5,7.9,32.7,4.82,65.4,54.7,13.55,13.22,6.74,115.8,Very Poor,0.0,,,,0.0464840874270138,False,-0.1385469205752804,False
2020-10-18,Delhi,226.1,417.8,173.5,61.3,206.0,40.3,0.31,46.3,116.9,5.85,25.21,3.69,362.2,Poor,0.0,,,,-0.188962550946122,False,-0.1124111422349161,False
2020-10-19,Delhi,281.3,214.2,171.9,134.1,57.4,0.5,2.03,5.6,24.1,2.95,29.63,3.83,99.0,Poor,0.0,,,,0.2001588394190607,False,-0.0777093194101898,False
2020-10-20,Delhi,233.3,431.4,15.4,143.4,230.0,0.7,6.94,63.5,175.2,0.64,14.33,6.0,433.9,Poor,0.0,,,,-0.1382075869854459,False,-0.0941263387342704,False
2020-10-21,Delhi,257.3,139.1,125.2,65.2,129.4,20.8,6.01,63.1,27.6,18.04,25.7,5.17,149.9,Satisfactory,0.0,,,,0.0309756262168073,False,-0.1255861135688293,False
2020-10-22,Delhi,211.2,149.4,46.7,111.2,191.4,18.1,0.96,44.7,169.3,1.0,21.06,9.68,459.8,Poor,0.0,,,,-0.2939971291425209,False,-0.0880301542266468,False
2020-10-23,Delhi,154.8,377.7,124.8,16.0,68.5,15.6,1.29,91.0,114.0,16.84,5.24,5.13,41.1,Good,0.0,,,,-0.6915776801678161,False,-0.0704344940214795,False
2020-10-24,Delhi,131.3,313.9,173.4,111.9,76.1,13.5,1.87,68.0,49.0,13.72,21.64,2.04,269.9,Very Poor,0.0,,,,-0.8572362430950224,False,-0.1200741130722898,False
2020-10-25,Delhi,415.7,515.4,183.9,64.6,82.3,36.1,7.47,32.7,65.5,2.84,19.43,7.53,430.9,Severe,0.0,,,,1.147584833351679,False,-0.1083549878697178,False
2020-10-26,Delhi,124.6,22.7,134.7,53.1,229.4,45.7,1.29,3.9,41.7,15.27,8.55,4.21,226.0,Good,0.0,,,,-0.9044665567806516,False,-0.0651496069699003,False
2020-10-27,Delhi,446.3,56.6,108.6,115.8,23.2,6.7,6.78,74.2,64.7,8.07,3.42,8.76,190.2,Moderate,0.0,,,,1.363293430184552,False,-0.1011011428232733,False
2020-10-28,Delhi,361.2,345.8,190.1,34.3,203.4,19.5,4.08,65.4,91.6,14.95,14.04,1.55,429.4,Good,0.0,,,,0.7633979533715621,False,-0.1231723251116945,False
2020-10-29,Delhi,105.1,292.7,191.5,111.0,106.2,26.2,4.96,43.7,136.0,4.76,24.76,4.76,28.1,Moderate,0.0,,,,-1.0419279175074825,False,-0.1090281888481687,False
2020-10-30,Delhi,47.4,33.6,73.5,42.2,75.3,5.6,4.65,95.2,105.8,6.31,18.27,3.16,24.1,Satisfactory,0.0,,,,-1.4486725592478995,False,-0.0497339404793677,False
2020-10-31,Delhi,124.9,325.5,3.3,108.9,170.5,19.2,5.67,14.2,5.3,19.3,5.97,8.6,301.7,Poor,0.0,,,,-0.9023517666156232,False,-0.0954319860765985,False
2020-11-01,Delhi,11.6,503.8,29.3,11.8,237.8,47.2,8.69,69.6,186.8,14.54,21.23,3.35,81.3,Severe,0.0,,,,-1.701037518941261,False,-0.0282209256021006,False
2020-11-02,Delhi,147.7,180.6,129.0,119.4,92.1,40.7,8.86,56.6,39.0,4.04,6.37,3.84,492.0,Satisfactory,0.0,,,,-0.7416277140734828,False,-0.0718662454289085,False
2020-11-03,Delhi,73.7,514.6,154.6,80.9,83.2,46.7,7.44,28.2,32.7,5.5,29.29,2.32,179.8,Severe,0.0,,,,-1.2632759547804306,False,-0.104401484587638,False
2020-11-04,Delhi,295.7,110.2,68.6,29.1,69.6,43.3,8.42,96.5,166.0,19.07,7.72,7.61,153.0,Satisfactory,0.0,,,,0.3016687673404125,False,-0.0762641077512132,False
2020-11-05,Delhi,189.7,408.4,106.6,40.2,71.6,16.6,2.47,5.3,121.1,15.42,23.95,0.48,343.5,Severe,0.0,,,,-0.4455570909695395,False,-0.1017507273124479,False
2020-11-06,Delhi,28.6,165.9,49.7,124.4,87.9,15.7,6.84,71.0,147.6,10.21,26.97,0.33,288.8,Severe,0.0,,,,-1.5811994095896649,False,-0.0944797449400364,False
2020-11-07,Delhi,83.4,494.7,91.9,79.8,14.3,16.1,0.9,49.7,52.0,7.27,1.41,9.35,89.5,Very Poor,0.0,,,,-1.1948977394445195,False,-0.0866745722922582,False
2020-11-08,Delhi,229.3,298.1,140.7,105.1,70.8,40.2,2.63,64.0,64.3,7.25,5.69,7.4,136.9,Severe,0.0,,,,-0.1664047891858214,False,-0.1345372694566005,False
2020-11-09,Delhi,400.9,302.9,200.0,13.0,88.5,33.1,4.15,65.9,64.6,12.13,11.27,7.3,46.7,Severe,0.0,,,,1.0432551852102894,False,-0.0993617193954113,False
2020-11-10,Delhi,10.8,589.0,110.2,73.8,201.0,30.9,4.63,47.0,55.3,4.17,29.27,2.38,389.1,Satisfactory,0.0,,,,-1.706676959381336,False,-0.0792350606199434,False
2020-11-11,Delhi,420.1,46.2,0.5,105.7,217.4,39.6,1.66,56.3,41.1,14.03,23.41,7.2,177.1,Severe,0.0,,,,1.1786017557720925,False,-0.1005576957235736,False
2020-11-12,Delhi,47.8,330.9,78.6,4.8,167.9,38.3,3.69,89.6,121.9,16.94,2.42,4.53,93.9,Moderate,0.0,,,,-1.445852839027862,False,-0.0678537846334973,False
2020-11-13,Delhi,357.2,546.8,59.4,72.6,136.1,35.2,9.91,80.6,189.8,2.82,20.51,5.39,57.2,Good,0.0,,,,0.7352007511711867,False,-0.0460803087242192,False
2020-11-14,Delhi,341.7,259.0,65.3,42.7,134.6,3.2,0.65,89.7,26.2,12.97,19.75,2.85,222.1,Moderate,0.0,,,,0.6259365926447313,False,-0.0829690993643278,False
2020-11-15,Delhi,435.5,264.1,30.5,105.0,94.6,14.3,7.83,0.9,86.2,12.08,6.23,1.78,393.1,Good,0.0,,,,1.287160984243538,False,-0.0896481918322466,False
2020-11-16,Delhi,457.6,503.9,72.9,75.3,2.6,42.2,2.58,90.1,60.6,16.92,26.87,3.4,374.9,Poor,0.0,,,,1.4429505264006133,False,-0.0935633763594598,False
2020-11-17,Delhi,59.4,83.5,183.9,31.9,78.7,4.8,9.25,18.4,5.1,9.03,0.2,7.6,411.0,Satisfactory,0.0,,,,-1.364080952646773,False,-0.0458830496743458,False
2020-11-18,Delhi,81.2,412.7,184.3,65.5,0.2,12.8,5.48,69.3,10.5,13.8,9.29,9.54,194.9,Good,0.0,,,,-1.2104062006547265,False,-0.0989217918407249,False
2020-11-19,Delhi,89.7,188.2,192.6,132.5,178.9,44.3,2.33,11.6,50.4,2.97,6.82,1.73,266.2,Very Poor,0.0,,,,-1.1504871459789283,False,-0.0914588668712735,False
2020-11-20,Delhi,317.3,364.3,91.5,85.8,247.7,15.0,3.05,41.9,52.3,12.79,18.21,1.64,315.6,Moderate,0.0,,,,0.4539336592224406,False,-0.1404497077988137,False
2020-11-21,Delhi,155.6,66.0,146.0,140.7,99.4,19.8,9.83,87.8,190.1,0.82,20.2,9.16,417.0,Severe,0.0,,,,-0.6859382397277412,False,-0.0323291218240593,False
2020-11-22,Delhi,248.1,330.4,135.1,75.9,150.8,16.4,0.67,63.5,34.2,9.38,18.82,6.96,387.3,Moderate,0.0,,,,-0.0338779388440564,False,-0.1080925747264688,False
2020-11-23,Delhi,193.8,489.1,28.9,130.8,87.7,10.8,3.14,14.4,22.2,17.67,22.08,5.39,87.6,Satisfactory,0.0,,,,-0.4166549587141545,False,-0.0717709036318497,False
2020-11-24,Delhi,361.3,387.3,124.3,73.5,26.0,30.8,8.06,47.8,35.3,4.85,24.35,0.67,367.0,Very Poor,0.0,,,,0.7641028834265717,False,-0.1267023270813801,False
2020-11-25,Delhi,60.8,249.9,80.8,60.1,192.7,10.5,5.22,33.4,158.2,16.05,14.19,8.58,477.0,Very Poor,0.0,,,,-1.3542119318766417,False,-0.0930043548057362,False
2020-11-26,Delhi,481.5,89.8,74.7,109.4,172.5,39.5,4.36,45.7,51.1,2.28,13.48,7.5,386.7,Good,0.0,,,,1.6114288095478568,False,-0.0939406345625618,False
2020-11-27,Delhi,442.7,471.5,21.4,59.8,246.1,49.5,0.73,66.6,96.2,13.48,3.49,7.77,84.5,Poor,0.0,,,,1.337915948204214,False,-0.0899593094918188,False
2020-11-28,Delhi,203.1,18.4,99.4,36.7,140.3,16.0,3.82,1.9,144.9,7.43,21.96,3.72,399.8,Good,0.0,,,,-0.3510964635982814,False,-0.0710589367252789,False
2020-11-29,Delhi,368.4,200.8,186.0,7.0,21.8,1.6,8.09,41.5,86.8,6.29,19.44,0.94,196.8,Poor,0.0,,,,0.814152917332238,False,-0.0997478726734228,False
2020-11-30,Delhi,316.6,463.8,142.1,69.8,172.1,19.9,3.41,100.0,86.8,3.91,16.74,4.05,46.8,Severe,0.0,,,,0.448999148837375,False,-0.0847822223030355,False
2020-12-01,Delhi,390.7,104.4,42.2,85.5,88.9,35.0,8.83,24.9,38.6,15.52,7.0,0.16,206.8,Very Poor,0.0,,,,0.971352319599332,False,-0.1037013088040664,False
2020-12-02,Delhi,462.0,310.7,116.9,42.3,95.0,35.5,8.29,44.3,51.0,1.92,11.11,3.64,442.8,Good,0.0,,,,1.473967448821026,False,-0.0998922198733291,False
2020-12-03,Delhi,366.2,533.4,136.2,56.4,101.3,38.9,1.3,7.8,60.8,1.29,27.79,8.46,164.8,Moderate,0.0,,,,0.7986444561220316,False,-0.0897962859773554,False
2020-12-04,Delhi,485.2,14.0,91.8,132.2,24.7,23.1,7.01,98.9,170.3,17.67,9.76,6.23,267.2,Satisfactory,0.0,,,,1.6375112215832042,False,-0.0323964952415122,False
2020-12-05,Delhi,235.0,121.3,58.0,55.5,94.5,6.9,4.44,6.3,66.1,10.94,20.76,4.41,182.7,Very Poor,0.0,,,,-0.1262237760502864,False,-0.107724035337954,False
2020-12-06,Delhi,403.0,563.5,152.5,54.3,94.9,25.7,9.98,6.0,51.0,18.22,2.58,6.87,135.8,Satisfactory,0.0,,,,1.0580587163654869,False,-0.0392841163250294,False
2020-12-07,Delhi,42.0,198.2,137.1,140.6,146.7,20.3,1.79,19.5,42.4,6.52,12.05,1.43,312.3,Satisfactory,0.0,,,,-1.4867387822184066,False,-0.0807319153248277,False
2020-12-08,Delhi,433.0,387.5,165.7,14.6,236.2,39.0,1.56,26.5,83.9,1.03,19.98,6.09,428.0,Good,0.0,,,,1.2695377328683033,False,-0.0897663207644488,False
2020-12-09,Delhi,58.4,386.7,62.4,71.2,119.7,35.4,8.99,5.9,198.7,13.36,16.36,9.05,291.4,Satisfactory,0.0,,,,-1.371130253196867,False,-0.0439494195714568,False
2020-12-10,Delhi,39.3,300.9,91.6,28.3,92.0,0.1,8.94,80.7,54.4,6.44,21.23,3.33,13.1,Moderate,0.0,,,,-1.5057718937036602,False,-0.0380971527140848,False
2020-12-11,Delhi,423.3,459.4,53.9,90.3,243.1,46.9,3.03,10.9,30.4,1.95,6.21,7.08,17.1,Severe,0.0,,,,1.2011595175323928,False,-0.0672975977087211,False
2020-12-12,Delhi,285.4,5.3,88.2,14.3,242.8,47.3,3.52,11.3,93.4,17.62,6.78,6.74,484.9,Satisfactory,0.0,,,,0.2290609716744454,False,-0.054119952763648,False
2020-12-13,Delhi,13.4,296.1,195.9,98.2,131.9,47.7,0.83,36.4,191.5,11.53,9.45,9.88,156.7,Very Poor,0.0,,,,-1.688348777951092,False,-0.0750796723430245,False
2020-12-14,Delhi,403.3,405.0,160.1,108.1,218.7,28.6,7.65,20.7,19.0,2.64,5.43,0.25,250.3,Very Poor,0.0,,,,1.060173506530515,False,-0.1032945008002549,False
2020-12-15,Delhi,220.6,287.9,91.3,132.2,49.7,24.6,0.57,34.0,15.0,8.58,2.46,7.11,420.0,Good,0.0,,,,-0.2277337039716384,False,-0.0731798134603639,False
2020-12-16,Delhi,56.7,196.9,174.2,41.1,13.3,12.7,1.98,83.5,8.9,15.78,11.08,0.67,81.6,Satisfactory,0.0,,,,-1.3831140641320263,False,-0.0591201200422317,False
2020-12-17,Delhi,84.2,35.3,28.2,98.2,214.8,31.2,4.67,25.0,70.6,13.14,16.01,3.23,281.1,Poor,0.0,,,,-1.189258299004445,False,-0.1059735206950204,False
2020-12-18,Delhi,462.3,54.0,63.5,57.6,23.8,16.2,0.94,90.1,19.9,6.53,8.93,2.75,498.6,Good,0.0,,,,1.4760822389860544,False,-0.028574594196002,False
2020-12-19,Delhi,47.4,104.5,193.9,137.3,192.5,39.3,9.16,48.3,168.6,6.67,3.87,6.63,415.2,Satisfactory,0.0,,,,-1.4486725592478995,False,-0.0578016015307984,False
2020-12-20,Delhi,74.6,468.3,0.1,21.0,204.6,3.0,6.37,29.1,114.9,14.71,28.56,6.75,364.5,Good,0.0,,,,-1.256931584285346,False,-0.1040032871818441,False
2020-12-21,Delhi,339.1,258.7,198.3,70.4,190.9,35.6,3.94,94.7,5.5,7.14,22.56,5.61,97.0,Satisfactory,0.0,,,,0.6076084112144875,False,-0.0734321963842041,False
2020-12-22,Delhi,378.5,573.1,136.0,75.7,232.4,25.3,1.06,71.6,142.6,4.99,19.23,2.37,483.9,Satisfactory,0.0,,,,0.8853508528881865,False,-0.070096312096243,False
2020-12-23,Delhi,285.9,35.8,147.7,12.0,71.4,25.6,0.07,98.5,183.2,4.05,3.05,2.19,230.8,Moderate,0.0,,,,0.2325856219494923,False,-0.0190691410288194,False
2020-12-24,Delhi,233.0,578.3,131.9,106.7,158.0,28.4,2.46,9.4,102.6,2.86,10.51,3.84,29.0,Poor,0.0,,,,-0.1403223771504741,False,-0.0649436931156266,False
2020-12-25,Delhi,27.1,293.9,109.0,98.4,81.8,27.2,7.56,22.1,47.7,2.14,16.47,1.15,178.4,Good,0.0,,,,-1.5917733604148057,False,-0.0895953352131756,False
2020-12-26,Delhi,199.9,220.2,164.4,83.2,168.1,15.8,8.34,99.6,116.8,9.42,14.01,4.72,135.4,Moderate,0.0,,,,-0.3736542253585818,False,-0.0866185414281449,False
2020-12-27,Delhi,16.1,494.4,164.4,3.7,216.2,37.0,6.04,86.0,79.5,3.15,28.73,3.0,415.8,Good,0.0,,,,-1.6693156664658384,False,-0.0535040587386006,False
2020-12-28,Delhi,418.0,448.4,48.8,128.2,98.4,19.9,3.38,73.3,76.9,19.69,22.83,1.95,401.5,Satisfactory,0.0,,,,1.163798224616895,False,-0.1036211629470201,False
2020-12-29,Delhi,243.1,338.2,49.6,7.2,118.3,38.1,1.85,60.3,6.5,5.41,17.13,3.36,139.8,Satisfactory,0.0,,,,-0.0691244415945259,False,-0.0857401338399893,False
2020-12-30,Delhi,107.2,595.4,97.0,4.9,241.1,39.3,3.83,49.3,84.9,10.04,15.49,9.68,281.9,Satisfactory,0.0,,,,-1.0271243863522852,False,-0.0702808067408491,False
2020-12-31,Delhi,393.6,200.5,161.9,113.3,215.1,2.4,3.44,1.5,11.0,1.55,9.7,6.79,309.8,Satisfactory,0.0,,,,0.9917952911946044,False,-0.0781668978646247,False
2021-01-01,Delhi,200.0,289.0,58.8,127.0,202.7,16.6,6.58,31.4,107.0,10.43,22.51,6.61,152.7,Very Poor,0.0,,,,-0.3729492953035724,False,-0.1247950138326501,False
2021-01-02,Delhi,383.7,576.1,106.1,125.4,187.1,15.1,7.97,66.3,119.5,7.92,3.52,5.95,326.4,Poor,0.0,,,,0.9220072157486746,False,-0.0979771285452546,False
2021-01-03,Delhi,187.2,109.9,187.0,137.5,180.9,47.0,2.47,40.8,37.9,10.13,1.94,1.07,390.2,Severe,0.0,,,,-0.4631803423447743,False,-0.0923033716346212,False
2021-01-04,Delhi,180.0,479.7,37.8,105.9,219.7,9.6,8.2,94.5,14.9,8.46,3.94,9.09,61.6,Very Poor,0.0,,,,-0.5139353063054503,False,-0.0536429775321412,False
2021-01-05,Delhi,79.8,346.1,123.3,27.5,233.3,38.5,0.23,80.6,18.4,10.34,28.69,4.48,410.5,Good,0.0,,,,-1.2202752214248578,False,-0.0600384874681794,False
2021-01-06,Delhi,357.8,131.3,129.4,15.4,168.4,42.9,9.25,68.8,148.6,13.55,16.43,5.55,273.6,Very Poor,0.0,,,,0.7394303315012432,False,-0.0828938203253219,False
2021-01-07,Delhi,146.0,192.3,100.3,66.1,162.9,46.0,6.72,65.8,11.5,14.43,12.57,0.82,448.2,Moderate,0.0,,,,-0.7536115250086424,False,-0.0931136323880164,False
2021-01-08,Delhi,316.1,364.5,193.6,29.8,99.3,38.1,0.94,0.5,149.1,8.16,27.58,6.31,244.4,Poor,0.0,,,,0.445474498562328,False,-0.0946371197690118,False
2021-01-09,Delhi,457.2,44.2,78.6,141.5,55.0,36.0,5.81,21.1,26.1,17.97,22.45,1.11,482.6,Very Poor,0.0,,,,1.440130806180575,False,-0.0542262334592703,False
2021-01-10,Delhi,354.1,323.3,63.5,20.2,211.0,49.9,4.88,30.0,76.0,1.52,8.49,9.86,475.9,Severe,0.0,,,,0.7133479194658958,False,-0.1058200530726019,False
2021-01-11,Delhi,412.7,404.6,50.2,103.2,94.1,21.7,0.62,71.1,170.0,15.66,15.58,4.03,265.6,Poor,0.0,,,,1.1264369317013974,False,-0.0950405512985915,False
2021-01-12,Delhi,147.3,217.6,69.4,14.8,94.5,27.2,0.77,38.3,7.1,16.49,1.63,6.14,250.9,Very Poor,0.0,,,,-0.7444474342935202,False,-0.0716501643257431,False
2021-01-13,Delhi,371.2,413.9,192.2,62.8,42.3,11.4,0.88,66.6,34.5,3.16,0.94,7.66,18.8,Moderate,0.0,,,,0.8338909588725011,False,-0.0734632681106733,False
2021-01-14,Delhi,476.9,337.9,135.0,22.8,218.1,24.1,7.21,63.7,96.5,10.73,1.61,5.7,195.7,Moderate,0.0,,,,1.579002027017425,False,-0.1101806976968618,False
2021-01-15,Delhi,228.1,79.2,136.9,43.8,200.7,31.1,7.14,93.9,83.1,4.02,28.28,5.45,413.4,Moderate,0.0,,,,-0.1748639498459342,False,-0.0945534377220321,False
2021-01-16,Delhi,340.6,108.0,154.4,103.2,27.7,34.6,6.54,82.7,183.9,1.12,20.74,8.6,273.5,Good,0.0,,,,0.6181823620396283,False,-0.1050992069408453,False
2021-01-17,Delhi,178.6,12.5,71.6,134.5,122.2,3.9,8.36,51.9,110.7,14.5,0.88,0.75,380.4,Satisfactory,0.0,,,,-0.5238043270755817,False,-0.0847300277323729,False
2021-01-18,Delhi,335.2,258.8,128.9,124.8,173.0,21.2,6.09,23.3,129.1,17.94,19.06,4.97,455.1,Very Poor,0.0,,,,0.5801161390691211,False,-0.1174756398744313,False
2021-01-19,Delhi,363.5,244.6,44.9,14.8,154.7,27.5,4.14,98.4,166.2,9.6,5.28,3.6,53.2,Moderate,0.0,,,,0.7796113446367782,False,-0.0651042916905022,False
2021-01-20,Delhi,3.3,507.2,184.7,67.1,16.0,35.2,5.16,28.7,178.2,11.88,25.33,0.76,430.9,Severe,0.0,,,,-1.7595467135070402,False,-0.0713397023965211,False
2021-01-21,Delhi,392.9,580.8,96.0,137.5,110.9,36.4,0.46,2.4,159.5,8.42,1.81,6.41,26.2,Moderate,0.0,,,,0.9868607808095384,False,-0.0058298491108662,False
2021-01-22,Delhi,280.4,202.0,103.0,7.6,72.3,16.8,3.01,44.2,127.3,16.57,2.0,2.42,173.6,Severe,0.0,,,,0.1938144689239759,False,-0.1127646942328797,False
2021-01-23,Delhi,408.6,554.9,30.1,139.1,235.6,3.6,6.66,55.2,38.9,1.94,14.33,0.91,492.3,Moderate,0.0,,,,1.0975347994460127,False,-0.0625607265705266,False
2021-01-24,Delhi,493.2,434.0,86.6,74.7,16.2,22.7,3.22,46.9,27.9,1.74,24.98,6.07,491.9,Satisfactory,0.0,,,,1.693905625983955,False,-0.0612724024155303,False
2021-01-25,Delhi,391.9,595.5,52.1,34.9,28.0,12.1,2.34,5.7,191.9,17.19,20.77,9.45,246.5,Poor,0.0,,,,0.9798114802594444,False,-0.0357231791471194,False
2021-01-26,Delhi,108.9,397.6,122.1,41.8,79.3,49.1,6.53,65.1,160.4,19.14,7.03,0.08,169.0,Satisfactory,0.0,,,,-1.0151405754171257,False,-0.1138030575646477,False
2021-01-27,Delhi,182.4,529.3,91.2,121.6,35.1,7.7,4.85,79.0,89.5,14.06,0.48,4.32,336.0,Satisfactory,0.0,,,,-0.4970169849852248,False,-0.1084704442072043,False
2021-01-28,Delhi,65.0,168.6,181.1,47.9,87.2,20.6,6.34,39.6,107.5,13.91,16.41,7.23,447.1,Severe,0.0,,,,-1.3246048695662471,False,-0.1034624603379504,False
2021-01-29,Delhi,242.4,458.8,163.4,108.5,128.0,14.8,9.82,66.5,179.1,1.97,3.63,0.01,61.9,Good,0.0,,,,-0.0740589519795915,False,-0.0806975332191067,False
2021-01-30,Delhi,41.7,501.3,83.5,146.9,22.6,6.5,4.58,39.4,105.4,4.18,13.95,2.67,263.2,Good,0.0,,,,-1.4888535723834349,False,-0.080338746228315,False
2021-01-31,Delhi,133.8,580.0,186.8,59.2,245.1,6.5,7.5,24.6,21.7,13.17,15.94,0.03,80.3,Poor,0.0,,,,-0.8396129917197878,False,-0.0784549321131482,False
2021-02-01,Delhi,78.8,105.3,122.3,78.1,76.9,0.5,6.88,67.9,46.2,16.98,27.45,8.21,424.7,Moderate,0.0,,,,-1.2273245219749516,False,-0.0988105600073833,False
2021-02-02,Delhi,115.5,178.0,35.6,147.3,229.7,31.0,6.16,40.4,135.8,13.74,1.03,0.81,339.8,Satisfactory,0.0,,,,-0.968615191786506,False,-0.1058406805764277,False
2021-02-03,Delhi,117.3,392.2,142.5,41.7,179.0,24.3,6.23,21.2,9.6,1.96,29.72,0.87,52.1,Very Poor,0.0,,,,-0.9559264507963368,False,-0.0870246281461017,False
2021-02-04,Delhi,309.2,150.5,148.4,129.2,239.2,8.3,3.39,90.3,87.2,2.71,15.07,2.27,320.1,Poor,0.0,,,,0.39683432476668,False,-0.1014222809919509,False
2021-02-05,Delhi,307.4,257.0,188.3,5.4,236.9,34.2,0.33,80.2,17.8,15.82,12.37,0.0,93.5,Severe,0.0,,,,0.3841455837765109,False,-0.0578602044802778,False
2021-02-06,Delhi,121.1,111.7,16.2,120.2,146.3,8.6,4.02,30.7,142.7,13.41,15.52,9.98,70.2,Good,0.0,,,,-0.9291391087059804,False,-0.089615878504484,False
2021-02-07,Delhi,78.6,198.1,169.9,120.8,164.3,14.8,7.0,33.7,167.5,13.05,7.46,1.03,155.0,Poor,0.0,,,,-1.2287343820849703,False,-0.0987856322408619,False
2021-02-08,Delhi,362.5,532.5,140.2,31.0,80.0,42.2,9.31,74.9,0.3,14.57,29.25,4.21,475.2,Very Poor,0.0,,,,0.7725620440866843,False,-0.0316692521573896,False
2021-02-09,Delhi,469.7,512.2,104.2,25.3,113.9,43.4,7.8,76.1,22.3,2.03,28.18,3.9,156.8,Moderate,0.0,,,,1.528247063056749,False,-0.0635443739992215,False
2021-02-10,Delhi,214.2,156.7,13.6,70.9,22.5,15.3,3.65,46.1,169.0,6.19,16.92,5.59,266.4,Poor,0.0,,,,-0.2728492274922393,False,-0.130116058430088,False
2021-02-11,Delhi,156.1,40.5,19.6,72.0,209.8,15.1,5.28,25.3,112.8,5.04,7.35,4.64,168.8,Very Poor,0.0,,,,-0.6824135894526941,False,-0.1180873954228594,False
2021-02-12,Delhi,339.3,230.4,195.2,118.1,248.6,33.2,8.25,33.3,26.7,6.36,22.2,0.08,371.4,Severe,0.0,,,,0.6090182713245061,False,-0.1189906518389498,False
2021-02-13,Delhi,347.9,208.6,187.7,92.1,19.9,18.2,4.63,15.4,151.5,7.42,17.46,7.78,54.4,Very Poor,0.0,,,,0.6696422560553134,False,-0.1151873050683759,False
2021-02-14,Delhi,40.0,594.6,31.8,41.1,2.6,30.8,6.27,0.3,52.1,3.89,0.17,4.74,370.3,Moderate,0.0,,,,-1.5008373833185944,False,-0.0532555706907807,False
2021-02-15,Delhi,3.4,354.3,158.1,109.8,1.4,28.8,8.79,57.7,142.4,15.66,23.84,9.95,76.9,Good,0.0,,,,-1.758841783452031,False,-0.0721847454213197,False
2021-02-16,Delhi,204.5,312.4,109.7,55.9,101.5,38.8,7.88,56.9,121.1,3.33,11.69,0.7,423.8,Moderate,0.0,,,,-0.34122744282815,False,-0.1330422611634462,False
2021-02-17,Delhi,409.7,406.0,6.1,75.0,8.4,1.1,0.73,47.1,181.5,6.66,27.91,8.97,306.3,Satisfactory,0.0,,,,1.1052890300511158,False,-0.1030089598001785,False
2021-02-18,Delhi,78.2,508.9,127.2,61.5,84.5,30.8,8.17,65.3,54.9,14.44,3.22,1.07,352.5,Good,0.0,,,,-1.231554102305008,False,-0.1075271608958579,False
2021-02-19,Delhi,204.1,11.3,175.5,26.1,23.7,39.4,5.15,57.9,132.8,15.77,19.04,3.95,311.9,Very Poor,0.0,,,,-0.3440471630481875,False,-0.1092181820986602,False
2021-02-20,Delhi,44.4,419.3,133.5,82.8,106.6,46.6,4.8,81.4,148.5,8.24,22.0,1.4,447.5,Satisfactory,0.0,,,,-1.4698204608981813,False,-0.0925931413979903,False
2021-02-21,Delhi,345.7,13.7,1.8,122.7,160.5,14.3,7.25,29.1,78.9,6.46,20.33,5.32,205.8,Severe,0.0,,,,0.6541337948451069,False,-0.1050343255484647,False
2021-02-22,Delhi,237.5,336.0,5.0,50.6,225.9,17.4,5.52,28.8,141.8,14.07,0.2,9.09,322.0,Very Poor,0.0,,,,-0.1086005246750516,False,-0.1417202544503721,False
2021-02-23,Delhi,295.4,308.6,89.6,144.7,72.4,18.9,9.61,30.8,26.1,15.09,26.25,0.24,468.1,Moderate,0.0,,,,0.2995539771753843,False,-0.0581983421963807,False
2021-02-24,Delhi,288.3,560.5,73.4,47.2,126.8,27.2,0.58,86.7,113.7,5.49,4.74,5.56,250.2,Good,0.0,,,,0.2495039432697179,False,-0.0843603714649613,False
2021-02-25,Delhi,321.8,281.6,156.4,3.7,113.3,40.5,3.6,52.4,3.5,5.2,8.62,7.52,106.8,Satisfactory,0.0,,,,0.4856555116978631,False,-0.0733481225381766,False
2021-02-26,Delhi,15.6,354.2,158.8,31.0,142.1,17.2,4.69,19.6,55.8,14.51,22.14,9.14,325.1,Poor,0.0,,,,-1.6728403167408854,False,-0.0937432354687766,False
2021-02-27,Delhi,227.9,123.9,139.5,124.2,183.4,5.8,9.71,28.3,39.0,2.37,9.41,9.32,240.8,Severe,0.0,,,,-0.1762738099559529,False,-0.0898642459886876,False
2021-02-28,Delhi,192.8,210.7,3.7,49.7,40.3,42.3,7.0,38.0,151.7,6.46,29.12,9.9,249.0,Poor,0.0,,,,-0.4237042592642484,False,-0.1362945174993084,False
2021-03-01,Delhi,436.8,37.8,197.0,55.3,115.4,20.5,8.66,63.1,32.6,8.89,5.39,5.62,160.5,Poor,0.0,,,,1.2963250749586603,False,-0.0806570293100642,False
2021-03-02,Delhi,245.8,30.0,49.0,45.6,187.2,27.5,3.24,25.7,106.6,13.79,22.55,2.03,457.4,Severe,0.0,,,,-0.0500913301092723,False,-0.0954352881174673,False
2021-03-03,Delhi,367.6,184.7,41.8,19.4,203.3,25.0,4.34,20.1,126.0,13.63,9.29,5.29,257.2,Satisfactory,0.0,,,,0.8085134768921632,False,-0.1166826506154678,False
2021-03-04,Delhi,60.4,294.2,75.7,77.1,94.8,9.9,0.05,25.8,119.8,10.89,12.18,7.65,231.9,Moderate,0.0,,,,-1.3570316520966792,False,-0.1025407327455747,False
2021-03-05,Delhi,243.9,563.1,153.6,125.9,171.7,20.8,0.36,41.1,75.0,17.46,11.12,1.56,36.6,Satisfactory,0.0,,,,-0.0634850011544507,False,-0.0620578151942748,False
2021-03-06,Delhi,202.1,76.4,73.3,28.3,243.5,37.4,4.3,77.5,74.7,9.56,24.52,8.58,246.9,Poor,0.0,,,,-0.3581457641483753,False,-0.1163076872578111,False
2021-03-07,Delhi,74.2,9.9,5.7,145.2,111.2,37.9,9.93,98.7,165.5,11.26,27.02,8.22,67.6,Satisfactory,0.0,,,,-1.2597513045053836,False,0.0110605634579011,True
2021-03-08,Delhi,369.2,257.0,71.0,109.3,114.9,2.4,6.73,9.6,84.9,16.93,14.13,0.77,405.3,Poor,0.0,,,,0.8197923577723133,False,-0.1284198763152712,False
2021-03-09,Delhi,474.0,512.0,98.3,123.7,165.0,26.7,2.73,21.6,141.1,16.12,11.31,5.31,416.8,Poor,0.0,,,,1.558559055422153,False,-0.08094154000609,False
2021-03-10,Delhi,341.3,465.9,92.3,8.7,2.9,42.6,0.44,49.4,9.0,14.51,23.31,8.95,375.6,Poor,0.0,,,,0.6231168724246939,False,-0.0568793841780781,False
2021-03-11,Delhi,289.4,189.6,16.2,52.8,40.9,28.9,7.05,39.5,119.6,19.84,12.3,6.38,139.3,Poor,0.0,,,,0.257258173874821,False,-0.1354738720131986,False
2021-03-12,Delhi,21.3,102.7,169.4,136.3,180.8,17.5,3.99,46.4,1.8,12.42,28.2,9.09,341.4,Satisfactory,0.0,,,,-1.63265930360535,False,-0.0608707967091206,False
2021-03-13,Delhi,411.6,13.6,90.1,79.2,155.0,47.6,5.61,18.7,192.7,18.2,7.65,5.09,58.8,Good,0.0,,,,1.1186827010962943,False,-0.0678049358668205,False
2021-03-14,Delhi,92.8,209.4,45.6,23.9,73.5,28.3,6.03,97.6,104.9,11.17,4.78,4.9,364.4,Good,0.0,,,,-1.128634314273637,False,-0.0875389714135636,False
2021-03-15,Delhi,443.4,335.9,11.7,2.2,46.1,21.6,3.95,63.7,24.2,12.95,11.05,2.04,427.7,Moderate,0.0,,,,1.3428504585892798,False,-0.0661520253885483,False
2021-03-16,Delhi,218.5,482.4,194.2,23.1,235.8,31.3,2.46,66.8,60.9,2.02,29.71,4.11,369.7,Severe,0.0,,,,-0.2425372351268355,False,-0.1141998662286409,False
2021-03-17,Delhi,245.3,235.9,147.0,3.4,88.9,21.7,2.49,81.8,51.9,3.73,14.33,1.22,274.9,Severe,0.0,,,,-0.0536159803843192,False,-0.0942620053426366,False
2021-03-18,Delhi,327.5,16.2,35.1,88.9,244.6,11.9,4.18,29.1,83.6,8.76,2.68,2.19,15.1,Good,0.0,,,,0.5258365248333983,False,-0.0881980719253842,False
2021-03-19,Delhi,40.2,36.5,167.0,69.7,46.1,33.8,8.16,66.8,8.1,18.93,12.89,8.13,303.8,Good,0.0,,,,-1.499427523208576,False,-0.0648918111771535,False
2021-03-20,Delhi,315.7,476.4,188.2,125.8,245.2,11.0,7.71,67.8,6.3,19.19,24.82,4.24,198.0,Moderate,0.0,,,,0.4426547783422903,False,-0.0849636655954274,False
2021-03-21,Delhi,404.1,164.7,131.9,70.4,71.7,31.9,7.88,27.9,35.1,16.89,20.89,9.23,223.8,Satisfactory,0.0,,,,1.06581294697059,False,-0.1145302576229386,False
2021-03-22,Delhi,498.8,167.4,8.4,126.1,178.9,27.0,5.26,66.8,158.5,5.29,14.66,3.24,316.3,Moderate,0.0,,,,1.7333817090644812,False,-0.0888998825441328,False
2021-03-23,Delhi,91.0,582.5,44.8,114.3,76.2,12.3,4.12,84.0,156.7,9.21,23.49,7.65,163.7,Good,0.0,,,,-1.1413230552638065,False,-0.0739926611041285,False
2021-03-24,Delhi,354.8,594.5,87.0,21.4,80.3,26.8,1.26,95.3,112.1,11.96,14.11,2.71,332.4,Moderate,0.0,,,,0.7182824298509615,False,-0.0514884858893991,False
2021-03-25,Delhi,329.1,196.3,6.0,43.6,185.7,16.9,6.7,0.5,11.9,0.82,13.32,1.22,189.2,Good,0.0,,,,0.5371154057135487,False,-0.0817309102629197,False
2021-03-26,Delhi,478.4,263.2,62.8,67.0,229.7,38.1,2.6,53.9,53.1,2.14,15.52,7.35,143.6,Severe,0.0,,,,1.5895759778425658,False,-0.1135804246536648,False
2021-03-27,Delhi,280.2,484.9,82.7,59.7,218.5,45.8,2.59,47.7,84.1,3.45,24.57,8.25,264.6,Poor,0.0,,,,0.1924046088139572,False,-0.1331789141368755,False
2021-03-28,Delhi,373.5,308.3,187.3,51.0,63.8,31.2,5.16,66.6,139.6,18.15,21.89,1.03,292.7,Moderate,0.0,,,,0.850104350137717,False,-0.1388188065962041,False
2021-03-29,Delhi,431.8,411.4,181.4,59.3,60.2,13.8,1.73,48.3,42.5,12.24,4.06,7.33,96.3,Satisfactory,0.0,,,,1.2610785722081908,False,-0.1061113434561497,False
2021-03-30,Delhi,174.1,138.8,165.2,55.1,71.9,33.9,0.63,62.5,89.8,7.56,23.49,3.5,456.6,Moderate,0.0,,,,-0.5555261795510041,False,-0.087607961795,False
2021-03-31,Delhi,204.0,223.0,102.9,145.1,102.2,13.9,5.63,10.0,115.0,15.22,11.0,7.37,304.4,Satisfactory,0.0,,,,-0.3447520931031969,False,-0.0980595041860256,False
2021-04-01,Delhi,409.7,127.0,55.7,17.0,79.7,43.5,1.57,35.9,134.9,15.47,28.66,3.79,372.4,Good,0.0,,,,1.1052890300511158,False,-0.1001346271463273,False
2021-04-02,Delhi,315.1,221.1,25.5,106.6,155.1,12.1,7.95,17.8,59.7,5.37,5.44,2.62,3.2,Severe,0.0,,,,0.4384251980122342,False,-0.0895895193831275,False
2021-04-03,Delhi,357.1,118.7,131.3,29.3,176.2,19.4,2.83,90.2,93.7,1.25,22.26,7.33,251.8,Good,0.0,,,,0.7344958211161775,False,-0.1010392194427433,False
2021-04-04,Delhi,302.2,307.0,57.9,40.9,134.5,7.9,6.05,28.5,118.7,12.55,27.7,5.55,471.8,Poor,0.0,,,,0.3474892209160228,False,-0.1209146967569622,False
2021-04-05,Delhi,446.7,238.0,182.9,94.4,127.3,8.6,6.61,52.3,6.3,15.7,15.56,2.78,250.9,Good,0.0,,,,1.3661131504045896,False,-0.1033005856882298,False
2021-04-06,Delhi,79.8,423.5,17.5,23.0,27.4,1.3,6.21,50.2,125.2,12.21,6.59,0.75,353.8,Good,0.0,,,,-1.2202752214248578,False,-0.1061358775001178,False
2021-04-07,Delhi,161.4,16.7,67.7,98.4,192.4,1.8,6.56,32.6,37.5,0.65,6.56,9.09,322.5,Satisfactory,0.0,,,,-0.6450522965371964,False,-0.1061785922149854,False
2021-04-08,Delhi,102.6,334.3,55.9,82.1,63.0,48.3,7.69,32.6,129.5,11.71,23.12,3.0,35.3,Very Poor,0.0,,,,-1.059551168882717,False,-0.1032001386747442,False
2021-04-09,Delhi,406.7,265.0,22.6,89.6,125.4,4.2,5.57,39.9,140.2,17.14,16.93,3.39,144.0,Good,0.0,,,,1.084141128400834,False,-0.1407860135591404,False
2021-04-10,Delhi,434.8,175.9,31.2,141.4,241.7,47.6,2.79,57.0,138.8,17.37,21.25,8.62,190.5,Moderate,0.0,,,,1.2822264738584723,False,-0.1024400587053121,False
2021-04-11,Delhi,404.5,162.3,12.1,11.3,17.9,9.2,4.9,2.6,82.7,5.19,10.09,7.94,471.1,Good,0.0,,,,1.0686326671906277,False,-0.0596108586016369,False
2021-04-12,Delhi,32.9,219.3,87.8,69.3,2.9,34.2,4.8,90.3,120.7,11.24,14.58,6.73,434.5,Moderate,0.0,,,,-1.550887417224261,False,-0.0842907648969295,False
2021-04-13,Delhi,69.6,427.9,168.9,57.2,49.0,23.8,7.82,42.5,196.3,5.74,19.93,1.66,425.3,Moderate,0.0,,,,-1.2921780870358155,False,-0.0798184514416939,False
2021-04-14,Delhi,224.3,566.6,64.7,132.9,77.1,29.3,2.73,74.9,23.6,17.69,22.88,5.49,112.0,Good,0.0,,,,-0.2016512919362909,False,-0.0730468501982811,False
2021-04-15,Delhi,476.3,580.5,81.2,14.0,44.9,37.6,0.65,57.8,163.8,9.11,4.38,6.3,186.9,Good,0.0,,,,1.5747724466873687,False,-0.0428640295296147,False
2021-04-16,Delhi,492.7,587.1,33.1,124.2,133.3,7.8,3.69,85.5,46.6,2.18,18.49,3.63,424.0,Very Poor,0.0,,,,1.6903809757089083,False,-0.04944365820326,False
2021-04-17,Delhi,280.9,278.2,110.4,51.8,93.5,26.7,4.23,7.2,194.9,8.35,29.91,2.24,406.2,Very Poor,0.0,,,,0.1973391191990229,False,-0.0841605560109995,False
2021-04-18,Delhi,202.9,452.9,185.5,86.9,108.3,40.4,8.68,28.7,153.8,17.57,25.89,9.3,10.3,Very Poor,0.0,,,,-0.3525063237083001,False,-0.0726718613776739,False
2021-04-19,Delhi,353.7,483.6,16.7,41.9,230.2,30.0,5.3,35.9,42.6,3.0,23.78,1.8,231.6,Moderate,0.0,,,,0.710528199245858,False,-0.1257340901255239,False
2021-04-20,Delhi,80.6,58.8,75.8,121.6,233.4,4.8,0.23,20.2,156.1,12.46,20.47,7.15,455.2,Good,0.0,,,,-1.2146357809847828,False,-0.0435653690544322,False
2021-04-21,Delhi,7.6,343.4,121.6,139.5,143.1,11.2,8.44,23.8,90.9,3.36,17.23,4.12,333.7,Moderate,0.0,,,,-1.7292347211416366,False,-0.0756007168571342,False
2021-04-22,Delhi,79.8,287.3,30.7,142.4,31.6,32.4,0.01,15.7,125.2,16.72,14.76,9.52,0.6,Poor,0.0,,,,-1.2202752214248578,False,-0.025680099894893,False
2021-04-23,Delhi,293.8,599.8,166.2,95.3,128.4,11.5,7.41,37.2,155.1,3.2,7.59,3.02,291.2,Good,0.0,,,,0.2882750962952343,False,-0.1017279074984646,False
2021-04-24,Delhi,478.6,153.2,194.9,12.6,216.5,15.2,5.98,71.3,98.8,3.34,2.43,0.43,379.4,Satisfactory,0.0,,,,1.5909858379525847,False,-0.0866178911405258,False
2021-04-25,Delhi,382.5,272.6,188.7,38.2,58.8,49.8,2.25,0.6,79.1,7.03,8.56,4.36,294.6,Poor,0.0,,,,0.913548055088562,False,-0.0996318264346606,False
2021-04-26,Delhi,43.2,566.1,121.9,11.7,242.7,22.7,4.53,85.2,80.6,10.33,29.2,8.18,157.7,Severe,0.0,,,,-1.478279621558294,False,-0.0672924969355374,False
2021-04-27,Delhi,224.0,535.1,1.8,73.0,198.8,28.8,6.18,2.6,12.9,3.41,27.17,3.61,340.9,Good,0.0,,,,-0.2037660821013191,False,-0.0799213337622762,False
2021-04-28,Delhi,213.9,171.8,105.3,76.9,179.2,9.0,4.99,42.7,31.3,2.75,12.4,6.35,406.2,Very Poor,0.0,,,,-0.2749640176572673,False,-0.1245585177455693,False
2021-04-29,Delhi,305.0,427.7,168.0,21.9,64.6,19.5,1.97,78.3,150.4,2.42,8.11,8.08,195.9,Poor,0.0,,,,0.3672272624562857,False,-0.1084314642458908,False
2021-04-30,Delhi,174.2,423.2,36.8,78.2,211.5,44.7,4.55,20.8,133.0,12.43,6.02,5.78,432.8,Good,0.0,,,,-0.5548212494959949,False,-0.1135185221656298,False
2021-05-01,Delhi,60.5,478.1,160.0,83.3,53.7,18.7,4.75,20.2,95.0,12.91,2.36,9.73,12.0,Good,0.0,,,,-1.3563267220416697,False,-0.0800851300054222,False
2021-05-02,Delhi,310.6,501.8,109.3,132.8,104.0,19.8,2.31,36.9,82.2,18.88,27.07,3.47,284.1,Satisfactory,0.0,,,,0.4067033455368117,False,-0.1144296794853079,False
2021-05-03,Delhi,317.1,511.4,120.9,73.9,126.8,27.2,3.69,10.9,101.0,11.59,15.33,3.72,322.0,Very Poor,0.0,,,,0.4525237991124219,False,-0.1187299549838855,False
2021-05-04,Delhi,85.4,146.6,83.9,135.6,188.1,3.8,5.69,54.7,167.4,11.89,8.83,6.92,21.1,Severe,0.0,,,,-1.180799138344332,False,-0.0706418456576556,False
2021-05-05,Delhi,447.7,66.5,28.4,136.5,248.9,41.9,5.42,99.3,102.4,7.21,13.51,2.56,498.2,Moderate,0.0,,,,1.3731624509546834,False,-0.0366617092371877,False
2021-05-06,Delhi,109.5,442.0,152.7,97.4,221.9,21.8,4.04,28.1,108.9,13.51,16.2,9.35,258.4,Severe,0.0,,,,-1.0109109950870694,False,-0.1258237837298326,False
2021-05-07,Delhi,243.5,155.1,93.0,68.7,225.4,8.9,4.08,73.3,48.7,10.33,7.73,7.94,466.0,Moderate,0.0,,,,-0.0663047213744883,False,-0.1135973800189839,False
2021-05-08,Delhi,312.7,546.8,58.7,35.6,127.7,26.8,9.69,38.4,74.3,9.31,24.48,3.85,83.9,Severe,0.0,,,,0.4215068766920086,False,-0.0774332795518039,False
2021-05-09,Delhi,184.1,453.3,156.2,142.5,81.3,42.2,1.96,43.9,76.4,12.67,3.35,1.23,494.5,Severe,0.0,,,,-0.4850331740500653,False,-0.0738059167148642,False
2021-05-10,Delhi,34.0,423.9,86.8,142.8,170.9,37.5,7.29,6.7,196.4,7.14,10.62,1.0,300.5,Good,0.0,,,,-1.5431331866191578,False,-0.0351598448124489,False
2021-05-11,Delhi,260.0,51.3,64.4,111.8,181.2,28.3,9.86,41.0,84.3,14.29,21.55,1.11,338.7,Severe,0.0,,,,0.0500087377020608,False,-0.0968931599457642,False
2021-05-12,Delhi,75.7,560.5,125.1,19.9,26.2,42.3,4.7,26.9,109.3,12.35,13.58,9.8,410.6,Poor,0.0,,,,-1.2491773536802429,False,-0.0783066690395313,False
2021-05-13,Delhi,104.4,45.7,169.6,33.7,13.6,43.6,1.74,28.7,121.7,12.56,8.4,2.38,490.4,Very Poor,0.0,,,,-1.046862427892548,False,-0.0609072272472582,False
2021-05-14,Delhi,25.4,488.3,32.0,7.5,111.5,1.8,0.09,82.3,32.3,2.62,26.94,2.48,310.3,Satisfactory,0.0,,,,-1.6037571713499652,False,-0.0381076106724519,False
2021-05-15,Delhi,36.4,16.9,17.2,123.8,27.1,5.5,9.45,98.5,87.7,19.02,19.37,0.69,256.5,Satisfactory,0.0,,,,-1.5262148652989325,False,-0.0268907328583444,False
2021-05-16,Delhi,91.4,574.6,52.0,76.8,174.0,36.9,3.22,62.0,29.1,14.84,22.13,6.62,371.9,Satisfactory,0.0,,,,-1.1385033350437683,False,-0.0958982816202584,False
2021-05-17,Delhi,441.1,305.7,187.6,71.5,112.4,15.9,0.76,23.3,57.1,11.47,16.29,5.01,105.9,Moderate,0.0,,,,1.326637067324064,False,-0.1039373433463849,False
2021-05-18,Delhi,267.0,140.4,166.5,55.5,76.4,33.9,3.05,15.1,2.5,14.77,14.91,1.92,461.5,Good,0.0,,,,0.099353841552718,False,-0.0786766806046185,False
2021-05-19,Delhi,188.8,168.2,159.0,40.9,20.2,35.5,6.33,22.8,170.2,15.11,24.36,9.73,296.7,Good,0.0,,,,-0.4519014614646239,False,-0.1169747366624121,False
2021-05-20,Delhi,447.1,402.2,111.1,133.4,161.2,38.7,8.58,56.7,128.1,3.34,6.22,2.61,142.9,Satisfactory,0.0,,,,1.368932870624627,False,-0.0966079426192543,False
2021-05-21,Delhi,475.7,108.5,169.0,44.5,230.0,24.1,2.12,10.3,64.2,17.69,26.45,0.77,415.1,Moderate,0.0,,,,1.5705428663573122,False,-0.0732917009389612,False
2021-05-22,Delhi,433.2,258.6,153.2,121.4,246.4,1.7,6.53,97.8,0.3,18.42,27.31,2.01,391.9,Moderate,0.0,,,,1.270947592978322,False,-0.0402404425509357,False
2021-05-23,Delhi,48.6,235.9,190.8,98.7,176.1,8.5,2.19,4.9,72.2,9.86,23.05,5.79,415.9,Very Poor,0.0,,,,-1.4402133985877872,False,-0.0860159208863174,False
2021-05-24,Delhi,87.3,523.6,63.3,64.9,72.3,30.7,6.35,53.7,75.2,16.47,13.52,3.9,495.5,Very Poor,0.0,,,,-1.1674054672991536,False,-0.0839211697433798,False
2021-05-25,Delhi,26.6,408.8,157.2,46.8,163.2,4.6,5.55,19.2,188.1,6.3,20.74,7.84,125.4,Poor,0.0,,,,-1.5952980106898529,False,-0.0654110245867684,False
2021-05-26,Delhi,153.1,231.5,40.4,40.8,143.8,44.9,9.29,5.7,4.2,15.17,7.29,3.25,161.0,Good,0.0,,,,-0.7035614911029758,False,-0.0599322646170341,False
2021-05-27,Delhi,440.3,63.6,75.3,112.5,23.3,19.6,6.66,85.5,134.6,6.33,29.98,6.01,352.8,Poor,0.0,,,,1.320997626883989,False,-0.0999109237861773,False
2021-05-28,Delhi,112.5,506.4,33.0,46.8,155.6,20.0,2.72,95.8,175.3,18.74,5.07,0.18,187.5,Moderate,0.0,,,,-0.9897630934367876,False,-0.0729096778770131,False
2021-05-29,Delhi,306.3,551.0,90.4,74.7,45.0,6.8,0.07,98.6,199.7,9.8,5.85,1.4,451.2,Very Poor,0.0,,,,0.3763913531714078,False,-0.0205027011937455,False
2021-05-30,Delhi,400.6,200.4,176.0,142.5,194.6,19.9,1.28,88.7,86.7,7.27,8.58,2.14,20.6,Moderate,0.0,,,,1.0411403950452616,False,-0.0502654039713544,False
2021-05-31,Delhi,362.0,299.3,129.2,33.9,147.9,4.3,2.75,36.3,117.7,18.03,0.71,6.9,110.4,Good,0.0,,,,0.7690373938116374,False,-0.1260486780753481,False
2021-06-01,Delhi,416.8,404.3,25.8,52.0,10.6,42.1,6.68,56.7,190.8,11.76,27.69,8.25,323.0,Severe,0.0,,,,1.1553390639567824,False,-0.1021303613834036,False
2021-06-02,Delhi,17.5,306.7,50.9,111.8,130.5,33.6,4.64,22.2,155.8,3.83,0.41,1.67,41.4,Severe,0.0,,,,-1.6594466456957069,False,-0.0724561403759367,False
2021-06-03,Delhi,409.2,228.1,60.7,108.2,143.9,6.9,4.27,92.0,131.6,19.37,0.73,2.19,173.0,Satisfactory,0.0,,,,1.1017643797760688,False,-0.1123983559341431,False
2021-06-04,Delhi,415.0,129.4,105.1,62.5,106.5,43.3,2.7,75.2,77.3,13.41,16.69,1.45,181.8,Very Poor,0.0,,,,1.1426503229666134,False,-0.1194851618770521,False
2021-06-05,Delhi,223.7,185.6,145.2,70.4,42.0,17.9,3.31,22.4,89.7,10.9,17.02,6.08,107.5,Poor,0.0,,,,-0.2058808722663473,False,-0.1317743156138905,False
2021-06-06,Delhi,261.5,36.7,43.7,119.5,232.8,35.2,6.76,46.8,88.5,2.39,17.5,4.27,44.7,Very Poor,0.0,,,,0.0605826885272016,False,-0.1038612331879941,False
2021-06-07,Delhi,285.5,536.1,123.7,103.1,152.5,5.8,3.0,39.2,104.9,18.16,16.56,7.87,173.7,Satisfactory,0.0,,,,0.2297659017294549,False,-0.1268079863264078,False
2021-06-08,Delhi,310.8,195.2,165.2,3.0,192.8,13.0,1.84,25.9,76.0,3.25,4.86,0.18,146.0,Satisfactory,0.0,,,,0.4081132056468304,False,-0.1004071152517091,False
2021-06-09,Delhi,129.3,488.3,165.2,39.4,230.3,23.9,4.46,99.7,165.8,10.57,25.74,1.23,375.6,Poor,0.0,,,,-0.8713348441952102,False,-0.0767049471310472,False
2021-06-10,Delhi,454.0,594.2,90.7,75.3,43.5,10.6,3.6,96.4,161.9,10.23,0.47,5.27,85.9,Moderate,0.0,,,,1.417573044420275,False,-0.0446976248182375,False
2021-06-11,Delhi,212.2,522.1,7.8,109.7,38.2,1.5,6.52,48.3,125.7,8.92,17.44,4.54,272.8,Satisfactory,0.0,,,,-0.2869478285924271,False,-0.1307430988694267,False
2021-06-12,Delhi,319.5,160.4,87.0,15.4,225.5,42.7,5.96,39.3,9.5,14.92,19.22,6.03,233.4,Moderate,0.0,,,,0.4694421204326471,False,-0.0979687971331198,False
2021-06-13,Delhi,390.4,5.9,45.2,62.4,83.7,39.6,6.52,39.6,187.6,10.51,21.33,1.2,19.5,Severe,0.0,,,,0.9692375294343036,False,-0.0685075708424884,False
2021-06-14,Delhi,347.0,168.2,17.5,61.6,22.7,24.2,8.12,95.9,146.3,0.82,14.43,2.82,164.0,Moderate,0.0,,,,0.6632978855602291,False,-0.0959499190598478,False
2021-06-15,Delhi,291.5,492.2,25.6,75.9,155.9,26.4,4.84,39.6,126.1,11.0,6.93,6.7,238.3,Good,0.0,,,,0.2720617050300182,False,-0.1403714558424819,False
2021-06-16,Delhi,262.0,472.7,19.8,96.0,22.2,48.3,9.86,99.3,190.3,19.42,2.74,0.68,496.9,Very Poor,0.0,,,,0.0641073388022485,False,-0.0183471543263127,False
2021-06-17,Delhi,353.3,219.4,183.7,101.3,108.7,12.5,4.66,14.0,177.3,8.78,1.5,6.86,343.3,Severe,0.0,,,,0.7077084790258206,False,-0.1143978284862431,False
2021-06-18,Delhi,231.9,93.8,196.1,148.6,223.1,38.9,8.13,81.8,174.3,1.0,21.41,1.29,47.7,Very Poor,0.0,,,,-0.1480766077555774,False,-0.0537123083694686,False
2021-06-19,Delhi,274.0,38.3,177.7,127.7,89.2,2.7,3.03,54.7,172.7,14.5,29.21,0.83,131.7,Severe,0.0,,,,0.1486989454033752,False,-0.0934274066034379,False
2021-06-20,Delhi,498.3,128.6,58.8,90.9,50.2,42.2,5.12,26.2,22.5,14.0,16.47,7.35,270.2,Moderate,0.0,,,,1.7298570587894344,False,-0.0888324928443907,False
2021-06-21,Delhi,187.3,481.2,185.8,7.3,222.2,0.3,3.26,10.3,63.2,17.48,20.94,8.09,406.8,Moderate,0.0,,,,-0.4624754122897647,False,-0.0778622709859974,False
2021-06-22,Delhi,153.9,542.8,40.9,12.7,176.5,19.1,3.33,87.3,133.7,19.51,9.03,0.7,227.1,Severe,0.0,,,,-0.6979220506629006,False,-0.0870140865412772,False
2021-06-23,Delhi,68.6,479.0,165.3,28.4,200.3,14.9,1.08,81.7,166.4,0.32,29.28,8.32,266.6,Satisfactory,0.0,,,,-1.2992273875859093,False,-0.0817451315610095,False
2021-06-24,Delhi,10.0,58.6,56.1,107.0,15.6,47.5,7.41,66.6,169.3,18.12,13.48,6.87,132.1,Satisfactory,0.0,,,,-1.712316399821411,False,-0.0713190923420329,False
2021-06-25,Delhi,386.6,431.7,166.6,58.3,189.7,4.3,8.86,42.9,182.9,2.37,9.22,9.79,336.2,Good,0.0,,,,0.9424501873439473,False,-0.1040215235518345,False
2021-06-26,Delhi,292.7,430.2,14.7,62.5,225.8,32.0,1.3,59.3,87.3,3.79,15.87,7.65,94.6,Very Poor,0.0,,,,0.2805208656901308,False,-0.117769750548321,False
2021-06-27,Delhi,67.9,427.9,125.2,52.9,1.0,43.4,7.09,29.6,151.0,18.45,8.04,6.16,15.4,Very Poor,0.0,,,,-1.304161897970975,False,-0.0726283130813563,False
2021-06-28,Delhi,421.8,36.6,56.2,39.0,152.6,18.6,0.06,82.1,166.3,9.69,6.33,6.42,183.6,Good,0.0,,,,1.190585566707252,False,-0.0650752510400473,False
2021-06-29,Delhi,473.7,346.8,78.1,107.3,86.4,34.6,5.8,68.1,31.3,4.71,14.12,7.71,369.3,Very Poor,0.0,,,,1.5564442652571244,False,-0.1038827177564533,False
2021-06-30,Delhi,497.2,435.2,44.8,11.7,215.4,40.4,4.88,95.5,55.5,4.22,11.45,0.55,121.1,Very Poor,0.0,,,,1.722102828184331,False,-0.0459529306013229,False
2021-07-01,Delhi,458.1,368.6,174.6,104.0,22.2,20.5,5.93,6.3,182.4,13.34,5.67,2.13,337.9,Good,0.0,,,,1.44647517667566,False,-0.083907941506757,False
2021-07-02,Delhi,180.8,536.1,157.9,118.5,188.8,4.7,8.73,45.7,100.4,7.38,2.24,9.11,324.5,Very Poor,0.0,,,,-0.508295865865375,False,-0.1058933350172526,False
2021-07-03,Delhi,419.5,318.6,21.8,61.6,18.1,48.2,9.6,9.1,86.2,14.92,12.54,5.11,266.4,Severe,0.0,,,,1.174372175442036,False,-0.0924227985201462,False
2021-07-04,Delhi,302.7,391.3,169.3,48.6,229.2,0.5,4.13,52.8,185.0,6.43,26.29,8.1,321.5,Severe,0.0,,,,0.3510138711910697,False,-0.1276413890918112,False
2021-07-05,Delhi,391.9,73.0,82.8,146.5,181.8,37.2,8.12,54.9,22.0,16.17,11.86,2.76,96.0,Moderate,0.0,,,,0.9798114802594444,False,-0.0645968367446172,False
2021-07-06,Delhi,340.1,280.7,26.8,68.8,39.4,18.8,1.5,68.4,78.4,16.89,28.37,3.5,481.4,Satisfactory,0.0,,,,0.6146577117645814,False,-0.1020646185289854,False
2021-07-07,Delhi,256.7,83.2,194.0,26.1,54.6,33.0,3.57,32.0,92.2,5.9,23.39,0.98,352.2,Satisfactory,0.0,,,,0.0267460458867508,False,-0.1190802076517691,False
2021-07-08,Delhi,430.1,107.1,79.9,28.6,181.6,20.4,4.9,31.6,107.6,16.66,21.11,6.13,489.4,Severe,0.0,,,,1.2490947612730312,False,-0.089389133040898,False
2021-07-09,Delhi,195.0,225.4,184.9,31.7,201.7,15.3,9.77,60.0,194.6,7.54,4.37,8.53,182.3,Good,0.0,,,,-0.4081957980540419,False,-0.0778146530703333,False
2021-07-10,Delhi,487.9,299.3,168.8,10.9,206.1,31.7,1.72,4.5,177.7,8.4,25.27,0.15,332.1,Satisfactory,0.0,,,,1.6565443330684575,False,-0.0624133562554451,False
2021-07-11,Delhi,266.8,548.5,79.9,121.7,30.0,8.7,3.81,97.8,12.7,8.22,28.68,2.08,36.3,Severe,0.0,,,,0.0979439814426993,False,-0.0374356518365925,False
2021-07-12,Delhi,8.7,159.7,37.9,2.4,236.9,3.1,5.85,93.4,191.7,4.97,3.9,7.13,263.2,Very Poor,0.0,,,,-1.7214804905365333,False,-0.0193523326088694,False
2021-07-13,Delhi,430.6,343.0,191.8,6.7,169.2,14.4,3.31,96.4,144.6,13.8,16.97,5.38,427.4,Poor,0.0,,,,1.2526194115480782,False,-0.0492454159324721,False
2021-07-14,Delhi,7.3,492.8,125.5,132.7,122.1,26.9,9.47,10.3,146.1,6.16,24.43,7.62,181.8,Poor,0.0,,,,-1.7313495113066646,False,-0.0338206681965956,False
2021-07-15,Delhi,154.4,273.3,90.0,63.4,112.9,10.9,3.2,28.6,163.6,15.02,23.37,2.72,182.1,Poor,0.0,,,,-0.6943974003878537,False,-0.118939288122091,False
2021-07-16,Delhi,319.1,106.8,74.4,101.8,144.1,36.4,9.66,54.4,26.9,5.45,1.19,0.99,323.4,Satisfactory,0.0,,,,0.4666224002126097,False,-0.0910314966706672,False
2021-07-17,Delhi,86.4,333.2,103.6,27.4,207.6,47.0,8.95,52.7,38.2,18.08,4.86,2.27,10.6,Poor,0.0,,,,-1.173749837794238,False,-0.0569817452062221,False
2021-07-18,Delhi,249.7,212.9,177.6,81.8,5.0,17.3,2.2,84.4,83.0,7.2,16.55,6.49,362.4,Very Poor,0.0,,,,-0.0225990579639063,False,-0.1233840810415158,False
2021-07-19,Delhi,389.8,453.9,167.5,130.3,98.8,13.4,7.99,32.1,197.9,15.6,12.41,8.01,399.4,Poor,0.0,,,,0.9650079491042476,False,-0.0749048776178676,False
2021-07-20,Delhi,205.5,142.7,75.2,96.6,115.7,34.8,8.41,94.1,132.6,16.62,26.97,6.01,497.2,Very Poor,0.0,,,,-0.3341781422780561,False,-0.0608772715567681,False
2021-07-21,Delhi,218.2,510.0,50.6,117.3,194.9,42.7,0.89,39.8,193.1,6.87,10.26,4.47,0.4,Very Poor,0.0,,,,-0.2446520252918637,False,-0.0364684885308104,False
2021-07-22,Delhi,254.9,339.6,65.6,144.4,204.6,47.6,9.49,63.2,24.1,16.31,17.54,7.7,191.3,Severe,0.0,,,,0.014057304896582,False,-0.0766360679046463,False
2021-07-23,Delhi,435.3,517.1,20.2,67.6,108.3,19.4,9.92,91.8,52.2,16.03,3.71,0.56,316.8,Satisfactory,0.0,,,,1.285751124133519,False,-0.0628836720747372,False
2021-07-24,Delhi,289.4,202.8,11.8,135.3,154.3,35.3,6.34,72.1,39.3,0.87,28.97,7.37,364.0,Poor,0.0,,,,0.257258173874821,False,-0.1133145217156649,False
2021-07-25,Delhi,313.7,297.7,146.0,79.5,208.5,27.3,9.55,73.7,52.1,10.9,5.44,4.68,142.7,Moderate,0.0,,,,0.4285561772421025,False,-0.1058499697107643,False
2021-07-26,Delhi,263.6,53.2,49.8,93.3,24.5,48.2,9.32,27.5,16.2,6.83,27.88,3.66,401.4,Poor,0.0,,,,0.0753862196823989,False,-0.0743927604215932,False
2021-07-27,Delhi,125.0,261.7,134.6,146.6,13.4,19.3,6.93,1.1,58.9,3.8,17.65,5.58,328.0,Good,0.0,,,,-0.901646836560614,False,-0.0629991041178573,False
2021-07-28,Delhi,390.6,37.1,24.7,76.8,239.5,1.2,5.4,81.8,12.2,14.26,16.13,4.1,493.1,Moderate,0.0,,,,0.9706473895443228,False,-0.062775918288977,False
2021-07-29,Delhi,450.0,380.2,166.8,32.5,91.1,23.3,0.98,91.0,163.9,13.69,13.7,4.17,468.3,Moderate,0.0,,,,1.3893758422198994,False,-0.055366114227944,False
2021-07-30,Delhi,54.0,0.4,105.4,104.5,204.9,19.1,9.42,92.1,2.5,4.23,19.62,7.12,384.0,Satisfactory,0.0,,,,-1.40214717561728,False,-0.0049458001318684,False
2021-07-31,Delhi,392.4,513.9,46.9,14.2,65.2,16.4,1.95,29.9,27.1,18.47,28.63,1.18,347.6,Poor,0.0,,,,0.9833361305344914,False,-0.0882319501494409,False
2021-08-01,Delhi,8.3,378.2,133.3,117.7,39.9,39.9,1.9,95.6,7.5,11.8,23.77,9.36,459.4,Moderate,0.0,,,,-1.7243002107565706,False,-0.0216440186787115,False
2021-08-02,Delhi,104.8,489.7,149.0,88.1,234.2,46.6,4.11,69.1,162.3,13.19,25.97,5.22,224.8,Moderate,0.0,,,,-1.0440427076725105,False,-0.1127310926944398,False
2021-08-03,Delhi,301.5,16.1,21.7,135.6,37.8,25.4,7.72,46.6,45.3,12.35,24.62,9.32,334.5,Very Poor,0.0,,,,0.3425547105309571,False,-0.0946629106219093,False
2021-08-04,Delhi,400.3,598.3,47.9,98.4,179.7,29.9,3.04,59.8,109.7,16.71,17.59,1.72,96.5,Severe,0.0,,,,1.039025604880233,False,-0.0819074599223072,False
2021-08-05,Delhi,175.4,177.3,16.4,21.3,65.1,25.3,3.27,51.5,16.1,0.7,10.71,3.62,2.8,Severe,0.0,,,,-0.546362088835882,False,-0.054688742309473,False
2021-08-06,Delhi,23.1,550.8,99.6,30.7,146.5,28.9,0.32,88.9,24.5,14.22,21.63,2.57,426.1,Severe,0.0,,,,-1.6199705626151812,False,-0.02910878469671,False
2021-08-07,Delhi,454.3,121.8,105.4,66.6,74.8,21.6,0.91,44.3,95.8,9.13,18.32,6.47,292.9,Satisfactory,0.0,,,,1.4196878345853032,False,-0.1015719460828338,False
2021-08-08,Delhi,272.0,9.3,89.1,78.4,44.2,32.0,1.32,29.9,156.9,8.27,25.61,2.19,366.7,Moderate,0.0,,,,0.1346003443031874,False,-0.0788572255721419,False
2021-08-09,Delhi,37.0,73.8,67.4,144.8,122.3,15.9,9.84,46.1,173.4,7.47,24.24,5.11,336.8,Satisfactory,0.0,,,,-1.5219852849688762,False,-0.0418677393172776,False
2021-08-10,Delhi,492.0,220.2,185.6,130.5,39.3,41.0,9.01,58.5,199.3,17.06,12.96,3.45,341.2,Severe,0.0,,,,1.6854464653238428,False,-0.0560735745563929,False
2021-08-11,Delhi,176.0,435.1,81.3,86.0,115.1,18.7,8.04,14.5,180.9,12.38,28.96,1.4,408.8,Poor,0.0,,,,-0.5421325085058257,False,-0.0898641602557796,False
2021-08-12,Delhi,37.0,178.3,7.8,81.0,170.3,47.3,5.33,71.8,57.0,0.44,28.06,3.83,319.1,Satisfactory,0.0,,,,-1.5219852849688762,False,-0.1061205044908477,False
2021-08-13,Delhi,62.9,345.8,74.6,0.2,225.5,18.4,8.59,15.8,5.5,2.41,2.35,8.17,309.9,Moderate,0.0,,,,-1.3394084007214444,False,-0.0308420451549106,False
2021-08-14,Delhi,447.3,14.9,77.2,4.2,95.3,39.9,1.43,69.0,71.9,16.92,29.02,9.28,188.6,Very Poor,0.0,,,,1.370342730734646,False,-0.0646718218174045,False
2021-08-15,Delhi,261.1,378.7,79.5,88.4,125.9,18.7,6.03,88.7,157.1,6.5,3.08,6.73,115.2,Severe,0.0,,,,0.0577629683071642,False,-0.1233260117078443,False
2021-08-16,Delhi,492.7,357.7,108.8,85.6,148.6,15.0,0.58,89.9,142.8,15.64,8.37,0.08,433.4,Moderate,0.0,,,,1.6903809757089083,False,-0.0573985803052842,False
2021-08-17,Delhi,329.5,411.1,58.3,85.3,125.2,34.6,7.17,74.8,21.8,10.03,27.02,0.89,32.8,Moderate,0.0,,,,0.5399351259335861,False,-0.0913391846817729,False
2021-08-18,Delhi,383.3,308.5,126.2,44.4,60.6,38.0,9.19,79.3,113.7,12.17,4.76,9.04,426.8,Good,0.0,,,,0.9191874955286372,False,-0.0914216593064342,False
2021-08-19,Delhi,488.5,310.2,134.0,87.9,42.9,12.4,7.89,58.0,31.3,3.62,21.6,6.57,14.0,Good,0.0,,,,1.6607739133985142,False,-0.0699365374604505,False
2021-08-20,Delhi,330.7,7.5,100.0,88.2,99.8,41.4,4.17,34.1,199.2,12.53,26.17,4.4,142.6,Severe,0.0,,,,0.5483942865936986,False,-0.0809076640589572,False
2021-08-21,Delhi,257.2,574.1,85.1,122.8,77.8,43.4,0.14,42.3,84.2,18.28,12.33,1.19,419.0,Severe,0.0,,,,0.0302706961617978,False,-0.0747689315897935,False
2021-08-22,Delhi,396.1,23.1,127.6,69.7,167.4,22.0,0.12,54.8,132.6,12.05,2.37,7.47,414.7,Good,0.0,,,,1.009418542569839,False,-0.0781145379976301,False
2021-08-23,Delhi,171.6,7.6,4.0,135.3,211.7,34.1,9.97,31.2,5.3,6.75,26.43,7.39,252.6,Poor,0.0,,,,-0.5731494309262389,False,-0.0289140594045028,False
2021-08-24,Delhi,347.8,95.7,75.1,2.5,146.3,46.5,8.07,85.2,83.9,8.22,15.44,0.11,389.2,Severe,0.0,,,,0.6689373260003042,False,-0.066756344274097,False
2021-08-25,Delhi,403.5,461.7,40.0,28.2,136.9,19.5,7.18,8.4,153.8,15.72,23.77,7.35,35.1,Very Poor,0.0,,,,1.0615833666405337,False,-0.0676732896917257,False
2021-08-26,Delhi,485.5,374.9,106.8,62.6,32.4,3.5,9.9,14.6,125.8,11.73,21.5,8.9,64.9,Moderate,0.0,,,,1.6396260117482324,False,-0.0502647828830961,False
2021-08-27,Delhi,265.5,443.6,59.6,6.9,65.9,5.0,9.54,90.2,191.7,19.34,0.01,1.69,370.5,Very Poor,0.0,,,,0.0887798907275772,False,-0.0254477243750919,False
2021-08-28,Delhi,84.0,28.2,37.2,58.6,195.5,36.8,9.78,44.6,193.1,8.76,2.3,7.71,121.9,Good,0.0,,,,-1.1906681591144634,False,-0.0444594759464971,False
2021-08-29,Delhi,287.8,476.5,106.5,58.7,74.1,7.2,2.46,14.0,152.2,15.68,1.24,4.67,322.8,Satisfactory,0.0,,,,0.2459792929946709,False,-0.111048069355689,False
2021-08-30,Delhi,401.5,515.5,114.0,63.6,63.0,21.8,1.34,81.8,72.6,18.68,13.34,4.94,282.1,Moderate,0.0,,,,1.047484765540346,False,-0.0980610726144771,False
2021-08-31,Delhi,286.4,148.3,46.9,55.7,13.8,24.3,5.91,14.3,156.5,8.12,16.4,3.12,274.4,Moderate,0.0,,,,0.2361102722245392,False,-0.1203261750913875,False
2021-09-01,Delhi,365.3,203.7,194.6,52.3,63.1,37.6,3.09,83.9,182.4,14.21,18.46,3.39,136.8,Very Poor,0.0,,,,0.7923000856269473,False,-0.1006601771795541,False
2021-09-02,Delhi,455.2,519.7,89.1,41.9,102.1,30.1,6.63,34.5,184.7,12.27,29.17,6.59,344.0,Moderate,0.0,,,,1.4260322050803875,False,-0.0923102705447083,False
2021-09-03,Delhi,266.6,166.9,18.2,100.2,214.9,33.1,3.76,43.6,33.4,11.13,6.52,8.09,431.4,Good,0.0,,,,0.0965341213326806,False,-0.120070425467088,False
2021-09-04,Delhi,374.1,286.4,76.8,148.9,41.2,38.4,9.91,95.0,53.1,5.14,26.88,5.38,140.4,Satisfactory,0.0,,,,0.8543339304677735,False,-0.0424973706513311,False
2021-09-05,Delhi,107.4,434.6,61.6,131.1,104.1,7.7,0.07,44.7,85.1,2.33,5.31,6.74,153.7,Severe,0.0,,,,-1.0257145262422664,False,-0.0858495695425839,False
2021-09-06,Delhi,349.9,414.8,74.4,72.4,112.7,44.7,7.34,30.7,156.4,18.63,2.53,8.04,130.7,Poor,0.0,,,,0.6837408571555011,False,-0.1171298704013731,False
2021-09-07,Delhi,77.6,491.9,196.1,67.7,45.3,18.1,4.52,87.8,97.9,14.38,2.15,6.51,64.4,Severe,0.0,,,,-1.2357836826350643,False,-0.0891494489671342,False
2021-09-08,Delhi,424.4,314.9,126.6,104.2,82.2,17.6,0.95,19.3,61.7,8.19,3.9,8.84,21.6,Severe,0.0,,,,1.208913748137496,False,-0.0764024172394297,False
2021-09-09,Delhi,215.3,255.0,131.5,127.3,3.5,23.2,8.8,89.2,115.2,5.43,6.09,9.74,419.4,Moderate,0.0,,,,-0.2650949968871359,False,-0.0914819303563527,False
2021-09-10,Delhi,43.6,170.2,143.2,111.1,31.2,22.2,8.98,93.4,103.4,1.99,28.63,2.3,311.3,Moderate,0.0,,,,-1.4754599013382566,False,-0.0687405592651622,False
2021-09-11,Delhi,171.0,548.9,66.3,99.3,102.8,29.8,1.41,25.7,49.9,13.9,20.23,1.9,461.8,Satisfactory,0.0,,,,-0.5773790112562952,False,-0.0805427786928208,False
2021-09-12,Delhi,323.6,250.6,87.1,96.3,3.2,17.6,1.6,86.7,132.9,8.71,0.27,3.2,446.8,Moderate,0.0,,,,0.4983442526880322,False,-0.1006696253010727,False
2021-09-13,Delhi,152.2,166.1,181.3,95.5,131.8,19.8,5.67,45.7,127.5,11.37,3.47,1.91,487.9,Poor,0.0,,,,-0.7099058615980604,False,-0.111463471020307,False
2021-09-14,Delhi,149.7,132.3,100.0,19.8,32.0,26.2,3.3,2.0,113.8,5.27,17.26,1.99,195.4,Severe,0.0,,,,-0.727529112973295,False,-0.0895287072627334,False
2021-09-15,Delhi,343.9,54.3,21.5,72.1,85.9,14.4,7.58,8.8,8.9,15.79,9.71,6.97,174.7,Poor,0.0,,,,0.6414450538549378,False,-0.089900381996664,False
2021-09-16,Delhi,385.3,422.3,198.5,3.8,212.3,22.5,8.74,59.1,92.0,5.27,27.78,7.62,84.0,Moderate,0.0,,,,0.933286096628825,False,-0.0680056068074529,False
2021-09-17,Delhi,471.6,538.3,59.3,113.9,115.5,4.8,7.93,46.2,162.5,4.48,16.62,1.92,22.8,Severe,0.0,,,,1.5416407341019276,False,-0.0697526482095627,False
2021-09-18,Delhi,190.0,525.8,186.7,35.1,242.2,42.9,4.0,87.7,138.0,19.61,1.7,0.66,354.4,Severe,0.0,,,,-0.4434423008045113,False,-0.1066026479246277,False
2021-09-19,Delhi,208.7,139.4,30.8,101.0,122.9,41.5,7.26,24.6,45.9,13.59,26.55,3.01,17.6,Severe,0.0,,,,-0.3116203805177557,False,-0.1015747148057779,False
2021-09-20,Delhi,331.2,92.9,163.3,101.4,94.4,1.9,6.65,84.6,197.1,7.54,19.48,1.03,240.3,Severe,0.0,,,,0.5519189368687455,False,-0.0891299796312889,False
2021-09-21,Delhi,365.9,236.0,69.0,81.9,28.6,42.9,2.35,45.1,182.7,7.12,3.59,8.31,371.7,Poor,0.0,,,,0.7965296659570034,False,-0.1209562221743363,False
2021-09-22,Delhi,290.3,502.7,120.4,65.1,206.5,34.3,6.17,17.6,39.3,4.63,21.42,7.84,242.0,Moderate,0.0,,,,0.2636025443699057,False,-0.1186945298680405,False
2021-09-23,Delhi,314.9,216.4,176.0,86.3,245.5,22.7,6.21,61.6,5.6,8.71,16.75,7.66,102.4,Moderate,0.0,,,,0.4370153379022151,False,-0.1077242981138698,False
2021-09-24,Delhi,286.1,42.3,191.4,63.4,1.1,48.2,2.51,37.5,10.8,19.47,26.68,1.66,293.8,Poor,0.0,,,,0.2339954820595114,False,-0.0947687789448437,False
2021-09-25,Delhi,22.3,587.3,128.0,55.6,94.7,25.2,0.13,49.0,120.0,14.22,19.38,9.98,351.7,Poor,0.0,,,,-1.6256100030552565,False,-0.0591805692328402,False
2021-09-26,Delhi,152.1,105.4,93.9,29.9,138.9,43.9,0.42,24.0,85.3,4.22,0.69,4.22,323.7,Poor,0.0,,,,-0.7106107916530697,False,-0.0879195240087848,False
2021-09-27,Delhi,7.4,344.1,157.3,33.2,139.8,14.8,7.48,18.5,15.7,10.77,25.2,5.82,20.0,Moderate,0.0,,,,-1.730644581251655,False,-0.0503809862654343,False
2021-09-28,Delhi,3.6,44.1,75.7,91.0,108.7,34.8,4.33,94.1,172.6,13.25,19.91,4.24,182.5,Poor,0.0,,,,-1.757431923342012,False,-0.0568332719314675,False
2021-09-29,Delhi,63.7,347.4,37.1,81.7,177.9,38.3,6.97,20.3,164.2,15.72,23.14,5.47,468.1,Poor,0.0,,,,-1.3337689602813694,False,-0.0835456870090188,False
2021-09-30,Delhi,158.6,290.0,131.2,7.6,46.8,8.5,2.65,73.1,169.3,12.88,29.17,7.22,330.0,Moderate,0.0,,,,-0.6647903380774595,False,-0.0910655519510067,False
2021-10-01,Delhi,209.1,53.0,106.6,69.4,60.5,31.1,8.97,89.4,117.8,3.67,22.44,1.25,213.1,Good,0.0,,,,-0.3088006602977181,False,-0.088643143895527,False
2021-10-02,Delhi,217.0,226.7,17.8,9.8,36.1,37.2,7.16,62.7,180.3,19.9,22.58,4.23,128.6,Moderate,0.0,,,,-0.2531111859519763,False,-0.0953435645552076,False
2021-10-03,Delhi,248.7,543.1,130.5,90.8,66.1,16.4,5.25,77.9,101.1,8.11,19.55,3.87,382.0,Severe,0.0,,,,-0.0296483585140002,False,-0.1214275383724848,False
2021-10-04,Delhi,446.6,120.9,70.7,55.9,137.9,9.2,7.65,57.9,35.9,2.38,20.63,7.37,53.7,Satisfactory,0.0,,,,1.3654082203495803,False,-0.10083458758978,False
2021-10-05,Delhi,441.7,223.9,91.8,79.4,224.2,39.9,7.29,94.9,156.1,18.85,9.8,3.19,62.0,Good,0.0,,,,1.3308666476541202,False,-0.0800759905502495,False
2021-10-06,Delhi,265.8,434.8,182.9,29.4,139.8,5.4,5.02,19.9,9.3,1.54,0.68,4.29,227.7,Very Poor,0.0,,,,0.0908946808926054,False,-0.1008230162016635,False
2021-10-07,Delhi,152.6,71.3,22.2,54.3,65.2,40.1,8.51,53.7,178.5,5.65,3.25,6.52,119.9,Satisfactory,0.0,,,,-0.7070861413780227,False,-0.0858971236046404,False
2021-10-08,Delhi,335.2,137.6,65.4,44.4,119.5,6.3,1.93,95.8,178.1,0.72,4.12,6.23,282.0,Severe,0.0,,,,0.5801161390691211,False,-0.0702733926751065,False
2021-10-09,Delhi,416.7,421.3,128.8,75.8,52.6,4.3,3.46,40.0,122.3,12.12,13.6,4.38,112.3,Very Poor,0.0,,,,1.154634133901773,False,-0.1233278948833213,False
2021-10-10,Delhi,120.8,476.4,177.5,62.6,181.8,28.3,2.21,83.8,132.9,3.68,24.0,9.82,348.6,Satisfactory,0.0,,,,-0.9312538988710084,False,-0.1142531618126379,False
2021-10-11,Delhi,382.9,84.6,122.0,109.8,22.3,6.0,6.45,19.1,67.3,16.87,26.61,0.88,162.9,Poor,0.0,,,,0.9163677753085996,False,-0.1155426808475649,False
2021-10-12,Delhi,457.3,173.1,120.0,146.9,49.9,24.2,5.26,4.6,5.7,1.83,18.05,9.7,382.3,Good,0.0,,,,1.440835736235585,False,-0.0403338530726966,False
2021-10-13,Delhi,17.1,242.8,18.8,64.1,14.7,46.1,5.07,28.9,186.0,17.03,27.97,1.11,362.0,Good,0.0,,,,-1.6622663659157446,False,-0.0917741398752947,False
2021-10-14,Delhi,329.7,592.1,87.5,23.7,98.7,10.3,8.24,93.5,172.5,8.24,22.03,8.71,151.5,Poor,0.0,,,,0.5413449860436047,False,-0.0467549566510185,False
2021-10-15,Delhi,328.5,449.2,195.7,92.5,138.3,26.5,7.17,13.2,88.7,2.68,1.15,6.51,474.4,Moderate,0.0,,,,0.5328858253834922,False,-0.1018913854495998,False
2021-10-16,Delhi,10.1,153.3,107.8,110.3,243.9,4.8,3.36,34.4,91.2,3.86,10.89,2.65,242.5,Moderate,0.0,,,,-1.7116114697664018,False,-0.1026332579599786,False
2021-10-17,Delhi,397.1,149.6,81.2,111.0,81.3,31.8,3.97,11.9,19.4,0.99,6.63,0.48,121.8,Good,0.0,,,,1.016467843119933,False,-0.0976003835767683,False
2021-10-18,Delhi,210.9,83.9,19.3,34.1,128.3,39.9,6.06,57.1,83.7,17.68,1.23,9.51,72.6,Severe,0.0,,,,-0.296111919307549,False,-0.1179725263374337,False
2021-10-19,Delhi,442.5,192.6,78.3,41.3,177.2,38.8,9.42,54.5,47.4,7.62,23.37,7.53,292.6,Poor,0.0,,,,1.3365060880941952,False,-0.0960721703290291,False
2021-10-20,Delhi,255.9,63.8,14.9,102.1,23.6,23.9,0.52,71.0,66.6,1.15,27.64,10.0,100.2,Good,0.0,,,,0.0211066054466759,False,-0.097573145647454,False
2021-10-21,Delhi,2.7,552.0,98.9,129.4,74.4,11.7,7.47,89.3,39.4,15.23,18.08,2.92,246.4,Good,0.0,,,,-1.7637762938370969,False,-0.0571596349359863,False
2021-10-22,Delhi,260.1,516.2,39.8,136.5,215.7,35.2,1.53,26.6,17.2,16.23,1.9,1.29,442.9,Good,0.0,,,,0.0507136677570703,False,-0.0664429306770515,False
2021-10-23,Delhi,100.4,541.7,173.5,2.3,5.2,3.4,9.57,30.4,55.4,8.13,13.36,8.14,209.9,Satisfactory,0.0,,,,-1.0750596300929236,False,-0.0451917828279697,False
2021-10-24,Delhi,401.4,491.6,122.7,55.9,214.8,6.7,7.4,56.4,23.2,13.66,17.16,4.33,135.7,Very Poor,0.0,,,,1.0467798354853364,False,-0.1002184229281187,False
2021-10-25,Delhi,132.0,85.9,132.2,94.8,156.7,30.3,5.16,23.8,9.1,9.95,1.85,1.56,264.9,Good,0.0,,,,-0.8523017327099568,False,-0.0964576883948697,False
2021-10-26,Delhi,161.7,560.3,125.2,81.7,230.1,15.5,3.98,56.2,81.7,15.6,11.71,3.65,495.3,Good,0.0,,,,-0.6429375063721684,False,-0.0960239032328471,False
2021-10-27,Delhi,123.9,29.2,54.2,8.1,89.1,15.7,8.98,31.5,55.0,13.74,24.07,0.64,82.8,Poor,0.0,,,,-0.9094010671657172,False,-0.047877931145245,False
2021-10-28,Delhi,25.1,457.8,150.6,45.8,25.6,28.9,1.76,89.5,143.0,0.33,6.84,3.86,136.6,Very Poor,0.0,,,,-1.6058719615149937,False,-0.0775154636159919,False
2021-10-29,Delhi,203.8,428.7,49.2,25.4,81.6,12.4,2.08,65.7,127.1,13.88,18.0,4.84,471.5,Poor,0.0,,,,-0.3461619532132156,False,-0.0990915121640761,False
2021-10-30,Delhi,195.1,331.7,52.0,103.0,176.0,22.1,4.74,39.8,66.9,17.25,5.36,7.4,283.8,Poor,0.0,,,,-0.4074908679990325,False,-0.1434193220867288,False
2021-10-31,Delhi,260.8,75.4,140.3,53.5,84.1,41.6,3.89,44.7,110.4,12.16,19.16,9.47,101.0,Satisfactory,0.0,,,,0.055648178142136,False,-0.118978004449651,False
2021-11-01,Delhi,236.9,474.9,196.8,129.7,135.9,14.4,9.11,69.6,147.8,8.44,16.5,9.09,492.2,Poor,0.0,,,,-0.1128301050051079,False,-0.0708727862322919,False
2021-11-02,Delhi,107.0,118.6,150.7,19.9,178.8,37.6,4.55,46.8,57.1,11.8,0.2,5.62,269.0,Severe,0.0,,,,-1.028534246462304,False,-0.1082653568128254,False
2021-11-03,Delhi,425.8,298.0,149.6,136.8,152.1,46.5,2.31,39.4,154.3,8.8,24.74,5.11,375.7,Severe,0.0,,,,1.2187827689076274,False,-0.1070669159814778,False
2021-11-04,Delhi,171.4,440.5,187.1,136.0,112.3,39.8,5.18,63.7,37.6,10.56,21.92,5.06,289.1,Very Poor,0.0,,,,-0.5745592910362576,False,-0.1114855444521717,False
2021-11-05,Delhi,439.0,13.7,143.8,69.9,55.7,2.2,5.89,24.4,33.5,11.34,14.58,3.77,111.4,Severe,0.0,,,,1.3118335361688669,False,-0.0928417657467814,False
2021-11-06,Delhi,282.0,240.5,124.0,18.1,130.9,3.9,4.05,0.9,113.2,19.94,18.74,1.53,255.3,Moderate,0.0,,,,0.2050933498041263,False,-0.1030203376023886,False
2021-11-07,Delhi,55.2,4.9,124.3,133.8,211.6,18.1,3.27,68.6,110.6,15.45,19.53,5.94,106.3,Satisfactory,0.0,,,,-1.3936880149571675,False,-0.0581249923446449,False
2021-11-08,Delhi,285.3,361.7,37.0,46.1,22.3,32.4,1.14,82.9,13.9,9.71,28.69,9.76,165.4,Severe,0.0,,,,0.2283560416194362,False,-0.0934164267830428,False
2021-11-09,Delhi,425.8,588.8,30.5,7.6,97.3,0.8,1.11,62.5,49.4,2.74,15.76,5.9,104.7,Poor,0.0,,,,1.2187827689076274,False,-0.0527280488520243,False
2021-11-10,Delhi,456.7,562.8,151.3,104.6,186.1,14.0,0.13,60.7,176.9,7.3,8.7,7.31,416.3,Very Poor,0.0,,,,1.4366061559055283,False,-0.0638430322078682,False
2021-11-11,Delhi,413.4,372.4,182.2,13.3,195.7,36.9,9.76,58.6,99.8,18.71,2.23,1.31,54.4,Good,0.0,,,,1.1313714420864631,False,-0.0634047934952836,False
2021-11-12,Delhi,258.2,361.5,148.8,125.2,5.5,13.9,7.0,45.4,35.0,10.52,19.82,9.51,49.7,Satisfactory,0.0,,,,0.0373199967118917,False,-0.1092595792789267,False
2021-11-13,Delhi,236.5,446.5,34.7,87.9,90.9,38.7,2.71,7.2,128.1,11.45,0.08,9.28,213.3,Satisfactory,0.0,,,,-0.1156498252251455,False,-0.1149922917692986,False
2021-11-14,Delhi,415.2,500.7,49.9,6.6,248.1,21.0,8.32,39.6,124.1,15.34,5.7,2.29,115.8,Poor,0.0,,,,1.1440601830766322,False,-0.0676071137539837,False
2021-11-15,Delhi,147.4,103.8,45.6,2.2,131.2,47.6,8.21,78.0,104.6,19.9,16.0,3.71,249.7,Satisfactory,0.0,,,,-0.743742504238511,False,-0.0763987202926941,False
2021-11-16,Delhi,66.6,96.0,130.9,92.3,39.3,28.5,6.25,54.3,78.1,17.93,2.68,8.17,435.9,Severe,0.0,,,,-1.313325988686097,False,-0.1105878153412012,False
2021-11-17,Delhi,378.8,218.2,53.5,83.9,170.9,34.6,2.92,45.3,135.3,7.99,25.67,7.64,55.1,Very Poor,0.0,,,,0.8874656430532147,False,-0.1221694882057731,False
2021-11-18,Delhi,214.2,386.3,6.7,20.7,160.1,4.2,5.34,33.3,68.2,18.21,7.03,9.39,201.4,Satisfactory,0.0,,,,-0.2728492274922393,False,-0.1312602706615243,False
2021-11-19,Delhi,101.3,66.8,168.3,147.7,125.7,47.3,9.04,55.4,38.7,9.16,0.79,1.11,435.8,Satisfactory,0.0,,,,-1.068715259597839,False,-0.0452373699802324,False
2021-11-20,Delhi,484.6,342.4,108.0,38.6,125.3,6.4,9.83,5.9,175.5,5.97,2.38,6.9,347.3,Severe,0.0,,,,1.633281641253148,False,-0.0453892029461378,False
2021-11-21,Delhi,190.9,63.7,150.5,83.1,221.9,17.5,9.64,85.5,172.3,16.47,9.15,7.13,178.4,Satisfactory,0.0,,,,-0.4370979303094268,False,-0.073173444461312,False
2021-11-22,Delhi,320.2,576.6,91.3,126.5,97.9,45.7,5.79,14.6,81.3,6.89,6.38,8.09,14.6,Very Poor,0.0,,,,0.4743766308177127,False,-0.0568834367003922,False
2021-11-23,Delhi,256.9,342.6,126.3,78.0,224.1,31.9,9.45,57.5,84.3,12.6,29.88,7.1,325.1,Severe,0.0,,,,0.0281559059967695,False,-0.1211665882074908,False
2021-11-24,Delhi,334.2,410.5,93.0,71.8,8.8,21.1,4.86,45.8,39.8,12.01,7.75,8.89,477.1,Satisfactory,0.0,,,,0.5730668385190272,False,-0.1153383313613506,False
2021-11-25,Delhi,198.0,315.2,178.7,60.6,115.1,20.2,3.26,45.4,148.3,8.62,8.7,2.05,405.7,Satisfactory,0.0,,,,-0.3870478964037602,False,-0.1324589039927055,False
2021-11-26,Delhi,52.8,285.5,65.0,122.1,64.2,7.9,3.69,86.0,134.5,6.57,8.03,9.2,171.5,Satisfactory,0.0,,,,-1.4106063362773926,False,-0.1010335120920866,False
2021-11-27,Delhi,209.7,41.1,17.6,25.2,46.1,9.9,1.41,22.2,187.2,13.95,25.96,2.79,414.0,Satisfactory,0.0,,,,-0.3045710799676618,False,-0.0688942776917969,False
2021-11-28,Delhi,218.6,18.8,30.7,134.4,79.2,21.9,9.13,66.7,148.0,18.46,21.34,8.54,335.6,Severe,0.0,,,,-0.2418323050718261,False,-0.0743330117988401,False
2021-11-29,Delhi,376.0,329.5,56.9,18.0,50.5,44.3,7.83,42.1,38.5,18.53,10.97,3.99,90.4,Severe,0.0,,,,0.8677276015129518,False,-0.0961855167702737,False
2021-11-30,Delhi,210.5,549.8,177.6,73.3,117.7,27.6,9.4,72.1,55.3,2.2,15.65,8.18,181.6,Moderate,0.0,,,,-0.2989316395275866,False,-0.0973755663833624,False
2021-12-01,Delhi,377.0,599.5,69.9,93.0,12.0,6.5,0.87,89.0,93.9,15.25,6.54,6.91,135.2,Very Poor,0.0,,,,0.8747769020630457,False,-0.0596411146318922,False
2021-12-02,Delhi,377.9,190.9,165.1,10.1,221.4,24.6,10.0,37.9,7.6,14.84,2.81,3.86,44.0,Poor,0.0,,,,0.88112127255813,False,-0.0428406428715095,False
2021-12-03,Delhi,351.5,414.0,126.5,100.3,236.2,2.4,5.11,2.9,180.3,1.06,11.8,5.83,323.1,Poor,0.0,,,,0.6950197380356515,False,-0.0942004077395564,False
2021-12-04,Delhi,220.1,128.4,196.8,125.6,161.1,24.0,5.48,59.7,165.1,10.5,22.72,9.63,51.2,Severe,0.0,,,,-0.2312583542466853,False,-0.104844418987434,False
2021-12-05,Delhi,300.3,361.1,34.3,101.3,94.8,31.5,6.27,93.8,53.0,13.28,8.89,0.11,213.9,Good,0.0,,,,0.3340955498708445,False,-0.1082725694482535,False
2021-12-06,Delhi,88.9,33.7,102.5,66.9,134.9,17.8,1.54,13.2,122.9,8.53,15.76,4.35,98.2,Poor,0.0,,,,-1.1561265864190031,False,-0.0737575036733171,False
2021-12-07,Delhi,458.3,572.7,50.4,14.0,0.4,8.8,7.02,35.3,176.7,14.29,10.54,5.41,80.6,Severe,0.0,,,,1.4478850367856788,False,-0.0511691536313093,False
2021-12-08,Delhi,58.0,95.4,33.9,93.1,85.4,48.4,6.97,96.7,153.3,18.22,2.8,0.56,209.1,Moderate,0.0,,,,-1.3739499734169045,False,-0.0787250009164624,False
2021-12-09,Delhi,265.8,24.5,146.3,136.1,100.6,5.8,7.29,87.1,43.5,13.93,10.34,7.92,184.2,Moderate,0.0,,,,0.0908946808926054,False,-0.0796696668734579,False
2021-12-10,Delhi,400.2,435.7,27.9,128.0,221.3,24.7,3.35,22.1,170.9,2.91,20.43,0.55,403.6,Very Poor,0.0,,,,1.0383206748252238,False,-0.0964372061188129,False
2021-12-11,Delhi,133.3,62.4,85.3,89.7,162.4,19.1,2.21,92.0,36.5,10.6,28.85,8.97,96.2,Satisfactory,0.0,,,,-0.8431376419948347,False,-0.0728932541285227,False
2021-12-12,Delhi,119.6,459.3,167.2,72.0,122.8,12.4,1.83,95.1,95.2,12.52,25.31,7.77,28.3,Moderate,0.0,,,,-0.939713059531121,False,-0.0785668777681265,False
2021-12-13,Delhi,319.7,382.3,73.6,79.4,178.8,42.8,8.67,13.7,96.1,3.51,9.17,5.75,345.5,Moderate,0.0,,,,0.4708519805426658,False,-0.1177612344416965,False
2021-12-14,Delhi,304.5,353.7,135.9,37.5,40.9,9.6,6.8,97.7,27.2,5.47,24.93,4.09,370.9,Very Poor,0.0,,,,0.3637026121812388,False,-0.087182145758075,False
2021-12-15,Delhi,305.2,34.2,72.9,110.2,104.7,15.3,3.13,6.9,38.5,11.06,9.3,8.37,370.1,Poor,0.0,,,,0.3686371225663044,False,-0.0889996472792277,False
2021-12-16,Delhi,293.3,64.9,18.8,24.5,7.7,17.7,7.16,86.0,182.5,6.38,22.77,0.12,162.3,Satisfactory,0.0,,,,0.2847504460201873,False,-0.0846811975422107,False
2021-12-17,Delhi,59.7,213.8,162.5,30.1,221.0,33.7,7.65,97.4,106.0,19.35,7.04,2.43,300.2,Poor,0.0,,,,-1.361966162481745,False,-0.0841097894316897,False
2021-12-18,Delhi,369.3,121.3,62.2,111.4,48.8,29.5,6.73,12.6,130.2,1.02,9.57,8.35,479.8,Good,0.0,,,,0.8204972878273228,False,-0.0974720803054426,False
2021-12-19,Delhi,55.1,528.4,135.4,46.3,195.8,24.6,7.4,41.3,162.5,6.41,2.0,3.95,93.7,Very Poor,0.0,,,,-1.3943929450121768,False,-0.0803479395076794,False
2021-12-20,Delhi,58.9,34.4,170.8,118.9,58.3,39.3,1.14,99.9,10.8,1.89,19.2,6.61,448.1,Severe,0.0,,,,-1.36760560292182,False,-0.0039147564110021,False
2021-12-21,Delhi,387.3,587.4,26.4,83.4,218.3,9.2,1.33,52.8,122.9,9.92,14.81,7.19,22.1,Moderate,0.0,,,,0.9473846977290128,False,-0.0660726516140857,False
2021-12-22,Delhi,178.4,351.5,115.1,118.3,51.4,6.4,8.9,44.2,103.4,14.08,10.83,4.42,485.8,Moderate,0.0,,,,-0.5252141871856004,False,-0.0885206518089783,False
2021-12-23,Delhi,452.5,556.4,120.1,44.7,45.9,26.5,2.14,65.6,18.9,7.9,26.01,4.05,25.9,Moderate,0.0,,,,1.4069990935951342,False,-0.0543799169142495,False
2021-12-24,Delhi,17.8,55.2,135.2,12.1,173.5,44.4,8.29,58.2,80.2,4.16,3.18,0.6,357.3,Very Poor,0.0,,,,-1.6573318555306786,False,-0.0559041566896316,False
2021-12-25,Delhi,252.0,24.3,27.3,86.9,191.4,42.3,4.85,9.9,172.9,12.17,11.29,5.14,253.4,Severe,0.0,,,,-0.0063856666986902,False,-0.0962146856309803,False
2021-12-26,Delhi,413.7,549.9,71.6,110.0,47.3,25.6,9.84,77.5,60.6,18.84,28.29,5.65,413.9,Moderate,0.0,,,,1.1334862322514914,False,-0.0613473436256353,False
2021-12-27,Delhi,387.1,551.2,107.4,9.1,223.9,18.5,9.52,1.5,118.0,18.87,21.75,7.49,451.7,Good,0.0,,,,0.945974837618994,False,-0.0170400444926126,False
2021-12-28,Delhi,26.8,7.9,186.6,2.2,162.2,29.3,6.25,3.4,178.2,17.62,11.8,6.3,124.8,Severe,0.0,,,,-1.5938881505798337,False,-0.0141164003205357,False
2021-12-29,Delhi,346.7,229.1,189.1,120.1,30.4,28.0,4.05,83.1,102.9,19.77,23.26,8.73,343.2,Moderate,0.0,,,,0.6611830953952008,False,-0.1196553559931605,False
2021-12-30,Delhi,481.8,223.9,120.7,30.2,127.4,6.0,2.16,65.6,54.7,17.63,14.95,7.66,435.5,Severe,0.0,,,,1.613543599712885,False,-0.0903803586053367,False
2021-12-31,Delhi,78.7,304.4,169.4,59.3,136.4,35.7,0.44,40.2,152.3,10.53,12.8,6.31,34.0,Very Poor,0.0,,,,-1.228029452029961,False,-0.0773952379535293,False
2022-01-01,Delhi,111.9,265.6,157.7,21.3,170.4,11.5,2.11,26.3,49.2,13.16,5.23,7.87,379.3,Good,0.0,,,,-0.993992673766844,False,-0.10221630793116,False
2022-01-02,Delhi,91.6,222.3,73.4,69.3,79.7,26.1,2.67,42.7,69.5,7.45,13.97,6.69,41.2,Satisfactory,0.0,,,,-1.13709347493375,False,-0.1083498800825761,False
2022-01-03,Delhi,128.3,294.0,127.6,18.8,91.6,18.0,5.84,43.2,51.0,16.98,13.14,9.88,340.9,Moderate,0.0,,,,-0.8783841447453041,False,-0.1154410844695045,False
2022-01-04,Delhi,169.1,263.2,180.2,20.3,161.3,35.8,1.51,89.0,71.2,18.84,7.12,1.1,492.3,Satisfactory,0.0,,,,-0.5907726823014736,False,-0.0664972706134884,False
2022-01-05,Delhi,296.2,395.9,137.1,14.7,35.2,37.9,2.91,13.7,106.7,16.26,5.81,8.87,127.3,Good,0.0,,,,0.3051934176154595,False,-0.1012837284241506,False
2022-01-06,Delhi,234.0,0.6,1.8,66.1,226.5,25.8,9.06,50.1,163.3,8.43,25.52,5.8,26.3,Poor,0.0,,,,-0.1332730766003802,False,-0.0577806065263966,False
2022-01-07,Delhi,319.7,305.0,31.9,37.5,203.6,35.0,6.4,54.3,108.6,14.36,5.59,9.95,195.2,Poor,0.0,,,,0.4708519805426658,False,-0.1384748877788547,False
2022-01-08,Delhi,98.6,506.1,129.1,104.7,225.9,5.7,9.61,41.0,145.4,17.72,6.92,7.36,214.9,Very Poor,0.0,,,,-1.0877483710830926,False,-0.0900141940656517,False
2022-01-09,Delhi,456.4,72.5,140.0,146.9,8.9,6.1,6.8,42.2,178.4,4.35,5.76,5.46,384.3,Good,0.0,,,,1.4344913657405003,False,-0.0703488248352194,False
2022-01-10,Delhi,355.6,367.4,189.2,113.1,81.3,11.5,7.17,39.7,116.2,4.07,14.23,7.05,359.8,Very Poor,0.0,,,,0.7239218702910366,False,-0.1448032032503531,False
2022-01-11,Delhi,301.1,592.0,73.5,33.3,41.7,48.6,2.58,0.3,133.9,4.22,23.56,7.82,324.8,Good,0.0,,,,0.3397349903109197,False,-0.0655719751721556,False
2022-01-12,Delhi,332.4,524.5,42.9,19.0,23.2,31.7,1.42,80.9,55.0,19.89,13.06,4.72,20.1,Good,0.0,,,,0.5603780975288581,False,-0.0616885738424323,False
2022-01-13,Delhi,162.2,87.3,187.0,146.8,64.2,37.2,4.23,58.2,144.4,16.12,28.81,8.15,436.6,Moderate,0.0,,,,-0.6394128560971215,False,-0.0825902201258595,False
2022-01-14,Delhi,312.1,318.7,171.3,118.1,38.9,21.8,5.4,86.0,128.9,2.24,28.66,6.21,162.1,Good,0.0,,,,0.4172772963619525,False,-0.1258212034781968,False
2022-01-15,Delhi,111.7,311.2,8.5,7.8,85.8,40.5,5.55,26.7,131.4,12.41,18.56,2.68,337.1,Poor,0.0,,,,-0.9954025338768628,False,-0.1095510958218728,False
2022-01-16,Delhi,365.2,363.8,9.5,62.7,149.9,39.0,0.19,97.6,132.6,17.77,7.04,4.54,293.3,Satisfactory,0.0,,,,0.7915951555719377,False,-0.0709529889448552,False
2022-01-17,Delhi,240.9,225.4,80.6,52.2,100.3,11.6,0.02,45.0,72.4,0.35,20.76,0.77,226.2,Severe,0.0,,,,-0.0846329028047324,False,-0.1166494852636074,False
2022-01-18,Delhi,193.2,227.3,92.5,89.1,28.8,1.3,0.94,93.3,51.3,5.21,24.09,8.62,35.0,Moderate,0.0,,,,-0.4208845390442109,False,-0.0652791301818589,False
2022-01-19,Delhi,454.9,405.7,65.0,33.1,22.2,16.5,3.92,88.7,186.8,0.65,20.11,6.15,309.2,Very Poor,0.0,,,,1.4239174149153593,False,-0.082288155484244,False
2022-01-20,Delhi,263.8,193.5,69.6,88.4,141.6,6.3,0.17,1.4,191.2,14.45,24.13,3.08,1.5,Very Poor,0.0,,,,0.0767960797924176,False,-0.0298546087872721,False
2022-01-21,Delhi,150.4,408.2,30.1,124.8,123.3,42.0,7.53,55.4,145.2,10.87,19.79,3.74,72.7,Good,0.0,,,,-0.7225946025882293,False,-0.100410070066559,False
2022-01-22,Delhi,151.7,599.0,112.9,116.0,30.1,15.2,1.28,73.1,81.7,14.73,16.21,1.03,386.4,Severe,0.0,,,,-0.7134305118731074,False,-0.0740558771775415,False
2022-01-23,Delhi,351.8,18.4,152.5,120.4,80.9,24.3,6.11,74.4,147.4,13.77,1.22,7.44,9.7,Very Poor,0.0,,,,0.6971345282006798,False,-0.0705201107060706,False
2022-01-24,Delhi,331.9,30.3,29.4,116.8,16.3,11.1,2.39,5.5,23.5,15.39,14.25,3.15,483.9,Satisfactory,0.0,,,,0.5568534472538111,False,-0.0521392293296669,False
2022-01-25,Delhi,243.4,56.8,78.9,140.3,101.4,21.2,6.39,60.9,188.3,5.15,29.07,0.02,369.5,Good,0.0,,,,-0.0670096514294976,False,-0.0873095016846102,False
2022-01-26,Delhi,403.9,583.5,176.5,91.7,180.1,38.0,9.37,76.0,65.9,12.81,1.32,6.7,354.6,Moderate,0.0,,,,1.0644030868605712,False,-0.0790175261666608,False
2022-01-27,Delhi,189.5,105.7,78.1,122.0,192.3,0.4,7.61,42.1,55.6,19.89,24.96,5.4,176.8,Poor,0.0,,,,-0.4469669510795582,False,-0.1137826890320587,False
2022-01-28,Delhi,170.1,67.2,141.2,113.4,4.4,27.6,2.9,92.4,122.8,10.21,4.4,6.94,112.1,Severe,0.0,,,,-0.5837233817513797,False,-0.087340712120874,False
2022-01-29,Delhi,482.0,470.1,61.2,130.2,70.3,40.5,6.26,21.6,158.2,7.44,18.89,9.14,110.4,Good,0.0,,,,1.6149534598229038,False,-0.0662991844744035,False
2022-01-30,Delhi,354.8,389.4,1.1,76.6,146.7,30.2,3.55,62.6,199.9,18.98,19.25,0.92,238.9,Moderate,0.0,,,,0.7182824298509615,False,-0.1065583666639273,False
2022-01-31,Delhi,377.8,212.6,129.3,30.7,171.7,47.0,0.39,39.9,88.1,5.51,19.95,9.84,182.9,Poor,0.0,,,,0.8804163425031208,False,-0.1137980258871542,False
2022-02-01,Delhi,416.3,288.0,23.1,127.1,234.1,40.6,6.84,95.5,186.5,18.39,15.79,1.5,336.9,Poor,0.0,,,,1.1518144136817354,False,-0.0666880208956567,False
2022-02-02,Delhi,219.1,465.7,92.7,1.8,138.4,27.1,8.27,98.1,21.4,0.87,16.02,9.59,270.9,Moderate,0.0,,,,-0.2383076547967792,False,-0.0357342693117087,False
2022-02-03,Delhi,209.4,323.0,163.2,122.9,202.2,18.3,2.05,18.2,54.1,9.49,25.74,0.55,281.3,Very Poor,0.0,,,,-0.3066858701326899,False,-0.1190945746559932,False
2022-02-04,Delhi,342.1,345.0,86.4,118.2,139.4,15.6,1.48,87.5,118.4,4.25,22.45,9.26,418.5,Severe,0.0,,,,0.6287563128647692,False,-0.1036523325509422,False
2022-02-05,Delhi,76.5,589.3,97.7,51.3,213.4,41.2,8.72,21.8,159.1,0.14,27.41,7.69,469.1,Good,0.0,,,,-1.2435379132401676,False,-0.0385790703932097,False
2022-02-06,Delhi,212.3,356.6,1.2,1.7,186.9,37.4,9.81,36.4,92.8,6.66,13.68,8.97,402.9,Severe,0.0,,,,-0.2862428985374176,False,-0.0645435872663834,False
2022-02-07,Delhi,477.7,46.8,77.5,25.7,10.4,22.4,1.26,58.0,193.4,7.42,1.35,4.52,13.4,Very Poor,0.0,,,,1.5846414674575,False,-0.0282515214630618,False
2022-02-08,Delhi,257.8,235.8,106.9,48.1,72.6,42.0,4.42,63.1,118.4,3.41,18.44,8.66,126.1,Good,0.0,,,,0.0345002764918543,False,-0.1406280280447546,False
2022-02-09,Delhi,348.7,132.6,192.1,139.6,228.9,1.6,5.94,56.1,76.5,11.65,13.91,3.8,285.6,Moderate,0.0,,,,0.6752816964953886,False,-0.1245583794934773,False
2022-02-10,Delhi,388.3,199.2,13.0,43.6,166.9,45.1,0.6,80.5,85.5,15.69,2.17,0.71,34.9,Moderate,0.0,,,,0.9544339982791068,False,-0.0797348408598402,False
2022-02-11,Delhi,277.1,326.9,4.9,20.8,55.2,11.0,8.43,82.6,86.3,1.83,12.85,0.03,58.1,Poor,0.0,,,,0.1705517771086664,False,-0.0961789223434297,False
2022-02-12,Delhi,197.1,323.9,180.1,123.0,217.2,5.5,5.8,20.2,41.3,17.72,2.66,5.74,429.3,Satisfactory,0.0,,,,-0.3933922668988447,False,-0.1074741450668885,False
2022-02-13,Delhi,190.0,385.0,102.1,139.9,240.3,27.9,9.35,0.5,90.0,17.89,11.38,5.82,200.6,Good,0.0,,,,-0.4434423008045113,False,-0.0510455215851675,False
2022-02-14,Delhi,326.0,169.0,28.6,0.0,51.0,34.6,0.88,3.4,26.3,18.12,26.43,6.22,159.3,Moderate,0.0,,,,0.5152625740082574,False,-0.0478117324201098,False
2022-02-15,Delhi,210.0,121.4,12.7,96.8,55.2,39.3,2.14,77.7,53.8,0.84,25.31,0.47,261.8,Good,0.0,,,,-0.3024562898026335,False,-0.1143772073176925,False
2022-02-16,Delhi,294.1,157.3,48.4,108.0,206.4,48.8,1.3,83.6,9.8,10.81,18.6,8.09,464.2,Very Poor,0.0,,,,0.2903898864602625,False,-0.0655346922310377,False
2022-02-17,Delhi,464.8,238.6,76.3,117.5,142.4,34.5,7.84,53.3,135.5,15.88,14.93,0.94,329.8,Severe,0.0,,,,1.4937054903612892,False,-0.1204454739690557,False
2022-02-18,Delhi,463.5,291.1,181.5,149.0,97.1,41.5,5.4,16.3,115.5,19.85,26.05,5.38,268.4,Poor,0.0,,,,1.484541399646167,False,-0.0824353304856638,False
2022-02-19,Delhi,342.3,22.9,30.0,60.2,203.2,21.9,2.65,95.8,165.4,9.75,16.47,3.05,51.0,Moderate,0.0,,,,0.6301661729747878,False,-0.0590710951340892,False
2022-02-20,Delhi,231.3,55.2,147.5,129.2,13.7,28.8,7.85,48.9,91.4,8.22,8.01,6.94,375.4,Good,0.0,,,,-0.1523061880856336,False,-0.1125259751694393,False
2022-02-21,Delhi,348.8,431.6,183.5,61.2,119.5,17.4,6.14,6.4,25.8,9.07,16.42,0.59,494.0,Satisfactory,0.0,,,,0.6759866265503981,False,-0.0770894858097046,False
2022-02-22,Delhi,106.6,447.8,197.9,135.4,169.1,22.0,4.47,16.4,48.7,8.85,2.54,1.27,391.8,Satisfactory,0.0,,,,-1.0313539666823417,False,-0.0922909456399246,False
2022-02-23,Delhi,406.5,199.9,59.0,138.0,74.1,17.9,4.42,94.8,179.2,7.76,20.96,6.01,366.6,Very Poor,0.0,,,,1.0827312682908157,False,-0.0736965811116526,False
2022-02-24,Delhi,377.1,368.0,80.3,82.3,240.5,40.8,7.59,67.4,129.0,10.96,21.5,5.71,212.2,Good,0.0,,,,0.8754818321180552,False,-0.1410942291284136,False
2022-02-25,Delhi,48.0,470.4,68.5,121.1,71.0,38.4,1.84,20.9,139.7,13.32,16.09,1.87,305.4,Poor,0.0,,,,-1.4444429789178437,False,-0.0941712147593045,False
2022-02-26,Delhi,83.6,261.8,81.9,32.4,114.5,14.0,1.5,55.8,68.8,2.65,15.38,8.31,17.2,Poor,0.0,,,,-1.193487879334501,False,-0.0814754660356809,False
2022-02-27,Delhi,131.6,98.5,20.8,109.8,3.1,31.1,3.91,82.9,55.7,11.33,18.64,2.9,487.4,Satisfactory,0.0,,,,-0.8551214529299944,False,-0.079241548954074,False
2022-02-28,Delhi,313.5,592.7,173.1,149.9,156.4,46.3,4.44,16.8,184.8,14.55,10.87,1.52,0.7,Severe,0.0,,,,0.4271463171320838,False,0.0083534183701601,True
2022-03-01,Delhi,300.2,374.7,156.0,27.0,52.1,5.9,9.44,82.9,86.7,6.71,18.84,3.44,83.5,Good,0.0,,,,0.333390619815835,False,-0.0916123489781121,False
2022-03-02,Delhi,129.5,269.0,163.6,144.3,82.3,48.6,5.25,42.7,148.8,4.2,28.37,1.24,398.1,Severe,0.0,,,,-0.8699249840851916,False,-0.1011187803109585,False
2022-03-03,Delhi,98.9,97.1,63.1,38.4,193.5,3.4,4.36,8.4,167.2,2.64,27.9,9.53,149.3,Very Poor,0.0,,,,-1.0856335809180644,False,-0.0812772769621886,False
2022-03-04,Delhi,66.1,462.1,44.9,95.8,156.3,33.0,3.12,18.8,132.0,4.96,5.61,9.66,135.3,Moderate,0.0,,,,-1.316850638961144,False,-0.1027182650515393,False
2022-03-05,Delhi,150.0,233.8,61.6,68.5,130.1,28.4,2.6,57.4,176.0,7.38,2.27,4.67,216.4,Moderate,0.0,,,,-0.7254143228082668,False,-0.1231060953003651,False
2022-03-06,Delhi,265.4,293.8,84.5,143.9,113.6,48.7,2.5,65.2,193.1,19.34,27.35,2.87,368.9,Very Poor,0.0,,,,0.0880749606725676,False,-0.0867689093369577,False
2022-03-07,Delhi,103.3,17.4,72.2,90.9,26.0,46.5,7.29,23.0,62.8,10.29,29.42,5.96,412.2,Poor,0.0,,,,-1.0546166584976513,False,-0.090039937477779,False
2022-03-08,Delhi,360.0,222.7,9.9,26.8,54.6,37.2,3.77,62.1,155.4,18.4,26.26,8.86,441.3,Very Poor,0.0,,,,0.7549387927114496,False,-0.1062146786020665,False
2022-03-09,Delhi,397.5,151.3,44.3,26.4,88.9,47.8,6.3,14.7,16.2,2.28,23.12,5.69,200.8,Moderate,0.0,,,,1.0192875633399705,False,-0.0867531815594238,False
2022-03-10,Delhi,26.6,360.9,109.6,118.7,108.1,2.8,7.65,67.3,2.5,19.08,2.61,0.24,144.3,Satisfactory,0.0,,,,-1.5952980106898529,False,-0.0660986207460802,False
2022-03-11,Delhi,331.5,89.7,148.5,106.4,99.8,4.0,9.4,22.7,117.0,19.42,28.55,2.29,222.9,Very Poor,0.0,,,,0.5540337270337737,False,-0.0944288800079847,False
2022-03-12,Delhi,384.3,318.2,91.6,52.2,156.1,50.0,6.64,13.7,84.4,12.6,13.88,2.92,35.4,Poor,0.0,,,,0.9262367960787312,False,-0.0986441584407927,False
2022-03-13,Delhi,414.9,293.5,181.3,43.5,65.5,36.0,2.06,88.5,93.5,5.89,2.35,0.89,410.8,Satisfactory,0.0,,,,1.141945392911604,False,-0.1083703250480327,False
2022-03-14,Delhi,409.4,422.5,10.9,49.7,200.8,13.3,1.38,94.2,135.4,5.41,10.66,9.66,120.6,Poor,0.0,,,,1.1031742398860875,False,-0.0777916572395071,False
2022-03-15,Delhi,207.1,206.4,126.4,48.6,115.1,1.8,8.84,97.8,32.9,0.42,10.11,0.77,0.6,Severe,0.0,,,,-0.3228992613979058,False,-0.0395525830053908,False
2022-03-16,Delhi,423.9,217.0,170.6,70.1,203.4,18.3,3.68,95.3,167.3,9.17,18.91,8.47,349.8,Poor,0.0,,,,1.2053890978624489,False,-0.0884497617965386,False
2022-03-17,Delhi,468.6,193.6,4.6,23.4,135.5,43.0,1.48,75.0,91.9,19.81,15.65,2.73,19.1,Poor,0.0,,,,1.520492832451646,False,-0.0747503705330093,False
2022-03-18,Delhi,274.1,117.5,138.7,37.5,40.8,19.4,0.45,73.6,90.0,19.67,11.19,7.05,119.1,Severe,0.0,,,,0.1494038754583848,False,-0.1066075096400001,False
2022-03-19,Delhi,329.2,63.3,164.2,34.9,144.6,30.8,6.63,28.6,129.8,14.13,9.0,1.91,380.0,Severe,0.0,,,,0.5378203357685578,False,-0.1143841890075808,False
2022-03-20,Delhi,154.7,149.4,119.9,136.0,215.9,23.1,5.3,78.5,109.8,14.81,16.56,4.79,0.7,Very Poor,0.0,,,,-0.6922826102228257,False,-0.0688772236063209,False
2022-03-21,Delhi,206.9,173.4,125.7,34.5,169.8,46.0,8.32,65.1,30.8,14.53,20.92,3.79,415.5,Moderate,0.0,,,,-0.3243091215079245,False,-0.1038443237252632,False
2022-03-22,Delhi,93.5,407.4,22.8,147.5,202.8,36.4,6.54,14.1,175.8,17.53,15.26,6.66,71.2,Poor,0.0,,,,-1.1236998038885715,False,-0.053689482768116,False
2022-03-23,Delhi,131.7,486.3,93.4,136.4,89.8,38.8,4.87,48.5,58.1,0.69,7.87,3.89,449.8,Good,0.0,,,,-0.854416522874985,False,-0.0929711598106428,False
2022-03-24,Delhi,485.7,515.0,1.3,92.6,3.7,1.8,8.11,32.8,107.6,12.06,29.3,7.96,249.6,Good,0.0,,,,1.6410358718582512,False,-0.0986572012399428,False
2022-03-25,Delhi,69.0,142.5,27.6,5.2,73.7,34.6,6.07,45.7,41.9,14.4,9.84,9.3,241.4,Moderate,0.0,,,,-1.2964076673658718,False,-0.0841682966769937,False
2022-03-26,Delhi,329.4,150.8,88.1,103.9,85.7,25.7,7.17,1.7,34.3,7.36,9.85,0.9,30.9,Satisfactory,0.0,,,,0.5392301958785765,False,-0.0750857560146457,False
2022-03-27,Delhi,363.5,9.7,32.2,97.8,47.4,26.9,6.24,7.9,144.1,3.23,18.41,9.8,38.8,Poor,0.0,,,,0.7796113446367782,False,-0.0745160616949908,False
2022-03-28,Delhi,12.2,589.3,125.9,104.7,217.4,29.5,4.17,56.2,180.0,15.06,14.5,6.55,370.8,Very Poor,0.0,,,,-1.6968079386112047,False,-0.0711729869700128,False
2022-03-29,Delhi,367.4,425.8,108.0,120.5,61.2,31.0,7.79,6.5,35.7,18.06,4.21,4.78,202.9,Very Poor,0.0,,,,0.8071036167821442,False,-0.0881485315774566,False
2022-03-30,Delhi,300.8,15.9,116.1,134.1,248.2,26.3,9.38,63.0,118.8,1.19,9.55,9.25,460.8,Very Poor,0.0,,,,0.3376202001458915,False,-0.0601060827735512,False
2022-03-31,Delhi,297.2,349.7,163.8,136.2,38.6,22.5,9.54,24.7,100.7,14.82,14.79,6.81,304.4,Moderate,0.0,,,,0.3122427181655533,False,-0.1032994206488692,False
2022-04-01,Delhi,180.5,594.5,113.2,42.9,24.9,32.5,6.72,85.7,170.8,10.33,29.47,9.57,438.7,Satisfactory,0.0,,,,-0.5104106560304033,False,-0.0707340564220865,False
2022-04-02,Delhi,26.5,60.3,166.8,28.1,86.6,14.3,2.19,52.9,68.9,1.03,15.04,7.72,401.2,Poor,0.0,,,,-1.596002940744862,False,-0.071514944384312,False
2022-04-03,Delhi,415.0,120.4,147.6,87.8,108.0,11.3,3.72,89.9,110.3,6.66,26.51,7.75,479.2,Very Poor,0.0,,,,1.1426503229666134,False,-0.0772073695006506,False
2022-04-04,Delhi,438.7,468.8,182.4,83.2,121.3,20.1,0.95,29.9,55.3,5.11,15.19,3.16,249.8,Severe,0.0,,,,1.3097187460038384,False,-0.1087475125464568,False
2022-04-05,Delhi,242.9,42.9,160.5,61.1,91.5,27.4,3.27,85.0,89.9,16.02,9.82,6.42,450.2,Very Poor,0.0,,,,-0.0705343017045446,False,-0.0870848325171623,False
2022-04-06,Delhi,481.2,281.2,21.4,120.8,5.7,34.5,0.87,42.8,88.8,6.85,17.12,1.01,353.7,Good,0.0,,,,1.6093140193828286,False,-0.0941227397771363,False
2022-04-07,Delhi,361.1,198.2,152.8,24.8,186.7,15.9,7.28,36.8,99.6,18.18,0.17,0.46,316.8,Satisfactory,0.0,,,,0.762693023316553,False,-0.1277065934900932,False
2022-04-08,Delhi,196.7,210.8,134.2,30.4,239.2,20.0,3.8,51.4,178.5,10.06,18.86,0.94,275.9,Poor,0.0,,,,-0.3962119871188823,False,-0.1236588340448795,False
2022-04-09,Delhi,83.7,57.4,138.7,99.5,215.5,17.6,4.68,47.0,47.0,5.69,9.13,5.32,222.6,Severe,0.0,,,,-1.1927829492794917,False,-0.1129794964737665,False
2022-04-10,Delhi,469.7,79.3,111.9,136.9,174.4,11.9,5.0,34.8,196.2,19.99,17.38,1.17,125.4,Severe,0.0,,,,1.528247063056749,False,-0.0597106620938971,False
2022-04-11,Delhi,108.8,138.5,143.5,131.2,209.0,37.8,3.0,4.8,97.3,8.44,0.56,9.63,231.3,Satisfactory,0.0,,,,-1.015845505472135,False,-0.083751633986551,False
2022-04-12,Delhi,485.7,296.6,119.0,82.4,121.4,36.9,5.18,27.2,82.2,2.77,28.96,2.92,34.8,Very Poor,0.0,,,,1.6410358718582512,False,-0.0990164202435699,False
2022-04-13,Delhi,234.5,234.0,172.6,91.0,180.7,3.9,5.11,97.2,31.2,16.6,18.24,2.81,228.2,Very Poor,0.0,,,,-0.1297484263253333,False,-0.0942946682569833,False
2022-04-14,Delhi,39.5,351.4,177.4,123.7,202.7,41.9,3.64,10.8,186.3,16.77,25.16,9.78,391.2,Very Poor,0.0,,,,-1.5043620335936414,False,-0.068928378799749,False
2022-04-15,Delhi,27.5,348.3,174.5,148.3,44.3,19.8,4.04,5.6,146.4,9.09,15.48,3.72,147.3,Poor,0.0,,,,-1.588953640194768,False,-0.0469734883540453,False
2022-04-16,Delhi,316.5,206.2,197.6,67.2,151.5,39.7,8.23,82.1,30.0,12.27,21.55,4.47,205.0,Satisfactory,0.0,,,,0.4482942187823655,False,-0.108462484264676,False
2022-04-17,Delhi,475.3,180.9,72.3,43.5,109.6,0.4,9.14,23.3,183.2,13.12,10.03,2.77,160.6,Satisfactory,0.0,,,,1.567723146137275,False,-0.0644993801780988,False
2022-04-18,Delhi,182.8,462.3,52.6,137.2,117.1,30.3,0.39,38.9,132.8,13.03,19.55,7.02,495.1,Good,0.0,,,,-0.4941972647651872,False,-0.0689834984535545,False
2022-04-19,Delhi,493.9,103.9,41.3,144.4,207.6,39.1,8.41,13.9,13.3,13.56,3.86,0.25,457.3,Good,0.0,,,,1.6988401363690209,False,-0.0098359840926659,False
2022-04-20,Delhi,133.8,549.3,103.4,149.7,196.8,21.3,1.55,98.1,168.8,10.86,29.77,4.21,74.3,Poor,0.0,,,,-0.8396129917197878,False,-0.0186884322288983,False
2022-04-21,Delhi,63.3,485.8,75.5,69.7,107.2,22.0,9.65,91.8,179.9,18.86,15.21,0.4,118.6,Moderate,0.0,,,,-1.336588680501407,False,-0.0450816445651132,False
2022-04-22,Delhi,294.4,576.6,172.5,106.1,67.3,13.7,0.07,26.3,11.7,9.81,21.94,3.54,305.7,Poor,0.0,,,,0.2925046766252904,False,-0.061166561937854,False
2022-04-23,Delhi,306.8,371.2,138.3,113.7,70.2,3.1,3.9,54.7,105.1,6.35,11.68,6.29,378.0,Satisfactory,0.0,,,,0.3799160034464548,False,-0.1424998668012843,False
2022-04-24,Delhi,204.7,268.0,77.6,80.0,144.8,48.7,6.79,28.3,66.3,9.42,27.62,5.76,71.8,Good,0.0,,,,-0.3398175827181313,False,-0.1284076006146622,False
2022-04-25,Delhi,474.1,567.2,2.9,21.3,38.1,5.3,5.94,67.2,130.1,5.88,12.19,5.83,73.6,Moderate,0.0,,,,1.5592639854771624,False,-0.0671779578510903,False
2022-04-26,Delhi,469.2,89.3,135.1,64.3,234.0,18.2,1.65,5.7,191.6,8.88,20.55,2.11,332.7,Satisfactory,0.0,,,,1.524722412781702,False,-0.0540415948218245,False
2022-04-27,Delhi,183.6,3.6,35.3,0.0,163.0,44.2,3.46,56.7,102.1,17.41,11.05,2.71,160.8,Very Poor,0.0,,,,-0.4885578243251122,False,-0.0726251183754738,False
2022-04-28,Delhi,471.0,159.2,151.0,69.3,238.2,6.0,1.06,14.9,56.2,12.11,9.85,4.51,409.2,Very Poor,0.0,,,,1.537411153771871,False,-0.082577502989973,False
2022-04-29,Delhi,353.9,453.2,50.1,107.4,76.7,49.6,8.59,56.7,70.9,13.72,3.78,4.62,280.4,Good,0.0,,,,0.7119380593558767,False,-0.1204659991597325,False
2022-04-30,Delhi,302.7,345.1,180.4,59.0,234.5,39.6,8.17,78.3,48.5,3.83,26.08,4.27,402.7,Good,0.0,,,,0.3510138711910697,False,-0.1201317636772044,False
2022-05-01,Delhi,305.2,18.5,100.6,81.6,86.7,38.6,1.15,35.1,103.2,19.1,25.14,8.01,27.5,Good,0.0,,,,0.3686371225663044,False,-0.0737815959607143,False
2022-05-02,Delhi,414.4,321.8,120.8,54.1,60.3,11.7,5.65,11.9,134.9,14.62,6.66,3.28,355.0,Moderate,0.0,,,,1.138420742636557,False,-0.1215438908425625,False
2022-05-03,Delhi,367.8,258.0,30.5,143.7,30.6,20.0,9.41,42.2,110.4,17.29,23.26,9.37,159.7,Satisfactory,0.0,,,,0.809923337002182,False,-0.0928364010800079,False
2022-05-04,Delhi,131.5,399.1,174.0,83.3,59.8,9.2,1.87,77.7,108.7,18.89,15.1,8.17,161.5,Satisfactory,0.0,,,,-0.8558263829850038,False,-0.1177411186517927,False
2022-05-05,Delhi,86.9,200.3,8.9,29.0,213.3,27.3,9.82,74.4,3.7,12.88,24.52,0.98,321.2,Satisfactory,0.0,,,,-1.1702251875191911,False,-0.0506727860587166,False
2022-05-06,Delhi,471.9,550.3,193.7,37.7,96.3,3.8,9.21,16.8,169.4,6.74,29.39,0.96,308.1,Severe,0.0,,,,1.5437555242669554,False,-0.0547035821899088,False
2022-05-07,Delhi,90.4,258.1,16.2,75.7,50.9,33.3,0.74,35.6,34.9,11.54,15.95,4.6,233.3,Moderate,0.0,,,,-1.1455526355938626,False,-0.1039337421581376,False
2022-05-08,Delhi,19.7,363.1,138.3,113.7,132.1,8.1,8.47,91.4,159.3,0.33,23.51,0.8,489.1,Moderate,0.0,,,,-1.6439381844855006,False,-0.0456444076821487,False
2022-05-09,Delhi,425.7,218.7,24.9,129.7,109.7,22.9,1.78,16.3,170.7,13.03,27.26,1.88,7.8,Good,0.0,,,,1.218077838852618,False,-0.0508657785544616,False
2022-05-10,Delhi,251.7,9.3,161.5,135.4,229.3,35.0,4.44,98.5,177.6,2.94,28.67,8.88,42.6,Good,0.0,,,,-0.0085004568637185,False,-0.038898322884221,False
2022-05-11,Delhi,267.2,321.4,53.0,59.6,197.9,11.8,7.15,3.5,69.8,16.32,9.05,3.66,336.8,Severe,0.0,,,,0.1007637016627367,False,-0.1113957447256898,False
2022-05-12,Delhi,371.6,376.3,175.4,23.5,18.0,0.4,5.89,45.3,41.8,13.58,8.12,2.51,187.3,Satisfactory,0.0,,,,0.8367106790925388,False,-0.1210692266115434,False
2022-05-13,Delhi,73.8,412.5,100.7,77.7,114.8,24.8,6.76,62.3,31.3,17.56,1.4,0.42,10.7,Satisfactory,0.0,,,,-1.262571024725421,False,-0.0835273790854732,False
2022-05-14,Delhi,344.4,486.1,111.3,4.6,125.7,21.5,8.64,18.8,77.5,0.18,11.55,4.1,474.3,Very Poor,0.0,,,,0.6449697041299848,False,-0.056766900274456,False
2022-05-15,Delhi,320.8,449.8,129.3,98.6,165.0,41.7,4.86,80.2,43.8,13.57,9.2,8.1,281.3,Satisfactory,0.0,,,,0.4786062111477692,False,-0.121114600637716,False
2022-05-16,Delhi,51.4,74.0,53.5,71.9,104.2,7.8,5.57,39.4,57.6,3.63,13.64,8.57,63.8,Poor,0.0,,,,-1.420475357047524,False,-0.1007439648066391,False
2022-05-17,Delhi,311.9,590.9,150.0,142.8,182.7,33.5,5.81,49.8,170.0,15.06,17.59,1.74,459.2,Good,0.0,,,,0.4158674362519334,False,-0.0658693545666598,False
2022-05-18,Delhi,497.6,289.7,91.9,41.6,121.4,29.8,2.2,63.2,166.0,14.91,26.05,6.33,312.7,Satisfactory,0.0,,,,1.7249225484043686,False,-0.1004047205414139,False
2022-05-19,Delhi,74.3,98.1,114.7,103.0,49.3,5.9,3.64,90.7,145.7,2.16,6.25,3.9,93.8,Very Poor,0.0,,,,-1.2590463744503742,False,-0.0861190371719788,False
2022-05-20,Delhi,485.5,406.0,179.3,10.9,249.3,13.0,7.27,33.8,140.2,2.77,5.89,0.63,143.5,Very Poor,0.0,,,,1.6396260117482324,False,-0.0811307037282298,False
2022-05-21,Delhi,68.5,503.3,11.1,77.8,39.4,18.9,5.18,98.1,115.2,17.17,21.24,1.74,461.1,Good,0.0,,,,-1.2999323176409188,False,-0.0766370979038074,False
2022-05-22,Delhi,182.4,14.8,99.4,35.6,17.9,26.6,9.96,91.8,170.4,15.29,1.35,1.22,423.4,Severe,0.0,,,,-0.4970169849852248,False,-0.0334506035701681,False
2022-05-23,Delhi,272.7,111.0,174.5,89.6,24.0,16.8,7.2,8.4,0.9,8.02,11.55,1.4,399.0,Good,0.0,,,,0.1395348546882531,False,-0.0831139219359837,False
2022-05-24,Delhi,457.2,63.4,163.4,145.6,9.8,45.9,5.77,58.9,77.7,2.84,23.59,5.6,296.0,Moderate,0.0,,,,1.440130806180575,False,-0.0951159030802565,False
2022-05-25,Delhi,77.0,106.8,64.6,15.7,160.8,48.7,1.61,33.9,162.3,11.38,22.27,4.14,104.8,Severe,0.0,,,,-1.2400132629651206,False,-0.0642933988454809,False
2022-05-26,Delhi,496.9,416.1,166.8,54.6,72.4,36.1,1.37,35.7,119.4,3.08,21.87,6.42,299.7,Severe,0.0,,,,1.719988038019303,False,-0.0961632254450047,False
2022-05-27,Delhi,306.3,133.6,59.8,86.1,141.1,36.7,3.99,12.4,101.3,7.27,14.91,8.29,369.1,Moderate,0.0,,,,0.3763913531714078,False,-0.1173485086215156,False
2022-05-28,Delhi,391.5,596.7,22.7,5.0,155.8,32.5,2.82,81.3,5.0,3.45,15.84,3.48,82.9,Severe,0.0,,,,0.976991760039407,False,-0.0236514793884035,False
2022-05-29,Delhi,429.6,175.3,15.3,39.4,33.7,26.3,1.31,62.1,2.5,1.53,19.14,6.44,106.0,Poor,0.0,,,,1.2455701109979844,False,-0.0767845761418187,False
2022-05-30,Delhi,141.1,352.4,106.6,29.3,227.1,43.3,0.51,38.9,103.4,18.5,18.73,4.87,285.3,Good,0.0,,,,-0.7881530977041025,False,-0.1091107641215701,False
2022-05-31,Delhi,248.7,184.3,44.0,29.9,210.2,3.2,0.06,13.9,90.7,6.34,19.02,8.31,78.0,Severe,0.0,,,,-0.0296483585140002,False,-0.0883047379247203,False
2022-06-01,Delhi,292.8,158.9,28.9,57.2,178.7,22.3,4.73,4.9,103.0,14.48,11.45,3.65,42.0,Very Poor,0.0,,,,0.2812257957451404,False,-0.0945764707531771,False
2022-06-02,Delhi,165.7,54.2,41.4,133.7,180.6,46.0,0.34,41.1,103.6,2.0,17.1,9.5,300.7,Good,0.0,,,,-0.6147403041717929,False,-0.0770258529933326,False
2022-06-03,Delhi,235.9,388.7,149.4,101.0,75.8,9.0,5.53,86.1,156.9,16.89,1.26,2.82,284.5,Moderate,0.0,,,,-0.1198794055552018,False,-0.1292313547246901,False
2022-06-04,Delhi,421.0,190.6,170.6,65.2,230.2,41.6,4.45,59.8,37.3,15.03,22.96,9.97,469.8,Poor,0.0,,,,1.1849461262671768,False,-0.1069631416151042,False
2022-06-05,Delhi,343.7,428.6,109.8,76.0,109.2,6.2,2.01,68.3,35.0,11.63,19.6,9.64,39.4,Very Poor,0.0,,,,0.6400351937449191,False,-0.1034463738451356,False
2022-06-06,Delhi,405.8,337.4,172.9,99.9,89.9,1.0,3.12,25.0,25.1,6.18,21.04,1.61,1.9,Severe,0.0,,,,1.0777967579057497,False,-0.0761581901279809,False
2022-06-07,Delhi,195.5,579.7,175.9,38.0,4.9,10.3,4.57,46.0,157.3,1.93,14.62,2.79,139.3,Very Poor,0.0,,,,-0.4046711477789949,False,-0.0995575166140987,False
2022-06-08,Delhi,356.9,238.0,196.4,135.0,1.7,41.0,1.82,66.9,198.0,15.3,4.39,7.89,267.6,Severe,0.0,,,,0.7330859610061584,False,-0.0875247817742458,False
2022-06-09,Delhi,197.6,99.0,90.2,29.7,137.3,44.7,9.31,41.4,188.3,19.01,25.98,3.18,100.0,Moderate,0.0,,,,-0.3898676166237978,False,-0.0725387489434705,False
2022-06-10,Delhi,243.4,307.3,146.7,48.6,34.6,30.7,0.93,85.2,47.5,10.65,2.06,0.92,441.1,Poor,0.0,,,,-0.0670096514294976,False,-0.0904071161917237,False
2022-06-11,Delhi,132.6,404.8,164.0,134.1,152.3,28.9,5.5,46.0,95.0,19.67,4.29,8.21,18.5,Very Poor,0.0,,,,-0.8480721523799005,False,-0.0915048135912477,False
2022-06-12,Delhi,16.1,292.0,197.5,113.6,151.9,12.0,8.98,94.0,64.7,17.96,9.76,1.66,147.9,Good,0.0,,,,-1.6693156664658384,False,-0.0506333519258495,False
2022-06-13,Delhi,327.9,565.1,7.9,1.9,85.7,34.2,7.87,3.1,113.7,16.53,28.22,4.56,468.9,Poor,0.0,,,,0.5286562450534357,False,-0.0340899083354788,False
2022-06-14,Delhi,440.9,149.9,104.1,74.6,173.9,2.4,5.9,59.7,25.7,4.46,3.79,8.84,183.0,Very Poor,0.0,,,,1.325227207214045,False,-0.1194014088228949,False
2022-06-15,Delhi,88.0,110.4,185.1,146.7,215.0,15.8,3.45,72.6,12.8,4.91,28.6,8.26,34.3,Moderate,0.0,,,,-1.162470956914088,False,-0.0399381927420746,False
2022-06-16,Delhi,267.6,26.1,78.8,126.8,168.2,14.1,2.51,20.3,42.5,8.89,20.26,1.5,308.2,Moderate,0.0,,,,0.1035834218827745,False,-0.0874458505604346,False
2022-06-17,Delhi,30.0,189.6,128.1,57.2,238.8,45.7,7.57,26.3,137.2,16.43,10.88,8.17,277.2,Satisfactory,0.0,,,,-1.5713303888195334,False,-0.1040611071149245,False
2022-06-18,Delhi,76.0,575.5,68.3,61.2,143.8,17.7,4.11,73.9,69.2,7.52,24.84,6.24,60.0,Severe,0.0,,,,-1.2470625635152146,False,-0.0809761635847959,False
2022-06-19,Delhi,137.3,492.8,23.4,96.5,81.6,21.5,4.77,41.5,80.1,0.43,27.3,0.93,96.7,Satisfactory,0.0,,,,-0.8149404397944592,False,-0.1242039052813688,False
2022-06-20,Delhi,473.2,151.3,24.1,37.1,201.5,35.9,8.07,82.8,70.4,8.1,10.96,2.23,443.3,Good,0.0,,,,1.5529196149820776,False,-0.0749629037609797,False
2022-06-21,Delhi,142.7,153.0,13.4,45.5,43.2,3.3,2.93,44.6,98.5,2.4,9.29,0.16,158.8,Moderate,0.0,,,,-0.7768742168239523,False,-0.1207439452564635,False
2022-06-22,Delhi,465.8,303.4,111.2,2.9,71.8,2.3,1.24,14.8,193.8,1.19,29.47,8.64,151.9,Moderate,0.0,,,,1.500754790911383,False,-0.0402371204814259,False
2022-06-23,Delhi,430.6,9.3,22.0,49.6,227.4,9.0,6.6,78.8,31.3,18.14,5.79,0.55,87.1,Satisfactory,0.0,,,,1.2526194115480782,False,-0.0659771907707313,False
2022-06-24,Delhi,344.0,474.7,100.4,0.5,104.1,39.9,6.02,83.6,94.9,8.91,8.89,8.79,229.2,Satisfactory,0.0,,,,0.6421499839099474,False,-0.0870500264928565,False
2022-06-25,Delhi,295.0,566.7,82.9,31.1,45.9,2.0,3.16,4.5,51.8,14.38,5.04,9.64,310.0,Moderate,0.0,,,,0.2967342569553469,False,-0.0872650617221355,False
2022-06-26,Delhi,282.4,298.8,98.8,110.6,181.8,15.5,1.06,15.0,159.4,9.94,28.86,2.15,303.6,Very Poor,0.0,,,,0.2079130700241637,False,-0.1108343287329605,False
2022-06-27,Delhi,172.9,590.9,147.9,68.0,101.1,10.7,6.63,74.2,142.6,17.54,25.9,9.56,233.1,Moderate,0.0,,,,-0.5639853402111168,False,-0.1047462299164664,False
2022-06-28,Delhi,389.3,151.3,149.7,138.3,21.3,24.8,2.77,25.3,103.6,10.01,27.94,3.5,104.2,Moderate,0.0,,,,0.9614832988292006,False,-0.0961461184651086,False
2022-06-29,Delhi,327.5,557.7,83.5,0.2,87.1,36.8,6.52,40.3,52.4,11.82,22.11,4.76,412.6,Satisfactory,0.0,,,,0.5258365248333983,False,-0.0743694648651701,False
2022-06-30,Delhi,246.3,313.5,113.2,101.8,142.3,15.5,1.86,55.3,88.7,2.28,13.01,9.73,381.2,Poor,0.0,,,,-0.0465666798342253,False,-0.1422310478558993,False
2022-07-01,Delhi,463.9,119.8,27.8,33.9,94.2,47.0,4.97,20.0,183.6,17.31,13.34,8.02,74.8,Satisfactory,0.0,,,,1.4873611198662045,False,-0.0833140533970645,False
2022-07-02,Delhi,435.0,40.0,95.7,2.3,94.6,26.1,6.22,24.5,94.8,4.68,15.65,7.38,470.3,Severe,0.0,,,,1.283636333968491,False,-0.0609700829968508,False
2022-07-03,Delhi,498.7,477.3,77.9,67.4,200.3,46.8,3.96,66.0,14.7,1.77,15.96,3.87,484.8,Very Poor,0.0,,,,1.7326767790094717,False,-0.059045945446478,False
2022-07-04,Delhi,62.9,475.4,72.8,127.3,166.0,0.2,2.62,49.0,178.7,11.6,7.67,2.23,57.1,Poor,0.0,,,,-1.3394084007214444,False,-0.0703098820656857,False
2022-07-05,Delhi,74.2,239.8,196.2,116.5,247.4,20.4,7.36,13.0,10.3,9.65,22.73,1.1,292.5,Poor,0.0,,,,-1.2597513045053836,False,-0.0838125256992056,False
2022-07-06,Delhi,368.9,164.8,73.4,46.0,67.8,40.2,5.8,2.3,108.9,0.03,29.64,7.52,100.9,Moderate,0.0,,,,0.817677567607285,False,-0.0992543016678342,False
2022-07-07,Delhi,165.5,120.0,174.2,123.3,187.8,43.7,7.57,40.1,142.3,8.99,9.28,1.62,453.6,Good,0.0,,,,-0.6161501642818116,False,-0.0987820438471894,False
2022-07-08,Delhi,92.0,140.8,193.7,73.6,247.0,10.0,2.07,55.0,140.8,11.43,3.42,1.65,87.5,Severe,0.0,,,,-1.1342737547137125,False,-0.1086435969186815,False
2022-07-09,Delhi,357.7,469.0,154.5,79.8,137.0,5.7,5.07,72.0,164.5,13.67,20.95,5.66,45.9,Good,0.0,,,,0.7387254014462336,False,-0.108094484962334,False
2022-07-10,Delhi,478.6,470.0,39.6,114.3,233.1,12.5,6.32,31.3,68.9,9.22,16.49,1.46,251.2,Severe,0.0,,,,1.5909858379525847,False,-0.1052269006211389,False
2022-07-11,Delhi,202.9,342.2,108.0,110.2,243.6,47.8,9.88,71.4,97.3,13.22,24.76,2.76,196.8,Severe,0.0,,,,-0.3525063237083001,False,-0.1075335408755939,False
2022-07-12,Delhi,106.8,369.8,188.0,16.5,156.8,42.5,8.96,88.7,113.2,19.87,27.08,6.01,95.4,Satisfactory,0.0,,,,-1.0299441065723227,False,-0.0671882707899387,False
2022-07-13,Delhi,241.8,187.0,13.9,73.1,217.0,45.1,6.38,95.0,74.4,5.35,13.36,7.06,424.8,Poor,0.0,,,,-0.0782885323096478,False,-0.1055612493478255,False
2022-07-14,Delhi,267.3,123.3,165.4,66.4,148.5,0.5,3.51,77.0,107.1,17.64,23.11,9.09,436.0,Severe,0.0,,,,0.1014686317177462,False,-0.1064487931698693,False
2022-07-15,Delhi,393.1,225.8,77.6,146.2,115.8,23.3,1.97,39.9,194.2,7.7,3.97,9.91,202.2,Very Poor,0.0,,,,0.9882706409195574,False,-0.0771619243925481,False
2022-07-16,Delhi,314.2,298.0,46.0,103.7,227.1,19.4,8.83,0.9,104.9,5.4,4.11,1.97,482.5,Very Poor,0.0,,,,0.4320808275171494,False,-0.0669345795131916,False
2022-07-17,Delhi,451.2,249.7,10.8,106.5,18.4,24.9,5.57,93.8,194.6,8.58,4.44,1.67,20.5,Very Poor,0.0,,,,1.397835002880012,False,-0.0535293751252832,False
2022-07-18,Delhi,66.0,225.2,148.6,134.3,74.5,7.8,7.73,84.3,184.9,7.79,20.84,4.67,373.3,Very Poor,0.0,,,,-1.3175555690161531,False,-0.0786408887594533,False
2022-07-19,Delhi,371.5,248.1,198.1,121.0,140.9,0.7,6.13,37.9,140.5,15.69,12.84,1.55,223.3,Moderate,0.0,,,,0.8360057490375293,False,-0.1377116472627115,False
2022-07-20,Delhi,48.4,557.6,166.2,7.0,244.3,28.6,7.7,40.8,89.3,13.45,5.49,7.33,153.1,Severe,0.0,,,,-1.4416232586978055,False,-0.058425343117456,False
2022-07-21,Delhi,108.5,202.1,93.2,31.9,171.4,38.4,4.69,30.6,126.3,0.74,2.28,9.56,59.9,Satisfactory,0.0,,,,-1.0179602956371632,False,-0.1103600316618386,False
2022-07-22,Delhi,163.9,289.9,105.7,25.0,47.5,0.8,3.74,62.7,53.5,16.8,28.68,8.64,257.4,Very Poor,0.0,,,,-0.6274290451619617,False,-0.1264879641385528,False
2022-07-23,Delhi,448.7,340.3,83.1,130.1,58.8,11.1,1.65,33.0,75.1,19.22,2.73,0.13,347.6,Good,0.0,,,,1.3802117515047774,False,-0.1032835933437285,False
2022-07-24,Delhi,156.9,526.2,45.7,119.6,163.2,5.8,8.43,84.4,100.9,4.76,24.49,0.55,155.5,Poor,0.0,,,,-0.676774149012619,False,-0.0915664253753006,False
2022-07-25,Delhi,450.1,410.1,155.4,130.4,143.5,28.8,5.8,38.6,7.6,9.06,26.42,6.2,352.6,Very Poor,0.0,,,,1.3900807722749091,False,-0.0879273343006607,False
2022-07-26,Delhi,190.3,256.6,97.4,82.2,61.7,40.8,3.79,53.3,8.1,18.49,10.97,7.07,381.8,Poor,0.0,,,,-0.441327510639483,False,-0.1121873811408412,False
2022-07-27,Delhi,352.8,543.1,127.6,26.0,28.3,27.8,9.51,49.3,51.2,16.9,24.94,2.68,59.6,Satisfactory,0.0,,,,0.7041838287507737,False,-0.0639708535793721,False
2022-07-28,Delhi,385.1,477.0,179.8,98.6,195.1,0.2,9.01,80.4,70.8,15.14,16.69,0.0,442.3,Poor,0.0,,,,0.9318762365188064,False,-0.0907545395362259,False
2022-07-29,Delhi,241.9,211.5,199.8,16.8,230.0,24.5,2.86,79.7,28.3,6.31,7.35,7.25,276.6,Very Poor,0.0,,,,-0.0775836022546385,False,-0.0979936402428722,False
2022-07-30,Delhi,417.2,535.2,148.7,112.0,109.8,13.5,4.01,49.3,177.0,12.34,12.44,0.88,152.2,Severe,0.0,,,,1.15815878417682,False,-0.1018467320016487,False
2022-07-31,Delhi,98.4,171.3,141.8,65.3,48.0,19.7,3.09,31.3,199.6,18.27,7.45,3.15,234.8,Good,0.0,,,,-1.0891582311931114,False,-0.089654357265548,False
2022-08-01,Delhi,170.2,415.3,80.9,78.8,169.4,9.5,6.04,0.6,97.3,13.38,2.34,8.32,428.2,Very Poor,0.0,,,,-0.5830184516963703,False,-0.0900322676733637,False
2022-08-02,Delhi,462.8,544.4,147.7,143.6,233.2,2.9,2.99,27.5,80.8,19.57,13.1,9.1,425.5,Poor,0.0,,,,1.4796068892611014,False,-0.0699948698093403,False
2022-08-03,Delhi,367.4,345.5,95.9,30.4,80.7,15.3,4.6,70.3,179.9,2.92,7.23,3.3,494.8,Poor,0.0,,,,0.8071036167821442,False,-0.0882735302045938,False
2022-08-04,Delhi,120.7,425.2,45.7,132.8,165.6,21.2,4.89,4.7,7.0,5.66,16.38,9.82,259.2,Very Poor,0.0,,,,-0.9319588289260178,False,-0.0706713777727263,False
2022-08-05,Delhi,166.4,158.6,115.9,140.9,19.2,24.4,1.61,29.1,53.5,10.95,28.42,3.87,388.7,Satisfactory,0.0,,,,-0.6098057937867271,False,-0.0956379884180264,False
2022-08-06,Delhi,442.0,544.0,167.4,80.3,174.3,22.0,8.04,17.2,56.3,0.82,18.05,6.14,375.6,Severe,0.0,,,,1.3329814378191485,False,-0.0952360657865897,False
2022-08-07,Delhi,34.2,191.9,97.6,47.0,39.0,12.5,0.78,27.1,98.3,1.2,23.61,5.64,23.0,Poor,0.0,,,,-1.541723326509139,False,-0.0593378020940664,False
2022-08-08,Delhi,453.3,131.6,50.7,45.8,153.5,45.9,2.74,86.1,86.1,3.93,24.03,1.46,371.6,Severe,0.0,,,,1.4126385340352094,False,-0.0952926288783107,False
2022-08-09,Delhi,145.2,442.9,47.4,129.4,28.6,27.2,2.1,21.4,123.4,18.45,14.59,3.9,23.5,Good,0.0,,,,-0.7592509654487176,False,-0.0741677154750109,False
2022-08-10,Delhi,424.6,329.0,25.6,99.0,145.4,38.3,3.12,28.8,65.9,18.91,2.74,6.41,91.8,Poor,0.0,,,,1.2103236082475148,False,-0.1182493412766986,False
2022-08-11,Delhi,229.9,340.1,55.1,9.5,62.9,20.3,6.11,36.2,123.6,5.24,0.8,5.02,398.3,Moderate,0.0,,,,-0.1621752088557651,False,-0.1159168108765532,False
2022-08-12,Delhi,34.4,176.6,153.9,19.5,229.4,20.1,7.28,80.9,40.0,12.18,18.87,1.98,289.8,Good,0.0,,,,-1.5403134663991205,False,-0.074968406163533,False
2022-08-13,Delhi,118.7,517.3,126.5,52.6,210.6,33.6,0.32,95.3,30.3,7.23,16.11,2.54,400.7,Good,0.0,,,,-0.9460574300262056,False,-0.055274543887156,False
2022-08-14,Delhi,436.1,271.6,17.8,123.5,22.7,17.9,8.23,59.6,183.6,12.62,5.16,2.44,77.3,Severe,0.0,,,,1.2913905645735946,False,-0.0993480974809174,False
2022-08-15,Delhi,72.7,252.8,92.3,104.1,94.9,30.6,1.69,91.0,1.8,9.0,27.2,3.92,495.2,Satisfactory,0.0,,,,-1.2703252553305244,False,-0.0403336379165961,False
2022-08-16,Delhi,160.4,116.7,88.6,112.3,104.7,17.2,1.59,97.8,27.8,2.64,12.68,7.67,462.7,Severe,0.0,,,,-0.6521015970872903,False,-0.0466466637438151,False
2022-08-17,Delhi,246.3,526.5,39.9,124.7,249.5,26.4,3.39,80.0,8.4,17.59,7.74,5.29,193.7,Good,0.0,,,,-0.0465666798342253,False,-0.0764717645715231,False
2022-08-18,Delhi,477.6,59.1,17.6,130.4,224.1,7.1,6.27,26.1,140.1,14.02,21.27,1.9,341.9,Satisfactory,0.0,,,,1.583936537402491,False,-0.0871641639104828,False
2022-08-19,Delhi,8.9,301.4,54.5,9.5,123.8,13.2,2.49,48.8,23.0,4.91,14.65,1.93,14.8,Good,0.0,,,,-1.7200706304265143,False,-0.0377407344712094,False
2022-08-20,Delhi,458.7,145.6,54.3,135.5,66.7,45.7,7.06,66.0,197.9,1.46,7.49,6.51,176.0,Good,0.0,,,,1.450704757005716,False,-0.0755516946504345,False
2022-08-21,Delhi,329.7,309.1,159.7,58.9,13.4,38.0,5.31,93.4,79.6,9.12,29.34,0.37,183.3,Satisfactory,0.0,,,,0.5413449860436047,False,-0.1187579049295187,False
2022-08-22,Delhi,236.6,93.7,180.5,95.1,8.6,4.6,7.8,3.0,141.8,11.48,13.73,9.79,92.7,Severe,0.0,,,,-0.1149448951701362,False,-0.0870430807819018,False
2022-08-23,Delhi,48.1,129.3,176.6,77.4,100.4,10.0,5.12,32.7,97.1,15.27,11.32,8.35,207.9,Good,0.0,,,,-1.443738048862834,False,-0.1126168022095708,False
2022-08-24,Delhi,304.6,378.3,135.0,53.9,90.2,0.2,2.92,96.1,108.1,18.32,20.84,4.94,282.4,Satisfactory,0.0,,,,0.3644075422362484,False,-0.1088255931744132,False
2022-08-25,Delhi,468.5,6.5,63.8,106.4,164.2,42.9,3.6,71.8,100.7,11.22,20.61,8.3,246.2,Moderate,0.0,,,,1.5197879023966363,False,-0.0907484586469665,False
2022-08-26,Delhi,251.4,180.7,40.4,100.9,76.3,16.8,1.59,35.6,189.2,8.71,21.82,0.77,194.4,Good,0.0,,,,-0.0106152470287465,False,-0.110569467230718,False
2022-08-27,Delhi,483.6,19.8,75.9,140.3,84.7,47.8,7.46,34.9,178.0,8.73,4.7,9.86,434.0,Very Poor,0.0,,,,1.6262323407030543,False,-0.0489352949822635,False
2022-08-28,Delhi,41.2,23.5,153.1,10.8,85.7,12.3,7.67,2.5,172.7,18.01,14.13,6.54,455.7,Moderate,0.0,,,,-1.492378222658482,False,-0.0104042662057751,False
2022-08-29,Delhi,253.5,178.8,119.1,34.5,38.0,38.4,8.76,77.3,170.0,3.36,12.43,1.0,424.0,Satisfactory,0.0,,,,0.0041882841264505,False,-0.0835077182829849,False
2022-08-30,Delhi,132.5,77.0,69.7,30.4,233.8,7.5,8.64,8.3,193.3,12.32,13.83,7.25,81.9,Good,0.0,,,,-0.8487770824349099,False,-0.0432236528175415,False
2022-08-31,Delhi,253.0,233.1,72.1,68.1,205.3,12.4,5.78,65.9,23.8,13.23,20.18,3.89,330.3,Severe,0.0,,,,0.0006636338514035,False,-0.1330413416821765,False
2022-09-01,Delhi,484.6,476.3,54.7,55.0,144.7,7.0,2.71,32.4,15.3,15.9,26.53,2.07,264.5,Moderate,0.0,,,,1.633281641253148,False,-0.0847357251089434,False
2022-09-02,Delhi,484.1,499.3,193.2,43.8,184.6,18.5,2.4,53.6,84.1,10.97,14.84,5.21,10.8,Very Poor,0.0,,,,1.6297569909781011,False,-0.0741127625326998,False
2022-09-03,Delhi,100.2,43.1,147.6,71.3,91.5,27.6,9.85,32.3,48.1,11.03,19.87,5.95,462.1,Very Poor,0.0,,,,-1.0764694902029426,False,-0.0566111123978968,False
2022-09-04,Delhi,267.5,372.2,82.7,133.2,210.0,4.4,6.41,77.8,138.2,11.21,1.2,4.67,478.3,Moderate,0.0,,,,0.1028784918277649,False,-0.1021115813186367,False
2022-09-05,Delhi,95.3,347.4,146.3,13.8,14.1,18.5,2.48,74.8,113.5,19.66,16.68,8.52,213.7,Very Poor,0.0,,,,-1.1110110628984025,False,-0.1003520766199561,False
2022-09-06,Delhi,76.4,206.7,27.8,36.6,103.1,23.5,9.5,16.1,128.9,17.68,11.97,8.27,470.2,Poor,0.0,,,,-1.2442428432951769,False,-0.0491541131495731,False
2022-09-07,Delhi,348.7,321.4,70.1,88.3,222.3,2.5,1.18,49.2,120.3,14.02,26.29,4.61,149.5,Moderate,0.0,,,,0.6752816964953886,False,-0.1251916182893825,False
2022-09-08,Delhi,221.5,388.2,176.5,10.9,170.4,42.2,7.35,22.5,190.5,15.2,16.34,3.06,202.1,Moderate,0.0,,,,-0.2213893334765538,False,-0.0730392089233843,False
2022-09-09,Delhi,58.0,104.2,121.8,110.4,212.8,10.7,1.46,63.2,134.4,17.21,12.64,0.27,100.8,Severe,0.0,,,,-1.3739499734169045,False,-0.087900607471738,False
2022-09-10,Delhi,130.3,225.4,17.4,15.4,111.3,29.7,3.35,96.4,150.6,5.72,18.45,9.85,278.4,Good,0.0,,,,-0.8642855436451163,False,-0.0799154748227338,False
2022-09-11,Delhi,113.9,445.3,40.3,100.9,24.1,22.1,9.52,49.4,123.2,16.47,10.27,4.25,44.5,Very Poor,0.0,,,,-0.9798940726666562,False,-0.0790076107022594,False
2022-09-12,Delhi,238.4,391.2,186.6,75.3,79.7,37.5,4.83,17.1,75.9,7.6,25.07,1.54,161.9,Moderate,0.0,,,,-0.1022561541799671,False,-0.1343743952833224,False
2022-09-13,Delhi,77.6,214.4,23.4,127.3,143.2,9.1,8.1,68.4,12.7,8.06,3.82,8.4,279.2,Poor,0.0,,,,-1.2357836826350643,False,-0.0833385717045647,False
2022-09-14,Delhi,263.0,276.8,149.3,112.6,207.0,41.6,5.38,65.9,157.6,2.91,5.75,2.29,290.0,Very Poor,0.0,,,,0.0711566393523424,False,-0.135761131829343,False
2022-09-15,Delhi,10.9,491.1,138.5,86.9,45.2,21.6,9.95,27.3,35.7,16.4,9.75,7.39,76.6,Moderate,0.0,,,,-1.7059720293263263,False,-0.045399322059768,False
2022-09-16,Delhi,75.6,77.8,181.7,76.4,213.1,46.2,0.96,54.7,3.2,11.47,19.56,2.0,159.1,Moderate,0.0,,,,-1.249882283735252,False,-0.0673754297334841,False
2022-09-17,Delhi,472.5,515.0,59.9,14.8,26.1,26.4,5.5,11.9,61.0,3.78,8.62,9.25,264.0,Moderate,0.0,,,,1.547985104597012,False,-0.0772715788730582,False
2022-09-18,Delhi,475.2,538.9,31.6,132.9,159.3,33.7,3.74,84.4,133.1,17.08,29.96,1.8,16.7,Poor,0.0,,,,1.5670182160822654,False,-0.046443993789251,False
2022-09-19,Delhi,402.5,469.4,39.0,5.7,232.0,44.7,3.57,80.2,17.4,3.67,13.95,4.41,189.6,Very Poor,0.0,,,,1.05453406609044,False,-0.071450471504504,False
2022-09-20,Delhi,301.2,520.8,175.3,39.6,212.1,42.8,1.4,14.6,40.7,9.24,18.16,2.29,333.8,Moderate,0.0,,,,0.3404399203659289,False,-0.0937405530218961,False
2022-09-21,Delhi,341.6,83.2,42.4,60.7,170.1,46.2,7.2,18.0,38.9,8.66,9.31,3.85,79.2,Moderate,0.0,,,,0.6252316625897222,False,-0.0985871341628675,False
2022-09-22,Delhi,143.5,130.7,82.1,110.3,162.0,49.7,2.55,81.9,143.8,11.4,26.17,7.93,285.7,Poor,0.0,,,,-0.771234776383877,False,-0.1121239226988528,False
2022-09-23,Delhi,359.7,379.9,33.1,89.9,215.2,35.9,3.28,35.4,178.7,19.39,4.21,3.19,451.4,Poor,0.0,,,,0.7528240025464213,False,-0.1136816000023515,False
2022-09-24,Delhi,221.6,54.0,122.6,50.9,134.2,49.7,9.9,64.2,151.0,1.8,12.67,4.25,341.5,Moderate,0.0,,,,-0.2206844034215445,False,-0.0832361608149858,False
2022-09-25,Delhi,258.8,566.7,177.8,56.3,128.2,17.1,6.64,73.0,123.3,10.32,15.66,8.41,197.2,Poor,0.0,,,,0.0415495770419482,False,-0.1133266642268209,False
2022-09-26,Delhi,411.1,122.9,7.6,136.2,92.8,48.6,0.54,1.6,1.2,17.15,15.24,9.38,175.3,Very Poor,0.0,,,,1.1151580508212473,False,-0.0321127218896708,False
2022-09-27,Delhi,57.1,334.7,3.1,88.7,63.5,10.4,7.81,6.8,34.7,16.27,8.57,4.57,121.6,Poor,0.0,,,,-1.380294343911989,False,-0.0850932544504158,False
2022-09-28,Delhi,482.3,149.6,9.6,4.2,49.2,10.6,0.28,22.5,180.9,7.08,1.81,6.12,30.6,Very Poor,0.0,,,,1.617068249987932,False,-0.0215409022530643,False
2022-09-29,Delhi,314.3,427.1,165.8,54.1,97.8,2.6,3.08,28.6,82.2,5.58,23.6,8.18,465.7,Good,0.0,,,,0.432785757572159,False,-0.1155816133164843,False
2022-09-30,Delhi,311.9,13.2,170.2,8.1,50.9,38.4,7.81,22.2,85.8,6.92,21.73,8.24,85.7,Very Poor,0.0,,,,0.4158674362519334,False,-0.0689638286122065,False
2022-10-01,Delhi,352.5,537.9,156.8,12.4,144.0,28.5,7.5,4.5,186.5,1.55,2.62,2.54,150.4,Good,0.0,,,,0.7020690385857454,False,-0.0377590246647612,False
2022-10-02,Delhi,208.0,382.0,36.1,13.3,91.8,18.7,7.39,40.1,98.4,8.74,15.33,0.93,97.3,Satisfactory,0.0,,,,-0.3165548909028213,False,-0.1055158637747673,False
2022-10-03,Delhi,138.4,343.8,169.5,40.6,224.9,14.2,7.62,77.8,30.6,1.48,11.12,6.04,307.6,Severe,0.0,,,,-0.8071862091893559,False,-0.1071324402477167,False
2022-10-04,Delhi,173.1,163.4,137.8,51.6,89.1,28.5,6.97,22.9,0.6,9.15,8.73,2.03,425.2,Moderate,0.0,,,,-0.562575480101098,False,-0.0846700912198235,False
2022-10-05,Delhi,89.7,312.0,172.2,95.6,197.1,26.3,7.07,34.8,147.7,15.89,14.18,3.24,323.9,Satisfactory,0.0,,,,-1.1504871459789283,False,-0.1256807401961628,False
2022-10-06,Delhi,96.7,516.4,22.8,80.7,247.0,5.2,5.35,83.4,26.2,11.81,9.07,4.21,290.5,Severe,0.0,,,,-1.1011420421282712,False,-0.1019054667245254,False
2022-10-07,Delhi,356.6,353.8,56.6,125.6,216.8,34.3,3.75,27.8,191.0,4.37,14.44,9.85,308.7,Good,0.0,,,,0.7309711708411305,False,-0.1021370775571984,False
2022-10-08,Delhi,289.1,204.2,112.8,97.4,177.6,7.4,8.09,51.8,154.3,2.05,13.81,2.46,180.7,Moderate,0.0,,,,0.2551433837097931,False,-0.130611249223195,False
2022-10-09,Delhi,183.8,344.8,142.4,141.9,120.2,48.8,0.36,41.7,34.6,8.2,1.19,4.4,180.6,Severe,0.0,,,,-0.4871479642150934,False,-0.0815148674740933,False
2022-10-10,Delhi,183.8,185.7,139.7,73.6,9.5,13.1,0.1,99.0,87.2,6.79,15.21,2.66,356.2,Moderate,0.0,,,,-0.4871479642150934,False,-0.0652361958879036,False
2022-10-11,Delhi,11.1,486.3,50.8,33.4,243.6,20.2,5.33,51.4,76.0,1.13,18.08,8.21,90.4,Satisfactory,0.0,,,,-1.7045621692163078,False,-0.0811078368491227,False
2022-10-12,Delhi,178.3,557.4,27.4,52.0,145.6,39.0,3.13,42.2,10.4,12.91,7.36,4.64,433.7,Satisfactory,0.0,,,,-0.5259191172406097,False,-0.074472575410076,False
2022-10-13,Delhi,127.5,295.1,75.1,100.2,217.5,48.0,6.18,90.4,163.9,18.66,24.27,3.93,304.9,Good,0.0,,,,-0.8840235851853793,False,-0.1103018652342561,False
2022-10-14,Delhi,200.0,353.8,132.4,22.5,23.8,20.6,0.38,58.2,77.3,9.05,0.91,3.41,93.8,Very Poor,0.0,,,,-0.3729492953035724,False,-0.0994276864646555,False
2022-10-15,Delhi,69.6,596.8,129.6,22.5,120.1,31.8,0.12,69.3,172.0,2.15,11.46,8.74,360.4,Moderate,0.0,,,,-1.2921780870358155,False,-0.0393286120737925,False
2022-10-16,Delhi,370.8,312.6,78.1,62.5,151.6,19.3,1.66,8.9,47.7,9.57,17.87,3.69,35.2,Satisfactory,0.0,,,,0.8310712386524637,False,-0.0907203316259379,False
2022-10-17,Delhi,170.9,43.2,41.7,29.9,166.4,42.3,9.57,8.2,23.5,3.69,15.65,4.66,171.6,Good,0.0,,,,-0.5780839413113046,False,-0.0521284715771501,False
2022-10-18,Delhi,361.8,127.9,174.3,118.1,152.1,15.7,1.5,51.8,51.1,0.95,5.38,6.02,380.6,Very Poor,0.0,,,,0.7676275337016186,False,-0.1071350876941174,False
2022-10-19,Delhi,310.6,443.4,102.8,46.2,236.3,4.3,9.47,95.1,69.0,8.85,2.75,7.79,463.7,Moderate,0.0,,,,0.4067033455368117,False,-0.0626643388728349,False
2022-10-20,Delhi,61.8,42.1,29.6,146.7,15.7,32.1,8.49,33.6,150.2,14.59,19.47,1.59,223.7,Good,0.0,,,,-1.3471626313265477,False,-0.0566442248537639,False
2022-10-21,Delhi,350.8,472.8,3.5,98.5,127.0,37.4,9.19,45.9,148.9,1.87,15.19,9.89,207.4,Very Poor,0.0,,,,0.6900852276505859,False,-0.1115562797274278,False
2022-10-22,Delhi,172.0,256.1,103.1,2.9,186.8,35.3,9.21,98.7,55.6,12.18,21.29,0.88,345.4,Very Poor,0.0,,,,-0.5703297107062013,False,-0.0437118425423986,False
2022-10-23,Delhi,165.2,502.2,76.0,124.0,54.4,10.3,1.11,74.5,120.7,3.88,22.97,1.65,440.2,Severe,0.0,,,,-0.6182649544468398,False,-0.0834866803449318,False
2022-10-24,Delhi,350.3,177.9,199.6,55.3,226.4,21.5,2.81,99.1,181.5,1.66,0.5,7.81,488.9,Poor,0.0,,,,0.686560577375539,False,-0.0465987163687561,False
2022-10-25,Delhi,448.2,310.0,33.2,103.7,169.5,5.6,3.68,19.8,64.3,18.94,21.12,2.17,303.5,Moderate,0.0,,,,1.3766871012297304,False,-0.1163641110818095,False
2022-10-26,Delhi,439.9,524.5,90.6,58.7,160.5,20.1,0.79,25.4,32.1,19.69,20.96,7.95,443.2,Satisfactory,0.0,,,,1.318177906663951,False,-0.0667771408237642,False
2022-10-27,Delhi,385.6,81.8,189.2,24.0,190.2,30.9,1.11,18.8,161.7,17.69,7.76,5.06,370.3,Severe,0.0,,,,0.9354008867938532,False,-0.0770452588608738,False
2022-10-28,Delhi,32.1,486.6,104.4,135.0,198.6,10.4,7.74,91.3,132.2,3.03,21.84,3.47,217.6,Severe,0.0,,,,-1.5565268576643363,False,-0.0727337047354918,False
2022-10-29,Delhi,267.6,37.4,45.7,123.5,131.4,38.7,3.62,52.8,61.6,4.83,28.39,7.65,482.9,Good,0.0,,,,0.1035834218827745,False,-0.0873948458324296,False
2022-10-30,Delhi,113.6,242.4,107.4,72.2,205.5,42.6,4.18,73.9,156.0,0.13,9.28,4.86,80.0,Poor,0.0,,,,-0.9820088628316844,False,-0.1144073676926871,False
2022-10-31,Delhi,254.4,143.3,21.8,103.7,190.7,49.0,8.89,96.2,8.6,5.28,27.61,1.89,205.0,Poor,0.0,,,,0.010532654621535,False,-0.0509366915617996,False
2022-11-01,Delhi,267.3,372.9,73.6,133.9,67.6,38.3,0.12,89.8,71.8,6.61,20.6,7.98,233.5,Poor,0.0,,,,0.1014686317177462,False,-0.0847389846860752,False
2022-11-02,Delhi,373.1,31.9,34.4,39.9,152.0,0.9,8.17,48.6,34.5,17.96,1.21,2.38,198.2,Very Poor,0.0,,,,0.8472846299176797,False,-0.0943951987559653,False
2022-11-03,Delhi,399.4,233.8,130.9,125.7,181.2,8.3,4.94,91.2,198.9,0.74,7.99,5.37,60.5,Satisfactory,0.0,,,,1.0326812343851486,False,-0.069136103388033,False
2022-11-04,Delhi,72.3,79.6,11.4,12.6,192.0,32.8,7.92,10.1,174.6,0.19,2.45,2.62,98.3,Severe,0.0,,,,-1.2731449755505615,False,-0.0390739948137088,False
2022-11-05,Delhi,81.9,293.2,136.8,45.3,46.0,6.0,0.49,96.0,127.8,8.0,0.83,5.08,71.3,Good,0.0,,,,-1.2054716902696605,False,-0.0601064507521148,False
2022-11-06,Delhi,335.8,371.4,48.1,100.8,227.5,21.3,7.2,86.2,134.2,13.58,2.93,3.41,30.5,Satisfactory,0.0,,,,0.5843457193991776,False,-0.1083186553761371,False
2022-11-07,Delhi,132.1,15.4,0.1,94.2,41.6,45.0,1.05,98.9,122.3,2.52,17.04,1.0,169.9,Satisfactory,0.0,,,,-0.8515968026549474,False,-0.0571702902143408,False
2022-11-08,Delhi,379.3,166.6,71.4,100.8,12.4,1.7,9.53,86.0,62.2,13.8,24.64,5.62,497.4,Very Poor,0.0,,,,0.8909902933282617,False,-0.063620218419018,False
2022-11-09,Delhi,200.9,210.0,37.2,131.9,246.3,29.1,0.76,73.8,26.9,5.78,6.9,6.13,288.8,Very Poor,0.0,,,,-0.3666049248084879,False,-0.0817923802338048,False
2022-11-10,Delhi,398.5,19.2,194.7,106.3,1.7,42.5,0.52,52.1,162.1,13.18,29.62,1.73,476.4,Very Poor,0.0,,,,1.0263368638900645,False,-0.0592333715671026,False
2022-11-11,Delhi,129.2,21.6,9.7,65.7,43.5,25.2,7.03,95.9,195.8,6.5,8.14,7.32,39.4,Severe,0.0,,,,-0.8720397742502198,False,-0.0355512098987681,False
2022-11-12,Delhi,413.3,550.0,48.4,5.9,179.0,44.1,6.68,9.2,131.6,1.55,20.45,2.94,166.0,Good,0.0,,,,1.130666512031454,False,-0.0566976185915163,False
2022-11-13,Delhi,370.6,171.5,157.8,47.4,146.5,3.0,1.03,47.7,75.6,0.85,29.98,4.74,338.4,Moderate,0.0,,,,0.8296613785424449,False,-0.1165229705491723,False
2022-11-14,Delhi,343.6,159.8,82.3,98.2,18.6,46.0,9.83,40.9,135.6,19.06,29.99,2.4,236.7,Good,0.0,,,,0.63933026368991,False,-0.1057011206490335,False
2022-11-15,Delhi,64.2,528.2,92.8,77.6,72.0,11.6,4.89,45.4,24.2,4.02,15.99,4.7,499.9,Very Poor,0.0,,,,-1.3302443100063224,False,-0.0718797979909251,False
2022-11-16,Delhi,136.9,263.9,88.8,70.2,248.8,32.5,6.74,69.4,73.7,0.44,29.8,6.13,462.8,Good,0.0,,,,-0.8177601600144967,False,-0.1131698634440444,False
2022-11-17,Delhi,455.8,589.6,127.8,58.9,104.4,48.2,7.64,96.2,171.6,3.63,28.34,9.94,381.0,Good,0.0,,,,1.430261785410444,False,-0.0551215442416503,False
2022-11-18,Delhi,359.5,89.3,96.2,95.4,126.3,8.3,9.14,86.3,76.9,9.26,19.16,1.59,377.8,Good,0.0,,,,0.7514141424364026,False,-0.0892618733802437,False
2022-11-19,Delhi,148.0,309.4,126.5,105.5,95.9,29.0,1.74,56.5,126.4,7.07,28.83,4.45,295.0,Good,0.0,,,,-0.7395129239084546,False,-0.1373701887263769,False
2022-11-20,Delhi,19.6,185.9,55.2,24.8,132.2,5.2,2.83,8.9,51.9,1.66,11.39,2.13,27.7,Severe,0.0,,,,-1.6446431145405098,False,-0.0437062786261176,False
2022-11-21,Delhi,484.0,198.4,121.9,48.5,229.0,34.2,8.51,24.4,67.8,17.32,2.88,7.31,59.4,Poor,0.0,,,,1.6290520609230916,False,-0.0792611002584384,False
2022-11-22,Delhi,305.6,507.3,79.8,33.9,21.3,45.2,8.35,77.2,27.6,2.01,9.06,6.81,470.2,Poor,0.0,,,,0.3714568427863422,False,-0.072087114883469,False
2022-11-23,Delhi,65.5,585.1,101.5,141.3,89.9,33.6,2.09,59.0,153.9,19.86,24.23,8.12,428.0,Very Poor,0.0,,,,-1.3210802192912003,False,-0.0533140437910849,False
2022-11-24,Delhi,100.6,222.6,32.6,22.0,203.3,17.7,9.95,28.8,28.5,3.37,21.55,4.05,374.3,Good,0.0,,,,-1.0736497699829048,False,-0.0643645348384083,False
2022-11-25,Delhi,340.1,342.2,20.2,114.4,83.6,47.1,1.25,85.1,119.6,4.08,8.11,7.96,257.8,Severe,0.0,,,,0.6146577117645814,False,-0.1109594429363017,False
2022-11-26,Delhi,209.1,49.3,8.0,132.0,75.1,45.4,1.22,26.7,38.2,2.05,1.98,2.64,495.7,Satisfactory,0.0,,,,-0.3088006602977181,False,-0.0602452506889665,False
2022-11-27,Delhi,484.1,172.1,95.7,143.3,108.1,15.3,5.34,71.4,48.9,6.04,7.08,2.65,249.7,Very Poor,0.0,,,,1.6297569909781011,False,-0.082633163606458,False
2022-11-28,Delhi,357.7,16.5,21.2,48.8,239.8,1.5,1.07,73.0,7.6,4.7,15.45,2.63,397.9,Good,0.0,,,,0.7387254014462336,False,-0.0608252217764069,False
2022-11-29,Delhi,199.5,3.8,55.6,59.4,170.7,49.1,1.55,81.1,109.5,16.96,27.03,8.41,322.0,Poor,0.0,,,,-0.3764739455786194,False,-0.0766239119676649,False
2022-11-30,Delhi,105.9,152.4,196.1,12.3,37.9,16.0,4.97,8.6,128.4,18.8,10.49,4.06,9.3,Satisfactory,0.0,,,,-1.0362884770674072,False,-0.0447710108641,False
2022-12-01,Delhi,70.1,519.2,1.5,44.1,45.9,38.8,0.28,51.5,68.9,0.88,6.33,6.78,316.5,Moderate,0.0,,,,-1.2886534367607685,False,-0.091346503208646,False
2022-12-02,Delhi,302.0,443.0,146.6,138.0,108.5,47.2,9.56,70.3,168.6,15.05,23.84,3.18,48.2,Very Poor,0.0,,,,0.3460793608060041,False,-0.0660467358889987,False
2022-12-03,Delhi,116.3,198.9,199.8,77.2,86.2,34.9,1.64,26.8,143.1,11.81,9.93,3.75,113.9,Satisfactory,0.0,,,,-0.9629757513464308,False,-0.1170860126911391,False
2022-12-04,Delhi,221.0,395.5,134.2,16.8,201.0,31.4,7.42,34.5,70.8,16.52,16.92,6.36,217.2,Very Poor,0.0,,,,-0.2249139837516008,False,-0.1225563066155697,False
2022-12-05,Delhi,91.2,576.7,61.1,40.2,219.5,8.2,3.31,55.8,198.0,13.9,27.5,4.78,274.1,Satisfactory,0.0,,,,-1.1399131951537875,False,-0.0674344639839608,False
2022-12-06,Delhi,64.5,169.4,16.5,94.3,133.5,7.0,5.93,99.6,171.9,12.64,5.0,3.01,246.9,Very Poor,0.0,,,,-1.328129519841294,False,-0.0756306389968098,False
2022-12-07,Delhi,278.8,62.6,13.8,39.1,113.2,47.6,4.69,7.8,123.5,18.67,5.88,1.39,223.7,Moderate,0.0,,,,0.1825355880438259,False,-0.1026991523473737,False
2022-12-08,Delhi,225.9,40.6,59.1,51.1,28.4,0.9,4.5,11.1,19.8,19.66,10.35,3.67,487.1,Very Poor,0.0,,,,-0.1903724110561407,False,-0.0663104029172931,False
2022-12-09,Delhi,307.6,287.3,59.1,128.7,139.8,37.0,9.91,74.4,137.1,15.25,22.98,1.11,218.6,Severe,0.0,,,,0.38555544388653,False,-0.0917439418961186,False
2022-12-10,Delhi,159.6,478.0,164.3,21.8,52.2,38.0,8.53,4.2,199.4,0.41,18.95,3.21,18.3,Satisfactory,0.0,,,,-0.6577410375273656,False,-0.0205054307581225,False
2022-12-11,Delhi,166.6,540.5,45.3,86.4,248.2,37.9,0.5,91.5,115.6,18.38,20.45,3.87,343.5,Satisfactory,0.0,,,,-0.6083959336767083,False,-0.0755787337697638,False
2022-12-12,Delhi,381.9,252.6,52.2,64.9,232.6,17.3,7.07,49.1,92.3,18.25,14.55,1.49,154.5,Very Poor,0.0,,,,0.9093184747585056,False,-0.1332017100302067,False
2022-12-13,Delhi,246.6,525.7,39.3,76.3,163.5,49.8,8.21,80.2,122.6,11.72,11.45,6.54,8.4,Satisfactory,0.0,,,,-0.0444518896691973,False,-0.0861356752290342,False
2022-12-14,Delhi,18.3,35.0,49.7,53.1,238.5,41.6,9.27,0.5,84.2,0.15,11.39,0.61,140.1,Poor,0.0,,,,-1.653807205255632,False,-0.0369739991263318,False
2022-12-15,Delhi,406.2,376.5,85.4,14.0,29.2,27.7,3.08,24.6,77.8,15.7,20.36,1.98,453.3,Severe,0.0,,,,1.0806164781257872,False,-0.0917231103660865,False
2022-12-16,Delhi,6.6,328.9,1.5,43.3,66.3,47.8,2.39,58.2,113.6,6.39,3.58,9.5,258.9,Very Poor,0.0,,,,-1.7362840216917304,False,-0.107543493559954,False
2022-12-17,Delhi,479.8,285.7,142.0,39.2,73.4,3.0,1.21,24.8,176.2,6.08,8.58,8.76,246.9,Good,0.0,,,,1.5994449986126975,False,-0.0951843585044034,False
2022-12-18,Delhi,368.0,130.0,93.3,28.7,93.1,19.4,9.11,21.1,46.5,14.54,15.65,7.7,279.5,Good,0.0,,,,0.8113331971122006,False,-0.0923041977440072,False
2022-12-19,Delhi,144.4,130.1,152.1,98.5,159.1,41.9,8.45,44.5,175.3,12.16,28.19,3.8,386.3,Poor,0.0,,,,-0.7648904058887925,False,-0.0963284640365201,False
2022-12-20,Delhi,192.4,60.4,133.0,24.5,186.2,5.2,1.56,44.6,99.5,17.54,23.59,4.1,396.2,Satisfactory,0.0,,,,-0.4265239794842859,False,-0.0950106088686275,False
2022-12-21,Delhi,41.2,348.0,180.8,142.4,3.4,18.6,9.23,68.5,194.8,1.82,15.34,4.44,27.0,Moderate,0.0,,,,-1.492378222658482,False,-0.0304844545297094,False
2022-12-22,Delhi,236.9,588.0,125.4,100.0,48.7,34.1,3.99,76.5,116.3,1.8,27.33,6.15,71.6,Poor,0.0,,,,-0.1128301050051079,False,-0.0893063052604965,False
2022-12-23,Delhi,411.8,587.4,178.3,9.5,31.3,40.4,9.95,21.7,165.4,13.38,9.07,9.0,298.0,Severe,0.0,,,,1.120092561206313,False,-0.0250976255494574,False
2022-12-24,Delhi,170.1,584.3,53.6,116.4,148.4,6.6,8.27,89.2,75.6,10.59,18.95,9.47,288.6,Very Poor,0.0,,,,-0.5837233817513797,False,-0.0838500023246743,False
2022-12-25,Delhi,455.0,11.0,139.5,142.4,46.3,46.7,8.07,48.2,63.9,18.05,3.39,0.3,284.8,Severe,0.0,,,,1.424622344970369,False,-0.0780610657832776,False
2022-12-26,Delhi,468.5,487.4,80.7,51.0,107.7,7.8,4.14,51.7,146.7,15.41,10.98,8.46,148.9,Very Poor,0.0,,,,1.5197879023966363,False,-0.1054789508510043,False
2022-12-27,Delhi,439.3,415.7,70.2,29.6,217.0,22.3,7.53,47.3,88.6,7.02,3.78,0.73,217.5,Severe,0.0,,,,1.313948326333895,False,-0.1138674776462188,False
2022-12-28,Delhi,272.2,154.6,90.2,22.5,82.9,25.2,2.59,62.5,76.7,13.2,23.09,0.36,473.1,Very Poor,0.0,,,,0.1360102044132061,False,-0.0958762581390975,False
2022-12-29,Delhi,293.9,414.3,138.5,48.0,129.5,0.6,5.34,36.1,172.9,0.02,24.08,9.38,268.6,Severe,0.0,,,,0.2889800263502434,False,-0.1257816084935608,False
2022-12-30,Delhi,364.7,246.6,79.2,18.3,191.8,49.4,1.51,58.4,166.9,19.38,5.58,7.55,436.0,Very Poor,0.0,,,,0.7880705052968908,False,-0.0886501019341929,False
2022-12-31,Delhi,165.4,385.6,57.0,149.8,1.0,36.0,1.76,85.3,66.1,18.55,13.72,0.41,16.3,Good,0.0,,,,-0.616855094336821,False,-0.0504175877810344,False
2023-01-01,Delhi,82.4,127.9,199.4,36.8,27.2,29.6,4.52,55.7,69.3,7.41,17.81,2.76,346.5,Very Poor,0.0,,,,-1.2019470399946135,False,-0.1193331910043663,False
2023-01-02,Delhi,345.1,11.4,95.3,134.1,173.9,13.0,5.68,43.1,45.0,1.9,19.57,3.54,276.5,Severe,0.0,,,,0.6499042145150508,False,-0.09401961100779,False
2023-01-03,Delhi,113.1,460.6,66.5,53.2,129.3,5.6,1.74,73.3,140.8,12.58,21.91,3.7,431.8,Good,0.0,,,,-0.9855335131067312,False,-0.104137262527731,False
2023-01-04,Delhi,50.6,238.8,93.1,13.8,134.1,31.3,0.21,70.8,136.4,9.12,8.4,6.48,223.6,Poor,0.0,,,,-1.4261147974875994,False,-0.0715281650668929,False
2023-01-05,Delhi,68.8,408.6,102.3,109.4,106.0,44.5,2.46,58.9,170.7,3.14,5.12,5.67,384.5,Poor,0.0,,,,-1.2978175274758903,False,-0.11120390796316,False
2023-01-06,Delhi,478.7,220.8,186.1,110.2,38.6,36.6,1.5,21.6,74.8,8.56,3.17,2.41,123.0,Very Poor,0.0,,,,1.591690768007594,False,-0.0912267921081247,False
2023-01-07,Delhi,475.3,437.2,176.8,45.4,47.4,0.6,1.26,88.5,185.7,18.05,23.68,2.57,408.6,Moderate,0.0,,,,1.567723146137275,False,-0.0624748639097123,False
2023-01-08,Delhi,62.8,44.7,131.4,3.5,87.8,2.4,1.75,95.0,54.1,6.74,26.07,9.47,271.5,Moderate,0.0,,,,-1.3401133307764537,False,-0.0323255347655586,False
2023-01-09,Delhi,183.6,126.3,157.8,148.7,1.9,43.4,3.33,43.7,62.3,4.38,0.96,7.16,399.3,Very Poor,0.0,,,,-0.4885578243251122,False,-0.0888500317453749,False
2023-01-10,Delhi,286.6,85.7,112.8,102.9,78.4,30.9,1.78,6.3,71.8,15.81,29.6,7.27,86.4,Very Poor,0.0,,,,0.2375201323345583,False,-0.1001145241654803,False
2023-01-11,Delhi,191.0,586.8,137.2,133.9,226.2,11.2,7.57,19.6,110.5,15.4,5.98,5.83,179.5,Moderate,0.0,,,,-0.4363930002544174,False,-0.075049544012603,False
2023-01-12,Delhi,154.2,292.1,137.1,106.1,218.7,49.3,1.32,52.4,108.6,19.37,9.61,1.95,327.2,Severe,0.0,,,,-0.6958072604978726,False,-0.127319125596076,False
2023-01-13,Delhi,105.4,118.0,78.3,88.3,13.6,33.4,0.87,6.5,73.4,10.51,13.44,2.09,217.7,Satisfactory,0.0,,,,-1.0398131273424542,False,-0.0830567283846132,False
2023-01-14,Delhi,207.4,531.7,138.9,88.7,59.5,36.9,4.8,24.1,68.5,5.75,5.58,2.37,287.4,Moderate,0.0,,,,-0.3207844712328776,False,-0.1267919593753986,False
2023-01-15,Delhi,218.3,257.6,198.0,54.2,209.7,44.3,8.52,41.3,113.1,5.19,14.49,8.79,39.2,Severe,0.0,,,,-0.2439470952368542,False,-0.1127983034988066,False
2023-01-16,Delhi,229.3,352.6,63.4,109.5,191.5,23.2,7.83,67.0,115.4,8.55,23.97,1.62,102.7,Very Poor,0.0,,,,-0.1664047891858214,False,-0.1313488121433646,False
2023-01-17,Delhi,339.6,46.4,103.9,100.6,126.0,30.6,9.63,45.1,72.4,17.62,5.62,8.05,184.3,Moderate,0.0,,,,0.6111330614895344,False,-0.0915762577177586,False
2023-01-18,Delhi,166.2,73.5,120.5,7.3,203.5,29.7,3.66,57.8,81.1,10.05,13.86,6.79,453.8,Good,0.0,,,,-0.6112156538967459,False,-0.0793205149543885,False
2023-01-19,Delhi,42.4,58.8,136.1,33.9,205.0,17.3,3.09,45.5,145.7,17.03,25.55,2.69,45.2,Poor,0.0,,,,-1.483919061998369,False,-0.0733374724837573,False
2023-01-20,Delhi,443.6,393.2,193.8,140.5,1.9,23.3,2.58,85.3,2.8,4.37,1.61,4.74,378.6,Very Poor,0.0,,,,1.3442603186992987,False,-0.0575968186013072,False
2023-01-21,Delhi,308.9,98.6,29.3,23.3,130.6,44.0,7.61,97.8,84.3,7.19,9.5,8.92,463.1,Good,0.0,,,,0.3947195346016517,False,-0.0662668664204521,False
2023-01-22,Delhi,79.4,407.1,101.4,33.1,82.7,9.5,3.4,32.2,111.7,16.49,1.78,2.99,349.6,Good,0.0,,,,-1.2230949416448953,False,-0.1157547765284452,False
2023-01-23,Delhi,301.9,165.6,58.5,92.4,78.3,28.9,3.12,57.0,107.2,12.3,26.39,3.8,244.2,Satisfactory,0.0,,,,0.3453744307509945,False,-0.14108987807034,False
2023-01-24,Delhi,110.7,380.5,196.6,126.7,4.4,19.2,4.6,75.1,115.4,16.18,22.67,3.11,471.8,Good,0.0,,,,-1.0024518344269566,False,-0.1005717708124996,False
2023-01-25,Delhi,76.9,156.7,63.0,86.2,30.2,16.6,8.04,10.6,40.4,2.98,16.5,2.15,33.1,Severe,0.0,,,,-1.24071819302013,False,-0.0751813444042293,False
2023-01-26,Delhi,17.4,314.5,133.2,58.4,58.8,24.3,5.78,77.7,2.1,19.7,28.89,0.71,346.2,Good,0.0,,,,-1.6601515757507164,False,-0.0707725682563402,False
2023-01-27,Delhi,60.8,545.9,137.4,114.8,110.3,8.7,2.08,67.7,141.6,0.5,23.49,4.4,159.4,Severe,0.0,,,,-1.3542119318766417,False,-0.0817491376850986,False
2023-01-28,Delhi,32.7,212.4,153.6,19.1,4.1,40.8,5.15,95.3,67.1,16.42,6.93,9.65,493.2,Very Poor,0.0,,,,-1.55229727733428,False,-0.0416699116902823,False
2023-01-29,Delhi,477.0,179.2,78.1,76.2,14.8,28.9,6.89,71.1,45.9,0.89,13.67,6.8,453.4,Moderate,0.0,,,,1.5797069570724345,False,-0.091623180458869,False
2023-01-30,Delhi,374.3,565.4,61.4,139.2,174.4,5.5,4.36,61.0,166.9,16.06,22.07,2.56,494.4,Poor,0.0,,,,0.8557437905777923,False,-0.06058513708019,False
2023-01-31,Delhi,212.1,489.5,182.9,57.1,53.9,45.4,3.83,78.4,69.2,0.36,29.91,3.26,186.2,Moderate,0.0,,,,-0.2876527586474364,False,-0.1214765281720771,False
2023-02-01,Delhi,347.5,2.1,67.3,88.1,78.4,33.4,8.6,50.8,79.9,10.62,28.32,6.63,335.6,Satisfactory,0.0,,,,0.666822535835276,False,-0.0983331246593761,False
2023-02-02,Delhi,420.2,145.6,166.6,24.9,148.7,49.2,4.97,21.5,106.0,7.48,7.65,0.85,22.9,Poor,0.0,,,,1.1793066858271015,False,-0.0942141758216052,False
2023-02-03,Delhi,287.2,150.8,114.0,51.6,182.4,29.5,6.94,99.6,157.4,16.75,17.73,4.82,156.8,Severe,0.0,,,,0.2417497126646144,False,-0.0985141651092748,False
2023-02-04,Delhi,293.8,242.0,60.2,10.2,214.0,33.6,6.8,74.8,169.0,1.26,2.02,1.94,372.7,Poor,0.0,,,,0.2882750962952343,False,-0.0918134766951021,False
2023-02-05,Delhi,318.3,489.4,176.2,39.7,48.9,14.7,4.35,13.0,46.3,0.52,5.35,4.5,416.6,Satisfactory,0.0,,,,0.4609829597725345,False,-0.1057704487099103,False
2023-02-06,Delhi,416.3,242.5,101.1,57.6,217.0,15.1,5.28,0.1,65.2,3.63,13.33,8.62,12.5,Good,0.0,,,,1.1518144136817354,False,-0.0679371116855553,False
2023-02-07,Delhi,366.2,43.1,76.2,76.6,125.7,15.7,7.15,98.0,92.8,13.55,6.1,3.78,263.2,Severe,0.0,,,,0.7986444561220316,False,-0.0852883393874679,False
2023-02-08,Delhi,93.2,449.9,141.8,28.8,21.5,13.9,9.54,16.7,195.5,13.48,11.89,4.68,336.0,Poor,0.0,,,,-1.1258145940535995,False,-0.045427189567157,False
2023-02-09,Delhi,250.7,265.8,88.7,80.0,249.2,36.8,1.25,49.3,70.7,5.39,27.73,3.11,82.6,Very Poor,0.0,,,,-0.0155497574138124,False,-0.1232030901174516,False
2023-02-10,Delhi,6.8,500.9,131.6,43.7,5.5,2.4,0.43,18.4,146.7,19.23,18.06,9.14,208.7,Poor,0.0,,,,-1.7348741615817114,False,-0.0647426810313207,False
2023-02-11,Delhi,355.5,243.8,68.9,69.2,35.1,23.2,4.09,85.1,176.9,11.24,0.23,9.28,283.4,Poor,0.0,,,,0.7232169402360271,False,-0.1218596514112055,False
2023-02-12,Delhi,361.0,599.3,148.4,42.7,7.6,13.8,7.26,9.0,183.4,17.97,17.38,5.84,243.8,Poor,0.0,,,,0.7619880932615435,False,-0.0563539151581404,False
2023-02-13,Delhi,143.7,70.1,117.9,32.2,170.5,30.3,6.28,57.8,54.7,18.1,12.69,4.67,451.5,Very Poor,0.0,,,,-0.7698249162738584,False,-0.0957749519809352,False
2023-02-14,Delhi,84.6,399.6,192.4,130.0,227.6,36.4,8.67,59.7,30.3,7.75,20.32,4.57,283.3,Good,0.0,,,,-1.1864385787844072,False,-0.0929894611504092,False
2023-02-15,Delhi,268.8,440.7,27.3,35.6,175.0,25.3,1.51,73.8,132.8,11.23,2.61,7.05,413.3,Satisfactory,0.0,,,,0.1120425825428871,False,-0.1070738287593859,False
2023-02-16,Delhi,465.6,235.2,162.2,15.1,102.5,11.7,0.61,56.9,174.4,15.47,18.5,9.98,87.7,Very Poor,0.0,,,,1.4993449308013642,False,-0.0699300143674931,False
2023-02-17,Delhi,385.4,581.1,157.1,81.2,2.8,34.1,6.05,71.8,39.0,11.23,3.48,5.08,427.0,Severe,0.0,,,,0.9339910266838342,False,-0.0939193044436037,False
2023-02-18,Delhi,465.7,303.5,63.4,35.2,153.0,26.7,7.91,93.3,6.5,0.42,29.67,4.82,325.5,Poor,0.0,,,,1.5000498608563737,False,-0.0570435782965792,False
2023-02-19,Delhi,236.6,196.8,97.7,124.0,24.7,2.0,8.36,0.2,137.7,17.69,9.39,9.07,72.3,Poor,0.0,,,,-0.1149448951701362,False,-0.0708717495213004,False
2023-02-20,Delhi,460.4,306.5,192.4,6.3,163.0,31.2,0.57,51.8,49.6,15.93,27.85,4.07,177.0,Satisfactory,0.0,,,,1.4626885679408757,False,-0.0827514949657859,False
2023-02-21,Delhi,465.2,45.6,155.2,131.9,96.0,4.9,2.49,55.0,82.2,8.55,29.17,2.18,137.2,Good,0.0,,,,1.4965252105813265,False,-0.0858984254593877,False
2023-02-22,Delhi,161.1,100.4,31.5,43.6,237.0,3.6,1.56,75.2,22.2,12.42,1.14,1.97,459.3,Good,0.0,,,,-0.6471670867022247,False,-0.0750357564977731,False
2023-02-23,Delhi,179.9,537.3,192.9,70.8,176.1,0.1,8.15,71.3,134.7,7.23,9.58,6.8,112.7,Satisfactory,0.0,,,,-0.5146402363604595,False,-0.1072608723645369,False
2023-02-24,Delhi,487.1,574.2,142.0,69.1,137.0,14.8,4.36,5.2,171.5,14.06,11.88,0.64,303.2,Satisfactory,0.0,,,,1.650904892628383,False,-0.0546136965614122,False
2023-02-25,Delhi,380.6,173.0,0.3,56.1,71.3,23.4,1.99,2.3,139.6,8.6,2.46,2.19,430.4,Moderate,0.0,,,,0.9001543840433838,False,-0.0907654624684681,False
2023-02-26,Delhi,142.1,435.9,17.1,65.4,112.1,3.7,5.97,41.6,117.9,11.09,2.34,8.42,218.1,Severe,0.0,,,,-0.7811037971540086,False,-0.1296146711958255,False
2023-02-27,Delhi,271.8,192.5,81.0,19.2,29.6,30.2,1.38,43.9,57.4,9.37,28.29,0.35,400.4,Very Poor,0.0,,,,0.1331904841931687,False,-0.1052508589570103,False
2023-02-28,Delhi,6.7,558.6,145.6,99.2,237.5,25.1,4.46,90.2,181.9,3.52,0.79,5.8,434.1,Poor,0.0,,,,-1.735579091636721,False,-0.0488837102199062,False
2023-03-01,Delhi,113.4,389.1,122.6,124.1,42.3,1.2,9.14,54.2,7.9,18.16,20.33,5.49,74.7,Severe,0.0,,,,-0.9834187229417032,False,-0.0612684341840942,False
2023-03-02,Delhi,17.6,362.7,38.9,136.5,240.1,22.1,3.42,27.7,112.3,1.46,2.22,9.34,474.1,Moderate,0.0,,,,-1.6587417156406976,False,-0.0754459360917808,False
2023-03-03,Delhi,285.5,299.7,93.6,23.6,168.5,27.8,4.52,67.9,123.6,8.79,17.03,5.62,207.2,Very Poor,0.0,,,,0.2297659017294549,False,-0.1350314698388751,False
2023-03-04,Delhi,493.3,448.8,8.5,74.7,81.1,41.0,0.6,94.9,55.3,18.17,0.19,2.61,493.1,Severe,0.0,,,,1.6946105560389648,False,-0.0295285137238673,False
2023-03-05,Delhi,32.7,598.0,67.9,106.7,112.8,18.7,3.84,83.8,83.4,3.86,29.98,1.02,244.7,Poor,0.0,,,,-1.55229727733428,False,-0.0694603679224058,False
2023-03-06,Delhi,180.2,118.9,90.8,36.1,180.8,2.6,4.94,39.2,70.1,16.02,7.18,3.44,55.8,Poor,0.0,,,,-0.5125254461954315,False,-0.1186321391773001,False
2023-03-07,Delhi,28.2,94.4,17.9,54.3,54.9,24.1,1.48,67.3,43.4,19.78,0.2,3.17,459.0,Poor,0.0,,,,-1.5840191298097024,False,-0.0566437800285235,False
2023-03-08,Delhi,152.9,257.8,109.2,105.5,127.1,37.2,4.28,77.5,126.0,14.51,17.66,8.86,374.1,Satisfactory,0.0,,,,-0.7049713512129945,False,-0.1327082096150571,False
2023-03-09,Delhi,142.4,233.8,1.9,41.6,72.0,19.8,6.36,43.4,6.6,7.69,26.34,6.61,26.5,Moderate,0.0,,,,-0.7789890069889803,False,-0.0861305469725369,False
2023-03-10,Delhi,328.0,315.9,113.7,144.2,159.2,11.0,0.39,0.5,58.8,14.7,17.92,2.52,302.8,Poor,0.0,,,,0.5293611751084452,False,-0.0590801512735293,False
2023-03-11,Delhi,289.3,549.7,67.7,38.0,86.0,8.7,8.96,75.4,193.7,8.3,5.79,3.43,107.1,Poor,0.0,,,,0.2565532438198118,False,-0.055329612631746,False
2023-03-12,Delhi,117.6,475.6,19.2,126.3,247.8,30.5,8.71,16.8,64.9,19.55,16.85,5.07,457.5,Moderate,0.0,,,,-0.9538116606313088,False,-0.068501344829576,False
2023-03-13,Delhi,89.7,25.2,74.4,102.3,35.2,2.2,6.48,51.7,64.8,19.79,11.01,5.66,368.7,Poor,0.0,,,,-1.1504871459789283,False,-0.1061148990312761,False
2023-03-14,Delhi,145.2,7.5,186.0,136.3,203.8,47.1,3.35,77.0,133.3,7.75,29.34,6.74,223.9,Moderate,0.0,,,,-0.7592509654487176,False,-0.0766100569973735,False
2023-03-15,Delhi,342.1,220.4,165.0,107.3,243.1,23.5,5.01,53.4,67.1,6.01,2.34,2.05,93.2,Severe,0.0,,,,0.6287563128647692,False,-0.1311524874147068,False
2023-03-16,Delhi,207.2,229.4,73.2,33.7,224.1,17.2,7.88,13.5,67.0,4.67,22.3,0.06,416.2,Severe,0.0,,,,-0.3221943313428965,False,-0.1062407479036112,False
2023-03-17,Delhi,178.1,283.1,73.7,106.8,112.0,21.0,4.66,54.8,22.5,12.43,23.29,4.1,8.2,Moderate,0.0,,,,-0.5273289773506287,False,-0.0917517457422726,False
2023-03-18,Delhi,393.3,284.5,168.0,135.2,0.4,46.8,1.66,70.9,39.8,6.01,15.59,1.96,25.4,Poor,0.0,,,,0.9896805010295762,False,-0.07047027492487,False
2023-03-19,Delhi,377.2,344.7,121.4,147.4,91.7,26.9,9.5,25.6,192.6,4.11,11.42,3.44,83.9,Satisfactory,0.0,,,,0.8761867621730643,False,-0.0385550393166106,False
2023-03-20,Delhi,470.7,559.4,6.5,13.0,198.5,38.1,9.83,20.2,112.9,11.6,13.84,7.85,48.7,Poor,0.0,,,,1.5352963636068429,False,-0.0175270023684526,False
2023-03-21,Delhi,272.7,363.4,146.6,48.6,135.7,37.2,8.73,88.0,147.5,15.12,22.06,0.18,87.5,Very Poor,0.0,,,,0.1395348546882531,False,-0.1027526900528559,False
2023-03-22,Delhi,143.8,462.9,149.1,20.3,202.8,23.7,5.97,71.1,1.8,5.41,8.45,4.85,47.8,Poor,0.0,,,,-0.7691199862188488,False,-0.0626477674310845,False
2023-03-23,Delhi,164.2,29.3,104.7,89.1,165.0,45.8,3.2,87.1,149.4,0.01,0.86,8.01,350.0,Moderate,0.0,,,,-0.6253142549969337,False,-0.092627318421549,False
2023-03-24,Delhi,94.3,292.9,190.7,10.2,124.9,30.2,2.53,49.8,47.6,19.23,14.78,5.15,35.7,Poor,0.0,,,,-1.1180603634484962,False,-0.0786651090179952,False
2023-03-25,Delhi,391.9,120.0,194.6,9.2,99.9,31.0,3.33,12.9,131.6,8.97,4.76,6.02,284.4,Very Poor,0.0,,,,0.9798114802594444,False,-0.0864236330022544,False
2023-03-26,Delhi,49.7,379.5,76.0,56.4,84.5,8.1,8.21,97.5,147.0,6.11,21.6,5.35,26.9,Severe,0.0,,,,-1.432459167982684,False,-0.0592996960296571,False
2023-03-27,Delhi,129.2,47.3,86.1,60.2,94.6,26.0,3.67,15.9,44.4,14.19,25.78,3.91,259.2,Satisfactory,0.0,,,,-0.8720397742502198,False,-0.0996653864064965,False
2023-03-28,Delhi,129.6,478.7,183.8,118.3,17.2,14.5,8.01,11.1,38.4,9.6,19.21,5.74,494.4,Severe,0.0,,,,-0.8692200540301822,False,-0.0660582170814316,False
2023-03-29,Delhi,313.8,421.1,116.6,105.0,160.1,27.5,7.47,68.0,63.4,2.35,22.27,1.5,95.0,Very Poor,0.0,,,,0.429261107297112,False,-0.121660512348141,False
2023-03-30,Delhi,296.6,21.0,110.8,41.3,244.4,29.1,3.37,85.1,119.5,17.39,15.6,2.65,214.3,Satisfactory,0.0,,,,0.3080131378354973,False,-0.0946817954450045,False
2023-03-31,Delhi,374.9,584.6,148.3,54.4,59.5,12.0,9.8,38.4,40.8,19.99,22.12,9.31,38.3,Good,0.0,,,,0.8599733709078483,False,-0.0514649922977134,False
2023-04-01,Delhi,110.9,329.0,120.8,94.0,81.4,26.1,1.27,66.3,132.3,7.47,6.72,1.42,372.9,Satisfactory,0.0,,,,-1.001041974316938,False,-0.1182617170254739,False
2023-04-02,Delhi,24.7,166.2,52.2,145.4,176.2,32.8,5.16,92.7,143.3,9.09,15.1,9.13,53.9,Moderate,0.0,,,,-1.608691681735031,False,-0.0502166348965699,False
2023-04-03,Delhi,21.3,294.9,134.7,140.4,121.3,31.3,2.12,95.8,20.8,9.61,24.91,5.95,350.6,Moderate,0.0,,,,-1.63265930360535,False,-0.0476184906635794,False
2023-04-04,Delhi,114.1,309.7,139.4,38.7,204.1,5.8,2.88,97.4,155.6,15.62,12.45,3.7,54.4,Severe,0.0,,,,-0.9784842125566374,False,-0.0726646490057538,False
2023-04-05,Delhi,350.0,193.7,88.9,65.0,208.5,19.5,2.91,76.3,102.5,17.44,7.07,2.28,90.9,Good,0.0,,,,0.6844457872105107,False,-0.1194784084334315,False
2023-04-06,Delhi,214.9,488.3,68.7,78.0,178.0,4.1,5.52,36.9,67.6,3.46,5.4,4.95,352.4,Good,0.0,,,,-0.2679147171071734,False,-0.1366525167976511,False
2023-04-07,Delhi,57.4,62.5,18.5,123.0,214.6,15.3,1.61,75.6,115.8,2.28,23.74,1.59,428.5,Moderate,0.0,,,,-1.3781795537469608,False,-0.0743169074958614,False
2023-04-08,Delhi,194.4,143.5,37.4,131.0,105.9,44.4,3.56,9.4,168.9,1.62,0.32,0.79,362.6,Good,0.0,,,,-0.4124253783840982,False,-0.0884812286994626,False
2023-04-09,Delhi,22.2,268.0,138.0,65.8,238.8,38.4,7.26,86.6,154.4,1.35,17.12,9.29,400.7,Severe,0.0,,,,-1.6263149331102658,False,-0.0831734102781276,False
2023-04-10,Delhi,279.5,329.0,37.2,77.0,25.0,28.3,7.19,34.2,28.5,4.48,12.37,1.24,144.8,Very Poor,0.0,,,,0.1874700984288916,False,-0.1304540625494361,False
2023-04-11,Delhi,413.7,322.9,103.0,76.5,16.3,3.2,8.52,67.9,185.3,8.63,1.1,4.74,335.2,Severe,0.0,,,,1.1334862322514914,False,-0.1091379639622613,False
2023-04-12,Delhi,119.6,42.3,155.8,29.4,235.0,24.4,1.76,64.9,83.9,16.87,22.89,3.86,101.1,Very Poor,0.0,,,,-0.939713059531121,False,-0.0924192695511634,False
2023-04-13,Delhi,347.5,224.9,110.4,99.8,116.8,45.3,6.06,93.8,42.6,10.54,26.6,3.85,136.9,Satisfactory,0.0,,,,0.666822535835276,False,-0.0960557703215148,False
2023-04-14,Delhi,380.9,561.0,169.3,94.0,189.0,24.0,3.45,39.8,69.7,3.89,25.78,2.88,457.4,Moderate,0.0,,,,0.9022691742084116,False,-0.0954717010057379,False
2023-04-15,Delhi,263.8,68.8,119.3,43.7,111.2,11.9,2.04,74.7,0.2,18.8,24.58,0.58,46.2,Moderate,0.0,,,,0.0767960797924176,False,-0.0629359230613606,False
2023-04-16,Delhi,284.8,190.2,175.0,10.3,209.3,47.3,8.98,90.0,169.4,5.12,14.38,9.08,165.4,Very Poor,0.0,,,,0.2248313913443893,False,-0.0719633083100439,False
2023-04-17,Delhi,414.0,442.4,77.2,10.4,91.1,41.7,0.44,84.7,72.6,17.24,11.68,4.36,30.2,Severe,0.0,,,,1.1356010224165196,False,-0.047112720946001,False
2023-04-18,Delhi,30.7,261.7,84.3,3.4,41.7,32.0,6.4,15.9,141.5,19.16,29.35,4.63,272.0,Poor,0.0,,,,-1.5663958784344678,False,-0.0706675722762639,False
2023-04-19,Delhi,267.0,538.8,139.7,90.5,28.2,22.1,2.78,85.4,118.1,11.36,7.24,1.52,183.3,Satisfactory,0.0,,,,0.099353841552718,False,-0.1092985902846906,False
2023-04-20,Delhi,427.9,419.6,163.9,2.5,4.4,37.0,3.52,52.4,31.6,17.08,2.93,9.81,324.2,Good,0.0,,,,1.2335863000628244,False,-0.078642741952408,False
2023-04-21,Delhi,263.7,169.9,169.6,49.0,103.7,20.4,3.31,24.6,5.2,13.09,6.77,8.14,197.4,Poor,0.0,,,,0.0760911497374081,False,-0.1082068450546413,False
2023-04-22,Delhi,155.6,229.9,93.3,36.8,241.2,26.1,8.04,69.1,170.9,5.72,24.82,6.17,235.1,Satisfactory,0.0,,,,-0.6859382397277412,False,-0.1180115184476092,False
2023-04-23,Delhi,308.6,590.8,118.3,121.1,163.9,21.7,0.83,65.5,19.8,15.69,3.85,7.36,34.2,Very Poor,0.0,,,,0.3926047444366239,False,-0.0333336921049282,False
2023-04-24,Delhi,103.1,155.8,45.2,38.3,5.2,38.1,0.02,76.4,185.7,19.89,19.6,3.46,460.4,Good,0.0,,,,-1.0560265186076705,False,-0.0426235627985489,False
2023-04-25,Delhi,227.4,577.6,101.6,97.4,18.9,2.5,6.14,71.6,87.5,7.69,29.24,4.07,497.7,Very Poor,0.0,,,,-0.1797984602309998,False,-0.0923408886020211,False
2023-04-26,Delhi,21.1,528.8,125.8,75.3,203.6,4.0,4.8,45.2,165.0,18.87,21.86,9.01,13.8,Severe,0.0,,,,-1.634069163715369,False,-0.0601052621121942,False
2023-04-27,Delhi,421.3,441.8,197.4,38.7,80.5,40.5,7.5,58.1,117.5,16.45,5.74,7.18,6.8,Severe,0.0,,,,1.187060916432205,False,-0.0736287097427216,False
2023-04-28,Delhi,466.7,331.4,165.7,113.6,88.6,10.8,7.84,36.1,4.4,11.53,25.63,9.01,469.2,Satisfactory,0.0,,,,1.5070991614064673,False,-0.0693030064954449,False
2023-04-29,Delhi,381.8,290.3,102.4,14.3,141.9,16.9,4.88,39.9,161.7,15.8,12.02,8.61,297.6,Good,0.0,,,,0.9086135447034964,False,-0.1170942728077127,False
2023-04-30,Delhi,170.5,468.2,38.6,57.7,165.0,39.6,3.06,21.4,122.6,3.22,20.46,5.37,146.3,Poor,0.0,,,,-0.5809036615313421,False,-0.1123577725587071,False
2023-05-01,Delhi,363.1,47.3,137.2,4.5,68.0,37.1,1.72,8.3,185.7,12.74,6.6,4.68,393.0,Poor,0.0,,,,0.7767916244167408,False,-0.0436297774558159,False
2023-05-02,Delhi,2.0,298.7,28.8,118.4,164.2,40.8,8.35,85.6,161.3,12.67,13.76,6.54,143.9,Severe,0.0,,,,-1.7687108042221622,False,-0.0625235954327823,False
2023-05-03,Delhi,314.1,33.7,180.8,97.0,179.6,42.8,4.39,56.1,117.0,5.76,6.51,3.82,101.5,Severe,0.0,,,,0.4313758974621403,False,-0.118511330584553,False
2023-05-04,Delhi,25.5,221.0,48.1,80.5,216.1,12.4,1.52,78.2,16.0,13.43,17.28,8.3,466.9,Very Poor,0.0,,,,-1.603052241294956,False,-0.0484207363436782,False
2023-05-05,Delhi,357.7,317.4,72.1,17.2,150.9,24.3,8.92,86.0,52.3,1.9,1.49,2.84,211.9,Moderate,0.0,,,,0.7387254014462336,False,-0.0822420247780816,False
2023-05-06,Delhi,231.6,461.6,16.5,106.7,219.8,21.7,8.31,27.1,126.3,0.38,8.14,6.18,495.7,Moderate,0.0,,,,-0.1501913979206056,False,-0.0962769546710937,False
2023-05-07,Delhi,354.4,37.7,48.0,56.3,39.9,26.2,0.49,63.1,82.8,10.84,18.31,5.25,182.5,Moderate,0.0,,,,0.7154627096309236,False,-0.0991520257135669,False
2023-05-08,Delhi,235.1,556.2,136.1,104.7,46.3,32.4,3.4,47.4,148.1,17.42,21.0,9.14,447.8,Moderate,0.0,,,,-0.125518845995277,False,-0.1051887042059995,False
2023-05-09,Delhi,397.2,461.9,150.3,59.1,122.4,22.5,3.46,43.8,170.0,15.51,9.61,7.86,120.2,Good,0.0,,,,1.017172773174942,False,-0.1154270247631683,False
2023-05-10,Delhi,179.0,123.0,124.2,80.3,153.3,20.6,7.93,48.8,145.6,14.63,29.96,4.66,225.1,Very Poor,0.0,,,,-0.520984606855544,False,-0.1262266987248325,False
2023-05-11,Delhi,421.4,464.9,164.5,68.6,93.6,28.8,2.8,98.2,5.1,5.95,12.73,3.01,430.5,Satisfactory,0.0,,,,1.187765846487214,False,-0.0546900284804863,False
2023-05-12,Delhi,299.2,202.8,53.0,133.9,107.7,9.4,5.7,58.2,42.6,19.53,12.56,0.84,135.6,Satisfactory,0.0,,,,0.3263413192657411,False,-0.1191336455528969,False
2023-05-13,Delhi,289.2,43.3,198.2,8.2,178.2,33.0,3.44,88.5,102.8,18.63,5.7,7.04,280.1,Very Poor,0.0,,,,0.2558483137648022,False,-0.077631388272139,False
2023-05-14,Delhi,159.2,45.7,159.6,93.8,80.7,38.0,9.67,76.1,19.8,19.85,4.13,1.75,80.5,Good,0.0,,,,-0.6605607577474032,False,-0.0621071214858175,False
2023-05-15,Delhi,399.3,579.9,18.7,75.1,80.9,32.9,6.72,96.9,64.0,12.38,19.86,1.06,434.7,Good,0.0,,,,1.0319763043301395,False,-0.0727449425080521,False
2023-05-16,Delhi,109.6,190.6,96.5,143.0,51.6,4.7,1.36,74.5,199.0,2.1,17.83,1.07,426.4,Good,0.0,,,,-1.01020606503206,False,-0.0526173050485658,False
2023-05-17,Delhi,267.5,66.7,60.9,128.0,123.1,30.0,4.48,65.2,194.2,17.51,18.75,3.11,218.4,Very Poor,0.0,,,,0.1028784918277649,False,-0.0910268462775821,False
2023-05-18,Delhi,312.8,67.6,167.3,128.6,109.5,24.3,8.99,8.2,122.0,19.82,4.1,9.23,142.0,Moderate,0.0,,,,0.4222118067470181,False,-0.0680964748088365,False
2023-05-19,Delhi,195.9,338.3,192.7,70.8,226.4,48.3,9.41,31.5,153.1,17.7,11.59,1.15,146.2,Poor,0.0,,,,-0.4018514275589573,False,-0.101738030823734,False
2023-05-20,Delhi,266.0,538.4,122.8,97.1,234.7,20.9,5.02,84.2,125.0,14.53,29.89,9.09,276.0,Good,0.0,,,,0.0923045410026241,False,-0.1191207481243524,False
2023-05-21,Delhi,277.0,134.2,93.2,38.0,61.3,43.9,2.9,15.1,67.4,18.44,13.44,6.62,334.0,Very Poor,0.0,,,,0.1698468470536569,False,-0.1124103868807136,False
2023-05-22,Delhi,136.4,294.8,198.2,137.3,148.9,49.2,7.38,61.7,115.7,4.26,19.7,3.93,245.7,Severe,0.0,,,,-0.8212848102895437,False,-0.1228829453984239,False
2023-05-23,Delhi,119.4,547.6,167.8,33.5,16.8,19.3,0.48,36.9,144.2,17.33,15.29,6.96,97.6,Moderate,0.0,,,,-0.9411229196411398,False,-0.0806805702133007,False
2023-05-24,Delhi,453.7,276.5,99.8,24.5,27.1,41.3,9.15,93.1,7.5,18.88,10.5,4.61,116.3,Moderate,0.0,,,,1.4154582542552467,False,-0.0367552960168915,False
2023-05-25,Delhi,339.4,46.7,190.8,9.2,178.9,38.4,6.23,36.7,0.6,10.36,28.84,4.27,189.3,Moderate,0.0,,,,0.6097232013795153,False,-0.0630345960060779,False
2023-05-26,Delhi,494.0,347.8,72.4,125.5,95.3,18.8,5.76,77.6,25.0,3.75,6.77,3.55,268.2,Very Poor,0.0,,,,1.6995450664240306,False,-0.0748397613603217,False
2023-05-27,Delhi,151.8,453.6,21.0,140.4,148.8,11.6,7.76,40.8,102.9,11.55,19.69,4.17,164.8,Poor,0.0,,,,-0.7127255818180978,False,-0.1070012191927946,False
2023-05-28,Delhi,463.0,64.8,175.8,117.5,223.3,44.8,4.34,70.6,13.3,5.94,7.43,6.62,247.6,Poor,0.0,,,,1.48101674937112,False,-0.0790663677085335,False
2023-05-29,Delhi,300.1,475.8,94.7,102.9,216.8,6.0,2.09,39.0,28.2,10.97,12.73,0.19,108.4,Good,0.0,,,,0.3326856897608258,False,-0.1117328078818024,False
2023-05-30,Delhi,16.0,64.8,165.2,24.9,155.1,4.9,2.32,14.0,34.7,13.83,19.89,7.24,236.4,Moderate,0.0,,,,-1.670020596520848,False,-0.0579295491512734,False
2023-05-31,Delhi,207.5,202.7,162.1,144.7,50.6,28.0,5.52,54.0,133.7,17.66,16.06,6.91,160.9,Poor,0.0,,,,-0.3200795411778683,False,-0.1143679704600492,False
2023-06-01,Delhi,8.6,42.6,138.5,29.4,197.4,25.5,2.1,60.4,95.8,10.56,4.87,6.49,441.3,Very Poor,0.0,,,,-1.7221854205915426,False,-0.0558506825888116,False
2023-06-02,Delhi,347.2,38.6,99.7,19.0,216.7,2.2,7.29,3.6,188.2,9.84,29.39,5.34,248.0,Severe,0.0,,,,0.6647077456702477,False,-0.0530050408674865,False
2023-06-03,Delhi,227.5,297.8,102.3,41.3,179.8,18.3,1.91,65.6,143.6,9.2,27.06,2.85,215.4,Severe,0.0,,,,-0.1790935301759905,False,-0.1380279575102421,False
2023-06-04,Delhi,141.4,150.4,172.3,127.9,121.6,17.1,5.13,85.7,133.8,10.76,17.64,8.58,171.0,Good,0.0,,,,-0.7860383075390742,False,-0.1007062538612682,False
2023-06-05,Delhi,407.8,157.7,54.3,148.0,48.8,24.5,8.0,48.2,40.3,11.03,3.17,5.27,53.6,Very Poor,0.0,,,,1.0918953590059377,False,-0.0746488302293932,False
2023-06-06,Delhi,347.8,416.1,107.8,127.4,9.8,26.5,8.11,35.8,148.5,8.75,16.66,5.02,8.5,Poor,0.0,,,,0.6689373260003042,False,-0.0845970915902464,False
2023-06-07,Delhi,279.5,166.0,83.8,16.0,218.5,21.1,4.07,82.3,174.7,15.79,17.72,1.18,169.8,Satisfactory,0.0,,,,0.1874700984288916,False,-0.0982182396464432,False
2023-06-08,Delhi,99.4,438.2,107.8,101.6,84.9,15.1,1.26,85.5,56.3,11.39,1.27,7.45,324.0,Poor,0.0,,,,-1.0821089306430176,False,-0.0951968674494671,False
2023-06-09,Delhi,476.8,368.7,106.3,68.8,153.7,37.5,4.76,82.2,128.5,5.0,20.96,1.24,482.6,Good,0.0,,,,1.5782970969624155,False,-0.0954381654061436,False
2023-06-10,Delhi,452.1,541.3,145.4,68.5,98.0,5.1,3.9,77.3,198.6,12.82,18.49,4.84,445.5,Good,0.0,,,,1.404179373375097,False,-0.0534425714597822,False
2023-06-11,Delhi,355.5,507.5,162.8,113.0,183.4,26.0,0.59,73.7,104.5,0.53,27.09,7.89,293.3,Very Poor,0.0,,,,0.7232169402360271,False,-0.0943206655877399,False
2023-06-12,Delhi,258.4,490.7,67.8,123.9,70.0,30.5,7.83,13.8,111.1,14.74,17.36,9.12,266.9,Satisfactory,0.0,,,,0.0387298568219104,False,-0.1028758884628298,False
2023-06-13,Delhi,256.4,36.2,86.0,141.7,215.4,11.7,2.97,10.5,9.9,13.15,29.63,9.74,170.6,Very Poor,0.0,,,,0.0246312557217226,False,-0.0632833007564428,False
2023-06-14,Delhi,6.4,344.1,186.9,37.5,30.7,28.5,6.43,49.4,71.3,2.95,9.64,5.49,367.0,Moderate,0.0,,,,-1.737693881801749,False,-0.1025452277831608,False
2023-06-15,Delhi,168.2,98.0,84.2,103.2,122.6,21.8,6.95,36.0,68.2,0.03,1.43,0.42,250.3,Satisfactory,0.0,,,,-0.5971170527965581,False,-0.1261395356543962,False
2023-06-16,Delhi,228.4,480.5,30.0,97.4,238.9,17.8,8.4,56.6,119.7,0.42,26.47,6.11,418.8,Very Poor,0.0,,,,-0.172749159680906,False,-0.1186451278850251,False
2023-06-17,Delhi,400.0,99.0,59.6,49.3,214.1,24.6,1.02,11.0,109.6,3.42,22.68,5.16,41.2,Satisfactory,0.0,,,,1.036910814715205,False,-0.0690200662845902,False
2023-06-18,Delhi,297.2,500.1,38.3,142.3,73.2,30.1,1.54,76.1,49.9,17.88,17.83,6.7,115.9,Very Poor,0.0,,,,0.3122427181655533,False,-0.0760452181922404,False
2023-06-19,Delhi,122.0,536.6,70.0,142.8,202.0,35.3,9.97,39.5,99.3,0.2,6.27,3.71,475.1,Good,0.0,,,,-0.9227947382108956,False,-0.0412808328193785,False
2023-06-20,Delhi,308.7,581.1,89.6,47.1,192.8,35.4,5.07,89.5,38.0,1.57,0.31,5.28,376.2,Poor,0.0,,,,0.393309674491633,False,-0.0846638578054905,False
2023-06-21,Delhi,417.6,376.9,127.0,86.7,69.2,42.3,2.1,91.4,189.6,9.85,10.73,5.17,389.9,Poor,0.0,,,,1.1609785043968577,False,-0.0852302838821353,False
2023-06-22,Delhi,61.4,450.1,97.2,24.9,115.5,30.7,1.21,28.1,111.3,19.09,10.34,8.53,123.8,Satisfactory,0.0,,,,-1.3499823515465852,False,-0.0883336506165852,False
2023-06-23,Delhi,306.6,326.4,40.8,88.1,169.4,10.6,8.53,9.2,4.3,9.06,12.24,8.98,291.4,Good,0.0,,,,0.3785061433364361,False,-0.0899755092134574,False
2023-06-24,Delhi,323.7,162.0,91.5,57.8,63.0,47.8,7.19,96.9,76.1,1.6,16.83,0.6,119.7,Moderate,0.0,,,,0.4990491827430414,False,-0.0963311166900987,False
2023-06-25,Delhi,160.9,306.7,183.4,97.2,109.2,43.9,5.76,33.4,23.2,10.13,5.64,6.17,426.3,Satisfactory,0.0,,,,-0.6485769468122434,False,-0.1165599064299402,False
2023-06-26,Delhi,175.0,275.7,145.7,31.6,142.5,45.1,4.49,86.1,44.5,11.84,22.52,5.54,365.2,Moderate,0.0,,,,-0.5491818090559196,False,-0.1148766842816966,False
2023-06-27,Delhi,29.2,366.6,191.1,44.1,98.9,5.8,7.29,62.9,116.0,12.86,22.78,1.02,263.6,Good,0.0,,,,-1.5769698292596086,False,-0.1105076249247691,False
2023-06-28,Delhi,415.8,12.8,28.3,79.4,93.3,20.4,4.63,61.2,12.5,9.14,13.58,7.5,408.3,Moderate,0.0,,,,1.1482897634066886,False,-0.082447681923243,False
2023-06-29,Delhi,199.9,90.0,161.5,21.0,233.0,20.5,9.06,6.5,178.5,1.77,0.28,9.76,381.0,Poor,0.0,,,,-0.3736542253585818,False,-0.0444901050101298,False
2023-06-30,Delhi,110.8,206.5,172.3,30.1,101.1,32.4,7.81,49.1,173.6,13.16,12.9,2.68,404.1,Very Poor,0.0,,,,-1.0017469043719471,False,-0.1005625641686819,False
2023-07-01,Delhi,145.1,203.6,186.8,126.4,5.3,18.5,0.87,52.4,126.2,1.5,19.78,5.88,54.1,Very Poor,0.0,,,,-0.7599558955037269,False,-0.0839939128269799,False
2023-07-02,Delhi,158.1,31.6,4.6,102.9,25.7,7.1,9.33,94.9,168.9,8.45,8.34,5.66,143.9,Moderate,0.0,,,,-0.6683149883525064,False,-0.0537393269178793,False
2023-07-03,Delhi,318.9,65.0,182.2,30.9,116.2,20.7,9.31,61.0,70.8,14.6,27.59,6.11,203.6,Poor,0.0,,,,0.4652125401025906,False,-0.0996273080248865,False
2023-07-04,Delhi,377.0,370.8,169.2,94.2,50.5,36.1,4.21,7.0,137.5,6.66,28.96,6.61,371.0,Severe,0.0,,,,0.8747769020630457,False,-0.1162592218534325,False
2023-07-05,Delhi,248.0,484.7,13.2,56.8,5.4,40.3,9.38,22.5,72.4,13.77,16.48,5.88,251.0,Good,0.0,,,,-0.0345828688990658,False,-0.1038908475526542,False
2023-07-06,Delhi,16.2,43.4,178.2,104.2,14.7,15.1,7.22,0.2,20.7,18.18,17.19,7.74,229.6,Very Poor,0.0,,,,-1.6686107364108291,False,-0.0406188937483499,False
2023-07-07,Delhi,65.9,320.6,199.7,109.4,231.3,32.8,3.42,88.2,74.4,2.63,27.74,1.37,24.0,Severe,0.0,,,,-1.3182604990711628,False,-0.0819529568995423,False
2023-07-08,Delhi,406.1,357.5,81.4,106.3,207.7,22.7,3.53,72.8,127.6,14.1,2.74,8.01,316.7,Severe,0.0,,,,1.079911548070778,False,-0.1315519138969538,False
2023-07-09,Delhi,100.5,125.0,94.0,110.5,134.9,21.8,6.73,84.2,101.5,8.08,6.77,8.66,202.6,Severe,0.0,,,,-1.0743547000379143,False,-0.1096434633789926,False
2023-07-10,Delhi,364.2,440.8,75.2,111.1,32.0,25.2,4.18,64.4,0.3,15.88,3.02,6.83,381.4,Severe,0.0,,,,0.7845458550218438,False,-0.0923965631528996,False
2023-07-11,Delhi,257.2,312.8,28.6,99.8,155.0,11.2,8.47,40.9,61.8,7.33,19.56,4.81,143.0,Poor,0.0,,,,0.0302706961617978,False,-0.1282526269099056,False
2023-07-12,Delhi,24.7,504.3,177.0,1.0,109.7,41.9,7.63,80.4,199.8,2.51,4.95,5.64,373.1,Satisfactory,0.0,,,,-1.608691681735031,False,-0.0180312302076848,False
2023-07-13,Delhi,83.7,515.7,10.0,42.0,71.2,38.9,8.34,99.4,98.9,13.82,24.11,5.61,96.5,Very Poor,0.0,,,,-1.1927829492794917,False,-0.0502500744757682,False
2023-07-14,Delhi,145.9,303.5,11.9,100.4,137.7,0.4,5.99,34.5,30.7,0.2,24.08,7.42,246.1,Moderate,0.0,,,,-0.7543164550636517,False,-0.1265700084820759,False
2023-07-15,Delhi,193.0,275.2,61.8,5.7,230.8,19.0,9.38,45.6,140.5,13.98,12.7,1.78,136.1,Good,0.0,,,,-0.4222943991542296,False,-0.0754110492661016,False
2023-07-16,Delhi,230.0,386.5,175.1,62.1,10.4,26.3,1.86,64.9,176.1,6.01,20.19,4.24,367.9,Poor,0.0,,,,-0.1614702788007558,False,-0.1238615533935616,False
2023-07-17,Delhi,224.2,405.0,32.1,20.5,224.6,26.7,7.82,89.3,51.0,14.71,5.46,8.85,203.4,Very Poor,0.0,,,,-0.2023562219913004,False,-0.1001843310247587,False
2023-07-18,Delhi,439.9,476.3,145.8,23.5,72.8,21.1,6.5,87.9,80.9,14.23,9.92,6.29,497.7,Very Poor,0.0,,,,1.318177906663951,False,-0.0714153580786625,False
2023-07-19,Delhi,345.9,417.5,25.3,104.8,148.9,18.6,0.91,7.9,65.6,6.08,28.36,7.58,396.1,Moderate,0.0,,,,0.6555436549551256,False,-0.0917609520842292,False
2023-07-20,Delhi,96.3,408.2,39.4,120.9,161.3,29.7,1.1,65.7,185.0,13.86,4.26,6.25,73.7,Severe,0.0,,,,-1.1039617623483085,False,-0.069976227388247,False
2023-07-21,Delhi,183.9,578.6,38.5,146.0,179.3,5.7,9.08,88.4,160.1,15.71,28.1,9.81,305.3,Moderate,0.0,,,,-0.486443034160084,False,-0.0546868075751981,False
2023-07-22,Delhi,372.8,263.4,26.0,49.8,141.4,35.1,3.79,41.7,17.6,1.89,17.92,2.71,286.2,Severe,0.0,,,,0.8451698397526515,False,-0.1202370005921204,False
2023-07-23,Delhi,490.5,284.6,40.2,102.2,44.2,8.7,1.63,19.3,29.8,16.53,23.99,2.13,208.1,Very Poor,0.0,,,,1.674872514498702,False,-0.0803879737329415,False
2023-07-24,Delhi,300.2,527.2,187.7,9.5,61.5,1.8,1.61,87.7,116.9,0.27,15.45,0.69,175.2,Good,0.0,,,,0.333390619815835,False,-0.0803450623610619,False
2023-07-25,Delhi,154.4,408.6,52.4,143.2,61.1,26.9,4.48,63.4,3.5,12.87,6.94,7.12,77.3,Very Poor,0.0,,,,-0.6943974003878537,False,-0.0702259479103011,False
2023-07-26,Delhi,154.6,581.6,130.0,125.2,163.0,16.8,2.88,19.5,65.0,1.33,20.2,8.5,366.0,Moderate,0.0,,,,-0.692987540277835,False,-0.0853554478115037,False
2023-07-27,Delhi,178.6,408.1,74.0,112.4,219.4,14.6,2.91,8.8,21.2,8.08,4.5,7.21,196.4,Satisfactory,0.0,,,,-0.5238043270755817,False,-0.0961356409589838,False
2023-07-28,Delhi,354.6,158.2,142.0,117.8,142.8,4.9,2.92,60.5,176.7,4.61,25.68,0.71,292.3,Satisfactory,0.0,,,,0.7168725697409427,False,-0.1172943621984849,False
2023-07-29,Delhi,278.2,314.2,5.6,45.2,123.5,23.6,3.71,6.4,28.6,9.36,11.59,0.02,246.1,Satisfactory,0.0,,,,0.1783060077137694,False,-0.1102238990220581,False
2023-07-30,Delhi,131.9,280.9,167.8,15.9,89.8,4.8,8.52,13.8,198.9,10.13,29.75,3.23,439.2,Poor,0.0,,,,-0.8530066627649662,False,-0.0390914412517017,False
2023-07-31,Delhi,22.0,234.5,58.9,47.1,4.5,9.8,7.52,37.6,132.6,17.62,7.03,8.2,370.1,Satisfactory,0.0,,,,-1.6277247932202843,False,-0.1068858274905196,False
2023-08-01,Delhi,29.3,591.8,64.7,83.3,235.9,16.5,5.72,2.6,182.7,16.86,24.88,9.09,52.7,Satisfactory,0.0,,,,-1.576264899204599,False,-0.025107405691754,False
2023-08-02,Delhi,229.6,448.7,12.8,7.2,73.7,48.7,5.55,36.1,48.0,7.03,12.59,7.69,222.7,Poor,0.0,,,,-0.1642899990207934,False,-0.1074159526055279,False
2023-08-03,Delhi,227.5,213.5,109.3,73.9,104.4,23.1,0.93,74.8,168.6,2.7,10.88,1.01,168.0,Satisfactory,0.0,,,,-0.1790935301759905,False,-0.1146542008086461,False
2023-08-04,Delhi,51.0,247.0,127.6,55.2,111.2,38.4,5.11,42.6,71.9,7.94,11.59,3.75,128.3,Good,0.0,,,,-1.4232950772675617,False,-0.115543228645346,False
2023-08-05,Delhi,190.3,21.2,143.8,111.7,129.6,26.8,6.17,66.6,25.0,15.36,18.11,5.26,491.6,Good,0.0,,,,-0.441327510639483,False,-0.0747262238296432,False
2023-08-06,Delhi,461.3,93.5,11.7,103.1,33.1,8.7,7.59,70.0,143.7,1.94,27.74,4.29,150.9,Poor,0.0,,,,1.4690329384359604,False,-0.1023158209425048,False
2023-08-07,Delhi,314.2,20.3,180.5,130.5,74.3,2.9,8.25,62.3,156.3,16.4,23.07,7.09,474.9,Very Poor,0.0,,,,0.4320808275171494,False,-0.0591025199933998,False
2023-08-08,Delhi,8.0,248.2,150.2,47.6,66.7,43.1,0.77,54.3,138.0,4.89,5.86,3.75,96.8,Very Poor,0.0,,,,-1.7264150009215988,False,-0.0839875409673974,False
2023-08-09,Delhi,58.0,582.7,26.1,116.0,147.8,25.3,7.86,11.3,56.2,2.48,3.49,2.53,308.3,Satisfactory,0.0,,,,-1.3739499734169045,False,-0.0695605244008532,False
2023-08-10,Delhi,430.7,337.0,191.5,30.6,89.7,3.8,3.61,1.8,150.4,10.35,11.95,4.79,479.6,Severe,0.0,,,,1.2533243416030873,False,-0.0720421124515366,False
2023-08-11,Delhi,276.0,589.2,159.4,136.4,245.0,1.7,8.86,31.0,182.7,12.35,27.54,5.51,259.7,Very Poor,0.0,,,,0.162797546503563,False,-0.0602560859734518,False
2023-08-12,Delhi,314.9,93.0,67.0,62.0,241.5,35.6,3.52,85.8,53.9,7.0,12.32,3.72,382.0,Severe,0.0,,,,0.4370153379022151,False,-0.1059430029399497,False
2023-08-13,Delhi,476.0,273.9,96.3,91.5,131.2,17.7,6.39,38.2,166.9,15.42,23.59,7.28,467.1,Very Poor,0.0,,,,1.5726576565223405,False,-0.1027907417061567,False
2023-08-14,Delhi,261.3,65.1,67.6,13.5,37.5,2.0,4.42,82.1,105.5,11.26,28.11,6.04,81.8,Satisfactory,0.0,,,,0.0591728284171829,False,-0.0984533957164671,False
2023-08-15,Delhi,355.2,269.6,56.4,144.9,159.3,46.9,5.89,10.9,75.8,3.86,3.66,8.3,116.6,Poor,0.0,,,,0.7211021500709989,False,-0.095249015801663,False
2023-08-16,Delhi,95.9,142.5,179.5,115.3,236.5,10.3,2.47,22.7,165.0,7.9,4.76,1.96,340.3,Satisfactory,0.0,,,,-1.1067814825683462,False,-0.1012762708895222,False
2023-08-17,Delhi,422.7,354.8,156.9,11.1,242.1,22.6,9.54,25.5,47.4,5.7,4.59,2.15,263.4,Poor,0.0,,,,1.1969299372023363,False,-0.0748988693528039,False
2023-08-18,Delhi,217.7,531.3,14.9,102.9,84.3,27.2,1.55,46.1,121.6,10.86,13.96,8.17,350.1,Severe,0.0,,,,-0.2481766755669107,False,-0.1157544771780061,False
2023-08-19,Delhi,289.4,67.5,150.0,47.5,36.5,42.1,5.01,9.7,192.1,19.35,17.98,7.19,434.0,Very Poor,0.0,,,,0.257258173874821,False,-0.0742115736601407,False
2023-08-20,Delhi,418.3,241.5,195.8,77.2,199.4,41.3,5.31,63.0,90.4,12.3,28.38,1.17,210.1,Satisfactory,0.0,,,,1.1659130147819232,False,-0.1426066609337405,False
2023-08-21,Delhi,87.8,151.6,150.7,21.9,218.5,45.4,1.43,95.2,33.9,19.44,22.52,8.77,280.7,Poor,0.0,,,,-1.1638808170241066,False,-0.0612134223388244,False
2023-08-22,Delhi,355.9,593.4,94.8,95.3,213.9,35.5,1.1,30.8,192.9,16.03,19.25,5.41,239.9,Very Poor,0.0,,,,0.7260366604560645,False,-0.0637054813892062,False
2023-08-23,Delhi,255.0,422.4,38.5,30.2,211.8,5.7,6.54,69.8,139.1,8.44,8.53,9.58,482.6,Satisfactory,0.0,,,,0.0147622349515913,False,-0.1070315263828048,False
2023-08-24,Delhi,409.3,62.5,163.3,2.6,232.5,41.2,8.99,89.6,40.1,11.48,4.17,8.06,207.2,Severe,0.0,,,,1.1024693098310785,False,-0.042633027789554,False
2023-08-25,Delhi,285.7,112.5,76.7,83.5,45.9,35.8,2.03,94.7,186.2,12.19,26.45,8.55,391.3,Severe,0.0,25.19476184523065,9.585448181022628,79.58532316539568,0.2311757618394736,False,-0.0736448640197501,False
2023-08-26,Delhi,75.3,413.5,156.6,56.6,14.9,25.5,1.05,76.1,47.7,4.11,14.03,3.88,265.6,Poor,0.0,23.889347271482794,8.52190902868521,81.09507809097131,-1.25199707390028,False,-0.0999249252271833,False
2023-08-27,Delhi,316.9,21.8,23.1,35.9,90.6,22.9,6.86,44.9,195.2,7.37,16.88,5.05,12.0,Severe,0.0,,,,0.4511139390024029,False,-0.0579474149168003,False
2023-08-28,Delhi,340.7,572.6,160.9,99.8,226.3,14.9,6.73,38.3,136.5,7.86,22.01,1.42,455.8,Very Poor,0.0,,,,0.6188872920946374,False,-0.1045618479493562,False
2023-08-29,Delhi,205.5,160.9,9.0,12.4,194.6,3.1,9.43,69.6,195.3,4.18,18.29,0.94,277.9,Good,0.0,,,,-0.3341781422780561,False,-0.055475495142104,False
2023-08-30,Delhi,114.2,353.5,1.8,38.4,23.3,4.8,8.6,93.0,37.1,7.77,26.38,1.7,415.5,Moderate,0.0,,,,-0.977779282501628,False,-0.0775787797956308,False
2023-08-31,Delhi,181.6,499.4,182.0,21.4,38.2,2.2,3.66,10.1,20.6,8.41,22.52,6.39,436.2,Good,0.0,,,,-0.5026564254253,False,-0.0743200823765859,False
2023-09-01,Delhi,75.5,475.7,174.7,30.7,82.5,28.8,8.75,53.9,149.5,1.9,8.82,5.28,376.0,Severe,0.0,,,,-1.2505872137902614,False,-0.0872991226069012,False
2023-09-02,Delhi,144.0,240.2,31.9,139.6,43.4,30.4,8.25,61.7,142.5,0.73,14.92,2.13,137.3,Severe,0.0,,,,-0.7677101261088302,False,-0.101689051082688,False
2023-09-03,Delhi,39.4,526.9,53.7,46.3,91.8,18.8,0.46,92.1,27.7,13.51,19.22,3.14,453.7,Moderate,0.0,,,,-1.505066963648651,False,-0.0281424893212589,False
2023-09-04,Delhi,471.7,517.7,79.6,14.0,96.1,3.9,4.27,32.1,102.6,16.65,18.42,2.65,328.7,Good,0.0,,,,1.5423456641569369,False,-0.0931757196347798,False
2023-09-05,Delhi,8.7,203.1,64.5,13.2,112.4,13.6,4.39,51.0,26.9,2.52,12.33,9.63,369.8,Good,0.0,,,,-1.7214804905365333,False,-0.0664907592645015,False
2023-09-06,Delhi,63.2,506.5,36.2,97.4,180.1,4.9,5.49,90.0,180.8,16.31,6.56,3.69,306.8,Satisfactory,0.0,,,,-1.3372936105564164,False,-0.0873964537156231,False
2023-09-07,Delhi,55.0,515.8,117.3,136.1,197.9,35.2,0.97,54.5,3.8,2.29,23.44,5.71,462.4,Severe,0.0,,,,-1.395097875067186,False,-0.0413491968212328,False
2023-09-08,Delhi,209.4,254.9,191.8,32.7,146.5,44.3,0.35,55.8,198.9,14.34,27.11,9.59,232.8,Good,0.0,,,,-0.3066858701326899,False,-0.0913959283651476,False
2023-09-09,Delhi,291.0,254.6,81.5,24.2,18.3,13.5,2.63,8.7,135.7,1.08,24.02,0.71,275.9,Poor,0.0,,,,0.2685370547549713,False,-0.111097338942228,False
2023-09-10,Delhi,436.1,103.6,110.3,48.7,162.0,41.1,9.34,63.3,94.8,19.29,2.3,8.13,203.1,Good,0.0,,,,1.2913905645735946,False,-0.0957376633946891,False
2023-09-11,Delhi,238.1,390.7,94.8,20.1,101.5,31.5,4.22,43.4,71.9,15.15,15.96,9.49,194.1,Poor,0.0,,,,-0.1043709443449953,False,-0.1316840611770634,False
2023-09-12,Delhi,148.0,34.4,34.8,2.6,179.7,8.8,6.24,12.9,100.0,0.81,24.8,4.41,427.9,Poor,0.0,,,,-0.7395129239084546,False,-0.0617598993349706,False
2023-09-13,Delhi,18.3,536.6,179.7,51.4,138.4,26.5,0.65,52.7,164.4,5.67,28.94,8.19,454.1,Very Poor,0.0,,,,-1.653807205255632,False,-0.0609390185654027,False
2023-09-14,Delhi,187.5,71.1,89.1,87.0,188.3,48.8,1.37,42.5,153.1,0.53,15.92,5.67,142.7,Poor,0.0,,,,-0.461065552179746,False,-0.1051693366883096,False
2023-09-15,Delhi,46.7,357.1,35.0,33.4,189.4,22.1,7.61,46.7,86.5,2.91,28.51,2.28,240.9,Good,0.0,,,,-1.4536070696329657,False,-0.1091466715000619,False
2023-09-16,Delhi,225.2,452.7,193.0,32.4,53.1,34.8,7.51,2.6,44.7,15.67,5.24,8.38,15.5,Good,0.0,,,,-0.1953069214412065,False,-0.0600065455979473,False
2023-09-17,Delhi,262.0,302.4,88.3,118.1,165.9,20.0,9.24,85.7,154.8,8.13,13.81,0.79,102.6,Poor,0.0,,,,0.0641073388022485,False,-0.0948834843689435,False
2023-09-18,Delhi,385.8,270.2,184.4,105.1,160.1,44.5,4.17,39.0,185.9,3.3,12.67,3.79,91.9,Very Poor,0.0,,,,0.936810746903872,False,-0.1136452347928057,False
2023-09-19,Delhi,375.6,66.0,141.8,50.2,38.0,31.3,1.15,44.8,146.7,16.75,25.97,5.35,241.6,Very Poor,0.0,,,,0.8649078812929144,False,-0.1016315253653916,False
2023-09-20,Delhi,309.9,168.6,181.8,50.2,48.5,17.3,9.85,45.9,151.5,16.54,17.72,9.18,181.0,Very Poor,0.0,,,,0.4017688351517456,False,-0.0938929769124785,False
2023-09-21,Delhi,63.2,574.8,27.3,69.4,105.8,20.2,3.86,8.9,50.2,4.05,16.0,4.79,433.0,Severe,0.0,,,,-1.3372936105564164,False,-0.068637119758206,False
2023-09-22,Delhi,439.0,193.1,144.6,41.9,29.5,11.2,8.3,97.0,32.6,5.76,20.41,2.27,354.1,Very Poor,0.0,,,,1.3118335361688669,False,-0.0661130380233923,False
2023-09-23,Delhi,329.3,508.7,130.3,72.7,61.1,32.5,0.12,10.3,92.3,15.73,16.39,6.48,375.0,Good,0.0,,,,0.5385252658235673,False,-0.0949031884086907,False
2023-09-24,Delhi,11.2,209.7,104.8,80.4,50.9,49.4,2.59,71.7,80.9,10.7,16.66,8.55,323.4,Poor,0.0,,,,-1.7038572391612985,False,-0.1016652640619026,False
2023-09-25,Delhi,353.6,423.9,123.3,18.7,50.8,13.8,0.75,91.7,81.4,2.2,13.29,1.63,333.1,Poor,0.0,,,,0.7098232691908488,False,-0.0657897622696641,False
2023-09-26,Delhi,294.3,264.7,24.6,9.0,122.5,46.8,7.55,12.4,85.6,17.45,4.51,1.98,478.8,Poor,0.0,,,,0.2917997465702812,False,-0.0770123929175214,False
2023-09-27,Delhi,315.5,539.9,124.9,87.0,7.3,11.8,8.13,11.7,144.4,1.01,26.06,5.94,282.1,Very Poor,0.0,,,,0.4412449182322716,False,-0.1007173265603543,False
2023-09-28,Delhi,341.0,547.3,69.9,71.8,184.9,46.5,9.06,49.0,26.7,17.14,29.34,2.83,9.5,Very Poor,0.0,,,,0.6210020822596657,False,-0.0647334375124645,False
2023-09-29,Delhi,70.8,582.4,70.7,149.7,122.6,18.2,9.04,59.5,75.6,7.43,8.0,9.89,166.5,Severe,0.0,,,,-1.2837189263757027,False,-0.0447883438801647,False
2023-09-30,Delhi,424.4,48.3,97.0,147.9,190.6,4.4,1.92,88.6,151.7,5.05,15.93,1.65,199.7,Good,0.0,,,,1.208913748137496,False,-0.0600227489496952,False
2023-10-01,Delhi,172.2,283.0,23.2,113.5,62.3,13.7,1.47,51.5,85.0,16.3,21.83,3.08,390.2,Moderate,0.0,,,,-0.5689198505961827,False,-0.1280778110627191,False
2023-10-02,Delhi,473.7,205.5,108.2,20.4,44.5,25.4,2.12,69.9,102.5,13.35,5.85,2.25,283.5,Good,0.0,,,,1.5564442652571244,False,-0.1091436238245159,False
2023-10-03,Delhi,198.0,382.8,145.4,76.1,151.4,2.5,5.38,42.8,132.1,10.6,27.37,3.4,241.0,Good,0.0,,,,-0.3870478964037602,False,-0.1462308784044265,False
2023-10-04,Delhi,134.5,200.9,37.0,116.7,165.2,36.1,3.06,17.0,17.3,18.68,8.99,5.04,241.5,Severe,0.0,,,,-0.8346784813347221,False,-0.1010063213066129,False
2023-10-05,Delhi,91.9,325.1,27.8,145.3,36.3,19.4,9.37,35.9,197.7,12.62,13.95,1.29,65.6,Good,0.0,,,,-1.1349786847687218,False,-0.0392616519710479,False
2023-10-06,Delhi,464.3,274.5,31.1,93.2,241.6,19.7,0.67,40.0,197.5,1.88,14.42,5.73,188.4,Moderate,0.0,,,,1.4901808400862422,False,-0.084347392733509,False
2023-10-07,Delhi,198.7,210.4,4.4,81.9,122.8,12.5,1.64,7.8,47.0,16.35,22.27,0.05,74.1,Moderate,0.0,,,,-0.3821133860186946,False,-0.1014245710830135,False
2023-10-08,Delhi,496.4,126.1,10.4,127.3,122.5,32.8,4.95,70.9,169.1,18.71,27.89,5.14,472.8,Satisfactory,0.0,,,,1.7164633877442557,False,-0.0619006813633375,False
2023-10-09,Delhi,246.9,24.5,166.9,24.0,246.5,37.1,1.41,66.9,9.8,12.54,3.39,1.16,315.5,Good,0.0,,,,-0.042337099504169,False,-0.0720920389120252,False
2023-10-10,Delhi,366.2,262.3,177.6,4.3,93.0,47.2,9.29,67.2,137.9,8.8,28.05,8.32,264.9,Satisfactory,0.0,,,,0.7986444561220316,False,-0.0789359653493057,False
2023-10-11,Delhi,274.1,411.6,106.1,136.3,107.7,1.1,3.43,12.8,54.4,4.08,8.6,1.65,413.6,Severe,0.0,,,,0.1494038754583848,False,-0.102652865192366,False
2023-10-12,Delhi,415.4,448.7,23.9,54.3,238.5,10.6,1.53,32.9,121.3,15.08,29.14,1.43,445.7,Satisfactory,0.0,,,,1.145470043186651,False,-0.1004792180530889,False
2023-10-13,Delhi,7.9,211.2,147.2,136.7,196.1,28.0,3.59,63.7,165.4,17.46,10.42,0.11,48.6,Good,0.0,,,,-1.7271199309766083,False,-0.0648312520936436,False
2023-10-14,Delhi,317.0,388.9,139.9,128.6,149.1,39.0,9.48,21.8,132.3,16.68,14.28,7.27,474.2,Poor,0.0,,,,0.4518188690574124,False,-0.0723911009486868,False
2023-10-15,Delhi,133.9,188.0,77.2,127.4,93.4,3.3,9.09,57.5,56.7,18.69,12.08,0.64,206.3,Very Poor,0.0,,,,-0.8389080616647784,False,-0.0956365080338851,False
2023-10-16,Delhi,497.9,544.9,50.9,147.6,117.6,15.0,6.56,74.8,181.4,3.38,10.62,2.21,329.6,Severe,0.0,,,,1.7270373385693965,False,-0.0478385900466565,False
2023-10-17,Delhi,367.4,142.4,194.3,114.7,40.7,3.2,1.65,31.9,24.8,17.75,17.28,3.37,216.8,Very Poor,0.0,,,,0.8071036167821442,False,-0.1070631829690401,False
2023-10-18,Delhi,205.7,492.9,126.9,72.0,137.2,48.1,0.83,0.3,82.3,15.28,2.28,8.56,258.9,Poor,0.0,,,,-0.3327682821680374,False,-0.0830464500990053,False
2023-10-19,Delhi,358.8,46.9,120.1,46.2,165.9,8.5,9.97,54.4,41.4,16.77,20.78,6.14,225.1,Good,0.0,,,,0.7464796320513369,False,-0.0725522411179044,False
2023-10-20,Delhi,79.4,360.9,59.3,109.3,222.1,48.0,8.65,33.1,90.3,2.83,4.19,6.8,172.5,Moderate,0.0,,,,-1.2230949416448953,False,-0.1063410039474837,False
2023-10-21,Delhi,110.4,331.9,71.2,30.2,127.9,11.9,4.66,36.5,137.2,18.78,27.0,4.9,97.2,Very Poor,0.0,,,,-1.0045666245919846,False,-0.1193664225457884,False
2023-10-22,Delhi,173.0,216.6,77.3,90.0,140.5,14.6,9.45,0.3,116.9,14.74,24.78,4.46,453.9,Poor,0.0,,,,-0.5632804101561074,False,-0.0584996780693577,False
2023-10-23,Delhi,340.2,449.4,150.5,46.7,69.5,7.5,3.54,27.4,61.2,14.03,6.05,1.28,364.2,Satisfactory,0.0,,,,0.6153626418195906,False,-0.1248668429407041,False
2023-10-24,Delhi,140.6,201.1,188.0,22.4,123.2,27.0,8.71,76.2,92.7,19.76,29.15,6.88,369.4,Satisfactory,0.0,,,,-0.7916777479791495,False,-0.1025114587055798,False
2023-10-25,Delhi,186.3,394.4,32.3,5.0,17.2,45.8,4.2,95.8,27.2,15.67,7.55,5.92,225.8,Moderate,0.0,,,,-0.4695247128398586,False,-0.0740474988369832,False
2023-10-26,Delhi,107.7,554.0,35.6,71.1,97.3,7.9,6.94,35.0,28.5,12.48,29.62,9.13,357.5,Satisfactory,0.0,,,,-1.0235997360772384,False,-0.1073696530086221,False
2023-10-27,Delhi,62.3,368.7,95.6,114.7,60.1,29.8,0.14,74.3,167.7,18.97,1.15,9.1,444.2,Good,0.0,,,,-1.343637981051501,False,-0.0713822150929229,False
2023-10-28,Delhi,388.5,50.3,117.0,50.8,119.5,8.1,2.87,40.8,127.9,19.65,11.87,9.97,137.4,Moderate,0.0,,,,0.9558438583891252,False,-0.1077394648825097,False
2023-10-29,Delhi,293.3,582.4,180.4,119.0,87.5,10.2,3.07,51.1,168.7,17.47,4.24,8.37,328.4,Moderate,0.0,,,,0.2847504460201873,False,-0.098452381802738,False
2023-10-30,Delhi,291.6,281.6,81.7,12.4,80.7,30.2,5.33,28.6,111.5,16.67,25.11,1.64,441.5,Severe,0.0,,,,0.2727666350850278,False,-0.1094895955438034,False
2023-10-31,Delhi,42.3,176.9,120.8,64.4,110.9,15.4,5.69,54.6,13.6,17.63,23.46,4.13,360.6,Good,0.0,,,,-1.4846239920533784,False,-0.1011043638141234,False
2023-11-01,Delhi,480.6,337.3,157.5,78.5,1.9,36.8,2.47,47.7,62.4,12.75,29.36,8.19,165.6,Satisfactory,0.0,,,,1.6050844390527723,False,-0.1193013854172781,False
2023-11-02,Delhi,435.5,465.5,85.3,14.1,166.6,34.3,6.67,42.5,139.5,8.83,5.09,6.77,493.4,Severe,0.0,,,,1.287160984243538,False,-0.0798437958072494,False
2023-11-03,Delhi,415.1,301.3,156.2,55.8,204.2,46.6,4.21,84.7,162.2,12.76,4.44,4.8,87.4,Satisfactory,0.0,,,,1.1433552530216229,False,-0.1056172270052651,False
2023-11-04,Delhi,377.1,429.7,139.9,63.8,183.5,29.3,8.24,37.2,143.6,5.61,7.7,8.8,361.7,Severe,0.0,,,,0.8754818321180552,False,-0.1301947034350399,False
2023-11-05,Delhi,293.0,260.8,133.0,2.7,172.8,30.5,6.65,21.1,154.4,12.23,9.69,3.12,217.8,Very Poor,0.0,,,,0.2826356558551591,False,-0.094736665513064,False
2023-11-06,Delhi,260.8,386.9,117.5,44.3,18.1,1.4,6.86,83.2,141.6,16.43,23.01,8.26,359.1,Satisfactory,0.0,,,,0.055648178142136,False,-0.1249845252415615,False
2023-11-07,Delhi,204.6,277.4,91.0,38.9,247.3,21.2,6.33,72.8,164.2,5.91,25.41,5.69,21.0,Severe,0.0,,,,-0.3405225127731406,False,-0.1031096067097648,False
2023-11-08,Delhi,346.9,180.2,5.9,130.5,128.4,45.4,9.96,15.6,151.4,17.16,25.52,0.92,283.4,Satisfactory,0.0,,,,0.6625929555052195,False,-0.0743440091234434,False
2023-11-09,Delhi,279.6,18.2,170.3,32.0,202.2,0.7,7.45,45.3,156.1,13.1,10.43,4.74,182.2,Good,0.0,,,,0.1881750284839011,False,-0.1111893784055843,False
2023-11-10,Delhi,1.1,445.4,199.5,81.8,174.0,9.1,8.78,17.6,69.1,6.76,12.27,2.48,302.0,Satisfactory,0.0,,,,-1.7750551747172467,False,-0.0767467522723069,False
2023-11-11,Delhi,229.7,227.7,175.5,2.1,246.3,12.7,2.39,16.2,2.3,15.79,11.07,3.7,241.0,Moderate,0.0,,,,-0.163585068965784,False,-0.0618685207803687,False
2023-11-12,Delhi,343.7,232.3,103.3,40.6,90.0,47.7,9.56,40.7,179.1,14.53,19.63,8.11,349.7,Good,0.0,,,,0.6400351937449191,False,-0.1030574222911674,False
2023-11-13,Delhi,167.5,39.6,122.1,114.3,18.6,20.0,7.26,92.8,63.8,3.34,5.14,9.25,360.3,Moderate,0.0,,,,-0.6020515631816238,False,-0.0882792324656466,False
2023-11-14,Delhi,102.9,445.5,161.4,124.0,96.5,7.7,2.85,96.9,89.4,16.76,10.82,2.12,314.2,Poor,0.0,,,,-1.0574363787176888,False,-0.0779380258121281,False
2023-11-15,Delhi,48.1,533.2,61.5,117.9,152.7,25.5,3.34,56.1,67.8,5.28,27.62,1.45,156.9,Poor,0.0,,,,-1.443738048862834,False,-0.0993202524055518,False
2023-11-16,Delhi,351.2,217.4,54.2,55.7,120.8,11.7,0.82,98.3,86.2,3.47,9.23,8.63,289.5,Moderate,0.0,,,,0.6929049478706233,False,-0.0726295856566592,False
2023-11-17,Delhi,166.7,40.4,0.8,121.0,100.4,11.0,6.29,45.9,30.0,6.97,16.09,0.76,381.3,Poor,0.0,,,,-0.607691003621699,False,-0.102733073234277,False
2023-11-18,Delhi,216.9,72.6,10.2,45.5,242.9,45.5,2.07,5.3,89.2,13.52,18.48,7.65,297.7,Severe,0.0,,,,-0.2538161160069857,False,-0.0998255506234352,False
2023-11-19,Delhi,160.9,213.6,47.2,17.8,216.9,1.3,5.13,51.0,125.6,10.15,11.89,5.94,418.8,Very Poor,0.0,,,,-0.6485769468122434,False,-0.1151221938224921,False
2023-11-20,Delhi,384.7,79.5,130.8,108.9,172.9,34.9,8.68,11.7,173.5,12.4,21.68,6.05,51.7,Very Poor,0.0,,,,0.9290565162987684,False,-0.0702564112078087,False
2023-11-21,Delhi,206.0,227.9,144.8,135.3,129.2,35.4,3.67,39.4,138.9,7.48,21.23,7.69,217.1,Severe,0.0,,,,-0.3306534920030091,False,-0.1268947783501415,False
2023-11-22,Delhi,488.9,508.4,198.4,20.8,116.3,25.6,8.69,92.1,56.8,12.54,16.36,10.0,195.3,Severe,0.0,,,,1.6635936336185515,False,-0.0544486450166207,False
2023-11-23,Delhi,435.0,213.3,51.4,79.6,242.0,44.4,4.51,31.2,80.7,10.03,13.5,0.32,458.9,Severe,0.0,,,,1.283636333968491,False,-0.1156490975622702,False
2023-11-24,Delhi,397.5,232.3,53.8,15.4,18.1,16.7,4.44,63.4,25.6,19.99,1.49,7.5,119.6,Moderate,0.0,,,,1.0192875633399705,False,-0.1046327682378275,False
2023-11-25,Delhi,192.0,254.2,188.1,132.8,125.4,32.9,4.57,56.1,110.4,7.42,21.63,3.26,337.3,Severe,0.0,,,,-0.4293436997043235,False,-0.1230096972985853,False
2023-11-26,Delhi,383.5,481.4,120.4,100.5,11.1,29.3,5.59,96.9,75.6,10.38,16.55,6.91,394.3,Severe,0.0,,,,0.920597355638656,False,-0.0921054185686814,False
2023-11-27,Delhi,318.0,492.3,120.5,77.0,197.7,10.2,2.97,66.9,5.1,15.08,29.84,7.49,363.9,Good,0.0,,,,0.4588681696075063,False,-0.0982160046813279,False
2023-11-28,Delhi,323.4,218.3,148.9,102.5,200.4,45.0,8.65,88.0,164.6,5.31,14.56,9.28,121.5,Satisfactory,0.0,,,,0.4969343925780131,False,-0.0980040508712595,False
2023-11-29,Delhi,483.0,95.6,96.3,113.9,138.3,31.1,0.89,29.8,46.8,14.38,25.14,7.5,317.1,Moderate,0.0,,,,1.6220027603729978,False,-0.0694322531530959,False
2023-11-30,Delhi,263.5,330.7,92.3,3.4,191.9,6.6,3.22,80.0,45.7,4.89,14.33,8.67,419.4,Moderate,0.0,,,,0.0746812896273894,False,-0.0810335561637812,False
2023-12-01,Delhi,175.8,556.5,97.7,77.1,19.7,0.9,0.9,40.4,184.8,15.09,9.15,4.83,24.6,Severe,0.0,,,,-0.5435423686158445,False,-0.0625979608839735,False
2023-12-02,Delhi,387.9,307.7,96.2,44.8,233.5,15.9,8.21,9.1,178.0,12.6,21.69,3.13,148.8,Satisfactory,0.0,,,,0.9516142780590688,False,-0.0902516459812316,False
2023-12-03,Delhi,314.1,341.1,161.6,101.3,133.0,40.1,2.99,53.0,172.0,2.67,6.29,7.9,498.0,Good,0.0,,,,0.4313758974621403,False,-0.1061446403024941,False
2023-12-04,Delhi,286.4,141.4,80.3,41.6,69.8,31.3,7.83,66.9,78.0,18.82,12.56,7.48,29.5,Good,0.0,,,,0.2361102722245392,False,-0.1114521622284873,False
2023-12-05,Delhi,406.3,219.0,117.0,41.0,187.2,32.2,7.62,17.3,124.6,1.6,25.04,9.72,377.0,Poor,0.0,,,,1.0813214081807967,False,-0.1141222725091721,False
2023-12-06,Delhi,307.5,465.5,193.7,35.9,16.8,3.8,7.25,30.9,186.1,18.73,23.15,3.21,333.5,Moderate,0.0,,,,0.3848505138315204,False,-0.1049089740505363,False
2023-12-07,Delhi,346.8,452.0,11.3,106.4,93.2,4.0,1.83,42.3,27.2,6.33,6.78,9.65,77.4,Moderate,0.0,,,,0.6618880254502103,False,-0.1007247119317282,False
2023-12-08,Delhi,164.7,97.6,73.2,50.5,242.6,34.9,6.66,89.7,134.8,1.78,4.27,0.37,423.8,Very Poor,0.0,,,,-0.6217896047218867,False,-0.102438601294209,False
2023-12-09,Delhi,361.1,255.3,77.3,72.4,109.2,0.9,9.58,69.9,44.3,19.89,2.86,6.05,126.5,Very Poor,0.0,,,,0.762693023316553,False,-0.1033199686918393,False
2023-12-10,Delhi,410.6,55.7,136.8,118.2,227.5,9.1,1.75,98.9,109.2,3.38,7.55,3.39,258.6,Very Poor,0.0,,,,1.1116334005462003,False,-0.0604299252376392,False
2023-12-11,Delhi,306.0,323.4,163.6,69.7,135.2,48.9,5.87,6.1,132.7,3.94,29.46,8.59,223.1,Very Poor,0.0,,,,0.3742765630063796,False,-0.1211600227531218,False
2023-12-12,Delhi,154.5,306.6,59.4,18.0,72.0,43.5,7.12,71.6,92.6,8.21,29.37,3.35,330.1,Poor,0.0,,,,-0.6936924703328443,False,-0.1192610198513234,False
2023-12-13,Delhi,69.9,259.4,109.0,52.2,9.1,7.9,0.62,27.3,123.8,9.57,27.27,0.4,378.3,Severe,0.0,,,,-1.2900632968707872,False,-0.0999234307397167,False
2023-12-14,Delhi,76.1,73.7,137.5,17.2,249.4,20.7,8.69,86.3,89.6,6.79,3.05,7.46,145.8,Poor,0.0,,,,-1.2463576334602051,False,-0.0606156509563184,False
2023-12-15,Delhi,61.3,49.6,93.1,46.1,97.7,1.2,0.54,93.5,130.5,4.69,7.48,0.9,455.2,Satisfactory,0.0,,,,-1.350687281601595,False,-0.0350763031110091,False
2023-12-16,Delhi,374.0,138.3,123.5,108.3,151.8,12.6,9.4,80.5,192.8,10.39,25.72,8.71,470.5,Very Poor,0.0,,,,0.853629000412764,False,-0.0483806183534001,False
2023-12-17,Delhi,402.5,323.7,2.5,121.3,138.4,13.5,5.64,92.6,65.7,3.69,11.68,5.21,259.4,Very Poor,0.0,,,,1.05453406609044,False,-0.0998888655873181,False
2023-12-18,Delhi,92.0,251.6,146.9,146.6,127.5,43.5,2.35,52.6,183.2,17.28,28.66,5.71,494.8,Poor,0.0,,,,-1.1342737547137125,False,-0.0522999739104764,False
2023-12-19,Delhi,410.8,399.2,151.2,61.9,134.7,19.8,8.43,70.4,146.1,7.6,28.12,5.95,336.9,Moderate,0.0,,,,1.113043260656219,False,-0.1126058009885958,False
2023-12-20,Delhi,241.5,500.3,131.7,36.0,59.9,31.6,2.88,54.8,44.5,7.5,9.21,2.87,16.3,Satisfactory,0.0,,,,-0.0804033224746761,False,-0.0899043718209225,False
2023-12-21,Delhi,94.8,360.3,141.2,134.8,241.9,20.0,3.23,23.8,139.9,16.67,29.47,1.06,351.1,Moderate,0.0,,,,-1.1145357131734497,False,-0.1052339033088895,False
2023-12-22,Delhi,378.6,147.8,118.4,10.1,13.4,44.5,0.37,54.4,96.7,4.28,25.7,5.12,400.4,Moderate,0.0,,,,0.8860557829431961,False,-0.0845130031236735,False
2023-12-23,Delhi,73.6,348.4,66.7,144.3,185.2,22.5,4.52,46.5,177.6,1.37,0.7,7.47,134.0,Poor,0.0,,,,-1.26398088483544,False,-0.0768847539391451,False
2023-12-24,Delhi,56.0,505.1,13.4,11.8,70.8,5.5,5.83,24.2,141.5,4.21,5.76,9.16,139.5,Moderate,0.0,,,,-1.3880485745170923,False,-0.07988705785557,False
2023-12-25,Delhi,104.7,567.0,163.3,23.7,167.3,16.3,1.15,67.1,28.3,6.87,14.41,9.6,369.2,Satisfactory,0.0,,,,-1.04474763772752,False,-0.0723206118303252,False
2023-12-26,Delhi,432.1,380.7,27.2,137.9,217.7,49.0,0.69,94.7,117.2,9.62,0.44,5.55,159.9,Moderate,0.0,,,,1.263193362373219,False,-0.0587377620230392,False
2023-12-27,Delhi,57.2,599.4,47.5,139.0,111.4,36.4,1.32,88.7,159.6,2.18,5.98,8.78,356.8,Severe,0.0,,,,-1.3795894138569798,False,-0.0400100298108699,False
2023-12-28,Delhi,458.4,458.7,167.7,90.0,87.7,49.1,3.38,74.7,148.6,18.72,4.32,7.29,476.2,Severe,0.0,,,,1.448589966840688,False,-0.0925113167198468,False
2023-12-29,Delhi,317.9,163.0,22.4,29.7,178.5,16.1,5.1,1.9,31.7,3.04,12.94,4.17,440.4,Very Poor,0.0,,,,0.4581632395524967,False,-0.078373897801788,False
2023-12-30,Delhi,299.7,235.7,21.1,104.2,204.9,35.5,2.88,33.7,145.7,0.76,1.01,6.92,473.8,Poor,0.0,,,,0.329865969540788,False,-0.1149311679701576,False
2023-12-31,Delhi,194.0,187.4,75.9,116.7,4.1,0.3,7.02,19.2,85.8,3.43,23.39,7.81,111.3,Poor,0.0,,,,-0.4152450986041358,False,-0.1251842272654105,False
2024-01-01,Delhi,475.7,396.7,178.0,85.5,190.9,11.5,0.5,36.0,133.3,3.54,28.36,5.0,342.9,Satisfactory,914.0,,,,1.5705428663573122,False,-0.0473362303883824,False
2024-01-02,Delhi,461.8,491.1,69.2,49.8,106.3,17.2,8.82,20.7,91.1,17.9,0.14,2.24,64.9,Very Poor,1083.0,,,,1.4725575887110074,False,-0.0123228339009804,False
2024-01-03,Delhi,15.2,125.4,133.2,28.2,177.8,45.7,3.46,0.7,57.9,2.09,27.15,1.07,279.9,Severe,1127.0,,,,-1.675660036960923,False,-0.0073744372134116,False
2024-01-04,Delhi,331.2,300.1,164.1,62.2,231.9,47.7,3.93,39.6,158.0,17.28,19.12,8.16,484.8,Good,1276.0,,,,0.5519189368687455,False,-0.0541021247120362,False
2024-01-05,Delhi,189.7,22.7,163.8,129.9,135.1,34.0,0.76,16.7,97.8,16.56,12.23,7.82,450.6,Poor,1372.0,,,,-0.4455570909695395,False,0.0096230162400183,True
2024-01-06,Delhi,256.8,425.7,27.7,81.9,64.6,34.1,9.22,29.0,193.0,15.17,11.22,2.78,458.9,Good,951.0,,,,0.0274509759417604,False,-0.020583525978624,False
2024-01-07,Delhi,242.9,494.5,47.6,71.9,84.2,21.8,5.86,8.5,159.0,5.07,20.4,0.63,394.9,Severe,980.0,,,,-0.0705343017045446,False,-0.0655741541939066,False
2024-01-08,Delhi,432.6,189.8,53.7,24.1,170.2,46.8,0.04,38.7,4.6,0.31,12.2,0.4,53.5,Poor,1028.0,,,,1.266718012648266,False,0.0058258834535573,True
2024-01-09,Delhi,447.8,501.6,37.0,125.6,152.1,16.1,9.01,78.8,45.9,16.64,4.67,0.68,406.6,Good,911.0,,,,1.373867381009693,False,-0.0168948726071347,False
2024-01-10,Delhi,334.5,599.8,86.5,73.6,176.3,14.8,0.63,26.1,48.7,8.27,15.7,1.35,174.7,Poor,1065.0,,,,0.5751816286840554,False,-0.021446060958971,False
2024-01-11,Delhi,136.5,586.5,128.3,1.8,13.4,32.3,2.96,59.9,11.5,18.94,14.14,3.02,190.6,Severe,1152.0,,,,-0.8205798802345343,False,0.0015464821860728,True
2024-01-12,Delhi,3.4,40.1,88.5,37.5,186.7,35.8,3.81,81.4,72.1,11.75,25.42,0.55,216.3,Poor,1336.0,,,,-1.758841783452031,False,-0.006586031700132,False
2024-01-13,Delhi,256.2,13.5,20.8,122.8,96.9,3.5,2.75,84.1,52.8,5.36,18.87,9.49,12.6,Moderate,1645.0,,,,0.0232213956117039,False,0.0146533313067936,True
2024-01-14,Delhi,244.6,432.5,130.3,35.7,188.4,46.5,3.41,77.0,29.3,14.74,14.29,1.54,424.4,Very Poor,1644.0,,,,-0.0585504907693851,False,-0.0284136513043909,False
2024-01-15,Delhi,434.7,470.3,139.7,135.6,228.8,37.9,4.94,15.0,45.7,3.58,29.02,2.84,123.8,Poor,1334.0,,,,1.2815215438034628,False,-0.0158462110892225,False
2024-01-16,Delhi,228.1,417.1,61.0,106.8,214.2,46.6,3.49,69.8,161.6,1.93,8.17,3.33,273.6,Severe,796.0,,,,-0.1748639498459342,False,-0.07366063661234,False
2024-01-17,Delhi,70.0,93.1,119.2,143.0,147.4,33.2,5.07,86.6,10.6,14.43,21.58,6.81,349.5,Poor,590.0,,,,-1.2893583668157778,False,-0.0185310317967629,False
2024-01-18,Delhi,448.3,543.0,17.0,72.8,225.8,46.3,9.72,13.7,31.3,16.61,4.8,8.21,224.0,Good,570.0,,,,1.37739203128474,False,-0.0221365786596401,False
2024-01-19,Delhi,371.4,35.2,39.6,51.8,217.6,20.8,9.25,77.9,68.8,9.06,14.12,6.83,237.2,Moderate,841.0,,,,0.8353008189825197,False,-0.0347200108170981,False
2024-01-20,Delhi,415.1,271.9,48.2,1.9,66.4,28.7,0.11,98.4,160.0,14.94,24.03,0.12,127.2,Moderate,775.0,,,,1.1433552530216229,False,0.0140599260889845,True
2024-01-21,Delhi,212.8,302.2,70.2,91.6,215.3,11.8,7.74,30.9,160.8,1.86,5.49,5.37,174.2,Moderate,791.0,,,,-0.2827182482623706,False,-0.0841523995838032,False
2024-01-22,Delhi,344.1,61.0,71.1,19.9,100.1,40.3,2.32,13.2,81.5,19.1,6.64,3.57,44.8,Satisfactory,728.0,,,,0.642854913964957,False,-0.0246897628560036,False
2024-01-23,Delhi,312.0,560.8,81.0,115.1,1.5,21.7,1.0,32.7,3.9,16.07,10.69,4.59,258.8,Moderate,882.0,,,,0.4165723663069429,False,-0.0170759869720832,False
2024-01-24,Delhi,215.7,471.7,42.1,88.7,97.9,33.3,3.84,97.7,141.5,18.93,4.82,8.23,307.3,Satisfactory,1053.0,,,,-0.2622752766670985,False,-0.0421538660710129,False
2024-01-25,Delhi,447.5,244.3,165.1,91.3,66.6,25.9,3.75,48.3,146.5,3.26,23.09,3.87,76.6,Good,1079.0,,,,1.3717525908446648,False,-0.0608781338584464,False
2024-01-26,Delhi,200.3,592.0,163.6,7.7,245.7,20.9,6.54,72.6,64.4,4.4,22.92,4.35,298.9,Very Poor,1043.0,,,,-0.3708345051385442,False,-0.0234196012881645,False
2024-01-27,Delhi,351.9,376.9,143.4,7.0,169.5,9.9,4.34,1.3,2.4,6.12,20.75,0.79,88.5,Poor,925.0,,,,0.6978394582556889,False,0.0102600531218086,True
2024-01-28,Delhi,42.4,518.6,93.3,35.6,234.1,7.2,7.59,27.2,171.7,8.76,2.41,0.19,292.9,Poor,688.0,,,,-1.483919061998369,False,-0.0468842886386448,False
2024-01-29,Delhi,21.6,320.2,38.8,13.4,163.7,18.2,5.87,61.2,110.1,16.26,14.85,6.55,363.0,Poor,1239.0,,,,-1.630544513440322,False,-0.0406705689398901,False
2024-01-30,Delhi,255.4,164.1,106.2,64.0,68.6,16.1,1.3,4.5,24.0,16.42,5.39,8.95,117.6,Very Poor,1273.0,,,,0.0175819551716289,False,-0.0200085043818549,False
2024-01-31,Delhi,160.2,372.8,121.3,102.7,81.9,48.1,9.77,53.4,45.4,11.13,4.95,8.84,412.4,Severe,407.0,,,,-0.6535114571973093,False,-0.07089527228348,False
2024-02-01,Delhi,154.5,186.1,191.3,63.0,105.7,40.3,6.76,49.8,79.0,17.12,20.46,7.98,294.9,Severe,717.0,,,,-0.6936924703328443,False,-0.0947708813561604,False
2024-02-02,Delhi,189.1,129.9,120.0,97.7,137.3,5.4,3.58,6.6,177.2,12.74,19.55,6.66,234.7,Severe,769.0,,,,-0.4497866712995959,False,-0.0520602060266804,False
2024-02-03,Delhi,314.4,206.9,106.1,125.1,225.1,43.9,0.32,59.6,150.1,19.67,17.7,2.03,313.2,Moderate,1243.0,,,,0.4334906876271681,False,-0.0331391808833441,False
2024-02-04,Delhi,435.9,61.4,145.9,133.4,198.5,35.4,9.15,74.8,188.4,1.67,4.47,6.06,338.9,Satisfactory,1707.0,,,,1.2899807044635756,False,0.0200851347049569,True
2024-02-05,Delhi,216.2,144.7,48.1,130.9,123.8,9.1,1.58,79.1,164.0,15.74,14.01,9.64,344.6,Satisfactory,1191.0,,,,-0.2587506263920515,False,-0.0264326958536436,False
2024-02-06,Delhi,132.2,316.1,128.5,17.9,85.6,15.3,1.45,68.4,111.0,0.53,14.61,1.51,114.8,Very Poor,996.0,,,,-0.8508918725999381,False,-0.059308054848006,False
2024-02-07,Delhi,87.6,541.9,49.8,79.3,104.5,0.9,1.07,3.1,13.4,8.83,15.72,5.06,155.7,Good,1032.0,,,,-1.1652906771341254,False,-0.0053633630863179,False
2024-02-08,Delhi,236.4,177.0,120.3,26.9,69.7,14.9,4.03,67.1,199.2,0.07,25.79,4.05,342.0,Severe,1474.0,,,,-0.1163547552801549,False,-0.0380641414740284,False
2024-02-09,Delhi,192.9,481.1,93.9,9.7,126.0,48.7,2.97,95.2,188.4,4.53,22.44,8.31,296.0,Moderate,2167.0,,,,-0.422999329209239,False,0.0147561649190682,True
2024-02-10,Delhi,165.8,157.6,168.3,27.8,205.5,22.1,9.64,11.2,39.3,12.04,17.76,7.75,260.5,Good,2009.0,,,,-0.6140353741167833,False,0.0031505443800056,True
2024-02-11,Delhi,20.8,277.3,191.7,17.3,11.0,45.6,7.03,70.4,76.9,0.48,19.01,5.33,289.7,Severe,1478.0,,,,-1.636183953880397,False,-0.0215205796793915,False
2024-02-12,Delhi,411.3,450.0,115.5,105.3,134.5,3.1,2.7,73.5,73.2,14.2,13.56,5.64,295.7,Poor,1109.0,,,,1.116567910931266,False,-0.0531498441292166,False
2024-02-13,Delhi,288.9,302.8,36.3,124.6,185.6,7.4,5.65,81.0,92.9,7.42,11.07,3.02,328.6,Severe,833.0,,,,0.253733523599774,False,-0.0744896804579357,False
2024-02-14,Delhi,129.6,543.5,192.1,87.9,148.9,43.8,5.43,30.5,109.4,18.22,17.16,7.64,330.3,Good,1285.0,,,,-0.8692200540301822,False,-0.0617847964052686,False
2024-02-15,Delhi,210.6,103.0,40.2,127.3,68.0,41.4,0.3,15.4,195.6,19.17,15.75,2.1,116.8,Severe,1688.0,,,,-0.2982267094725773,False,0.0118798250143471,True
2024-02-16,Delhi,161.8,523.6,12.6,59.1,63.9,38.1,6.33,70.0,179.0,7.1,13.14,4.65,299.9,Poor,1971.0,,,,-0.6422325763171589,False,-0.0367002884275017,False
2024-02-17,Delhi,143.9,167.9,9.7,21.1,6.7,2.0,5.84,68.8,175.6,0.32,1.38,7.61,167.2,Moderate,1686.0,,,,-0.7684150561638395,False,-0.0298801260573232,False
2024-02-18,Delhi,292.3,202.6,183.6,27.4,82.9,37.9,4.11,7.1,195.8,6.19,5.12,1.03,271.0,Moderate,1640.0,,,,0.2777011454700934,False,-0.0135853800711998,False
2024-02-19,Delhi,213.4,129.8,12.8,145.6,40.9,30.8,5.29,46.9,178.2,14.79,11.76,4.76,164.8,Satisfactory,1880.0,,,,-0.2784886679323143,False,-0.0164563114939744,False
2024-02-20,Delhi,441.5,274.9,100.9,76.2,63.2,4.0,3.14,44.1,160.2,6.76,21.75,4.7,43.4,Poor,2061.0,,,,1.3294567875441017,False,-0.0284294030705013,False
2024-02-21,Delhi,329.4,419.0,101.5,68.3,43.2,25.4,1.62,77.7,11.2,14.61,8.24,7.17,177.1,Satisfactory,1839.0,,,,0.5392301958785765,False,-0.0210080628847809,False
2024-02-22,Delhi,207.5,453.9,180.4,92.7,92.2,42.2,3.89,78.2,105.7,18.95,17.39,2.69,416.9,Poor,1653.0,,,,-0.3200795411778683,False,-0.0491013227001071,False
2024-02-23,Delhi,392.0,431.9,77.3,34.4,123.6,25.3,0.11,34.6,112.2,8.46,3.44,8.25,65.0,Satisfactory,1261.0,,,,0.980516410314454,False,-0.0174828733710694,False
2024-02-24,Delhi,163.7,347.6,99.5,15.0,201.8,49.1,4.32,50.8,184.1,10.51,25.39,0.6,121.3,Satisfactory,999.0,,,,-0.6288389052719806,False,-0.0447545274685194,False
2024-02-25,Delhi,357.3,362.2,15.8,106.2,86.3,15.5,8.18,87.4,94.6,6.73,27.85,4.49,46.7,Very Poor,1588.0,,,,0.7359056812261962,False,-0.0287996552693117,False
2024-02-26,Delhi,66.4,4.1,127.9,14.7,192.0,3.6,2.72,19.6,44.2,4.16,13.42,0.7,51.2,Good,1032.0,,,,-1.3147358487961158,False,0.0189565732231367,True
2024-02-27,Delhi,476.9,285.2,53.1,41.6,100.5,6.0,4.16,57.0,86.3,0.32,8.84,3.8,287.3,Severe,1182.0,,,,1.579002027017425,False,-0.056747702566933,False
2024-02-28,Delhi,221.7,437.1,94.5,78.9,194.2,35.9,8.87,95.5,25.3,4.89,22.45,5.55,77.9,Very Poor,1565.0,,,,-0.2199794733665351,False,0.0036819040752262,True
2024-02-29,Delhi,317.7,489.5,41.6,62.7,167.4,23.1,7.31,87.2,120.9,10.41,22.76,7.14,146.1,Satisfactory,1813.0,,,,0.456753379442478,False,-0.0387216407047322,False
2024-03-01,Delhi,150.2,320.8,114.6,141.8,130.9,21.6,7.83,24.5,96.0,3.38,19.93,0.36,312.0,Good,2060.0,,,,-0.7240044626982481,False,-0.0191682314596001,False
2024-03-02,Delhi,277.8,114.2,158.1,115.2,157.4,43.2,9.6,46.5,4.2,2.29,8.4,1.53,406.2,Poor,2338.0,,,,0.1754862874937321,False,0.0181351250126697,True
2024-03-03,Delhi,62.0,190.6,87.5,42.7,31.8,10.9,2.29,88.6,60.1,16.12,15.86,2.51,26.4,Very Poor,2111.0,,,,-1.345752771216529,False,0.0118025455062686,True
2024-03-04,Delhi,489.3,354.5,178.0,67.6,19.6,33.4,8.64,50.0,115.0,0.59,5.44,1.52,472.5,Poor,1640.0,,,,1.6664133538385892,False,-0.0129330012192497,False
2024-03-05,Delhi,383.5,116.9,10.5,25.5,115.7,14.4,0.08,32.9,33.2,9.19,9.48,1.52,254.8,Severe,2409.0,,,,0.920597355638656,False,0.0085373792609021,True
2024-03-06,Delhi,156.7,89.4,101.9,141.0,174.8,10.9,2.22,43.0,40.4,12.31,17.29,9.34,50.4,Good,2350.0,,,,-0.6781840091226379,False,0.0156315633988686,True
2024-03-07,Delhi,217.4,291.1,107.7,24.6,158.1,18.7,1.03,62.3,165.0,18.89,5.37,5.54,63.7,Moderate,3012.0,,,,-0.2502914657319388,False,-0.0060053029320302,False
2024-03-08,Delhi,42.1,580.4,79.7,147.1,154.0,25.0,9.76,65.2,181.3,8.59,6.5,2.46,88.9,Severe,4125.0,,,,-1.4860338521633971,False,0.0852781000929249,True
2024-03-09,Delhi,32.1,68.2,170.7,43.7,15.9,37.3,3.63,13.3,77.1,0.14,27.04,8.35,271.3,Good,3625.0,,,,-1.5565268576643363,False,0.0351084699833426,True
2024-03-10,Delhi,263.0,108.6,119.6,145.3,69.5,16.6,8.74,38.3,162.7,19.46,17.14,4.55,433.4,Severe,2214.0,,,,0.0711566393523424,False,0.0174891746129627,True
2024-03-11,Delhi,222.7,279.9,26.0,102.4,77.3,13.4,5.67,1.1,146.4,4.67,2.91,8.6,266.8,Very Poor,3420.0,,,,-0.2129301728164412,False,-0.0048951184663978,False
2024-03-12,Delhi,160.7,367.7,54.3,119.0,25.2,44.1,7.38,58.5,38.9,0.76,14.45,5.24,234.4,Poor,4424.0,,,,-0.6499868069222623,False,0.0215472197651988,True
2024-03-13,Delhi,177.6,169.0,65.5,81.3,96.1,26.9,7.99,53.6,188.9,2.84,15.09,8.99,453.7,Good,4732.0,,,,-0.5308536276256756,False,0.0447022939385565,True
2024-03-14,Delhi,72.2,35.6,37.7,103.4,27.9,33.1,0.35,50.2,34.0,18.51,12.97,2.93,483.7,Very Poor,6148.0,,,,-1.2738499056055714,False,0.0809499905365962,True
2024-03-15,Delhi,486.1,426.6,120.7,135.6,220.0,35.9,3.76,14.5,141.0,7.19,27.93,1.25,322.6,Satisfactory,4829.0,,,,1.643855592078289,False,0.0422886092862628,True
2024-03-16,Delhi,487.2,148.0,0.2,14.5,221.3,42.9,1.83,65.3,88.8,3.74,7.45,9.08,175.4,Poor,3447.0,,,,1.651609822683392,False,0.0179659482976419,True
2024-03-17,Delhi,421.3,56.6,142.7,81.3,148.8,17.1,6.57,29.4,11.7,19.34,12.81,9.03,376.9,Moderate,2691.0,,,,1.187060916432205,False,0.0137762872862742,True
2024-03-18,Delhi,471.0,130.8,95.7,46.6,247.4,15.9,3.46,27.3,57.6,11.13,17.88,0.77,137.1,Poor,2523.0,,,,1.537411153771871,False,0.0017877425972562,True
2024-03-19,Delhi,226.3,101.5,111.8,12.6,132.6,22.5,0.36,46.7,5.6,7.7,28.94,6.47,24.0,Poor,2190.0,,,,-0.1875526908361031,False,0.0405072390759985,True
2024-03-20,Delhi,436.8,148.6,160.7,90.5,132.4,0.0,5.43,80.3,132.9,8.45,26.72,1.09,93.3,Satisfactory,2187.0,,,,1.2963250749586603,False,-0.0175171437412889,False
2024-03-21,Delhi,199.0,230.3,153.8,70.8,39.8,40.7,7.57,17.6,33.8,15.0,23.05,5.76,355.0,Moderate,1488.0,,,,-0.3799985958536663,False,-0.0443511746730244,False
2024-03-22,Delhi,115.2,319.4,179.9,51.4,167.2,12.4,9.48,15.8,124.9,11.07,15.67,5.22,398.7,Poor,2140.0,,,,-0.9707299819515344,False,-0.0152345309755109,False
2024-03-23,Delhi,265.6,225.9,115.6,147.5,28.7,24.5,5.62,99.3,124.7,3.4,27.92,0.58,486.7,Good,3480.0,,,,0.0894848207825867,False,0.0350108551320508,True
2024-03-24,Delhi,54.2,450.5,159.6,1.2,226.5,26.9,3.4,6.4,75.9,17.75,27.44,2.66,184.0,Very Poor,3966.0,,,,-1.400737315507261,False,0.0536644601604656,True
2024-03-25,Delhi,322.8,129.4,133.2,34.5,209.8,37.0,3.87,6.2,23.4,12.41,27.92,0.68,458.5,Satisfactory,3676.0,,,,0.492704812247957,False,0.0420839498539896,True
2024-03-26,Delhi,383.1,209.2,109.2,57.0,48.0,33.8,6.43,16.6,20.5,2.37,0.61,8.87,132.8,Very Poor,3380.0,,,,0.9177776354186186,False,0.0134603975326892,True
2024-03-27,Delhi,247.3,580.9,87.9,111.7,70.5,31.3,5.25,40.2,29.9,10.51,15.06,5.28,9.6,Satisfactory,3360.0,,,,-0.0395173792841314,False,0.0382486842586146,True
2024-03-28,Delhi,285.3,6.8,174.7,81.4,105.8,39.3,9.49,49.2,88.8,12.05,29.25,1.63,377.4,Satisfactory,4739.0,,,,0.2283560416194362,False,0.0524446770566879,True
2024-03-29,Delhi,192.1,17.1,128.5,123.0,208.8,49.3,5.01,53.1,48.8,0.91,27.09,7.54,246.1,Moderate,5254.0,,,,-0.4286387696493142,False,0.0389688470776837,True
2024-03-30,Delhi,357.8,179.9,16.0,112.1,244.9,25.1,5.4,34.5,116.3,8.47,3.06,6.24,386.7,Satisfactory,5669.0,,,,0.7394303315012432,False,0.0249895219578716,True
2024-03-31,Delhi,191.4,567.1,16.5,19.8,48.6,33.7,1.87,58.4,10.6,12.64,13.02,0.69,340.0,Severe,3742.0,,,,-0.4335732800343798,False,0.0301033888687911,True
2024-04-01,Delhi,397.2,264.0,95.8,121.3,182.6,41.7,4.62,37.6,2.4,0.83,21.02,3.87,32.6,Poor,3919.0,,,,1.017172773174942,False,0.0333665306011159,True
2024-04-02,Delhi,14.6,160.7,6.9,147.0,49.8,20.8,4.5,70.6,18.6,11.09,6.29,6.76,401.7,Very Poor,5847.0,,,,-1.6798896172909792,False,0.0719470460726541,True
2024-04-03,Delhi,238.2,46.6,74.5,40.4,101.1,3.8,4.73,97.9,28.8,9.02,20.22,6.7,485.9,Severe,7813.0,,,,-0.103666014289986,False,0.0899237204872374,True
2024-04-04,Delhi,440.7,391.6,131.2,112.6,192.6,39.4,2.16,46.4,197.3,0.05,19.34,7.92,451.5,Poor,8788.0,,,,1.3238173471040262,False,0.0738362168876279,True
2024-04-05,Delhi,209.7,16.6,133.2,66.3,223.6,48.7,4.47,25.3,178.4,13.7,27.11,2.32,124.0,Severe,8713.0,,,,-0.3045710799676618,False,0.0587966440978002,True
2024-04-06,Delhi,72.1,424.4,45.6,56.3,72.6,5.1,0.82,63.0,94.6,6.2,4.69,1.49,262.7,Moderate,6267.0,,,,-1.2745548356605807,False,0.0387863328934432,True
2024-04-07,Delhi,57.7,78.9,136.8,61.8,161.3,16.8,6.08,46.9,144.9,5.14,5.08,4.28,327.8,Poor,5245.0,,,,-1.3760647635819327,False,0.0297067753825267,True
2024-04-08,Delhi,286.0,206.0,29.5,139.8,155.7,12.4,1.77,51.9,117.8,18.45,14.0,7.48,14.8,Satisfactory,4428.0,,,,0.2332905520045018,False,0.0441289764485437,True
2024-04-09,Delhi,368.5,283.9,181.4,89.0,117.4,40.1,9.45,88.9,185.2,13.91,7.35,5.12,239.5,Very Poor,5503.0,,,,0.8148578473872476,False,0.0492625431277973,True
2024-04-10,Delhi,443.1,231.9,64.1,35.0,55.9,35.7,1.67,4.1,116.1,7.05,3.27,2.88,382.7,Poor,4496.0,,,,1.3407356684242515,False,0.0422263835840771,True
2024-04-11,Delhi,85.4,549.9,119.0,103.5,52.9,26.7,0.19,96.1,134.5,6.16,2.16,3.3,337.9,Good,2023.0,,,,-1.180799138344332,False,0.0208752087978919,True
2024-04-12,Delhi,178.6,32.2,1.0,2.5,182.7,7.0,9.77,20.7,119.0,2.6,26.17,3.93,295.7,Poor,2585.0,,,,-0.5238043270755817,False,0.0359591741142997,True
2024-04-13,Delhi,116.1,476.7,45.9,12.7,13.2,31.4,1.03,23.2,104.2,4.88,18.62,6.95,72.3,Satisfactory,2935.0,,,,-0.9643856114564496,False,0.0221717455164542,True
2024-04-14,Delhi,375.2,101.8,15.6,124.1,60.0,19.7,9.2,72.5,51.4,1.08,22.9,6.0,438.1,Good,4105.0,,,,0.8620881610728766,False,0.0418705218407778,True
2024-04-15,Delhi,323.4,303.5,179.8,53.3,68.4,36.7,6.71,61.1,172.5,16.74,19.93,1.98,262.9,Moderate,5503.0,,,,0.4969343925780131,False,0.01987472071873,True
2024-04-16,Delhi,355.1,210.5,168.5,78.2,198.2,23.7,4.66,78.9,192.5,16.86,7.31,0.56,470.6,Poor,5241.0,,,,0.7203972200159897,False,0.0508628071635623,True
2024-04-17,Delhi,408.6,36.8,83.2,3.4,21.2,44.5,1.91,3.7,139.6,12.08,20.23,8.72,358.3,Satisfactory,4627.0,,,,1.0975347994460127,False,0.0745789148664114,True
2024-04-18,Delhi,385.1,182.5,115.1,37.0,207.6,16.5,4.62,2.9,176.0,14.49,28.32,4.15,65.6,Very Poor,6178.0,,,,0.9318762365188064,False,0.0660494624604099,True
2024-04-19,Delhi,311.2,14.3,51.7,122.7,179.5,34.3,1.06,24.5,161.7,11.15,24.93,2.48,125.9,Very Poor,7296.0,,,,0.4109329258668678,False,0.0569478133861593,True
2024-04-20,Delhi,336.4,453.3,42.4,58.9,187.8,15.2,6.9,25.9,160.6,1.88,28.31,1.54,9.1,Severe,7184.0,,,,0.5885752997292336,False,0.0544080989272013,True
2024-04-21,Delhi,205.3,381.9,90.0,12.5,91.6,13.1,2.48,98.0,156.1,17.42,1.76,2.18,15.9,Good,3842.0,,,,-0.3355880023880748,False,0.0517089504558162,True
2024-04-22,Delhi,52.7,520.1,123.5,91.4,202.0,47.1,5.25,74.9,109.6,0.79,7.85,8.98,41.2,Severe,2872.0,,,,-1.411311266332402,False,0.0049440328924196,True
2024-04-23,Delhi,251.7,459.5,147.8,47.1,106.4,32.9,6.01,19.0,22.8,6.98,8.04,0.58,151.0,Very Poor,4309.0,,,,-0.0085004568637185,False,0.024062454032246,True
2024-04-24,Delhi,58.3,264.6,108.8,69.8,49.9,14.0,9.02,26.3,18.1,12.5,20.68,3.58,353.0,Severe,3772.0,,,,-1.3718351832518765,False,0.0261772414393092,True
2024-04-25,Delhi,439.2,413.8,7.9,91.3,7.6,49.8,0.65,58.9,66.3,19.49,27.47,3.92,320.3,Very Poor,6886.0,,,,1.3132433962788854,False,0.0568301395025852,True
2024-04-26,Delhi,208.0,171.2,48.4,103.9,95.5,4.0,2.64,9.5,38.1,3.22,7.74,2.14,308.5,Poor,4447.0,,,,-0.3165548909028213,False,0.0303984795049643,True
2024-04-27,Delhi,325.0,52.7,127.1,3.7,46.1,26.6,8.99,1.6,104.6,1.17,7.66,0.89,84.2,Moderate,3344.0,,,,0.5082132734581635,False,0.0607450465193886,True
2024-04-28,Delhi,433.4,371.7,119.5,143.4,39.2,50.0,3.72,6.3,183.8,9.37,22.33,2.67,344.4,Moderate,4636.0,,,,1.2723574530883408,False,0.0441720828688345,True
2024-04-29,Delhi,459.6,150.1,3.2,113.0,94.7,5.2,5.14,93.0,132.2,2.45,16.53,7.53,483.2,Very Poor,4843.0,,,,1.4570491275008008,False,0.0627917465471389,True
2024-04-30,Delhi,347.4,581.7,8.1,129.6,14.2,45.3,4.35,99.0,91.3,4.49,23.64,8.4,178.7,Moderate,6843.0,,,,0.6661176057802665,False,0.0702145072397868,True
2024-05-01,Delhi,212.3,407.9,11.5,100.6,164.1,32.3,1.12,77.2,9.4,9.87,15.65,0.65,3.3,Satisfactory,7798.0,,,,-0.2862428985374176,False,0.0751304486336004,True
2024-05-02,Delhi,141.2,358.4,46.4,55.6,60.0,49.4,9.28,75.1,0.1,9.04,14.79,4.7,201.2,Satisfactory,6694.0,,,,-0.7874481676490931,False,0.0583056958419985,True
2024-05-03,Delhi,1.3,214.3,12.8,67.6,148.4,48.8,3.57,79.4,106.0,4.22,13.71,3.15,168.0,Good,4402.0,,,,-1.773645314607228,False,0.043874599152168,True
2024-05-04,Delhi,406.8,230.4,99.0,126.1,11.9,2.1,0.53,79.5,105.5,10.55,8.43,1.17,328.8,Good,4893.0,,,,1.0848460584558437,False,0.0353901085380989,True
2024-05-05,Delhi,471.3,149.5,32.6,145.4,52.8,48.2,3.84,34.4,0.2,10.11,15.86,6.4,169.3,Very Poor,6038.0,,,,1.5395259439368991,False,0.0833699858464749,True
2024-05-06,Delhi,201.1,165.8,25.5,144.0,134.7,8.8,9.19,9.1,147.3,18.91,20.88,1.81,374.6,Satisfactory,3916.0,,,,-0.3651950646984692,False,0.0374954379890275,True
2024-05-07,Delhi,320.2,229.1,58.1,12.5,91.3,41.9,7.96,77.3,155.3,12.86,27.46,7.52,420.4,Good,3436.0,,,,0.4743766308177127,False,0.0189043731951576,True
2024-05-08,Delhi,184.1,493.8,105.4,84.4,55.0,4.1,8.41,20.1,95.1,16.04,21.23,2.42,415.9,Very Poor,3045.0,,,,-0.4850331740500653,False,0.0027450156735168,True
2024-05-09,Delhi,290.6,170.0,78.3,131.4,116.7,35.4,8.69,87.0,180.8,0.04,14.34,9.95,274.8,Good,2469.0,,,,0.2657173345349339,False,0.0056318983107387,True
2024-05-10,Delhi,408.0,102.7,36.3,57.8,49.0,18.6,6.93,43.3,127.9,1.07,25.42,0.01,62.5,Satisfactory,3256.0,,,,1.0933052191159562,False,0.0103313963134432,True
2024-05-11,Delhi,239.2,550.7,157.0,40.2,180.1,26.3,4.94,57.5,14.0,15.85,28.33,5.64,493.8,Moderate,1578.0,,,,-0.0966167137398921,False,-0.0055476036002291,False
2024-05-12,Delhi,452.8,425.2,117.3,21.3,119.7,21.5,7.85,62.7,190.4,4.95,19.51,0.57,334.7,Poor,2365.0,,,,1.4091138837601624,False,0.0116115335627677,True
2024-05-13,Delhi,85.4,488.0,36.8,2.6,0.6,1.5,3.65,44.3,68.2,13.1,27.84,3.21,238.0,Good,4735.0,,,,-1.180799138344332,False,0.0453987406792349,True
2024-05-14,Delhi,99.7,496.3,155.7,2.1,85.3,6.6,5.03,45.3,35.5,16.37,26.52,9.76,43.6,Poor,3905.0,,,,-1.0799941404779894,False,0.0460030748053615,True
2024-05-15,Delhi,131.9,541.1,19.1,101.3,177.7,33.0,8.17,85.3,189.4,5.18,14.04,8.14,103.7,Good,3210.0,,,,-0.8530066627649662,False,0.0316007476051526,True
2024-05-16,Delhi,340.7,4.0,176.1,49.8,196.8,4.2,2.96,15.5,47.8,15.89,20.86,8.99,415.5,Poor,2794.0,,,,0.6188872920946374,False,0.0278521562225806,True
2024-05-17,Delhi,423.2,597.0,0.1,7.1,184.8,2.3,3.76,24.0,122.0,12.35,6.45,7.99,227.1,Poor,2269.0,,,,1.200454587477383,False,0.0148467672595,True
2024-05-18,Delhi,113.6,78.5,7.8,77.9,160.8,38.9,7.23,43.0,156.0,15.58,26.87,8.45,254.9,Very Poor,3395.0,,,,-0.9820088628316844,False,0.0035293922852575,True
2024-05-19,Delhi,327.5,62.5,124.8,67.7,54.1,33.3,6.51,21.8,6.9,3.79,12.67,9.96,132.0,Severe,1962.0,,,,0.5258365248333983,False,-0.0039658441931117,False
2024-05-20,Delhi,179.1,20.6,104.0,30.4,111.7,6.4,3.03,17.1,132.6,10.52,10.85,0.85,375.2,Poor,1572.0,,,,-0.5202796768005348,False,-0.0127410200539842,False
2024-05-21,Delhi,240.3,455.3,94.7,60.0,30.0,29.0,5.66,70.6,121.9,0.74,9.28,4.51,199.3,Poor,1834.0,,,,-0.0888624831347887,False,-0.0652793586411381,False
2024-05-22,Delhi,99.6,446.5,181.9,137.7,75.8,18.8,5.72,11.3,102.6,11.57,2.14,1.42,366.9,Very Poor,1702.0,,,,-1.0806990705329989,False,-0.018682268980716,False
2024-05-23,Delhi,403.4,352.5,129.2,121.7,112.9,11.9,5.58,1.5,105.1,9.8,3.39,5.54,452.8,Satisfactory,1369.0,,,,1.0608784365855242,False,-0.0261868372672257,False
2024-05-24,Delhi,366.0,575.1,49.2,98.5,11.1,48.2,9.42,69.5,57.8,18.85,14.5,3.13,25.6,Very Poor,1176.0,,,,0.7972345960120129,False,-0.0034273841509543,False
2024-05-25,Delhi,47.8,44.5,125.5,92.3,179.8,46.3,0.54,57.5,197.2,12.76,23.06,4.57,415.5,Severe,1164.0,,,,-1.445852839027862,False,0.0108116527357314,True
2024-05-26,Delhi,258.3,277.3,161.3,69.4,107.2,35.2,2.5,49.8,136.9,1.6,14.19,2.3,341.8,Satisfactory,1043.0,,,,0.0380249267669012,False,-0.0928966682372559,False
2024-05-27,Delhi,492.3,409.3,17.4,66.0,238.8,17.8,7.37,61.1,120.8,0.54,11.67,0.69,252.6,Poor,1035.0,,,,1.687561255488871,False,-0.0502666809324869,False
2024-05-28,Delhi,186.1,318.1,120.2,6.7,74.6,39.3,9.28,28.7,134.9,16.27,20.2,6.01,43.6,Very Poor,1800.0,,,,-0.4709345729498775,False,0.0024207056412201,True
2024-05-29,Delhi,78.2,523.4,109.9,93.5,176.9,7.2,5.27,9.6,9.1,2.05,13.09,5.76,268.7,Satisfactory,1661.0,,,,-1.231554102305008,False,-0.0100942298345652,False
2024-05-30,Delhi,359.1,548.9,28.3,55.2,249.0,27.9,2.64,13.6,147.0,12.71,16.71,0.08,370.8,Good,0.0,,,,0.7485944222163652,False,-0.0920759882822454,False
2024-05-31,Delhi,76.8,43.4,117.3,111.7,99.5,5.7,3.7,98.5,164.0,8.36,4.93,0.66,58.6,Severe,0.0,,,,-1.2414231230751394,False,-0.0515215450859802,False
2024-06-01,Delhi,149.6,550.7,88.4,125.5,22.4,23.8,8.02,67.0,162.7,8.71,23.18,9.21,426.1,Poor,0.0,,,,-0.7282340430283044,False,-0.0912336396300518,False
2024-06-02,Delhi,427.5,315.4,54.9,90.4,164.8,3.1,5.26,59.9,120.6,4.19,5.35,3.74,485.1,Severe,0.0,,,,1.230766579842787,False,-0.1210219275599627,False
2024-06-03,Delhi,254.2,230.4,31.9,111.5,102.3,18.5,1.78,74.3,85.1,12.92,6.82,3.27,267.9,Moderate,0.0,,,,0.0091227945115161,False,-0.1348924983522814,False
2024-06-04,Delhi,361.8,158.9,113.8,105.5,165.6,8.7,1.71,6.3,196.4,9.23,11.48,2.79,189.2,Severe,874.0,,,,0.7676275337016186,False,-0.0256898546634891,False
2024-06-05,Delhi,25.6,598.6,166.4,113.8,151.1,20.3,9.4,28.3,11.2,1.31,13.33,2.3,326.7,Poor,492.0,,,,-1.6023473112399464,False,0.0109407890441318,True
2024-06-06,Delhi,97.0,403.7,170.0,99.0,133.2,40.6,2.23,74.5,81.8,8.93,13.73,9.02,275.3,Poor,735.0,,,,-1.099027251963243,False,-0.0651531394650032,False
2024-06-07,Delhi,294.9,341.4,188.2,103.3,58.3,8.6,8.18,37.9,70.2,2.73,22.25,2.79,165.4,Poor,685.0,,,,0.2960293269003373,False,-0.0922190204798724,False
2024-06-08,Delhi,346.0,551.8,172.3,10.6,144.3,21.6,1.54,71.2,191.4,3.22,15.57,1.7,289.6,Good,638.0,,,,0.6562485850101352,False,-0.016923082851007,False
2024-06-09,Delhi,162.7,215.3,187.5,89.5,223.5,7.2,4.21,44.8,122.5,10.48,1.06,8.19,342.1,Poor,938.0,,,,-0.6358882058220745,False,-0.0953448443843454,False
2024-06-10,Delhi,301.9,257.6,73.3,10.5,13.8,26.8,6.84,44.5,44.4,7.67,8.44,4.81,478.7,Moderate,808.0,,,,0.3453744307509945,False,-0.0378249340935089,False
2024-06-11,Delhi,173.5,205.3,127.9,43.5,112.9,36.1,1.33,65.8,56.2,13.12,4.75,4.45,467.0,Moderate,1294.0,,,,-0.5597557598810605,False,-0.0236339319452639,False
2024-06-12,Delhi,192.8,52.0,159.4,103.3,69.4,12.3,9.88,9.4,188.2,15.47,7.17,4.81,137.4,Severe,1221.0,,,,-0.4237042592642484,False,0.0059106964713262,True
2024-06-13,Delhi,372.1,31.0,6.4,139.0,130.8,37.2,4.5,80.2,194.8,17.68,6.28,2.48,323.2,Good,1171.0,,,,0.8402353293675858,False,0.0009238879584843,True
2024-06-14,Delhi,392.3,47.4,109.6,63.1,8.6,9.5,9.56,4.8,142.7,3.89,23.11,7.88,295.5,Very Poor,1025.0,,,,0.9826312004794824,False,-0.0123640276835744,False
2024-06-15,Delhi,11.2,240.1,150.6,66.9,209.7,47.2,0.87,82.0,91.3,9.93,9.15,9.14,49.9,Moderate,1126.0,,,,-1.7038572391612985,False,-0.006801499188621,False
2024-06-16,Delhi,129.5,33.0,2.8,54.9,162.6,38.8,1.76,36.6,199.6,8.5,10.91,2.99,55.1,Severe,1185.0,,,,-0.8699249840851916,False,-0.0039681434585533,False
2024-06-17,Delhi,459.8,333.6,41.0,54.5,69.1,17.9,5.34,71.5,16.7,6.58,13.23,9.01,131.3,Poor,917.0,,,,1.4584589876108196,False,-0.0447868831041848,False
2024-06-18,Delhi,481.4,86.0,181.8,122.9,231.4,34.2,2.8,65.6,134.6,6.37,13.64,4.32,355.1,Very Poor,555.0,,,,1.6107238794928471,False,-0.0494034658062332,False
2024-06-19,Delhi,13.0,196.3,63.7,79.9,138.5,29.0,0.45,0.9,20.3,13.37,18.02,5.91,279.6,Good,371.0,,,,-1.6911684981711297,False,-0.017303215230897,False
2024-06-20,Delhi,213.6,476.8,15.7,19.9,209.3,34.9,0.79,32.0,189.9,2.95,29.46,5.36,311.2,Severe,106.0,,,,-0.2770788078222956,False,-0.0657401704851416,False
2024-06-21,Delhi,9.0,530.8,89.0,144.1,181.1,9.8,3.01,31.9,118.8,8.77,8.24,1.47,234.1,Satisfactory,130.0,,,,-1.719365700371505,False,-0.0483611929861625,False
2024-06-22,Delhi,128.9,424.6,99.1,27.2,45.4,14.8,4.35,59.3,175.5,11.84,0.73,3.14,404.8,Moderate,249.0,,,,-0.8741545644152479,False,-0.0844402437982242,False
2024-06-23,Delhi,164.9,269.2,97.8,71.4,168.8,33.2,4.17,73.5,77.0,2.86,18.12,3.9,65.1,Very Poor,455.0,,,,-0.6203797446118678,False,-0.0999905122894999,False
2024-06-24,Delhi,34.8,125.2,119.5,121.0,193.2,20.8,8.3,48.6,184.0,8.81,2.46,3.03,262.5,Satisfactory,375.0,,,,-1.5374937461790823,False,-0.0513873779111029,False
2024-06-25,Delhi,266.1,103.1,89.9,141.4,14.7,6.3,5.45,40.7,14.6,0.01,21.3,6.09,25.8,Moderate,176.0,,,,0.0930094710576336,False,-0.0355965692529831,False
2024-06-26,Delhi,361.7,550.8,83.5,17.0,8.4,4.6,3.62,19.9,1.4,10.83,25.59,9.45,353.7,Moderate,147.0,,,,0.7669226036466091,False,-0.0377282326714356,False
2024-06-27,Delhi,478.4,278.0,178.6,15.2,187.8,33.2,1.15,85.2,97.4,1.2,14.43,7.05,294.4,Satisfactory,42.0,,,,1.5895759778425658,False,-0.0682454040863572,False
2024-06-28,Delhi,15.3,116.0,154.6,20.2,91.0,12.0,7.15,57.8,5.5,17.4,1.26,8.18,450.6,Severe,163.0,,,,-1.6749551069059134,False,-0.0129924723485523,False
2024-06-29,Delhi,11.9,509.9,110.2,92.5,164.6,24.7,9.95,29.7,188.7,7.88,18.79,6.72,59.4,Severe,106.0,,,,-1.6989227287762327,False,-0.0082740320056799,False
2024-06-30,Delhi,15.6,81.7,4.3,12.2,248.3,24.5,4.95,69.5,77.0,7.92,29.31,4.11,497.9,Very Poor,19.0,,,,-1.6728403167408854,False,-0.0361006584245485,False
2024-07-01,Delhi,328.3,191.7,142.5,111.8,12.5,49.8,8.41,88.9,29.2,10.86,0.43,7.3,213.5,Good,11.0,,,,0.5314759652734734,False,-0.0904585453765471,False
2024-07-02,Delhi,135.5,564.3,195.1,79.0,192.7,4.1,2.39,19.3,155.4,18.72,26.22,4.62,127.6,Poor,66.0,,,,-0.8276291807846282,False,-0.0766070521889361,False
2024-07-03,Delhi,247.9,415.7,43.8,20.3,206.4,11.9,8.51,1.9,175.8,6.49,26.94,8.64,56.8,Good,20.0,,,,-0.0352877989540751,False,-0.0443818916980234,False
2024-07-04,Delhi,388.7,343.1,37.5,21.9,205.2,15.6,4.07,10.9,48.4,12.58,14.62,3.7,64.0,Severe,26.0,,,,0.957253718499144,False,-0.0826073917972795,False
2024-07-05,Delhi,482.6,223.0,161.9,19.3,175.9,15.4,7.39,80.4,47.9,17.62,29.76,8.05,263.1,Good,19.0,,,,1.6191830401529603,False,-0.0773055545952278,False
2024-07-06,Delhi,9.5,452.0,80.0,49.1,107.7,16.8,0.63,2.4,128.5,14.8,8.6,2.57,296.5,Poor,55.0,,,,-1.715841050096458,False,-0.052681274383058,False
2024-07-07,Delhi,379.7,238.2,120.1,100.8,181.6,35.7,0.81,78.9,21.4,1.54,8.65,0.69,295.3,Severe,122.0,,,,0.893810013548299,False,-0.07543963445446,False
2024-07-08,Delhi,183.4,169.1,98.3,95.6,102.6,43.0,1.14,32.2,179.0,2.05,2.13,3.35,303.9,Moderate,120.0,,,,-0.4899676844351309,False,-0.097169298083217,False
2024-07-09,Delhi,441.2,162.1,116.3,85.1,141.3,47.3,6.01,36.2,127.0,1.92,27.92,5.39,125.0,Satisfactory,264.0,,,,1.3273419973790732,False,-0.0973639785205309,False
2024-07-10,Delhi,185.7,155.3,87.6,137.3,45.1,10.1,5.5,54.8,123.7,4.62,20.07,1.85,486.6,Poor,0.0,,,,-0.4737542931699151,False,-0.0953757070810878,False
2024-07-11,Delhi,488.0,135.6,86.5,119.4,12.8,45.3,0.92,64.1,37.3,5.22,18.27,7.3,293.9,Very Poor,0.0,,,,1.6572492631234672,False,-0.0704996463730417,False
2024-07-12,Delhi,144.2,454.4,55.7,5.8,107.9,26.2,5.5,21.5,196.9,12.86,29.55,7.03,493.3,Severe,0.0,,,,-0.7663002659988115,False,-0.0349311113914215,False
2024-07-13,Delhi,473.0,294.8,87.3,131.2,150.8,12.4,4.93,73.9,173.6,12.19,15.8,6.01,217.7,Good,0.0,,,,1.5515097548720589,False,-0.0913680444932015,False
2024-07-14,Delhi,152.4,271.4,124.3,102.8,29.6,3.2,8.35,47.0,136.2,16.31,12.19,7.78,199.7,Moderate,0.0,,,,-0.7084960014880415,False,-0.1253846993112002,False
2024-07-15,Delhi,394.2,173.8,11.1,47.7,206.2,37.9,2.44,73.2,94.6,10.31,2.57,6.56,437.4,Satisfactory,0.0,,,,0.9960248715246603,False,-0.1051338673720851,False
2024-07-16,Delhi,244.2,547.0,193.5,43.7,114.5,6.1,6.04,45.7,168.9,0.63,1.83,2.08,484.8,Very Poor,66.0,,,,-0.0613702109894227,False,-0.0840968791023069,False
2024-07-17,Delhi,300.2,301.6,162.3,88.7,213.4,19.4,5.62,71.2,158.8,18.26,1.04,4.71,358.9,Poor,113.0,,,,0.333390619815835,False,-0.1259979174546185,False
2024-07-18,Delhi,35.9,581.2,191.4,61.3,97.8,29.0,8.47,44.0,109.1,8.56,27.67,5.92,143.5,Very Poor,60.0,,,,-1.5297395155739797,False,-0.0528759899868784,False
2024-07-19,Delhi,173.4,233.3,128.8,123.2,43.0,5.0,3.79,11.6,68.4,15.35,6.77,6.6,227.6,Moderate,87.0,,,,-0.5604606899360698,False,-0.1059148041595596,False
2024-07-20,Delhi,169.4,278.1,157.9,122.4,36.7,26.1,3.55,78.6,119.1,7.73,18.2,1.34,370.6,Poor,68.0,,,,-0.5886578921364454,False,-0.1182553299515217,False
2024-07-21,Delhi,231.4,501.2,138.8,15.7,135.6,28.2,5.42,4.2,139.9,19.71,26.6,8.34,19.5,Satisfactory,70.0,,,,-0.1516012580306243,False,-0.0468920700502191,False
2024-07-22,Delhi,34.6,263.1,45.6,57.5,149.0,20.9,6.24,58.4,184.7,6.15,5.06,5.83,163.8,Moderate,25.0,,,,-1.5389036062891015,False,-0.0906459677959502,False
2024-07-23,Delhi,11.9,290.1,30.4,43.1,191.6,49.8,8.87,10.3,79.3,3.66,22.7,1.03,280.1,Satisfactory,33.0,,,,-1.6989227287762327,False,-0.067364392785055,False
2024-07-24,Delhi,421.3,359.1,106.7,6.8,28.5,46.3,0.62,82.1,26.2,17.66,7.97,0.96,97.0,Very Poor,0.0,,,,1.187060916432205,False,-0.056801790434654,False
2024-07-25,Delhi,252.1,18.6,63.4,98.7,113.3,23.1,4.97,99.8,174.8,8.05,27.51,3.95,388.9,Satisfactory,0.0,,,,-0.0056807366436809,False,-0.0709986315100773,False
2024-07-26,Delhi,252.6,510.6,171.5,14.3,247.6,34.6,8.82,64.7,79.6,11.95,21.72,1.4,275.9,Good,0.0,,,,-0.002156086368634,False,-0.0890661652010829,False
2024-07-27,Delhi,426.6,152.9,153.2,102.3,32.8,38.3,7.03,48.5,133.9,12.2,0.81,1.5,409.6,Very Poor,0.0,,,,1.2244222093477026,False,-0.1188351504284904,False
2024-07-28,Delhi,134.5,188.8,113.8,63.6,199.9,28.2,4.85,62.7,47.6,1.74,16.24,7.47,335.6,Severe,0.0,,,,-0.8346784813347221,False,-0.1283018162016908,False
2024-07-29,Delhi,228.5,569.1,9.2,71.7,23.1,23.7,2.42,3.1,10.2,2.31,14.98,7.57,480.2,Severe,14.0,,,,-0.1720442296258966,False,-0.0396688398809543,False
2024-07-30,Delhi,98.8,94.0,131.9,41.7,207.0,11.6,7.63,29.0,23.9,7.96,21.66,2.52,61.7,Moderate,65.0,,,,-1.086338510973074,False,-0.0709561319954484,False
2024-07-31,Delhi,426.5,319.9,158.7,144.0,94.9,33.9,1.21,90.7,101.7,7.42,8.63,0.64,435.8,Good,99.0,,,,1.2237172792926931,False,-0.05366184759917,False
2024-08-01,Delhi,69.6,169.1,199.8,17.9,120.5,3.7,5.17,1.1,86.3,10.73,9.38,7.48,346.9,Poor,9.0,,,,-1.2921780870358155,False,-0.0734731990927825,False
2024-08-02,Delhi,261.4,127.2,55.1,94.7,236.5,29.6,3.26,16.0,72.1,1.24,29.23,1.17,440.2,Moderate,16.0,,,,0.059877758472192,False,-0.0990540364657242,False
2024-08-03,Delhi,466.4,10.0,151.9,36.6,113.5,38.7,7.37,21.1,51.4,15.35,16.02,8.12,115.2,Satisfactory,35.0,,,,1.504984371241439,False,-0.0643891020084993,False
2024-08-04,Delhi,156.4,34.3,145.9,33.2,100.8,44.3,7.01,85.8,160.3,13.41,25.42,9.46,101.6,Very Poor,102.0,,,,-0.6802987992876659,False,-0.0743115003032185,False
2024-08-05,Delhi,260.6,155.9,17.5,137.6,148.7,26.2,6.09,1.4,49.1,7.98,3.13,2.54,396.4,Satisfactory,17.0,,,,0.0542383180321173,False,-0.0700085373577764,False
2024-08-06,Delhi,370.8,164.1,155.3,80.2,5.4,30.7,9.51,78.8,37.8,12.42,28.55,2.96,453.2,Good,26.0,,,,0.8310712386524637,False,-0.0678630783583236,False
2024-08-07,Delhi,481.2,70.3,75.6,144.0,159.5,17.8,0.25,76.6,7.2,6.5,10.78,1.78,345.6,Satisfactory,12.0,,,,1.6093140193828286,False,-0.0191763672726188,False
2024-08-08,Delhi,403.1,520.7,166.1,48.3,201.2,48.6,2.66,54.5,45.5,0.08,0.41,3.99,481.5,Severe,13.0,,,,1.0587636464204964,False,-0.0799981825485628,False
2024-08-09,Delhi,286.5,591.0,148.9,72.2,90.9,41.0,3.38,48.1,102.4,4.86,17.03,7.91,373.1,Poor,41.0,,,,0.2368152022795488,False,-0.1016254789076556,False
2024-08-10,Delhi,320.9,406.4,189.0,115.2,98.4,42.7,2.64,4.5,179.7,8.86,9.11,0.49,489.7,Moderate,48.0,,,,0.4793111412027784,False,-0.0597868140490014,False
2024-08-11,Delhi,38.2,492.3,186.6,109.6,209.1,42.5,0.98,4.3,37.3,18.98,16.72,3.59,101.5,Good,48.0,,,,-1.5135261243087637,False,-0.0502248137390837,False
2024-08-12,Delhi,490.8,539.5,59.3,60.8,103.6,7.4,6.1,99.7,80.8,1.97,22.36,7.72,361.8,Moderate,57.0,,,,1.6769873046637302,False,-0.0540865767914092,False
2024-08-13,Delhi,90.3,268.1,20.7,109.8,89.1,40.9,5.87,36.2,39.0,9.91,13.4,0.92,431.5,Severe,59.0,,,,-1.1462575656488718,False,-0.103832644495174,False
2024-08-14,Delhi,464.8,580.4,155.8,25.6,205.5,45.6,5.27,2.4,9.5,4.45,27.08,6.33,271.6,Satisfactory,52.0,,,,1.4937054903612892,False,-0.0356856291771069,False
2024-08-15,Delhi,257.4,398.2,155.8,83.5,16.3,2.5,7.32,93.6,126.2,11.6,7.66,5.58,408.1,Severe,81.0,,,,0.0316805562718165,False,-0.1056869372894406,False
2024-08-16,Delhi,42.3,39.8,181.5,43.7,11.3,16.1,3.25,78.8,139.0,19.11,21.73,5.43,111.7,Satisfactory,144.0,,,,-1.4846239920533784,False,-0.0630338293907835,False
2024-08-17,Delhi,244.1,65.1,89.5,132.2,217.5,32.0,6.31,91.8,157.7,2.7,23.64,0.38,125.1,Very Poor,85.0,,,,-0.062075141044432,False,-0.0753377148218573,False
2024-08-18,Delhi,330.2,139.7,13.6,2.3,2.7,19.7,8.05,86.4,125.1,8.41,5.16,6.05,448.7,Poor,47.0,,,,0.5448696363186516,False,-0.0514439721535278,False
2024-08-19,Delhi,118.8,463.9,85.1,132.6,135.3,48.0,3.63,11.3,34.9,12.86,14.17,3.2,392.5,Moderate,68.0,,,,-0.945352499971196,False,-0.0765560294198077,False
2024-08-20,Delhi,395.2,139.4,127.7,2.3,30.9,47.5,1.53,15.5,137.3,1.95,22.58,0.33,41.1,Very Poor,73.0,,,,1.0030741720747542,False,-0.0463950024960546,False
2024-08-21,Delhi,393.3,403.1,148.8,124.1,163.0,3.5,0.44,45.4,186.7,17.98,3.7,1.11,396.7,Severe,66.0,,,,0.9896805010295762,False,-0.0739207258799989,False
2024-08-22,Delhi,199.3,499.2,100.4,30.9,82.4,35.1,0.41,38.4,62.4,16.47,24.65,9.24,406.2,Poor,8.0,,,,-0.3778838056886381,False,-0.0884812035720193,False
2024-08-23,Delhi,216.5,468.4,179.8,138.0,60.3,17.0,4.23,83.7,153.8,12.79,6.84,0.42,25.1,Satisfactory,18.0,,,,-0.2566358362270233,False,-0.0759557655655793,False
2024-08-24,Delhi,311.5,521.6,100.0,46.8,247.2,47.3,0.38,34.9,106.9,16.88,17.68,0.25,12.4,Poor,32.0,,,,0.413047716031896,False,-0.0623463565657647,False
2024-08-25,Delhi,274.2,438.2,171.9,93.0,195.5,15.3,0.1,2.2,149.3,3.3,18.44,1.74,495.9,Poor,61.0,,,,0.1501088055133939,False,-0.0390437572670024,False
2024-08-26,Delhi,127.3,111.5,40.6,101.0,55.9,46.4,3.17,38.7,166.3,2.91,19.2,3.49,105.3,Severe,45.0,,,,-0.8854334452953981,False,-0.0965192883785296,False
2024-08-27,Delhi,371.8,347.1,68.0,36.9,184.1,30.5,0.63,69.9,27.0,0.58,20.56,2.73,293.1,Satisfactory,22.0,,,,0.8381205392025576,False,-0.0944304835171168,False
2024-08-28,Delhi,443.2,410.6,98.4,120.8,33.5,1.8,1.24,13.2,107.0,15.67,28.61,9.69,166.6,Moderate,40.0,,,,1.341440598479261,False,-0.0794191966458429,False
2024-08-29,Delhi,173.1,150.1,186.4,33.9,89.8,35.5,3.27,45.2,1.4,11.87,29.82,2.43,56.0,Very Poor,176.0,,,,-0.562575480101098,False,-0.0539378730840651,False
2024-08-30,Delhi,356.6,502.5,1.6,53.7,207.8,39.0,3.98,14.8,93.9,8.31,11.34,0.35,211.2,Good,126.0,,,,0.7309711708411305,False,-0.0978975778969388,False
2024-08-31,Delhi,107.6,224.6,69.6,40.9,181.7,34.6,9.34,60.9,131.0,16.01,13.85,5.19,44.6,Severe,107.0,,,,-1.0243046661322477,False,-0.0818251836408084,False
2024-09-01,Delhi,124.6,591.9,170.2,128.9,30.6,20.1,3.93,55.6,24.5,10.88,8.69,8.12,457.7,Moderate,122.0,,,,-0.9044665567806516,False,-0.0415266142083948,False
2024-09-02,Delhi,157.2,394.9,166.0,149.0,49.4,14.9,6.72,20.0,5.1,19.37,1.74,8.71,86.3,Severe,164.0,,,,-0.6746593588475909,False,-0.0403368555706415,False
2024-09-03,Delhi,197.1,130.2,182.5,146.1,185.8,37.7,8.39,34.6,47.8,12.64,5.82,7.49,307.2,Poor,57.0,,,,-0.3933922668988447,False,-0.0807743295278983,False
2024-09-04,Delhi,407.6,351.3,194.4,136.3,231.0,38.9,1.68,35.5,68.0,9.92,26.12,3.59,133.4,Good,119.0,,,,1.0904854988959187,False,-0.0905820449159918,False
2024-09-05,Delhi,99.5,176.8,26.8,99.5,144.4,18.7,8.09,15.7,153.1,15.26,29.98,6.84,435.5,Good,92.0,,,,-1.081404000588008,False,-0.0749281160093849,False
2024-09-06,Delhi,389.7,352.9,125.8,49.0,225.7,27.7,1.52,55.2,153.7,2.8,10.16,8.03,92.3,Satisfactory,189.0,,,,0.964303019049238,False,-0.0938573700802261,False
2024-09-07,Delhi,97.1,129.6,157.0,11.4,198.4,11.9,1.86,93.9,126.6,0.09,24.44,6.3,318.6,Severe,119.0,,,,-1.0983223219082336,False,-0.0551950369823091,False
2024-09-08,Delhi,324.9,196.0,14.4,145.2,205.8,12.6,2.45,63.9,171.6,0.25,4.2,3.1,259.0,Good,108.0,,,,0.507508343403154,False,-0.0871756853296102,False
2024-09-09,Delhi,429.8,267.8,104.4,112.0,109.4,25.1,9.64,42.8,159.5,14.62,22.96,8.28,102.0,Satisfactory,82.0,,,,1.246979971108003,False,-0.0798230654932996,False
2024-09-10,Delhi,151.9,482.9,15.3,138.2,87.6,44.4,3.44,37.5,151.4,17.33,0.34,2.73,207.4,Satisfactory,58.0,,,,-0.7120206517630884,False,-0.0962583269290807,False
2024-09-11,Delhi,159.8,502.4,112.5,114.8,61.2,43.2,5.93,3.8,140.5,9.77,2.85,2.99,414.5,Very Poor,154.0,,,,-0.6563311774173467,False,-0.0634699211521487,False
2024-09-12,Delhi,197.2,240.3,32.7,144.8,146.1,48.7,8.61,48.6,192.9,9.61,26.54,7.27,372.4,Moderate,201.0,,,,-0.3926873368438354,False,-0.0622033926273271,False
2024-09-13,Delhi,455.0,252.6,74.9,10.7,3.9,28.8,9.21,74.5,193.2,19.09,9.35,0.61,313.4,Moderate,79.0,,,,1.424622344970369,False,-0.0338123864760159,False
2024-09-14,Delhi,335.3,348.1,35.9,74.0,75.1,5.1,3.53,9.3,160.0,13.82,25.24,2.12,185.7,Poor,82.0,,,,0.5808210691241307,False,-0.1015313045682103,False
2024-09-15,Delhi,437.0,214.5,43.8,144.9,216.9,47.9,7.47,75.0,104.0,12.7,19.1,1.96,18.4,Severe,189.0,,,,1.2977349350686789,False,-0.0590629418192649,False
2024-09-16,Delhi,23.3,459.1,58.1,53.8,172.3,33.5,2.04,56.6,123.2,13.39,19.5,3.33,79.4,Satisfactory,120.0,,,,-1.6185607025051625,False,-0.0721218623711997,False
2024-09-17,Delhi,255.6,365.3,199.6,72.4,113.6,4.2,1.59,65.1,94.4,16.65,28.99,8.47,251.3,Severe,298.0,,,,0.0189918152816476,False,-0.1114931657951027,False
2024-09-18,Delhi,7.4,253.4,178.2,78.9,10.9,12.0,6.72,17.9,141.9,17.05,9.5,1.59,206.0,Satisfactory,276.0,,,,-1.730644581251655,False,-0.0755142492513137,False
2024-09-19,Delhi,407.2,246.2,102.1,58.9,227.8,37.0,6.28,61.1,199.7,0.2,27.74,8.12,261.6,Severe,349.0,,,,1.087665778675881,False,-0.0871115065235964,False
2024-09-20,Delhi,200.8,273.0,103.3,121.9,143.2,2.1,2.53,49.1,134.8,19.89,28.8,0.19,384.8,Severe,301.0,,,,-0.3673098548634972,False,-0.1009140074448136,False
2024-09-21,Delhi,302.9,173.1,161.8,101.5,44.5,17.6,8.81,15.2,199.4,9.07,4.83,1.5,229.3,Satisfactory,217.0,,,,0.3524237313010884,False,-0.057534415878227,False
2024-09-22,Delhi,407.9,178.1,59.9,89.4,125.8,20.4,5.87,32.8,185.5,19.64,1.5,1.68,371.2,Poor,352.0,,,,1.0926002890609463,False,-0.0838849677468831,False
2024-09-23,Delhi,52.6,475.6,187.9,23.5,12.0,2.0,9.85,94.4,139.0,9.2,16.96,2.05,431.6,Severe,71.0,,,,-1.4120161963874116,False,-0.0255306933013534,False
2024-09-24,Delhi,173.1,46.9,97.6,70.2,134.6,28.7,3.61,4.5,171.9,19.13,26.41,1.65,375.4,Satisfactory,59.0,,,,-0.562575480101098,False,-0.0714515499361625,False
2024-09-25,Delhi,490.4,334.7,68.2,148.4,106.9,11.3,8.01,64.7,99.0,0.69,11.06,4.86,264.9,Severe,111.0,,,,1.6741675844436923,False,-0.0783685651581618,False
2024-09-26,Delhi,134.8,105.8,139.5,122.7,211.3,17.5,0.29,63.2,32.2,5.49,7.21,3.07,117.8,Very Poor,0.0,,,,-0.8325636911696939,False,-0.0713220416601301,False
2024-09-27,Delhi,407.2,104.1,197.9,89.6,6.1,44.9,0.81,96.9,115.8,15.58,10.4,5.23,128.6,Satisfactory,109.0,,,,1.087665778675881,False,-0.0463232135358439,False
2024-09-28,Delhi,54.7,381.1,109.5,76.6,18.3,48.2,3.46,98.3,138.9,5.01,3.27,9.93,467.7,Severe,140.0,,,,-1.3972126652322143,False,-0.0589483557754988,False
2024-09-29,Delhi,189.4,37.6,165.8,112.6,194.5,6.7,4.81,75.8,139.9,9.33,16.01,5.06,283.7,Moderate,217.0,,,,-0.4476718811345676,False,-0.0871573131887527,False
2024-09-30,Delhi,346.8,46.3,119.9,83.6,197.3,2.4,5.42,75.9,22.5,8.84,1.93,0.39,414.9,Good,244.0,,,,0.6618880254502103,False,-0.0725745516809081,False
2024-10-01,Delhi,316.0,203.0,23.8,79.8,12.6,48.0,8.8,97.9,152.7,3.37,22.87,0.06,37.7,Good,355.0,,,,0.4447695685073185,False,-0.0484658228984161,False
2024-10-02,Delhi,230.8,178.8,8.7,39.2,249.2,13.8,1.93,24.2,170.4,1.12,1.32,0.17,109.3,Severe,247.0,,,,-0.1558308383606806,False,-0.0858448876444826,False
2024-10-03,Delhi,133.0,272.7,103.8,60.0,227.8,16.6,6.52,46.8,26.7,19.84,8.38,7.09,454.5,Very Poor,231.0,,,,-0.8452524321598629,False,-0.0798389404441076,False
2024-10-04,Delhi,210.4,166.0,139.5,95.5,118.8,48.8,3.25,11.2,138.2,4.98,5.93,8.46,397.8,Poor,153.0,,,,-0.299636569582596,False,-0.0932210859417834,False
2024-10-05,Delhi,432.6,546.9,163.7,11.7,206.5,15.4,6.56,51.4,43.5,0.79,3.44,6.12,211.0,Good,250.0,,,,1.266718012648266,False,-0.0581094774263488,False
2024-10-06,Delhi,141.1,373.7,23.6,1.5,63.7,10.3,5.19,14.9,122.0,3.54,11.28,5.84,34.8,Good,387.0,,,,-0.7881530977041025,False,-0.026419755522118,False
2024-10-07,Delhi,425.0,451.2,6.1,26.3,142.1,4.1,0.62,66.5,176.1,16.1,22.05,3.57,52.8,Good,367.0,,,,1.2131433284675524,False,-0.0415043756640186,False
2024-10-08,Delhi,4.4,553.3,94.9,21.8,98.0,32.3,5.68,79.3,62.8,1.48,15.76,8.55,287.9,Good,477.0,,,,-1.751792482901937,False,-0.0370229456473745,False
2024-10-09,Delhi,452.6,564.2,88.2,109.7,75.3,4.4,2.43,64.7,40.4,12.52,24.4,6.8,258.3,Severe,261.0,,,,1.4077040236501437,False,-0.0626607281000074,False
2024-10-10,Delhi,49.6,257.0,78.3,109.2,148.9,4.1,0.69,24.0,177.0,9.13,20.14,7.89,63.3,Moderate,349.0,,,,-1.4331640980376932,False,-0.0515994831260215,False
2024-10-11,Delhi,478.3,9.1,154.4,24.1,146.1,10.5,4.31,47.7,35.6,15.61,27.93,1.43,116.0,Satisfactory,366.0,,,,1.5888710477875565,False,-0.0312455506062812,False
2024-10-12,Delhi,385.4,189.8,188.1,136.0,137.8,32.4,6.4,27.4,10.1,11.64,14.55,9.25,229.0,Severe,687.0,,,,0.9339910266838342,False,-0.048979758544198,False
2024-10-13,Delhi,17.6,595.8,62.1,81.1,34.0,34.1,3.82,45.7,192.3,7.72,16.25,4.89,35.6,Poor,514.0,,,,-1.6587417156406976,False,0.0041871896935764,True
2024-10-14,Delhi,273.4,319.6,51.6,4.9,51.4,41.8,1.38,36.7,28.8,18.44,18.38,4.1,21.7,Satisfactory,273.0,,,,0.1444693650733187,False,-0.0374815045715033,False
2024-10-15,Delhi,456.1,551.5,21.9,115.6,107.0,3.0,7.14,49.8,80.6,5.96,8.14,1.69,467.2,Very Poor,380.0,,,,1.4323765755754725,False,-0.0547526745076987,False
2024-10-16,Delhi,120.4,436.6,98.9,17.6,26.4,27.1,2.77,49.5,60.2,18.95,21.14,2.82,93.3,Very Poor,394.0,,,,-0.934073619091046,False,-0.061665245681534,False
2024-10-17,Delhi,335.5,304.3,78.7,40.6,33.6,27.2,9.15,5.9,175.1,1.05,24.07,1.3,178.2,Severe,589.0,,,,0.5822309292341493,False,-0.0369529867630036,False
2024-10-18,Delhi,410.4,49.9,120.2,65.0,23.9,1.7,1.75,55.8,118.3,14.2,25.35,6.01,428.8,Satisfactory,642.0,,,,1.110223540436181,False,-0.06230242266142,False
2024-10-19,Delhi,310.3,53.3,76.2,6.1,185.2,49.8,4.98,68.1,130.9,1.03,14.52,3.74,357.1,Poor,425.0,,,,0.4045885553717834,False,-0.069767592358414,False
2024-10-20,Delhi,291.1,416.4,82.1,77.5,232.6,36.4,9.11,4.8,189.9,14.57,7.64,1.95,313.3,Very Poor,237.0,,,,0.2692419848099808,False,-0.042844214422502,False
2024-10-21,Delhi,232.8,451.3,96.2,91.2,25.9,18.5,0.0,78.3,33.8,1.36,27.19,4.64,290.9,Satisfactory,480.0,,,,-0.1417322372604928,False,-0.0547013284484578,False
2024-10-22,Delhi,328.8,583.5,94.4,31.3,204.8,46.7,8.55,10.1,92.9,10.53,8.71,8.9,30.3,Moderate,1351.0,,,,0.5350006155485204,False,0.0088106622782145,True
2024-10-23,Delhi,440.2,212.8,64.0,66.7,204.6,6.7,6.17,47.4,164.7,12.63,15.3,4.98,200.6,Moderate,956.0,,,,1.3202926968289792,False,-0.0761939130925913,False
2024-10-24,Delhi,228.3,531.4,89.7,99.5,187.2,31.3,3.65,13.1,115.2,12.82,20.68,0.08,171.9,Poor,543.0,,,,-0.1734540897359153,False,-0.0705629204446782,False
2024-10-25,Delhi,258.0,458.8,56.1,39.7,214.2,49.5,1.75,25.8,74.6,17.31,1.74,5.29,278.3,Poor,515.0,,,,0.035910136601873,False,-0.0770929657182383,False
2024-10-26,Delhi,77.3,122.1,189.6,58.7,207.7,39.0,2.66,52.7,10.0,14.89,23.76,0.47,112.7,Moderate,586.0,,,,-1.2378984728000924,False,-0.0509553009655067,False
2024-10-27,Delhi,278.7,172.0,80.5,78.2,232.8,13.0,6.36,77.2,19.8,8.99,3.19,8.07,34.0,Very Poor,839.0,,,,0.1818306579888164,False,-0.037644349439833,False
2024-10-28,Delhi,367.2,18.3,94.3,129.1,221.2,29.4,8.18,47.8,168.6,19.22,5.65,2.49,99.1,Severe,1476.0,,,,0.8056937566721255,False,-0.0066231928860954,False
2024-10-29,Delhi,471.7,578.6,98.4,48.3,159.8,22.6,5.55,91.2,144.4,13.31,10.02,6.48,165.2,Satisfactory,1025.0,,,,1.5423456641569369,False,-0.0239253130974043,False
2024-10-30,Delhi,392.9,573.1,93.8,19.1,110.6,7.5,5.82,93.7,87.5,11.01,9.56,2.65,246.2,Good,846.0,,,,0.9868607808095384,False,-0.0245292724041058,False
2024-10-31,Delhi,425.0,131.1,99.9,80.2,155.6,18.8,8.29,85.7,110.0,14.42,22.76,7.8,285.1,Severe,1126.0,,,,1.2131433284675524,False,-0.0427693052438504,False
2024-11-01,Delhi,117.6,561.1,87.7,136.1,13.5,22.3,9.29,21.5,157.6,12.7,9.36,0.55,65.0,Very Poor,1691.0,,,,-0.9538116606313088,False,0.0275796335546497,True
2024-11-02,Delhi,131.4,498.0,84.6,140.8,214.1,36.6,7.39,38.2,191.4,9.17,12.98,5.52,441.6,Severe,2377.0,,,,-0.8565313130400131,False,0.0230802056343649,True
2024-11-03,Delhi,461.5,297.8,186.0,136.3,236.3,17.9,1.9,43.4,136.8,3.54,1.99,3.27,66.7,Very Poor,0.0,,,,1.4704427985459791,False,-0.0875670584004273,False
2024-11-04,Delhi,79.6,444.0,174.7,12.9,133.5,15.7,5.59,63.2,87.7,0.98,25.03,9.3,425.1,Severe,0.0,,,,-1.2216850815348763,False,-0.0898026489265423,False
2024-11-05,Delhi,161.8,524.7,13.1,92.8,185.7,29.0,2.71,29.0,39.1,17.49,19.21,0.46,120.9,Poor,0.0,,,,-0.6422325763171589,False,-0.1066910908599032,False
2024-11-06,Delhi,3.8,308.1,18.2,76.8,70.3,28.9,1.2,70.9,196.4,4.83,24.83,7.78,287.3,Very Poor,337.0,,,,-1.7560220632319932,False,-0.0457159479751627,False
2024-11-07,Delhi,56.7,375.8,153.3,73.6,106.9,43.5,5.0,59.5,153.8,5.9,4.55,8.17,145.8,Poor,2242.0,,,,-1.3831140641320263,False,-0.037242781483984,False
2024-11-08,Delhi,47.7,373.4,1.3,57.8,172.3,10.7,9.17,85.3,181.6,5.35,23.08,4.29,349.3,Moderate,2543.0,,,,-1.4465577690828717,False,0.0001462861742752,True
2024-11-09,Delhi,281.5,229.5,156.1,43.4,207.0,44.5,4.35,81.1,65.6,12.09,1.65,7.02,328.3,Moderate,1977.0,,,,0.2015686995290793,False,-0.0438240208394691,False
2024-11-10,Delhi,127.3,108.5,111.1,41.6,15.9,46.0,1.22,6.4,92.3,19.2,11.38,4.87,390.0,Poor,1489.0,,,,-0.8854334452953981,False,-0.0034337736903886,False
2024-11-11,Delhi,82.9,218.4,29.9,59.0,9.3,28.8,9.97,99.0,132.2,13.4,5.73,5.26,399.7,Moderate,1638.0,,,,-1.1984223897195667,False,0.0125489968462092,True
2024-11-12,Delhi,117.9,498.6,48.0,110.0,101.0,38.0,3.88,17.9,174.6,5.9,26.36,4.01,81.0,Severe,1723.0,,,,-0.9516968704662806,False,-0.0168191302182671,False
2024-11-13,Delhi,492.3,411.6,96.5,141.9,217.1,45.6,4.76,87.4,170.5,12.47,21.95,3.44,61.6,Poor,2932.0,,,,1.687561255488871,False,0.042702924782712,True
2024-11-14,Delhi,180.3,31.7,123.1,96.8,243.3,4.2,5.88,64.6,82.1,18.5,20.4,6.52,352.1,Good,2052.0,,,,-0.511820516140422,False,-0.0225702154617702,False
2024-11-15,Delhi,161.0,117.9,157.1,30.5,176.4,11.3,2.94,20.6,37.0,10.67,29.46,7.28,480.2,Moderate,1409.0,,,,-0.647872016757234,False,-0.0018463309760936,False
2024-11-16,Delhi,36.2,12.3,31.1,124.4,222.4,44.4,1.01,79.3,110.9,3.94,21.94,7.38,173.0,Poor,1294.0,,,,-1.5276247254089514,False,0.0136732725383336,True
2024-11-17,Delhi,182.5,323.2,82.6,48.0,188.6,36.5,3.16,9.6,69.9,4.36,16.45,3.44,172.2,Severe,2151.0,,,,-0.4963120549302154,False,-0.0209256857544758,False
2024-11-18,Delhi,22.2,294.9,193.2,77.9,44.5,5.4,8.54,98.1,152.2,18.33,20.56,2.5,142.6,Poor,3325.0,,,,-1.6263149331102658,False,0.0368653839423157,True
2024-11-19,Delhi,158.6,296.2,175.0,78.0,179.2,45.8,2.26,6.1,189.5,15.07,27.92,4.28,215.4,Very Poor,2859.0,,,,-0.6647903380774595,False,-0.0001149391369305,False
2024-11-20,Delhi,132.7,155.5,100.0,104.8,90.7,21.8,1.07,38.1,12.2,18.02,27.38,8.66,244.4,Severe,1773.0,,,,-0.8473672223248911,False,-0.0209543301536025,False
2024-11-21,Delhi,317.8,299.2,167.2,52.4,215.0,37.6,6.1,90.6,101.6,13.93,18.48,0.59,205.5,Severe,1412.0,,,,0.4574583094974876,False,-0.0625228811162729,False
2024-11-22,Delhi,404.9,384.1,117.9,74.7,244.3,9.8,1.45,35.9,125.4,6.9,27.57,5.46,463.0,Poor,1388.0,,,,1.071452387410665,False,-0.0426365099248039,False
2024-11-23,Delhi,478.3,181.6,127.8,54.4,129.5,37.8,5.36,37.8,84.9,5.24,11.75,9.94,309.0,Good,2231.0,,,,1.5888710477875565,False,-0.0269340397117088,False
2024-11-24,Delhi,123.6,564.4,147.0,97.6,138.0,19.8,7.1,0.6,118.5,6.22,13.17,2.91,404.2,Severe,2891.0,,,,-0.9115158573307456,False,0.0202795983165674,True
2024-11-25,Delhi,120.2,285.9,27.5,24.2,160.3,35.6,4.48,73.0,100.3,16.24,13.03,2.67,105.5,Moderate,1982.0,,,,-0.9354834792010648,False,-0.042383997485677,False
2024-11-26,Delhi,186.9,239.2,90.3,8.4,15.0,22.8,5.3,26.0,132.4,5.28,25.35,3.42,395.9,Satisfactory,1279.0,,,,-0.4652951325098023,False,-0.0412350164416797,False
2024-11-27,Delhi,133.9,388.4,111.4,147.1,23.3,27.0,0.42,31.5,82.0,9.52,18.44,9.31,353.7,Severe,945.0,,,,-0.8389080616647784,False,-0.0321280288137217,False
2024-11-28,Delhi,409.3,88.3,51.0,130.5,204.6,48.6,8.91,19.9,123.1,9.84,8.21,0.33,278.9,Good,1548.0,,,,1.1024693098310785,False,-0.0048588997673754,False
2024-11-29,Delhi,168.4,490.0,28.4,131.6,80.2,35.8,4.08,81.7,32.4,7.99,0.78,4.5,292.6,Severe,1723.0,,,,-0.5957071926865393,False,-0.020064958314648,False
2024-11-30,Delhi,308.5,400.4,197.7,18.6,183.1,30.3,9.93,38.2,158.0,19.11,22.51,6.17,322.3,Very Poor,1207.0,,,,0.3918998143816143,False,-0.0226231134239827,False
2024-12-01,Delhi,222.7,19.5,124.9,68.7,133.8,48.7,1.55,70.2,100.8,19.27,21.2,1.75,41.4,Moderate,721.0,,,,-0.2129301728164412,False,-0.0370435914069824,False
2024-12-02,Delhi,231.5,207.5,156.4,57.7,175.3,19.3,1.04,92.5,152.4,14.78,26.21,6.82,71.0,Poor,576.0,,,,-0.150896327975615,False,-0.0560877325441004,False
2024-12-03,Delhi,39.9,194.2,192.5,132.5,41.1,32.1,4.94,67.2,183.6,7.22,26.18,1.84,492.4,Satisfactory,755.0,,,,-1.501542313373604,False,-0.0126924151493295,False
2024-12-04,Delhi,15.1,115.1,1.4,12.8,232.0,44.7,2.48,79.7,187.2,1.63,8.47,2.86,497.9,Satisfactory,1190.0,,,,-1.6763649670159324,False,0.0382136951658449,True
2024-12-05,Delhi,30.8,195.2,31.6,119.6,104.9,31.4,4.6,29.5,131.2,17.14,10.69,9.53,91.2,Good,1647.0,,,,-1.565690948379458,False,-0.0173247119133649,False
2024-12-06,Delhi,277.0,140.0,156.1,105.1,153.0,43.0,1.45,54.4,27.9,19.09,22.41,0.2,442.3,Poor,1571.0,,,,0.1698468470536569,False,-0.0232828959617615,False
2024-12-07,Delhi,257.3,99.0,148.1,145.2,63.5,26.6,8.07,79.2,88.4,8.18,14.02,7.42,91.9,Poor,1176.0,,,,0.0309756262168073,False,-0.016864476625911,False
2024-12-08,Delhi,374.7,372.8,163.7,145.5,52.3,28.0,7.47,85.5,74.0,16.44,8.35,6.25,383.2,Poor,834.0,,,,0.8585635107978297,False,-0.0523737304552869,False
2024-12-09,Delhi,332.0,294.6,184.2,148.3,138.7,37.6,3.59,51.0,29.0,18.09,2.12,8.5,60.9,Poor,966.0,,,,0.5575583773088207,False,-0.0264864821161894,False
2024-12-10,Delhi,121.7,124.5,177.1,72.5,98.4,31.3,6.05,66.1,183.6,4.46,18.74,2.71,142.2,Poor,1939.0,,,,-0.924909528375924,False,-0.0280463415869177,False
2024-12-11,Delhi,15.6,123.6,186.1,139.4,225.6,28.5,9.84,29.9,60.0,19.27,26.34,6.17,322.6,Severe,2252.0,,,,-1.6728403167408854,False,0.0295916462267046,True
2024-12-12,Delhi,326.4,438.9,27.3,87.2,37.1,43.3,5.66,42.4,139.6,6.33,8.28,7.96,469.2,Satisfactory,1946.0,,,,0.5180822942282948,False,-0.0373603823408131,False
2024-12-13,Delhi,79.3,387.1,41.3,111.3,28.8,11.0,2.05,59.4,84.3,5.96,19.65,2.63,105.5,Very Poor,1504.0,,,,-1.2237998716999046,False,-0.0394243561822778,False
2024-12-14,Delhi,465.9,102.5,86.3,75.0,35.2,30.2,4.72,19.5,190.9,9.86,4.94,4.13,214.6,Very Poor,2460.0,,,,1.501459720966392,False,0.0134118497253868,True
2024-12-15,Delhi,365.2,317.7,8.1,122.3,116.2,21.0,5.39,37.6,38.6,10.93,22.49,9.8,160.4,Poor,2849.0,,,,0.7915951555719377,False,-0.0163383892183119,False
2024-12-16,Delhi,153.3,114.7,131.2,50.5,232.1,14.8,1.13,31.9,85.5,6.21,8.76,9.31,184.3,Satisfactory,3013.0,,,,-0.702151630992957,False,-0.0009836030814259,False
2024-12-17,Delhi,194.0,360.3,59.8,48.6,54.8,48.1,3.57,41.8,118.9,0.09,18.92,6.13,450.6,Poor,2392.0,,,,-0.4152450986041358,False,-0.0268209693372365,False
2024-12-18,Delhi,252.9,32.0,36.8,79.0,0.6,47.4,9.7,87.5,167.1,17.03,13.66,8.28,5.8,Severe,1563.0,,,,-4.129620360575332e-05,False,0.0279654397311353,True
2024-12-19,Delhi,90.8,360.6,149.6,106.1,110.2,43.6,7.62,27.2,35.8,14.02,23.18,8.87,125.1,Severe,1227.0,,,,-1.1427329153738248,False,-0.0471432126364689,False
2024-12-20,Delhi,41.1,236.1,179.8,63.3,11.9,27.2,5.8,90.3,163.9,19.79,21.92,4.15,251.5,Poor,949.0,,,,-1.4930831527134911,False,-0.0491621789942265,False
2024-12-21,Delhi,92.8,391.6,52.4,58.9,230.6,44.1,5.24,92.8,48.3,9.15,20.55,4.74,405.2,Severe,1221.0,,,,-1.128634314273637,False,-0.0387515253608075,False
2024-12-22,Delhi,228.6,235.0,196.9,16.8,94.2,9.2,4.13,8.5,3.5,19.69,1.39,2.03,101.5,Satisfactory,1451.0,,,,-0.1713392995708873,False,-0.0048084697014525,False
2024-12-23,Delhi,391.9,90.1,84.6,142.7,113.2,19.8,1.22,49.8,77.6,7.77,1.19,4.69,190.3,Severe,940.0,,,,0.9798114802594444,False,-0.0310914844558378,False
2024-12-24,Delhi,263.4,219.3,20.8,133.1,133.4,1.9,7.37,32.1,35.5,2.0,11.56,6.84,421.3,Very Poor,600.0,,,,0.0739763595723798,False,-0.0616021146713811,False
2024-12-25,Delhi,450.6,333.4,110.5,144.7,210.9,32.4,5.84,93.2,26.9,0.72,7.35,2.32,406.0,Poor,759.0,,,,1.393605422549956,False,-0.0179893110786255,False
2024-12-26,Delhi,249.8,303.4,14.2,144.3,32.4,29.4,8.35,28.3,185.8,14.57,28.83,0.87,215.1,Severe,1072.0,,,,-0.0218941279088967,False,-0.0315063958056813,False
2024-12-27,Delhi,319.0,527.9,85.2,54.3,240.6,24.0,7.45,7.0,156.0,2.14,29.11,6.1,53.7,Satisfactory,1407.0,,,,0.4659174701576001,False,-0.0129135074608197,False
2024-12-28,Delhi,377.0,567.7,89.8,93.8,199.5,13.2,0.66,18.4,187.7,17.82,6.96,9.25,364.0,Severe,953.0,,,,0.8747769020630457,False,-0.0165656215879346,False
2024-12-29,Delhi,70.4,96.5,81.7,125.6,131.3,27.2,1.2,6.6,4.4,8.6,10.23,1.46,83.1,Poor,854.0,,,,-1.2865386465957402,False,0.0118114768543859,True
2024-12-30,Delhi,85.7,338.0,158.3,49.6,78.1,26.6,9.73,88.4,2.7,7.31,26.75,8.08,478.9,Moderate,900.0,,,,-1.178684348179304,False,0.0080407748196394,True
2024-12-31,Delhi,371.2,61.7,14.6,130.7,159.1,45.9,7.02,76.4,40.0,7.99,5.71,0.36,61.5,Poor,1320.0,,,,0.8338909588725011,False,-0.0121753429843987,False
